"Issuer Code";"Accounting Date";"Original Bond ISIN Code";"Original Bond Maturity Date";"Stripped Bond Quantity";"Principal ISIN Code";"Principal Stripped Quantity";"Coupon Stripped Movement";"Coupon Stripped Movement";"Coupon Stripped Movement";"Coupon Stripped Movement";"Coupon Stripped Movement";"Coupon Stripped Movement";"Coupon Stripped Movement";"Coupon Stripped Movement";"Coupon Stripped Movement";"Coupon Stripped Movement";"Coupon Stripped Movement";"Coupon Stripped Movement";"Coupon Stripped Movement";"Coupon Stripped Movement";"Coupon Stripped Movement";"Coupon Stripped Movement";"Coupon Stripped Movement";"Coupon Stripped Movement";"Coupon Stripped Movement";"Coupon Stripped Movement";"Coupon Stripped Movement";"Coupon Stripped Movement";"Coupon Stripped Movement";"Coupon Stripped Movement";"Coupon Stripped Movement";"Coupon Stripped Movement";"Coupon Stripped Movement";"Coupon Stripped Movement";"Coupon Stripped Movement";"Coupon Stripped Movement";"Coupon Stripped Movement";"Coupon Stripped Movement";"Coupon Stripped Movement";"Coupon Stripped Movement";"Coupon Stripped Movement";"Coupon Stripped Movement";"Coupon Stripped Movement";"Coupon Stripped Movement";"Coupon Stripped Movement";"Coupon Stripped Movement";"Coupon Stripped Movement";"Coupon Stripped Movement";"Coupon Stripped Movement";"Coupon Stripped Movement";"Coupon Stripped Movement";"Coupon Stripped Movement";"Coupon Stripped Movement";"Coupon Stripped Movement";"Coupon Stripped Movement";"Coupon Stripped Movement";"Coupon Stripped Movement";"Coupon Stripped Movement";"Coupon Stripped Movement";"Coupon Stripped Movement";"Coupon Stripped Movement";"Coupon Stripped Movement";"Coupon Stripped Movement";"Coupon Stripped Movement";"Coupon Stripped Movement";"Coupon Stripped Movement";"Coupon Stripped Movement";"Coupon Stripped Movement";"Coupon Stripped Movement";"Coupon Stripped Movement";"Coupon Stripped Movement";"Coupon Stripped Movement";"Coupon Stripped Movement";"Coupon Stripped Movement";"Coupon Stripped Movement";"Coupon Stripped Movement";"Coupon Stripped Movement";"Coupon Stripped Movement";"Coupon Stripped Movement";"Coupon Stripped Movement";"Coupon Stripped Movement";"Coupon Stripped Movement";"Coupon Stripped Movement"; 
;;;;;;;20261001;20261030;20270401;20270430;20271001;20271030;20280401;20280430;20281001;20281030;20290401;20290430;20291001;20291030;20300401;20300430;20301001;20301030;20310401;20310430;20311001;20311030;20320401;20320430;20321001;20321030;20330401;20330430;20331001;20331030;20340401;20340430;20341001;20341030;20350401;20350430;20351001;20360401;20361001;20370401;20371001;20380401;20381001;20390401;20391001;20400401;20401001;20410401;20411001;20420401;20421001;20430401;20431001;20440401;20441001;20450401;20451001;20460401;20461001;20470401;20471001;20480401;20481001;20490401;20491001;20500401;20501001;20510401;20511001;20520401;20521001;20530401;20531001;20540401;20541001;20550401;20551001; 
;;;;;;;IT0005387144;IT0005520165;IT0005387151;IT0005520173;IT0005387169;IT0005520181;IT0005387177;IT0005520199;IT0005387185;IT0005520207;IT0005387193;IT0005520215;IT0005387201;IT0005520223;IT0005387219;IT0005520231;IT0005425829;IT0005520249;IT0005425837;IT0005520256;IT0005550048;IT0005520264;IT0005550055;IT0005520272;IT0005550063;IT0005520280;IT0005550071;IT0005520298;IT0005550089;IT0005520306;IT0005550097;IT0005520314;IT0005550105;IT0005520322;IT0005550113;IT0005520330;IT0005550121;IT0005550139;IT0005550147;IT0005550154;IT0005550162;IT0005550170;IT0005550188;IT0005550196;IT0005550204;IT0005550212;IT0005550220;IT0005550238;IT0005550246;IT0005550253;IT0005550261;IT0005550279;IT0005550287;IT0005550295;IT0005550303;IT0005550311;IT0005550329;IT0005550337;IT0005550345;IT0005550352;IT0005550360;IT0005550378;IT0005550386;IT0005550394;IT0005550402;IT0005550410;IT0005550428;IT0005550436;IT0005550444;IT0005550451;IT0005550469;IT0005550477;IT0005550485;IT0005619769;IT0005619777;IT0005679995;IT0005680001; 
MEF;20240112;IT0005534141;20531001;1000000;;0;-22500; ;-22500; ;-22500; ;-22500; ;-22500; ;-22500; ;-22500; ;-22500; ;-22500; ;-22500; ;-22500; ;-22500; ;-22500; ;-22500; ;-22500; ;-22500; ;-22500; ;-22500; ;-22500;-22500;-22500;-22500;-22500;-22500;-22500;-22500;-22500;-22500;-22500;-22500;-22500;-22500;-22500;-22500;-22500;-22500;-22500;-22500;-22500;-22500;-22500;-22500;-22500;-22500;-22500;-22500;-22500;-22500;-22500;-22500;-22500;-22500;-22500;-22500;-1022500; ; ; ; ; 
MEF;20240117;IT0005521981;20280401;1000000;;0;-17000; ;-17000; ;-17000; ;-1017000; ; ; ; ; ; ; ; ; ; ; ; ; ; ; ; ; ; ; ; ; ; ; ; ; ; ; ; ; ; ; ; ; ; ; ; ; ; ; ; ; ; ; ; ; ; ; ; ; ; ; ; ; ; ; ; ; ; ; ; ; ; ; ; ; ; ; ; ; ; ; 
MEF;20240119;IT0005521981;20280401;-900000;;0;15300; ;15300; ;15300; ;915300; ; ; ; ; ; ; ; ; ; ; ; ; ; ; ; ; ; ; ; ; ; ; ; ; ; ; ; ; ; ; ; ; ; ; ; ; ; ; ; ; ; ; ; ; ; ; ; ; ; ; ; ; ; ; ; ; ; ; ; ; ; ; ; ; ; ; ; ; ; ; 
MEF;20240209;IT0005508590;20350430;1000000;;0; ;-20000; ;-20000; ;-20000; ;-20000; ;-20000; ;-20000; ;-20000; ;-20000; ;-20000; ;-20000; ;-20000; ;-20000; ;-20000; ;-20000; ;-20000; ;-20000; ;-20000; ;-1020000; ; ; ; ; ; ; ; ; ; ; ; ; ; ; ; ; ; ; ; ; ; ; ; ; ; ; ; ; ; ; ; ; ; ; ; ; ; ; ; ; ; 
MEF;20240314;IT0005534141;20531001;500000;;0;-11250; ;-11250; ;-11250; ;-11250; ;-11250; ;-11250; ;-11250; ;-11250; ;-11250; ;-11250; ;-11250; ;-11250; ;-11250; ;-11250; ;-11250; ;-11250; ;-11250; ;-11250; ;-11250;-11250;-11250;-11250;-11250;-11250;-11250;-11250;-11250;-11250;-11250;-11250;-11250;-11250;-11250;-11250;-11250;-11250;-11250;-11250;-11250;-11250;-11250;-11250;-11250;-11250;-11250;-11250;-11250;-11250;-11250;-11250;-11250;-11250;-11250;-11250;-511250; ; ; ; ; 
MEF;20240318;IT0005534141;20531001;1000000;;0;-22500; ;-22500; ;-22500; ;-22500; ;-22500; ;-22500; ;-22500; ;-22500; ;-22500; ;-22500; ;-22500; ;-22500; ;-22500; ;-22500; ;-22500; ;-22500; ;-22500; ;-22500; ;-22500;-22500;-22500;-22500;-22500;-22500;-22500;-22500;-22500;-22500;-22500;-22500;-22500;-22500;-22500;-22500;-22500;-22500;-22500;-22500;-22500;-22500;-22500;-22500;-22500;-22500;-22500;-22500;-22500;-22500;-22500;-22500;-22500;-22500;-22500;-22500;-1022500; ; ; ; ; 
MEF;20240415;IT0005582421;20391001;1000000;;0;-20750; ;-20750; ;-20750; ;-20750; ;-20750; ;-20750; ;-20750; ;-20750; ;-20750; ;-20750; ;-20750; ;-20750; ;-20750; ;-20750; ;-20750; ;-20750; ;-20750; ;-20750; ;-20750;-20750;-20750;-20750;-20750;-20750;-20750;-20750;-1020750; ; ; ; ; ; ; ; ; ; ; ; ; ; ; ; ; ; ; ; ; ; ; ; ; ; ; ; ; ; ; ; ; 
MEF;20240417;IT0005521981;20280401;25000000;;0;-425000; ;-425000; ;-425000; ;-25425000; ; ; ; ; ; ; ; ; ; ; ; ; ; ; ; ; ; ; ; ; ; ; ; ; ; ; ; ; ; ; ; ; ; ; ; ; ; ; ; ; ; ; ; ; ; ; ; ; ; ; ; ; ; ; ; ; ; ; ; ; ; ; ; ; ; ; ; ; ; ; 
MEF;20240419;IT0005534141;20531001;25000000;;0;-562500; ;-562500; ;-562500; ;-562500; ;-562500; ;-562500; ;-562500; ;-562500; ;-562500; ;-562500; ;-562500; ;-562500; ;-562500; ;-562500; ;-562500; ;-562500; ;-562500; ;-562500; ;-562500;-562500;-562500;-562500;-562500;-562500;-562500;-562500;-562500;-562500;-562500;-562500;-562500;-562500;-562500;-562500;-562500;-562500;-562500;-562500;-562500;-562500;-562500;-562500;-562500;-562500;-562500;-562500;-562500;-562500;-562500;-562500;-562500;-562500;-562500;-562500;-25562500; ; ; ; ; 
MEF;20240419;IT0005582421;20391001;-900000;;0;18675; ;18675; ;18675; ;18675; ;18675; ;18675; ;18675; ;18675; ;18675; ;18675; ;18675; ;18675; ;18675; ;18675; ;18675; ;18675; ;18675; ;18675; ;18675;18675;18675;18675;18675;18675;18675;18675;918675; ; ; ; ; ; ; ; ; ; ; ; ; ; ; ; ; ; ; ; ; ; ; ; ; ; ; ; ; ; ; ; ; 
MEF;20240422;IT0005534141;20531001;10000000;;0;-225000; ;-225000; ;-225000; ;-225000; ;-225000; ;-225000; ;-225000; ;-225000; ;-225000; ;-225000; ;-225000; ;-225000; ;-225000; ;-225000; ;-225000; ;-225000; ;-225000; ;-225000; ;-225000;-225000;-225000;-225000;-225000;-225000;-225000;-225000;-225000;-225000;-225000;-225000;-225000;-225000;-225000;-225000;-225000;-225000;-225000;-225000;-225000;-225000;-225000;-225000;-225000;-225000;-225000;-225000;-225000;-225000;-225000;-225000;-225000;-225000;-225000;-225000;-10225000; ; ; ; ; 
MEF;20240423;IT0005534141;20531001;20000000;;0;-450000; ;-450000; ;-450000; ;-450000; ;-450000; ;-450000; ;-450000; ;-450000; ;-450000; ;-450000; ;-450000; ;-450000; ;-450000; ;-450000; ;-450000; ;-450000; ;-450000; ;-450000; ;-450000;-450000;-450000;-450000;-450000;-450000;-450000;-450000;-450000;-450000;-450000;-450000;-450000;-450000;-450000;-450000;-450000;-450000;-450000;-450000;-450000;-450000;-450000;-450000;-450000;-450000;-450000;-450000;-450000;-450000;-450000;-450000;-450000;-450000;-450000;-450000;-20450000; ; ; ; ; 
MEF;20240426;IT0005534141;20531001;-10600000;;0;238500; ;238500; ;238500; ;238500; ;238500; ;238500; ;238500; ;238500; ;238500; ;238500; ;238500; ;238500; ;238500; ;238500; ;238500; ;238500; ;238500; ;238500; ;238500;238500;238500;238500;238500;238500;238500;238500;238500;238500;238500;238500;238500;238500;238500;238500;238500;238500;238500;238500;238500;238500;238500;238500;238500;238500;238500;238500;238500;238500;238500;238500;238500;238500;238500;238500;10838500; ; ; ; ; 
MEF;20240426;IT0005534141;20531001;5000000;;0;-112500; ;-112500; ;-112500; ;-112500; ;-112500; ;-112500; ;-112500; ;-112500; ;-112500; ;-112500; ;-112500; ;-112500; ;-112500; ;-112500; ;-112500; ;-112500; ;-112500; ;-112500; ;-112500;-112500;-112500;-112500;-112500;-112500;-112500;-112500;-112500;-112500;-112500;-112500;-112500;-112500;-112500;-112500;-112500;-112500;-112500;-112500;-112500;-112500;-112500;-112500;-112500;-112500;-112500;-112500;-112500;-112500;-112500;-112500;-112500;-112500;-112500;-112500;-5112500; ; ; ; ; 
MEF;20240429;IT0005484552;20270401;-1000000;;0;5500; ;1005500; ; ; ; ; ; ; ; ; ; ; ; ; ; ; ; ; ; ; ; ; ; ; ; ; ; ; ; ; ; ; ; ; ; ; ; ; ; ; ; ; ; ; ; ; ; ; ; ; ; ; ; ; ; ; ; ; ; ; ; ; ; ; ; ; ; ; ; ; ; ; ; ; ; ; 
MEF;20240429;IT0005521981;20280401;-1000000;;0;17000; ;17000; ;17000; ;1017000; ; ; ; ; ; ; ; ; ; ; ; ; ; ; ; ; ; ; ; ; ; ; ; ; ; ; ; ; ; ; ; ; ; ; ; ; ; ; ; ; ; ; ; ; ; ; ; ; ; ; ; ; ; ; ; ; ; ; ; ; ; ; ; ; ; ; ; ; ; ; 
MEF;20240430;IT0005534141;20531001;14200000;;0;-319500; ;-319500; ;-319500; ;-319500; ;-319500; ;-319500; ;-319500; ;-319500; ;-319500; ;-319500; ;-319500; ;-319500; ;-319500; ;-319500; ;-319500; ;-319500; ;-319500; ;-319500; ;-319500;-319500;-319500;-319500;-319500;-319500;-319500;-319500;-319500;-319500;-319500;-319500;-319500;-319500;-319500;-319500;-319500;-319500;-319500;-319500;-319500;-319500;-319500;-319500;-319500;-319500;-319500;-319500;-319500;-319500;-319500;-319500;-319500;-319500;-319500;-319500;-14519500; ; ; ; ; 
MEF;20240527;IT0005534141;20531001;20000000;;0;-450000; ;-450000; ;-450000; ;-450000; ;-450000; ;-450000; ;-450000; ;-450000; ;-450000; ;-450000; ;-450000; ;-450000; ;-450000; ;-450000; ;-450000; ;-450000; ;-450000; ;-450000; ;-450000;-450000;-450000;-450000;-450000;-450000;-450000;-450000;-450000;-450000;-450000;-450000;-450000;-450000;-450000;-450000;-450000;-450000;-450000;-450000;-450000;-450000;-450000;-450000;-450000;-450000;-450000;-450000;-450000;-450000;-450000;-450000;-450000;-450000;-450000;-450000;-20450000; ; ; ; ; 
MEF;20240527;IT0005534141;20531001;24000000;;0;-540000; ;-540000; ;-540000; ;-540000; ;-540000; ;-540000; ;-540000; ;-540000; ;-540000; ;-540000; ;-540000; ;-540000; ;-540000; ;-540000; ;-540000; ;-540000; ;-540000; ;-540000; ;-540000;-540000;-540000;-540000;-540000;-540000;-540000;-540000;-540000;-540000;-540000;-540000;-540000;-540000;-540000;-540000;-540000;-540000;-540000;-540000;-540000;-540000;-540000;-540000;-540000;-540000;-540000;-540000;-540000;-540000;-540000;-540000;-540000;-540000;-540000;-540000;-24540000; ; ; ; ; 
MEF;20240531;IT0005383309;20300401;-1200000;;0;8100; ;8100; ;8100; ;8100; ;8100; ;8100; ;8100; ;1208100; ; ; ; ; ; ; ; ; ; ; ; ; ; ; ; ; ; ; ; ; ; ; ; ; ; ; ; ; ; ; ; ; ; ; ; ; ; ; ; ; ; ; ; ; ; ; ; ; ; ; ; ; ; ; ; ; ; ; ; ; ; ; 
MEF;20240531;IT0005422891;20310401;-1200000;;0;5400; ;5400; ;5400; ;5400; ;5400; ;5400; ;5400; ;5400; ;5400; ;1205400; ; ; ; ; ; ; ; ; ; ; ; ; ; ; ; ; ; ; ; ; ; ; ; ; ; ; ; ; ; ; ; ; ; ; ; ; ; ; ; ; ; ; ; ; ; ; ; ; ; ; ; ; ; ; ; ; ; ; 
MEF;20240531;IT0005484552;20270401;-1200000;;0;6600; ;1206600; ; ; ; ; ; ; ; ; ; ; ; ; ; ; ; ; ; ; ; ; ; ; ; ; ; ; ; ; ; ; ; ; ; ; ; ; ; ; ; ; ; ; ; ; ; ; ; ; ; ; ; ; ; ; ; ; ; ; ; ; ; ; ; ; ; ; ; ; ; ; ; ; ; ; 
MEF;20240531;IT0005521981;20280401;-1200000;;0;20400; ;20400; ;20400; ;1220400; ; ; ; ; ; ; ; ; ; ; ; ; ; ; ; ; ; ; ; ; ; ; ; ; ; ; ; ; ; ; ; ; ; ; ; ; ; ; ; ; ; ; ; ; ; ; ; ; ; ; ; ; ; ; ; ; ; ; ; ; ; ; ; ; ; ; ; ; ; ; 
MEF;20240531;IT0005534141;20531001;50000000;;0;-1125000; ;-1125000; ;-1125000; ;-1125000; ;-1125000; ;-1125000; ;-1125000; ;-1125000; ;-1125000; ;-1125000; ;-1125000; ;-1125000; ;-1125000; ;-1125000; ;-1125000; ;-1125000; ;-1125000; ;-1125000; ;-1125000;-1125000;-1125000;-1125000;-1125000;-1125000;-1125000;-1125000;-1125000;-1125000;-1125000;-1125000;-1125000;-1125000;-1125000;-1125000;-1125000;-1125000;-1125000;-1125000;-1125000;-1125000;-1125000;-1125000;-1125000;-1125000;-1125000;-1125000;-1125000;-1125000;-1125000;-1125000;-1125000;-1125000;-1125000;-1125000;-51125000; ; ; ; ; 
MEF;20240603;IT0005383309;20300401;-1000000;;0;6750; ;6750; ;6750; ;6750; ;6750; ;6750; ;6750; ;1006750; ; ; ; ; ; ; ; ; ; ; ; ; ; ; ; ; ; ; ; ; ; ; ; ; ; ; ; ; ; ; ; ; ; ; ; ; ; ; ; ; ; ; ; ; ; ; ; ; ; ; ; ; ; ; ; ; ; ; ; ; ; ; 
MEF;20240603;IT0005422891;20310401;-1000000;;0;4500; ;4500; ;4500; ;4500; ;4500; ;4500; ;4500; ;4500; ;4500; ;1004500; ; ; ; ; ; ; ; ; ; ; ; ; ; ; ; ; ; ; ; ; ; ; ; ; ; ; ; ; ; ; ; ; ; ; ; ; ; ; ; ; ; ; ; ; ; ; ; ; ; ; ; ; ; ; ; ; ; ; 
MEF;20240603;IT0005534141;20531001;50000000;;0;-1125000; ;-1125000; ;-1125000; ;-1125000; ;-1125000; ;-1125000; ;-1125000; ;-1125000; ;-1125000; ;-1125000; ;-1125000; ;-1125000; ;-1125000; ;-1125000; ;-1125000; ;-1125000; ;-1125000; ;-1125000; ;-1125000;-1125000;-1125000;-1125000;-1125000;-1125000;-1125000;-1125000;-1125000;-1125000;-1125000;-1125000;-1125000;-1125000;-1125000;-1125000;-1125000;-1125000;-1125000;-1125000;-1125000;-1125000;-1125000;-1125000;-1125000;-1125000;-1125000;-1125000;-1125000;-1125000;-1125000;-1125000;-1125000;-1125000;-1125000;-1125000;-51125000; ; ; ; ; 
MEF;20240604;IT0005582421;20391001;-1200000;;0;24900; ;24900; ;24900; ;24900; ;24900; ;24900; ;24900; ;24900; ;24900; ;24900; ;24900; ;24900; ;24900; ;24900; ;24900; ;24900; ;24900; ;24900; ;24900;24900;24900;24900;24900;24900;24900;24900;1224900; ; ; ; ; ; ; ; ; ; ; ; ; ; ; ; ; ; ; ; ; ; ; ; ; ; ; ; ; ; ; ; ; 
MEF;20240604;IT0005582421;20391001;17500000;;0;-363125; ;-363125; ;-363125; ;-363125; ;-363125; ;-363125; ;-363125; ;-363125; ;-363125; ;-363125; ;-363125; ;-363125; ;-363125; ;-363125; ;-363125; ;-363125; ;-363125; ;-363125; ;-363125;-363125;-363125;-363125;-363125;-363125;-363125;-363125;-17863125; ; ; ; ; ; ; ; ; ; ; ; ; ; ; ; ; ; ; ; ; ; ; ; ; ; ; ; ; ; ; ; ; 
MEF;20240607;IT0005383309;20300401;-2600000;;0;17550; ;17550; ;17550; ;17550; ;17550; ;17550; ;17550; ;2617550; ; ; ; ; ; ; ; ; ; ; ; ; ; ; ; ; ; ; ; ; ; ; ; ; ; ; ; ; ; ; ; ; ; ; ; ; ; ; ; ; ; ; ; ; ; ; ; ; ; ; ; ; ; ; ; ; ; ; ; ; ; ; 
MEF;20240607;IT0005422891;20310401;-2600000;;0;11700; ;11700; ;11700; ;11700; ;11700; ;11700; ;11700; ;11700; ;11700; ;2611700; ; ; ; ; ; ; ; ; ; ; ; ; ; ; ; ; ; ; ; ; ; ; ; ; ; ; ; ; ; ; ; ; ; ; ; ; ; ; ; ; ; ; ; ; ; ; ; ; ; ; ; ; ; ; ; ; ; ; 
MEF;20240607;IT0005484552;20270401;-2500000;;0;13750; ;2513750; ; ; ; ; ; ; ; ; ; ; ; ; ; ; ; ; ; ; ; ; ; ; ; ; ; ; ; ; ; ; ; ; ; ; ; ; ; ; ; ; ; ; ; ; ; ; ; ; ; ; ; ; ; ; ; ; ; ; ; ; ; ; ; ; ; ; ; ; ; ; ; ; ; ; 
MEF;20240607;IT0005521981;20280401;-2600000;;0;44200; ;44200; ;44200; ;2644200; ; ; ; ; ; ; ; ; ; ; ; ; ; ; ; ; ; ; ; ; ; ; ; ; ; ; ; ; ; ; ; ; ; ; ; ; ; ; ; ; ; ; ; ; ; ; ; ; ; ; ; ; ; ; ; ; ; ; ; ; ; ; ; ; ; ; ; ; ; ; 
MEF;20240613;IT0005534141;20531001;4000000;;0;-90000; ;-90000; ;-90000; ;-90000; ;-90000; ;-90000; ;-90000; ;-90000; ;-90000; ;-90000; ;-90000; ;-90000; ;-90000; ;-90000; ;-90000; ;-90000; ;-90000; ;-90000; ;-90000;-90000;-90000;-90000;-90000;-90000;-90000;-90000;-90000;-90000;-90000;-90000;-90000;-90000;-90000;-90000;-90000;-90000;-90000;-90000;-90000;-90000;-90000;-90000;-90000;-90000;-90000;-90000;-90000;-90000;-90000;-90000;-90000;-90000;-90000;-90000;-4090000; ; ; ; ; 
MEF;20240701;IT0005582421;20391001;14000000;;0;-290500; ;-290500; ;-290500; ;-290500; ;-290500; ;-290500; ;-290500; ;-290500; ;-290500; ;-290500; ;-290500; ;-290500; ;-290500; ;-290500; ;-290500; ;-290500; ;-290500; ;-290500; ;-290500;-290500;-290500;-290500;-290500;-290500;-290500;-290500;-14290500; ; ; ; ; ; ; ; ; ; ; ; ; ; ; ; ; ; ; ; ; ; ; ; ; ; ; ; ; ; ; ; ; 
MEF;20240702;IT0005582421;20391001;14500000;;0;-300875; ;-300875; ;-300875; ;-300875; ;-300875; ;-300875; ;-300875; ;-300875; ;-300875; ;-300875; ;-300875; ;-300875; ;-300875; ;-300875; ;-300875; ;-300875; ;-300875; ;-300875; ;-300875;-300875;-300875;-300875;-300875;-300875;-300875;-300875;-14800875; ; ; ; ; ; ; ; ; ; ; ; ; ; ; ; ; ; ; ; ; ; ; ; ; ; ; ; ; ; ; ; ; 
MEF;20240703;IT0005534141;20531001;28700000;;0;-645750; ;-645750; ;-645750; ;-645750; ;-645750; ;-645750; ;-645750; ;-645750; ;-645750; ;-645750; ;-645750; ;-645750; ;-645750; ;-645750; ;-645750; ;-645750; ;-645750; ;-645750; ;-645750;-645750;-645750;-645750;-645750;-645750;-645750;-645750;-645750;-645750;-645750;-645750;-645750;-645750;-645750;-645750;-645750;-645750;-645750;-645750;-645750;-645750;-645750;-645750;-645750;-645750;-645750;-645750;-645750;-645750;-645750;-645750;-645750;-645750;-645750;-645750;-29345750; ; ; ; ; 
MEF;20240703;IT0005534141;20531001;7000000;;0;-157500; ;-157500; ;-157500; ;-157500; ;-157500; ;-157500; ;-157500; ;-157500; ;-157500; ;-157500; ;-157500; ;-157500; ;-157500; ;-157500; ;-157500; ;-157500; ;-157500; ;-157500; ;-157500;-157500;-157500;-157500;-157500;-157500;-157500;-157500;-157500;-157500;-157500;-157500;-157500;-157500;-157500;-157500;-157500;-157500;-157500;-157500;-157500;-157500;-157500;-157500;-157500;-157500;-157500;-157500;-157500;-157500;-157500;-157500;-157500;-157500;-157500;-157500;-7157500; ; ; ; ; 
MEF;20240711;IT0005582421;20391001;10000000;;0;-207500; ;-207500; ;-207500; ;-207500; ;-207500; ;-207500; ;-207500; ;-207500; ;-207500; ;-207500; ;-207500; ;-207500; ;-207500; ;-207500; ;-207500; ;-207500; ;-207500; ;-207500; ;-207500;-207500;-207500;-207500;-207500;-207500;-207500;-207500;-10207500; ; ; ; ; ; ; ; ; ; ; ; ; ; ; ; ; ; ; ; ; ; ; ; ; ; ; ; ; ; ; ; ; 
MEF;20240717;IT0005582421;20391001;9200000;;0;-190900; ;-190900; ;-190900; ;-190900; ;-190900; ;-190900; ;-190900; ;-190900; ;-190900; ;-190900; ;-190900; ;-190900; ;-190900; ;-190900; ;-190900; ;-190900; ;-190900; ;-190900; ;-190900;-190900;-190900;-190900;-190900;-190900;-190900;-190900;-9390900; ; ; ; ; ; ; ; ; ; ; ; ; ; ; ; ; ; ; ; ; ; ; ; ; ; ; ; ; ; ; ; ; 
MEF;20240718;IT0005508590;20350430;-1000000;;0; ;20000; ;20000; ;20000; ;20000; ;20000; ;20000; ;20000; ;20000; ;20000; ;20000; ;20000; ;20000; ;20000; ;20000; ;20000; ;20000; ;20000; ;1020000; ; ; ; ; ; ; ; ; ; ; ; ; ; ; ; ; ; ; ; ; ; ; ; ; ; ; ; ; ; ; ; ; ; ; ; ; ; ; ; ; ; 
MEF;20240719;IT0005383309;20300401;-1100000;;0;7425; ;7425; ;7425; ;7425; ;7425; ;7425; ;7425; ;1107425; ; ; ; ; ; ; ; ; ; ; ; ; ; ; ; ; ; ; ; ; ; ; ; ; ; ; ; ; ; ; ; ; ; ; ; ; ; ; ; ; ; ; ; ; ; ; ; ; ; ; ; ; ; ; ; ; ; ; ; ; ; ; 
MEF;20240719;IT0005422891;20310401;-1100000;;0;4950; ;4950; ;4950; ;4950; ;4950; ;4950; ;4950; ;4950; ;4950; ;1104950; ; ; ; ; ; ; ; ; ; ; ; ; ; ; ; ; ; ; ; ; ; ; ; ; ; ; ; ; ; ; ; ; ; ; ; ; ; ; ; ; ; ; ; ; ; ; ; ; ; ; ; ; ; ; ; ; ; ; 
MEF;20240719;IT0005484552;20270401;-1100000;;0;6050; ;1106050; ; ; ; ; ; ; ; ; ; ; ; ; ; ; ; ; ; ; ; ; ; ; ; ; ; ; ; ; ; ; ; ; ; ; ; ; ; ; ; ; ; ; ; ; ; ; ; ; ; ; ; ; ; ; ; ; ; ; ; ; ; ; ; ; ; ; ; ; ; ; ; ; ; ; 
MEF;20240719;IT0005521981;20280401;-1100000;;0;18700; ;18700; ;18700; ;1118700; ; ; ; ; ; ; ; ; ; ; ; ; ; ; ; ; ; ; ; ; ; ; ; ; ; ; ; ; ; ; ; ; ; ; ; ; ; ; ; ; ; ; ; ; ; ; ; ; ; ; ; ; ; ; ; ; ; ; ; ; ; ; ; ; ; ; ; ; ; ; 
MEF;20240723;IT0005582421;20391001;9000000;;0;-186750; ;-186750; ;-186750; ;-186750; ;-186750; ;-186750; ;-186750; ;-186750; ;-186750; ;-186750; ;-186750; ;-186750; ;-186750; ;-186750; ;-186750; ;-186750; ;-186750; ;-186750; ;-186750;-186750;-186750;-186750;-186750;-186750;-186750;-186750;-9186750; ; ; ; ; ; ; ; ; ; ; ; ; ; ; ; ; ; ; ; ; ; ; ; ; ; ; ; ; ; ; ; ; 
MEF;20240725;IT0005534141;20531001;1000000;;0;-22500; ;-22500; ;-22500; ;-22500; ;-22500; ;-22500; ;-22500; ;-22500; ;-22500; ;-22500; ;-22500; ;-22500; ;-22500; ;-22500; ;-22500; ;-22500; ;-22500; ;-22500; ;-22500;-22500;-22500;-22500;-22500;-22500;-22500;-22500;-22500;-22500;-22500;-22500;-22500;-22500;-22500;-22500;-22500;-22500;-22500;-22500;-22500;-22500;-22500;-22500;-22500;-22500;-22500;-22500;-22500;-22500;-22500;-22500;-22500;-22500;-22500;-22500;-1022500; ; ; ; ; 
MEF;20240729;IT0005534141;20531001;3000000;;0;-67500; ;-67500; ;-67500; ;-67500; ;-67500; ;-67500; ;-67500; ;-67500; ;-67500; ;-67500; ;-67500; ;-67500; ;-67500; ;-67500; ;-67500; ;-67500; ;-67500; ;-67500; ;-67500;-67500;-67500;-67500;-67500;-67500;-67500;-67500;-67500;-67500;-67500;-67500;-67500;-67500;-67500;-67500;-67500;-67500;-67500;-67500;-67500;-67500;-67500;-67500;-67500;-67500;-67500;-67500;-67500;-67500;-67500;-67500;-67500;-67500;-67500;-67500;-3067500; ; ; ; ; 
MEF;20240801;IT0005582421;20391001;20000000;;0;-415000; ;-415000; ;-415000; ;-415000; ;-415000; ;-415000; ;-415000; ;-415000; ;-415000; ;-415000; ;-415000; ;-415000; ;-415000; ;-415000; ;-415000; ;-415000; ;-415000; ;-415000; ;-415000;-415000;-415000;-415000;-415000;-415000;-415000;-415000;-20415000; ; ; ; ; ; ; ; ; ; ; ; ; ; ; ; ; ; ; ; ; ; ; ; ; ; ; ; ; ; ; ; ; 
MEF;20240802;IT0005582421;20391001;15000000;;0;-311250; ;-311250; ;-311250; ;-311250; ;-311250; ;-311250; ;-311250; ;-311250; ;-311250; ;-311250; ;-311250; ;-311250; ;-311250; ;-311250; ;-311250; ;-311250; ;-311250; ;-311250; ;-311250;-311250;-311250;-311250;-311250;-311250;-311250;-311250;-15311250; ; ; ; ; ; ; ; ; ; ; ; ; ; ; ; ; ; ; ; ; ; ; ; ; ; ; ; ; ; ; ; ; 
MEF;20240807;IT0005582421;20391001;5000000;;0;-103750; ;-103750; ;-103750; ;-103750; ;-103750; ;-103750; ;-103750; ;-103750; ;-103750; ;-103750; ;-103750; ;-103750; ;-103750; ;-103750; ;-103750; ;-103750; ;-103750; ;-103750; ;-103750;-103750;-103750;-103750;-103750;-103750;-103750;-103750;-5103750; ; ; ; ; ; ; ; ; ; ; ; ; ; ; ; ; ; ; ; ; ; ; ; ; ; ; ; ; ; ; ; ; 
MEF;20240809;IT0005582421;20391001;19000000;;0;-394250; ;-394250; ;-394250; ;-394250; ;-394250; ;-394250; ;-394250; ;-394250; ;-394250; ;-394250; ;-394250; ;-394250; ;-394250; ;-394250; ;-394250; ;-394250; ;-394250; ;-394250; ;-394250;-394250;-394250;-394250;-394250;-394250;-394250;-394250;-19394250; ; ; ; ; ; ; ; ; ; ; ; ; ; ; ; ; ; ; ; ; ; ; ; ; ; ; ; ; ; ; ; ; 
MEF;20240812;IT0005534141;20531001;5000000;;0;-112500; ;-112500; ;-112500; ;-112500; ;-112500; ;-112500; ;-112500; ;-112500; ;-112500; ;-112500; ;-112500; ;-112500; ;-112500; ;-112500; ;-112500; ;-112500; ;-112500; ;-112500; ;-112500;-112500;-112500;-112500;-112500;-112500;-112500;-112500;-112500;-112500;-112500;-112500;-112500;-112500;-112500;-112500;-112500;-112500;-112500;-112500;-112500;-112500;-112500;-112500;-112500;-112500;-112500;-112500;-112500;-112500;-112500;-112500;-112500;-112500;-112500;-112500;-5112500; ; ; ; ; 
MEF;20240812;IT0005582421;20391001;5000000;;0;-103750; ;-103750; ;-103750; ;-103750; ;-103750; ;-103750; ;-103750; ;-103750; ;-103750; ;-103750; ;-103750; ;-103750; ;-103750; ;-103750; ;-103750; ;-103750; ;-103750; ;-103750; ;-103750;-103750;-103750;-103750;-103750;-103750;-103750;-103750;-5103750; ; ; ; ; ; ; ; ; ; ; ; ; ; ; ; ; ; ; ; ; ; ; ; ; ; ; ; ; ; ; ; ; 
MEF;20240826;IT0005582421;20391001;24100000;;0;-500075; ;-500075; ;-500075; ;-500075; ;-500075; ;-500075; ;-500075; ;-500075; ;-500075; ;-500075; ;-500075; ;-500075; ;-500075; ;-500075; ;-500075; ;-500075; ;-500075; ;-500075; ;-500075;-500075;-500075;-500075;-500075;-500075;-500075;-500075;-24600075; ; ; ; ; ; ; ; ; ; ; ; ; ; ; ; ; ; ; ; ; ; ; ; ; ; ; ; ; ; ; ; ; 
MEF;20240827;IT0005534141;20531001;3000000;;0;-67500; ;-67500; ;-67500; ;-67500; ;-67500; ;-67500; ;-67500; ;-67500; ;-67500; ;-67500; ;-67500; ;-67500; ;-67500; ;-67500; ;-67500; ;-67500; ;-67500; ;-67500; ;-67500;-67500;-67500;-67500;-67500;-67500;-67500;-67500;-67500;-67500;-67500;-67500;-67500;-67500;-67500;-67500;-67500;-67500;-67500;-67500;-67500;-67500;-67500;-67500;-67500;-67500;-67500;-67500;-67500;-67500;-67500;-67500;-67500;-67500;-67500;-67500;-3067500; ; ; ; ; 
MEF;20240828;IT0005582421;20391001;24500000;;0;-508375; ;-508375; ;-508375; ;-508375; ;-508375; ;-508375; ;-508375; ;-508375; ;-508375; ;-508375; ;-508375; ;-508375; ;-508375; ;-508375; ;-508375; ;-508375; ;-508375; ;-508375; ;-508375;-508375;-508375;-508375;-508375;-508375;-508375;-508375;-25008375; ; ; ; ; ; ; ; ; ; ; ; ; ; ; ; ; ; ; ; ; ; ; ; ; ; ; ; ; ; ; ; ; 
MEF;20240829;IT0005582421;20391001;9800000;;0;-203350; ;-203350; ;-203350; ;-203350; ;-203350; ;-203350; ;-203350; ;-203350; ;-203350; ;-203350; ;-203350; ;-203350; ;-203350; ;-203350; ;-203350; ;-203350; ;-203350; ;-203350; ;-203350;-203350;-203350;-203350;-203350;-203350;-203350;-203350;-10003350; ; ; ; ; ; ; ; ; ; ; ; ; ; ; ; ; ; ; ; ; ; ; ; ; ; ; ; ; ; ; ; ; 
MEF;20240830;IT0005383309;20300401;-1400000;;0;9450; ;9450; ;9450; ;9450; ;9450; ;9450; ;9450; ;1409450; ; ; ; ; ; ; ; ; ; ; ; ; ; ; ; ; ; ; ; ; ; ; ; ; ; ; ; ; ; ; ; ; ; ; ; ; ; ; ; ; ; ; ; ; ; ; ; ; ; ; ; ; ; ; ; ; ; ; ; ; ; ; 
MEF;20240830;IT0005422891;20310401;-1600000;;0;7200; ;7200; ;7200; ;7200; ;7200; ;7200; ;7200; ;7200; ;7200; ;1607200; ; ; ; ; ; ; ; ; ; ; ; ; ; ; ; ; ; ; ; ; ; ; ; ; ; ; ; ; ; ; ; ; ; ; ; ; ; ; ; ; ; ; ; ; ; ; ; ; ; ; ; ; ; ; ; ; ; ; 
MEF;20240830;IT0005484552;20270401;-1400000;;0;7700; ;1407700; ; ; ; ; ; ; ; ; ; ; ; ; ; ; ; ; ; ; ; ; ; ; ; ; ; ; ; ; ; ; ; ; ; ; ; ; ; ; ; ; ; ; ; ; ; ; ; ; ; ; ; ; ; ; ; ; ; ; ; ; ; ; ; ; ; ; ; ; ; ; ; ; ; ; 
MEF;20240830;IT0005521981;20280401;-1400000;;0;23800; ;23800; ;23800; ;1423800; ; ; ; ; ; ; ; ; ; ; ; ; ; ; ; ; ; ; ; ; ; ; ; ; ; ; ; ; ; ; ; ; ; ; ; ; ; ; ; ; ; ; ; ; ; ; ; ; ; ; ; ; ; ; ; ; ; ; ; ; ; ; ; ; ; ; ; ; ; ; 
MEF;20240902;IT0005582421;20391001;100000;;0;-2075; ;-2075; ;-2075; ;-2075; ;-2075; ;-2075; ;-2075; ;-2075; ;-2075; ;-2075; ;-2075; ;-2075; ;-2075; ;-2075; ;-2075; ;-2075; ;-2075; ;-2075; ;-2075;-2075;-2075;-2075;-2075;-2075;-2075;-2075;-102075; ; ; ; ; ; ; ; ; ; ; ; ; ; ; ; ; ; ; ; ; ; ; ; ; ; ; ; ; ; ; ; ; 
MEF;20240902;IT0005582421;20391001;23000000;;0;-477250; ;-477250; ;-477250; ;-477250; ;-477250; ;-477250; ;-477250; ;-477250; ;-477250; ;-477250; ;-477250; ;-477250; ;-477250; ;-477250; ;-477250; ;-477250; ;-477250; ;-477250; ;-477250;-477250;-477250;-477250;-477250;-477250;-477250;-477250;-23477250; ; ; ; ; ; ; ; ; ; ; ; ; ; ; ; ; ; ; ; ; ; ; ; ; ; ; ; ; ; ; ; ; 
MEF;20240902;IT0005582421;20391001;25000000;;0;-518750; ;-518750; ;-518750; ;-518750; ;-518750; ;-518750; ;-518750; ;-518750; ;-518750; ;-518750; ;-518750; ;-518750; ;-518750; ;-518750; ;-518750; ;-518750; ;-518750; ;-518750; ;-518750;-518750;-518750;-518750;-518750;-518750;-518750;-518750;-25518750; ; ; ; ; ; ; ; ; ; ; ; ; ; ; ; ; ; ; ; ; ; ; ; ; ; ; ; ; ; ; ; ; 
MEF;20240903;IT0005582421;20391001;13700000;;0;-284275; ;-284275; ;-284275; ;-284275; ;-284275; ;-284275; ;-284275; ;-284275; ;-284275; ;-284275; ;-284275; ;-284275; ;-284275; ;-284275; ;-284275; ;-284275; ;-284275; ;-284275; ;-284275;-284275;-284275;-284275;-284275;-284275;-284275;-284275;-13984275; ; ; ; ; ; ; ; ; ; ; ; ; ; ; ; ; ; ; ; ; ; ; ; ; ; ; ; ; ; ; ; ; 
MEF;20240903;IT0005582421;20391001;19000000;;0;-394250; ;-394250; ;-394250; ;-394250; ;-394250; ;-394250; ;-394250; ;-394250; ;-394250; ;-394250; ;-394250; ;-394250; ;-394250; ;-394250; ;-394250; ;-394250; ;-394250; ;-394250; ;-394250;-394250;-394250;-394250;-394250;-394250;-394250;-394250;-19394250; ; ; ; ; ; ; ; ; ; ; ; ; ; ; ; ; ; ; ; ; ; ; ; ; ; ; ; ; ; ; ; ; 
MEF;20240903;IT0005582421;20391001;1900000;;0;-39425; ;-39425; ;-39425; ;-39425; ;-39425; ;-39425; ;-39425; ;-39425; ;-39425; ;-39425; ;-39425; ;-39425; ;-39425; ;-39425; ;-39425; ;-39425; ;-39425; ;-39425; ;-39425;-39425;-39425;-39425;-39425;-39425;-39425;-39425;-1939425; ; ; ; ; ; ; ; ; ; ; ; ; ; ; ; ; ; ; ; ; ; ; ; ; ; ; ; ; ; ; ; ; 
MEF;20240904;IT0005582421;20391001;19000000;;0;-394250; ;-394250; ;-394250; ;-394250; ;-394250; ;-394250; ;-394250; ;-394250; ;-394250; ;-394250; ;-394250; ;-394250; ;-394250; ;-394250; ;-394250; ;-394250; ;-394250; ;-394250; ;-394250;-394250;-394250;-394250;-394250;-394250;-394250;-394250;-19394250; ; ; ; ; ; ; ; ; ; ; ; ; ; ; ; ; ; ; ; ; ; ; ; ; ; ; ; ; ; ; ; ; 
MEF;20240905;IT0005383309;20300401;-4000000;;0;27000; ;27000; ;27000; ;27000; ;27000; ;27000; ;27000; ;4027000; ; ; ; ; ; ; ; ; ; ; ; ; ; ; ; ; ; ; ; ; ; ; ; ; ; ; ; ; ; ; ; ; ; ; ; ; ; ; ; ; ; ; ; ; ; ; ; ; ; ; ; ; ; ; ; ; ; ; ; ; ; ; 
MEF;20240905;IT0005422891;20310401;-4000000;;0;18000; ;18000; ;18000; ;18000; ;18000; ;18000; ;18000; ;18000; ;18000; ;4018000; ; ; ; ; ; ; ; ; ; ; ; ; ; ; ; ; ; ; ; ; ; ; ; ; ; ; ; ; ; ; ; ; ; ; ; ; ; ; ; ; ; ; ; ; ; ; ; ; ; ; ; ; ; ; ; ; ; ; 
MEF;20240905;IT0005484552;20270401;-4000000;;0;22000; ;4022000; ; ; ; ; ; ; ; ; ; ; ; ; ; ; ; ; ; ; ; ; ; ; ; ; ; ; ; ; ; ; ; ; ; ; ; ; ; ; ; ; ; ; ; ; ; ; ; ; ; ; ; ; ; ; ; ; ; ; ; ; ; ; ; ; ; ; ; ; ; ; ; ; ; ; 
MEF;20240905;IT0005521981;20280401;-5000000;;0;85000; ;85000; ;85000; ;5085000; ; ; ; ; ; ; ; ; ; ; ; ; ; ; ; ; ; ; ; ; ; ; ; ; ; ; ; ; ; ; ; ; ; ; ; ; ; ; ; ; ; ; ; ; ; ; ; ; ; ; ; ; ; ; ; ; ; ; ; ; ; ; ; ; ; ; ; ; ; ; 
MEF;20240905;IT0005582421;20391001;20000000;;0;-415000; ;-415000; ;-415000; ;-415000; ;-415000; ;-415000; ;-415000; ;-415000; ;-415000; ;-415000; ;-415000; ;-415000; ;-415000; ;-415000; ;-415000; ;-415000; ;-415000; ;-415000; ;-415000;-415000;-415000;-415000;-415000;-415000;-415000;-415000;-20415000; ; ; ; ; ; ; ; ; ; ; ; ; ; ; ; ; ; ; ; ; ; ; ; ; ; ; ; ; ; ; ; ; 
MEF;20240906;IT0005582421;20391001;24000000;;0;-498000; ;-498000; ;-498000; ;-498000; ;-498000; ;-498000; ;-498000; ;-498000; ;-498000; ;-498000; ;-498000; ;-498000; ;-498000; ;-498000; ;-498000; ;-498000; ;-498000; ;-498000; ;-498000;-498000;-498000;-498000;-498000;-498000;-498000;-498000;-24498000; ; ; ; ; ; ; ; ; ; ; ; ; ; ; ; ; ; ; ; ; ; ; ; ; ; ; ; ; ; ; ; ; 
MEF;20240909;IT0005582421;20391001;10000000;;0;-207500; ;-207500; ;-207500; ;-207500; ;-207500; ;-207500; ;-207500; ;-207500; ;-207500; ;-207500; ;-207500; ;-207500; ;-207500; ;-207500; ;-207500; ;-207500; ;-207500; ;-207500; ;-207500;-207500;-207500;-207500;-207500;-207500;-207500;-207500;-10207500; ; ; ; ; ; ; ; ; ; ; ; ; ; ; ; ; ; ; ; ; ; ; ; ; ; ; ; ; ; ; ; ; 
MEF;20240917;IT0005534141;20531001;8900000;;0;-200250; ;-200250; ;-200250; ;-200250; ;-200250; ;-200250; ;-200250; ;-200250; ;-200250; ;-200250; ;-200250; ;-200250; ;-200250; ;-200250; ;-200250; ;-200250; ;-200250; ;-200250; ;-200250;-200250;-200250;-200250;-200250;-200250;-200250;-200250;-200250;-200250;-200250;-200250;-200250;-200250;-200250;-200250;-200250;-200250;-200250;-200250;-200250;-200250;-200250;-200250;-200250;-200250;-200250;-200250;-200250;-200250;-200250;-200250;-200250;-200250;-200250;-200250;-9100250; ; ; ; ; 
MEF;20240918;IT0005582421;20391001;24500000;;0;-508375; ;-508375; ;-508375; ;-508375; ;-508375; ;-508375; ;-508375; ;-508375; ;-508375; ;-508375; ;-508375; ;-508375; ;-508375; ;-508375; ;-508375; ;-508375; ;-508375; ;-508375; ;-508375;-508375;-508375;-508375;-508375;-508375;-508375;-508375;-25008375; ; ; ; ; ; ; ; ; ; ; ; ; ; ; ; ; ; ; ; ; ; ; ; ; ; ; ; ; ; ; ; ; 
MEF;20240919;IT0005582421;20391001;19600000;;0;-406700; ;-406700; ;-406700; ;-406700; ;-406700; ;-406700; ;-406700; ;-406700; ;-406700; ;-406700; ;-406700; ;-406700; ;-406700; ;-406700; ;-406700; ;-406700; ;-406700; ;-406700; ;-406700;-406700;-406700;-406700;-406700;-406700;-406700;-406700;-20006700; ; ; ; ; ; ; ; ; ; ; ; ; ; ; ; ; ; ; ; ; ; ; ; ; ; ; ; ; ; ; ; ; 
MEF;20240920;IT0005383309;20300401;-1100000;;0;7425; ;7425; ;7425; ;7425; ;7425; ;7425; ;7425; ;1107425; ; ; ; ; ; ; ; ; ; ; ; ; ; ; ; ; ; ; ; ; ; ; ; ; ; ; ; ; ; ; ; ; ; ; ; ; ; ; ; ; ; ; ; ; ; ; ; ; ; ; ; ; ; ; ; ; ; ; ; ; ; ; 
MEF;20240920;IT0005422891;20310401;-900000;;0;4050; ;4050; ;4050; ;4050; ;4050; ;4050; ;4050; ;4050; ;4050; ;904050; ; ; ; ; ; ; ; ; ; ; ; ; ; ; ; ; ; ; ; ; ; ; ; ; ; ; ; ; ; ; ; ; ; ; ; ; ; ; ; ; ; ; ; ; ; ; ; ; ; ; ; ; ; ; ; ; ; ; 
MEF;20240920;IT0005484552;20270401;-1100000;;0;6050; ;1106050; ; ; ; ; ; ; ; ; ; ; ; ; ; ; ; ; ; ; ; ; ; ; ; ; ; ; ; ; ; ; ; ; ; ; ; ; ; ; ; ; ; ; ; ; ; ; ; ; ; ; ; ; ; ; ; ; ; ; ; ; ; ; ; ; ; ; ; ; ; ; ; ; ; ; 
MEF;20240920;IT0005521981;20280401;-1100000;;0;18700; ;18700; ;18700; ;1118700; ; ; ; ; ; ; ; ; ; ; ; ; ; ; ; ; ; ; ; ; ; ; ; ; ; ; ; ; ; ; ; ; ; ; ; ; ; ; ; ; ; ; ; ; ; ; ; ; ; ; ; ; ; ; ; ; ; ; ; ; ; ; ; ; ; ; ; ; ; ; 
MEF;20240920;IT0005534141;20531001;-8800000;;0;198000; ;198000; ;198000; ;198000; ;198000; ;198000; ;198000; ;198000; ;198000; ;198000; ;198000; ;198000; ;198000; ;198000; ;198000; ;198000; ;198000; ;198000; ;198000;198000;198000;198000;198000;198000;198000;198000;198000;198000;198000;198000;198000;198000;198000;198000;198000;198000;198000;198000;198000;198000;198000;198000;198000;198000;198000;198000;198000;198000;198000;198000;198000;198000;198000;198000;8998000; ; ; ; ; 
MEF;20240920;IT0005582421;20391001;19600000;;0;-406700; ;-406700; ;-406700; ;-406700; ;-406700; ;-406700; ;-406700; ;-406700; ;-406700; ;-406700; ;-406700; ;-406700; ;-406700; ;-406700; ;-406700; ;-406700; ;-406700; ;-406700; ;-406700;-406700;-406700;-406700;-406700;-406700;-406700;-406700;-20006700; ; ; ; ; ; ; ; ; ; ; ; ; ; ; ; ; ; ; ; ; ; ; ; ; ; ; ; ; ; ; ; ; 
MEF;20240920;IT0005582421;20391001;30000000;;0;-622500; ;-622500; ;-622500; ;-622500; ;-622500; ;-622500; ;-622500; ;-622500; ;-622500; ;-622500; ;-622500; ;-622500; ;-622500; ;-622500; ;-622500; ;-622500; ;-622500; ;-622500; ;-622500;-622500;-622500;-622500;-622500;-622500;-622500;-622500;-30622500; ; ; ; ; ; ; ; ; ; ; ; ; ; ; ; ; ; ; ; ; ; ; ; ; ; ; ; ; ; ; ; ; 
MEF;20240923;IT0005383309;20300401;-1000000;;0;6750; ;6750; ;6750; ;6750; ;6750; ;6750; ;6750; ;1006750; ; ; ; ; ; ; ; ; ; ; ; ; ; ; ; ; ; ; ; ; ; ; ; ; ; ; ; ; ; ; ; ; ; ; ; ; ; ; ; ; ; ; ; ; ; ; ; ; ; ; ; ; ; ; ; ; ; ; ; ; ; ; 
MEF;20240923;IT0005422891;20310401;-1000000;;0;4500; ;4500; ;4500; ;4500; ;4500; ;4500; ;4500; ;4500; ;4500; ;1004500; ; ; ; ; ; ; ; ; ; ; ; ; ; ; ; ; ; ; ; ; ; ; ; ; ; ; ; ; ; ; ; ; ; ; ; ; ; ; ; ; ; ; ; ; ; ; ; ; ; ; ; ; ; ; ; ; ; ; 
MEF;20240923;IT0005484552;20270401;-2000000;;0;11000; ;2011000; ; ; ; ; ; ; ; ; ; ; ; ; ; ; ; ; ; ; ; ; ; ; ; ; ; ; ; ; ; ; ; ; ; ; ; ; ; ; ; ; ; ; ; ; ; ; ; ; ; ; ; ; ; ; ; ; ; ; ; ; ; ; ; ; ; ; ; ; ; ; ; ; ; ; 
MEF;20240923;IT0005521981;20280401;-2000000;;0;34000; ;34000; ;34000; ;2034000; ; ; ; ; ; ; ; ; ; ; ; ; ; ; ; ; ; ; ; ; ; ; ; ; ; ; ; ; ; ; ; ; ; ; ; ; ; ; ; ; ; ; ; ; ; ; ; ; ; ; ; ; ; ; ; ; ; ; ; ; ; ; ; ; ; ; ; ; ; ; 
MEF;20241003;IT0005582421;20391001;20000000;;0;-415000; ;-415000; ;-415000; ;-415000; ;-415000; ;-415000; ;-415000; ;-415000; ;-415000; ;-415000; ;-415000; ;-415000; ;-415000; ;-415000; ;-415000; ;-415000; ;-415000; ;-415000; ;-415000;-415000;-415000;-415000;-415000;-415000;-415000;-415000;-20415000; ; ; ; ; ; ; ; ; ; ; ; ; ; ; ; ; ; ; ; ; ; ; ; ; ; ; ; ; ; ; ; ; 
MEF;20241004;IT0005521981;20280401;-1200000;;0;20400; ;20400; ;20400; ;1220400; ; ; ; ; ; ; ; ; ; ; ; ; ; ; ; ; ; ; ; ; ; ; ; ; ; ; ; ; ; ; ; ; ; ; ; ; ; ; ; ; ; ; ; ; ; ; ; ; ; ; ; ; ; ; ; ; ; ; ; ; ; ; ; ; ; ; ; ; ; ; 
MEF;20241011;IT0005383309;20300401;-1200000;;0;8100; ;8100; ;8100; ;8100; ;8100; ;8100; ;8100; ;1208100; ; ; ; ; ; ; ; ; ; ; ; ; ; ; ; ; ; ; ; ; ; ; ; ; ; ; ; ; ; ; ; ; ; ; ; ; ; ; ; ; ; ; ; ; ; ; ; ; ; ; ; ; ; ; ; ; ; ; ; ; ; ; 
MEF;20241011;IT0005484552;20270401;-1200000;;0;6600; ;1206600; ; ; ; ; ; ; ; ; ; ; ; ; ; ; ; ; ; ; ; ; ; ; ; ; ; ; ; ; ; ; ; ; ; ; ; ; ; ; ; ; ; ; ; ; ; ; ; ; ; ; ; ; ; ; ; ; ; ; ; ; ; ; ; ; ; ; ; ; ; ; ; ; ; ; 
MEF;20241014;IT0005422891;20310401;-1200000;;0;5400; ;5400; ;5400; ;5400; ;5400; ;5400; ;5400; ;5400; ;5400; ;1205400; ; ; ; ; ; ; ; ; ; ; ; ; ; ; ; ; ; ; ; ; ; ; ; ; ; ; ; ; ; ; ; ; ; ; ; ; ; ; ; ; ; ; ; ; ; ; ; ; ; ; ; ; ; ; ; ; ; ; 
MEF;20241014;IT0005582421;20391001;9500000;;0;-197125; ;-197125; ;-197125; ;-197125; ;-197125; ;-197125; ;-197125; ;-197125; ;-197125; ;-197125; ;-197125; ;-197125; ;-197125; ;-197125; ;-197125; ;-197125; ;-197125; ;-197125; ;-197125;-197125;-197125;-197125;-197125;-197125;-197125;-197125;-9697125; ; ; ; ; ; ; ; ; ; ; ; ; ; ; ; ; ; ; ; ; ; ; ; ; ; ; ; ; ; ; ; ; 
MEF;20241016;IT0005582421;20391001;1000000;;0;-20750; ;-20750; ;-20750; ;-20750; ;-20750; ;-20750; ;-20750; ;-20750; ;-20750; ;-20750; ;-20750; ;-20750; ;-20750; ;-20750; ;-20750; ;-20750; ;-20750; ;-20750; ;-20750;-20750;-20750;-20750;-20750;-20750;-20750;-20750;-1020750; ; ; ; ; ; ; ; ; ; ; ; ; ; ; ; ; ; ; ; ; ; ; ; ; ; ; ; ; ; ; ; ; 
MEF;20241016;IT0005582421;20391001;8900000;;0;-184675; ;-184675; ;-184675; ;-184675; ;-184675; ;-184675; ;-184675; ;-184675; ;-184675; ;-184675; ;-184675; ;-184675; ;-184675; ;-184675; ;-184675; ;-184675; ;-184675; ;-184675; ;-184675;-184675;-184675;-184675;-184675;-184675;-184675;-184675;-9084675; ; ; ; ; ; ; ; ; ; ; ; ; ; ; ; ; ; ; ; ; ; ; ; ; ; ; ; ; ; ; ; ; 
MEF;20241016;IT0005582421;20391001;9800000;;0;-203350; ;-203350; ;-203350; ;-203350; ;-203350; ;-203350; ;-203350; ;-203350; ;-203350; ;-203350; ;-203350; ;-203350; ;-203350; ;-203350; ;-203350; ;-203350; ;-203350; ;-203350; ;-203350;-203350;-203350;-203350;-203350;-203350;-203350;-203350;-10003350; ; ; ; ; ; ; ; ; ; ; ; ; ; ; ; ; ; ; ; ; ; ; ; ; ; ; ; ; ; ; ; ; 
MEF;20241021;IT0005534141;20531001;9800000;;0;-220500; ;-220500; ;-220500; ;-220500; ;-220500; ;-220500; ;-220500; ;-220500; ;-220500; ;-220500; ;-220500; ;-220500; ;-220500; ;-220500; ;-220500; ;-220500; ;-220500; ;-220500; ;-220500;-220500;-220500;-220500;-220500;-220500;-220500;-220500;-220500;-220500;-220500;-220500;-220500;-220500;-220500;-220500;-220500;-220500;-220500;-220500;-220500;-220500;-220500;-220500;-220500;-220500;-220500;-220500;-220500;-220500;-220500;-220500;-220500;-220500;-220500;-220500;-10020500; ; ; ; ; 
MEF;20241021;IT0005582421;20391001;49000000;;0;-1016750; ;-1016750; ;-1016750; ;-1016750; ;-1016750; ;-1016750; ;-1016750; ;-1016750; ;-1016750; ;-1016750; ;-1016750; ;-1016750; ;-1016750; ;-1016750; ;-1016750; ;-1016750; ;-1016750; ;-1016750; ;-1016750;-1016750;-1016750;-1016750;-1016750;-1016750;-1016750;-1016750;-50016750; ; ; ; ; ; ; ; ; ; ; ; ; ; ; ; ; ; ; ; ; ; ; ; ; ; ; ; ; ; ; ; ; 
MEF;20241022;IT0005383309;20300401;-2000000;;0;13500; ;13500; ;13500; ;13500; ;13500; ;13500; ;13500; ;2013500; ; ; ; ; ; ; ; ; ; ; ; ; ; ; ; ; ; ; ; ; ; ; ; ; ; ; ; ; ; ; ; ; ; ; ; ; ; ; ; ; ; ; ; ; ; ; ; ; ; ; ; ; ; ; ; ; ; ; ; ; ; ; 
MEF;20241022;IT0005422891;20310401;-2000000;;0;9000; ;9000; ;9000; ;9000; ;9000; ;9000; ;9000; ;9000; ;9000; ;2009000; ; ; ; ; ; ; ; ; ; ; ; ; ; ; ; ; ; ; ; ; ; ; ; ; ; ; ; ; ; ; ; ; ; ; ; ; ; ; ; ; ; ; ; ; ; ; ; ; ; ; ; ; ; ; ; ; ; ; 
MEF;20241022;IT0005484552;20270401;-2000000;;0;11000; ;2011000; ; ; ; ; ; ; ; ; ; ; ; ; ; ; ; ; ; ; ; ; ; ; ; ; ; ; ; ; ; ; ; ; ; ; ; ; ; ; ; ; ; ; ; ; ; ; ; ; ; ; ; ; ; ; ; ; ; ; ; ; ; ; ; ; ; ; ; ; ; ; ; ; ; ; 
MEF;20241022;IT0005521981;20280401;-3000000;;0;51000; ;51000; ;51000; ;3051000; ; ; ; ; ; ; ; ; ; ; ; ; ; ; ; ; ; ; ; ; ; ; ; ; ; ; ; ; ; ; ; ; ; ; ; ; ; ; ; ; ; ; ; ; ; ; ; ; ; ; ; ; ; ; ; ; ; ; ; ; ; ; ; ; ; ; ; ; ; ; 
MEF;20241022;IT0005582421;20391001;30000000;;0;-622500; ;-622500; ;-622500; ;-622500; ;-622500; ;-622500; ;-622500; ;-622500; ;-622500; ;-622500; ;-622500; ;-622500; ;-622500; ;-622500; ;-622500; ;-622500; ;-622500; ;-622500; ;-622500;-622500;-622500;-622500;-622500;-622500;-622500;-622500;-30622500; ; ; ; ; ; ; ; ; ; ; ; ; ; ; ; ; ; ; ; ; ; ; ; ; ; ; ; ; ; ; ; ; 
MEF;20241023;IT0005534141;20531001;1000000;;0;-22500; ;-22500; ;-22500; ;-22500; ;-22500; ;-22500; ;-22500; ;-22500; ;-22500; ;-22500; ;-22500; ;-22500; ;-22500; ;-22500; ;-22500; ;-22500; ;-22500; ;-22500; ;-22500;-22500;-22500;-22500;-22500;-22500;-22500;-22500;-22500;-22500;-22500;-22500;-22500;-22500;-22500;-22500;-22500;-22500;-22500;-22500;-22500;-22500;-22500;-22500;-22500;-22500;-22500;-22500;-22500;-22500;-22500;-22500;-22500;-22500;-22500;-22500;-1022500; ; ; ; ; 
MEF;20241023;IT0005582421;20391001;27000000;;0;-560250; ;-560250; ;-560250; ;-560250; ;-560250; ;-560250; ;-560250; ;-560250; ;-560250; ;-560250; ;-560250; ;-560250; ;-560250; ;-560250; ;-560250; ;-560250; ;-560250; ;-560250; ;-560250;-560250;-560250;-560250;-560250;-560250;-560250;-560250;-27560250; ; ; ; ; ; ; ; ; ; ; ; ; ; ; ; ; ; ; ; ; ; ; ; ; ; ; ; ; ; ; ; ; 
MEF;20241025;IT0005383309;20300401;-1400000;;0;9450; ;9450; ;9450; ;9450; ;9450; ;9450; ;9450; ;1409450; ; ; ; ; ; ; ; ; ; ; ; ; ; ; ; ; ; ; ; ; ; ; ; ; ; ; ; ; ; ; ; ; ; ; ; ; ; ; ; ; ; ; ; ; ; ; ; ; ; ; ; ; ; ; ; ; ; ; ; ; ; ; 
MEF;20241025;IT0005422891;20310401;-1400000;;0;6300; ;6300; ;6300; ;6300; ;6300; ;6300; ;6300; ;6300; ;6300; ;1406300; ; ; ; ; ; ; ; ; ; ; ; ; ; ; ; ; ; ; ; ; ; ; ; ; ; ; ; ; ; ; ; ; ; ; ; ; ; ; ; ; ; ; ; ; ; ; ; ; ; ; ; ; ; ; ; ; ; ; 
MEF;20241025;IT0005484552;20270401;-1200000;;0;6600; ;1206600; ; ; ; ; ; ; ; ; ; ; ; ; ; ; ; ; ; ; ; ; ; ; ; ; ; ; ; ; ; ; ; ; ; ; ; ; ; ; ; ; ; ; ; ; ; ; ; ; ; ; ; ; ; ; ; ; ; ; ; ; ; ; ; ; ; ; ; ; ; ; ; ; ; ; 
MEF;20241025;IT0005521981;20280401;-1400000;;0;23800; ;23800; ;23800; ;1423800; ; ; ; ; ; ; ; ; ; ; ; ; ; ; ; ; ; ; ; ; ; ; ; ; ; ; ; ; ; ; ; ; ; ; ; ; ; ; ; ; ; ; ; ; ; ; ; ; ; ; ; ; ; ; ; ; ; ; ; ; ; ; ; ; ; ; ; ; ; ; 
MEF;20241025;IT0005582421;20391001;-1800000;;0;37350; ;37350; ;37350; ;37350; ;37350; ;37350; ;37350; ;37350; ;37350; ;37350; ;37350; ;37350; ;37350; ;37350; ;37350; ;37350; ;37350; ;37350; ;37350;37350;37350;37350;37350;37350;37350;37350;1837350; ; ; ; ; ; ; ; ; ; ; ; ; ; ; ; ; ; ; ; ; ; ; ; ; ; ; ; ; ; ; ; ; 
MEF;20241101;IT0005611741;20541001;10000000;;0;-215000; ;-215000; ;-215000; ;-215000; ;-215000; ;-215000; ;-215000; ;-215000; ;-215000; ;-215000; ;-215000; ;-215000; ;-215000; ;-215000; ;-215000; ;-215000; ;-215000; ;-215000; ;-215000;-215000;-215000;-215000;-215000;-215000;-215000;-215000;-215000;-215000;-215000;-215000;-215000;-215000;-215000;-215000;-215000;-215000;-215000;-215000;-215000;-215000;-215000;-215000;-215000;-215000;-215000;-215000;-215000;-215000;-215000;-215000;-215000;-215000;-215000;-215000;-215000;-215000;-10215000; ; ; 
MEF;20241108;IT0005611741;20541001;-9900000;;0;212850; ;212850; ;212850; ;212850; ;212850; ;212850; ;212850; ;212850; ;212850; ;212850; ;212850; ;212850; ;212850; ;212850; ;212850; ;212850; ;212850; ;212850; ;212850;212850;212850;212850;212850;212850;212850;212850;212850;212850;212850;212850;212850;212850;212850;212850;212850;212850;212850;212850;212850;212850;212850;212850;212850;212850;212850;212850;212850;212850;212850;212850;212850;212850;212850;212850;212850;212850;10112850; ; ; 
MEF;20241111;IT0005383309;20300401;-1000000;;0;6750; ;6750; ;6750; ;6750; ;6750; ;6750; ;6750; ;1006750; ; ; ; ; ; ; ; ; ; ; ; ; ; ; ; ; ; ; ; ; ; ; ; ; ; ; ; ; ; ; ; ; ; ; ; ; ; ; ; ; ; ; ; ; ; ; ; ; ; ; ; ; ; ; ; ; ; ; ; ; ; ; 
MEF;20241111;IT0005422891;20310401;-1000000;;0;4500; ;4500; ;4500; ;4500; ;4500; ;4500; ;4500; ;4500; ;4500; ;1004500; ; ; ; ; ; ; ; ; ; ; ; ; ; ; ; ; ; ; ; ; ; ; ; ; ; ; ; ; ; ; ; ; ; ; ; ; ; ; ; ; ; ; ; ; ; ; ; ; ; ; ; ; ; ; ; ; ; ; 
MEF;20241217;IT0005582421;20391001;9000000;;0;-186750; ;-186750; ;-186750; ;-186750; ;-186750; ;-186750; ;-186750; ;-186750; ;-186750; ;-186750; ;-186750; ;-186750; ;-186750; ;-186750; ;-186750; ;-186750; ;-186750; ;-186750; ;-186750;-186750;-186750;-186750;-186750;-186750;-186750;-186750;-9186750; ; ; ; ; ; ; ; ; ; ; ; ; ; ; ; ; ; ; ; ; ; ; ; ; ; ; ; ; ; ; ; ; 
MEF;20241220;IT0005611741;20541001;3600000;;0;-77400; ;-77400; ;-77400; ;-77400; ;-77400; ;-77400; ;-77400; ;-77400; ;-77400; ;-77400; ;-77400; ;-77400; ;-77400; ;-77400; ;-77400; ;-77400; ;-77400; ;-77400; ;-77400;-77400;-77400;-77400;-77400;-77400;-77400;-77400;-77400;-77400;-77400;-77400;-77400;-77400;-77400;-77400;-77400;-77400;-77400;-77400;-77400;-77400;-77400;-77400;-77400;-77400;-77400;-77400;-77400;-77400;-77400;-77400;-77400;-77400;-77400;-77400;-77400;-77400;-3677400; ; ; 
MEF;20241227;IT0005534141;20531001;3000000;;0;-67500; ;-67500; ;-67500; ;-67500; ;-67500; ;-67500; ;-67500; ;-67500; ;-67500; ;-67500; ;-67500; ;-67500; ;-67500; ;-67500; ;-67500; ;-67500; ;-67500; ;-67500; ;-67500;-67500;-67500;-67500;-67500;-67500;-67500;-67500;-67500;-67500;-67500;-67500;-67500;-67500;-67500;-67500;-67500;-67500;-67500;-67500;-67500;-67500;-67500;-67500;-67500;-67500;-67500;-67500;-67500;-67500;-67500;-67500;-67500;-67500;-67500;-67500;-3067500; ; ; ; ; 
MEF;20241231;IT0005611741;20541001;35000000;;0;-752500; ;-752500; ;-752500; ;-752500; ;-752500; ;-752500; ;-752500; ;-752500; ;-752500; ;-752500; ;-752500; ;-752500; ;-752500; ;-752500; ;-752500; ;-752500; ;-752500; ;-752500; ;-752500;-752500;-752500;-752500;-752500;-752500;-752500;-752500;-752500;-752500;-752500;-752500;-752500;-752500;-752500;-752500;-752500;-752500;-752500;-752500;-752500;-752500;-752500;-752500;-752500;-752500;-752500;-752500;-752500;-752500;-752500;-752500;-752500;-752500;-752500;-752500;-752500;-752500;-35752500; ; ; 
MEF;20250107;IT0005534141;20531001;2000000;;0;-45000; ;-45000; ;-45000; ;-45000; ;-45000; ;-45000; ;-45000; ;-45000; ;-45000; ;-45000; ;-45000; ;-45000; ;-45000; ;-45000; ;-45000; ;-45000; ;-45000; ;-45000; ;-45000;-45000;-45000;-45000;-45000;-45000;-45000;-45000;-45000;-45000;-45000;-45000;-45000;-45000;-45000;-45000;-45000;-45000;-45000;-45000;-45000;-45000;-45000;-45000;-45000;-45000;-45000;-45000;-45000;-45000;-45000;-45000;-45000;-45000;-45000;-45000;-2045000; ; ; ; ; 
MEF;20250107;IT0005534141;20531001;4400000;;0;-99000; ;-99000; ;-99000; ;-99000; ;-99000; ;-99000; ;-99000; ;-99000; ;-99000; ;-99000; ;-99000; ;-99000; ;-99000; ;-99000; ;-99000; ;-99000; ;-99000; ;-99000; ;-99000;-99000;-99000;-99000;-99000;-99000;-99000;-99000;-99000;-99000;-99000;-99000;-99000;-99000;-99000;-99000;-99000;-99000;-99000;-99000;-99000;-99000;-99000;-99000;-99000;-99000;-99000;-99000;-99000;-99000;-99000;-99000;-99000;-99000;-99000;-99000;-4499000; ; ; ; ; 
MEF;20250113;IT0005534141;20531001;5000000;;0;-112500; ;-112500; ;-112500; ;-112500; ;-112500; ;-112500; ;-112500; ;-112500; ;-112500; ;-112500; ;-112500; ;-112500; ;-112500; ;-112500; ;-112500; ;-112500; ;-112500; ;-112500; ;-112500;-112500;-112500;-112500;-112500;-112500;-112500;-112500;-112500;-112500;-112500;-112500;-112500;-112500;-112500;-112500;-112500;-112500;-112500;-112500;-112500;-112500;-112500;-112500;-112500;-112500;-112500;-112500;-112500;-112500;-112500;-112500;-112500;-112500;-112500;-112500;-5112500; ; ; ; ; 
MEF;20250213;IT0005534141;20531001;1000000;;0;-22500; ;-22500; ;-22500; ;-22500; ;-22500; ;-22500; ;-22500; ;-22500; ;-22500; ;-22500; ;-22500; ;-22500; ;-22500; ;-22500; ;-22500; ;-22500; ;-22500; ;-22500; ;-22500;-22500;-22500;-22500;-22500;-22500;-22500;-22500;-22500;-22500;-22500;-22500;-22500;-22500;-22500;-22500;-22500;-22500;-22500;-22500;-22500;-22500;-22500;-22500;-22500;-22500;-22500;-22500;-22500;-22500;-22500;-22500;-22500;-22500;-22500;-22500;-1022500; ; ; ; ; 
MEF;20250219;IT0005582421;20391001;9400000;;0;-195050; ;-195050; ;-195050; ;-195050; ;-195050; ;-195050; ;-195050; ;-195050; ;-195050; ;-195050; ;-195050; ;-195050; ;-195050; ;-195050; ;-195050; ;-195050; ;-195050; ;-195050; ;-195050;-195050;-195050;-195050;-195050;-195050;-195050;-195050;-9595050; ; ; ; ; ; ; ; ; ; ; ; ; ; ; ; ; ; ; ; ; ; ; ; ; ; ; ; ; ; ; ; ; 
MEF;20250220;IT0005534141;20531001;1000000;;0;-22500; ;-22500; ;-22500; ;-22500; ;-22500; ;-22500; ;-22500; ;-22500; ;-22500; ;-22500; ;-22500; ;-22500; ;-22500; ;-22500; ;-22500; ;-22500; ;-22500; ;-22500; ;-22500;-22500;-22500;-22500;-22500;-22500;-22500;-22500;-22500;-22500;-22500;-22500;-22500;-22500;-22500;-22500;-22500;-22500;-22500;-22500;-22500;-22500;-22500;-22500;-22500;-22500;-22500;-22500;-22500;-22500;-22500;-22500;-22500;-22500;-22500;-22500;-1022500; ; ; ; ; 
MEF;20250220;IT0005582421;20391001;1000000;;0;-20750; ;-20750; ;-20750; ;-20750; ;-20750; ;-20750; ;-20750; ;-20750; ;-20750; ;-20750; ;-20750; ;-20750; ;-20750; ;-20750; ;-20750; ;-20750; ;-20750; ;-20750; ;-20750;-20750;-20750;-20750;-20750;-20750;-20750;-20750;-1020750; ; ; ; ; ; ; ; ; ; ; ; ; ; ; ; ; ; ; ; ; ; ; ; ; ; ; ; ; ; ; ; ; 
MEF;20250221;IT0005521981;20280401;-900000;;0;15300; ;15300; ;15300; ;915300; ; ; ; ; ; ; ; ; ; ; ; ; ; ; ; ; ; ; ; ; ; ; ; ; ; ; ; ; ; ; ; ; ; ; ; ; ; ; ; ; ; ; ; ; ; ; ; ; ; ; ; ; ; ; ; ; ; ; ; ; ; ; ; ; ; ; ; ; ; ; 
MEF;20250224;IT0005611741;20541001;49000000;;0;-1053500; ;-1053500; ;-1053500; ;-1053500; ;-1053500; ;-1053500; ;-1053500; ;-1053500; ;-1053500; ;-1053500; ;-1053500; ;-1053500; ;-1053500; ;-1053500; ;-1053500; ;-1053500; ;-1053500; ;-1053500; ;-1053500;-1053500;-1053500;-1053500;-1053500;-1053500;-1053500;-1053500;-1053500;-1053500;-1053500;-1053500;-1053500;-1053500;-1053500;-1053500;-1053500;-1053500;-1053500;-1053500;-1053500;-1053500;-1053500;-1053500;-1053500;-1053500;-1053500;-1053500;-1053500;-1053500;-1053500;-1053500;-1053500;-1053500;-1053500;-1053500;-1053500;-1053500;-50053500; ; ; 
MEF;20250306;IT0005534141;20531001;33000000;;0;-742500; ;-742500; ;-742500; ;-742500; ;-742500; ;-742500; ;-742500; ;-742500; ;-742500; ;-742500; ;-742500; ;-742500; ;-742500; ;-742500; ;-742500; ;-742500; ;-742500; ;-742500; ;-742500;-742500;-742500;-742500;-742500;-742500;-742500;-742500;-742500;-742500;-742500;-742500;-742500;-742500;-742500;-742500;-742500;-742500;-742500;-742500;-742500;-742500;-742500;-742500;-742500;-742500;-742500;-742500;-742500;-742500;-742500;-742500;-742500;-742500;-742500;-742500;-33742500; ; ; ; ; 
MEF;20250306;IT0005611741;20541001;29500000;;0;-634250; ;-634250; ;-634250; ;-634250; ;-634250; ;-634250; ;-634250; ;-634250; ;-634250; ;-634250; ;-634250; ;-634250; ;-634250; ;-634250; ;-634250; ;-634250; ;-634250; ;-634250; ;-634250;-634250;-634250;-634250;-634250;-634250;-634250;-634250;-634250;-634250;-634250;-634250;-634250;-634250;-634250;-634250;-634250;-634250;-634250;-634250;-634250;-634250;-634250;-634250;-634250;-634250;-634250;-634250;-634250;-634250;-634250;-634250;-634250;-634250;-634250;-634250;-634250;-634250;-30134250; ; ; 
MEF;20250307;IT0005383309;20300401;-1900000;;0;12825; ;12825; ;12825; ;12825; ;12825; ;12825; ;12825; ;1912825; ; ; ; ; ; ; ; ; ; ; ; ; ; ; ; ; ; ; ; ; ; ; ; ; ; ; ; ; ; ; ; ; ; ; ; ; ; ; ; ; ; ; ; ; ; ; ; ; ; ; ; ; ; ; ; ; ; ; ; ; ; ; 
MEF;20250307;IT0005422891;20310401;-1900000;;0;8550; ;8550; ;8550; ;8550; ;8550; ;8550; ;8550; ;8550; ;8550; ;1908550; ; ; ; ; ; ; ; ; ; ; ; ; ; ; ; ; ; ; ; ; ; ; ; ; ; ; ; ; ; ; ; ; ; ; ; ; ; ; ; ; ; ; ; ; ; ; ; ; ; ; ; ; ; ; ; ; ; ; 
MEF;20250307;IT0005484552;20270401;-1900000;;0;10450; ;1910450; ; ; ; ; ; ; ; ; ; ; ; ; ; ; ; ; ; ; ; ; ; ; ; ; ; ; ; ; ; ; ; ; ; ; ; ; ; ; ; ; ; ; ; ; ; ; ; ; ; ; ; ; ; ; ; ; ; ; ; ; ; ; ; ; ; ; ; ; ; ; ; ; ; ; 
MEF;20250307;IT0005521981;20280401;-1400000;;0;23800; ;23800; ;23800; ;1423800; ; ; ; ; ; ; ; ; ; ; ; ; ; ; ; ; ; ; ; ; ; ; ; ; ; ; ; ; ; ; ; ; ; ; ; ; ; ; ; ; ; ; ; ; ; ; ; ; ; ; ; ; ; ; ; ; ; ; ; ; ; ; ; ; ; ; ; ; ; ; 
MEF;20250307;IT0005611741;20541001;60000000;;0;-1290000; ;-1290000; ;-1290000; ;-1290000; ;-1290000; ;-1290000; ;-1290000; ;-1290000; ;-1290000; ;-1290000; ;-1290000; ;-1290000; ;-1290000; ;-1290000; ;-1290000; ;-1290000; ;-1290000; ;-1290000; ;-1290000;-1290000;-1290000;-1290000;-1290000;-1290000;-1290000;-1290000;-1290000;-1290000;-1290000;-1290000;-1290000;-1290000;-1290000;-1290000;-1290000;-1290000;-1290000;-1290000;-1290000;-1290000;-1290000;-1290000;-1290000;-1290000;-1290000;-1290000;-1290000;-1290000;-1290000;-1290000;-1290000;-1290000;-1290000;-1290000;-1290000;-1290000;-61290000; ; ; 
MEF;20250310;IT0005582421;20391001;-2200000;;0;45650; ;45650; ;45650; ;45650; ;45650; ;45650; ;45650; ;45650; ;45650; ;45650; ;45650; ;45650; ;45650; ;45650; ;45650; ;45650; ;45650; ;45650; ;45650;45650;45650;45650;45650;45650;45650;45650;2245650; ; ; ; ; ; ; ; ; ; ; ; ; ; ; ; ; ; ; ; ; ; ; ; ; ; ; ; ; ; ; ; ; 
MEF;20250310;IT0005582421;20391001;9800000;;0;-203350; ;-203350; ;-203350; ;-203350; ;-203350; ;-203350; ;-203350; ;-203350; ;-203350; ;-203350; ;-203350; ;-203350; ;-203350; ;-203350; ;-203350; ;-203350; ;-203350; ;-203350; ;-203350;-203350;-203350;-203350;-203350;-203350;-203350;-203350;-10003350; ; ; ; ; ; ; ; ; ; ; ; ; ; ; ; ; ; ; ; ; ; ; ; ; ; ; ; ; ; ; ; ; 
MEF;20250310;IT0005611741;20541001;10000000;;0;-215000; ;-215000; ;-215000; ;-215000; ;-215000; ;-215000; ;-215000; ;-215000; ;-215000; ;-215000; ;-215000; ;-215000; ;-215000; ;-215000; ;-215000; ;-215000; ;-215000; ;-215000; ;-215000;-215000;-215000;-215000;-215000;-215000;-215000;-215000;-215000;-215000;-215000;-215000;-215000;-215000;-215000;-215000;-215000;-215000;-215000;-215000;-215000;-215000;-215000;-215000;-215000;-215000;-215000;-215000;-215000;-215000;-215000;-215000;-215000;-215000;-215000;-215000;-215000;-215000;-10215000; ; ; 
MEF;20250317;IT0005422891;20310401;-4000000;;0;18000; ;18000; ;18000; ;18000; ;18000; ;18000; ;18000; ;18000; ;18000; ;4018000; ; ; ; ; ; ; ; ; ; ; ; ; ; ; ; ; ; ; ; ; ; ; ; ; ; ; ; ; ; ; ; ; ; ; ; ; ; ; ; ; ; ; ; ; ; ; ; ; ; ; ; ; ; ; ; ; ; ; 
MEF;20250318;IT0005534141;20531001;1000000;;0;-22500; ;-22500; ;-22500; ;-22500; ;-22500; ;-22500; ;-22500; ;-22500; ;-22500; ;-22500; ;-22500; ;-22500; ;-22500; ;-22500; ;-22500; ;-22500; ;-22500; ;-22500; ;-22500;-22500;-22500;-22500;-22500;-22500;-22500;-22500;-22500;-22500;-22500;-22500;-22500;-22500;-22500;-22500;-22500;-22500;-22500;-22500;-22500;-22500;-22500;-22500;-22500;-22500;-22500;-22500;-22500;-22500;-22500;-22500;-22500;-22500;-22500;-22500;-1022500; ; ; ; ; 
MEF;20250320;IT0005383309;20300401;-4000000;;0;27000; ;27000; ;27000; ;27000; ;27000; ;27000; ;27000; ;4027000; ; ; ; ; ; ; ; ; ; ; ; ; ; ; ; ; ; ; ; ; ; ; ; ; ; ; ; ; ; ; ; ; ; ; ; ; ; ; ; ; ; ; ; ; ; ; ; ; ; ; ; ; ; ; ; ; ; ; ; ; ; ; 
MEF;20250320;IT0005484552;20270401;-4000000;;0;22000; ;4022000; ; ; ; ; ; ; ; ; ; ; ; ; ; ; ; ; ; ; ; ; ; ; ; ; ; ; ; ; ; ; ; ; ; ; ; ; ; ; ; ; ; ; ; ; ; ; ; ; ; ; ; ; ; ; ; ; ; ; ; ; ; ; ; ; ; ; ; ; ; ; ; ; ; ; 
MEF;20250320;IT0005521981;20280401;-7000000;;0;119000; ;119000; ;119000; ;7119000; ; ; ; ; ; ; ; ; ; ; ; ; ; ; ; ; ; ; ; ; ; ; ; ; ; ; ; ; ; ; ; ; ; ; ; ; ; ; ; ; ; ; ; ; ; ; ; ; ; ; ; ; ; ; ; ; ; ; ; ; ; ; ; ; ; ; ; ; ; ; 
MEF;20250320;IT0005611741;20541001;15000000;;0;-322500; ;-322500; ;-322500; ;-322500; ;-322500; ;-322500; ;-322500; ;-322500; ;-322500; ;-322500; ;-322500; ;-322500; ;-322500; ;-322500; ;-322500; ;-322500; ;-322500; ;-322500; ;-322500;-322500;-322500;-322500;-322500;-322500;-322500;-322500;-322500;-322500;-322500;-322500;-322500;-322500;-322500;-322500;-322500;-322500;-322500;-322500;-322500;-322500;-322500;-322500;-322500;-322500;-322500;-322500;-322500;-322500;-322500;-322500;-322500;-322500;-322500;-322500;-322500;-322500;-15322500; ; ; 
MEF;20250321;IT0005582421;20391001;-4000000;;0;83000; ;83000; ;83000; ;83000; ;83000; ;83000; ;83000; ;83000; ;83000; ;83000; ;83000; ;83000; ;83000; ;83000; ;83000; ;83000; ;83000; ;83000; ;83000;83000;83000;83000;83000;83000;83000;83000;4083000; ; ; ; ; ; ; ; ; ; ; ; ; ; ; ; ; ; ; ; ; ; ; ; ; ; ; ; ; ; ; ; ; 
MEF;20250402;IT0005534141;20531001;3600000;;0;-81000; ;-81000; ;-81000; ;-81000; ;-81000; ;-81000; ;-81000; ;-81000; ;-81000; ;-81000; ;-81000; ;-81000; ;-81000; ;-81000; ;-81000; ;-81000; ;-81000; ;-81000; ;-81000;-81000;-81000;-81000;-81000;-81000;-81000;-81000;-81000;-81000;-81000;-81000;-81000;-81000;-81000;-81000;-81000;-81000;-81000;-81000;-81000;-81000;-81000;-81000;-81000;-81000;-81000;-81000;-81000;-81000;-81000;-81000;-81000;-81000;-81000;-81000;-3681000; ; ; ; ; 
MEF;20250402;IT0005534141;20531001;5000000;;0;-112500; ;-112500; ;-112500; ;-112500; ;-112500; ;-112500; ;-112500; ;-112500; ;-112500; ;-112500; ;-112500; ;-112500; ;-112500; ;-112500; ;-112500; ;-112500; ;-112500; ;-112500; ;-112500;-112500;-112500;-112500;-112500;-112500;-112500;-112500;-112500;-112500;-112500;-112500;-112500;-112500;-112500;-112500;-112500;-112500;-112500;-112500;-112500;-112500;-112500;-112500;-112500;-112500;-112500;-112500;-112500;-112500;-112500;-112500;-112500;-112500;-112500;-112500;-5112500; ; ; ; ; 
MEF;20250403;IT0005534141;20531001;2000000;;0;-45000; ;-45000; ;-45000; ;-45000; ;-45000; ;-45000; ;-45000; ;-45000; ;-45000; ;-45000; ;-45000; ;-45000; ;-45000; ;-45000; ;-45000; ;-45000; ;-45000; ;-45000; ;-45000;-45000;-45000;-45000;-45000;-45000;-45000;-45000;-45000;-45000;-45000;-45000;-45000;-45000;-45000;-45000;-45000;-45000;-45000;-45000;-45000;-45000;-45000;-45000;-45000;-45000;-45000;-45000;-45000;-45000;-45000;-45000;-45000;-45000;-45000;-45000;-2045000; ; ; ; ; 
MEF;20250408;IT0005534141;20531001;3000000;;0;-67500; ;-67500; ;-67500; ;-67500; ;-67500; ;-67500; ;-67500; ;-67500; ;-67500; ;-67500; ;-67500; ;-67500; ;-67500; ;-67500; ;-67500; ;-67500; ;-67500; ;-67500; ;-67500;-67500;-67500;-67500;-67500;-67500;-67500;-67500;-67500;-67500;-67500;-67500;-67500;-67500;-67500;-67500;-67500;-67500;-67500;-67500;-67500;-67500;-67500;-67500;-67500;-67500;-67500;-67500;-67500;-67500;-67500;-67500;-67500;-67500;-67500;-67500;-3067500; ; ; ; ; 
MEF;20250414;IT0005534141;20531001;3000000;;0;-67500; ;-67500; ;-67500; ;-67500; ;-67500; ;-67500; ;-67500; ;-67500; ;-67500; ;-67500; ;-67500; ;-67500; ;-67500; ;-67500; ;-67500; ;-67500; ;-67500; ;-67500; ;-67500;-67500;-67500;-67500;-67500;-67500;-67500;-67500;-67500;-67500;-67500;-67500;-67500;-67500;-67500;-67500;-67500;-67500;-67500;-67500;-67500;-67500;-67500;-67500;-67500;-67500;-67500;-67500;-67500;-67500;-67500;-67500;-67500;-67500;-67500;-67500;-3067500; ; ; ; ; 
MEF;20250430;IT0005582421;20391001;1000000;;0;-20750; ;-20750; ;-20750; ;-20750; ;-20750; ;-20750; ;-20750; ;-20750; ;-20750; ;-20750; ;-20750; ;-20750; ;-20750; ;-20750; ;-20750; ;-20750; ;-20750; ;-20750; ;-20750;-20750;-20750;-20750;-20750;-20750;-20750;-20750;-1020750; ; ; ; ; ; ; ; ; ; ; ; ; ; ; ; ; ; ; ; ; ; ; ; ; ; ; ; ; ; ; ; ; 
MEF;20250509;IT0005534141;20531001;5000000;;0;-112500; ;-112500; ;-112500; ;-112500; ;-112500; ;-112500; ;-112500; ;-112500; ;-112500; ;-112500; ;-112500; ;-112500; ;-112500; ;-112500; ;-112500; ;-112500; ;-112500; ;-112500; ;-112500;-112500;-112500;-112500;-112500;-112500;-112500;-112500;-112500;-112500;-112500;-112500;-112500;-112500;-112500;-112500;-112500;-112500;-112500;-112500;-112500;-112500;-112500;-112500;-112500;-112500;-112500;-112500;-112500;-112500;-112500;-112500;-112500;-112500;-112500;-112500;-5112500; ; ; ; ; 
MEF;20250515;IT0005534141;20531001;3000000;;0;-67500; ;-67500; ;-67500; ;-67500; ;-67500; ;-67500; ;-67500; ;-67500; ;-67500; ;-67500; ;-67500; ;-67500; ;-67500; ;-67500; ;-67500; ;-67500; ;-67500; ;-67500; ;-67500;-67500;-67500;-67500;-67500;-67500;-67500;-67500;-67500;-67500;-67500;-67500;-67500;-67500;-67500;-67500;-67500;-67500;-67500;-67500;-67500;-67500;-67500;-67500;-67500;-67500;-67500;-67500;-67500;-67500;-67500;-67500;-67500;-67500;-67500;-67500;-3067500; ; ; ; ; 
MEF;20250515;IT0005534141;20531001;3700000;;0;-83250; ;-83250; ;-83250; ;-83250; ;-83250; ;-83250; ;-83250; ;-83250; ;-83250; ;-83250; ;-83250; ;-83250; ;-83250; ;-83250; ;-83250; ;-83250; ;-83250; ;-83250; ;-83250;-83250;-83250;-83250;-83250;-83250;-83250;-83250;-83250;-83250;-83250;-83250;-83250;-83250;-83250;-83250;-83250;-83250;-83250;-83250;-83250;-83250;-83250;-83250;-83250;-83250;-83250;-83250;-83250;-83250;-83250;-83250;-83250;-83250;-83250;-83250;-3783250; ; ; ; ; 
MEF;20250516;IT0005521981;20280401;-1200000;;0;20400; ;20400; ;20400; ;1220400; ; ; ; ; ; ; ; ; ; ; ; ; ; ; ; ; ; ; ; ; ; ; ; ; ; ; ; ; ; ; ; ; ; ; ; ; ; ; ; ; ; ; ; ; ; ; ; ; ; ; ; ; ; ; ; ; ; ; ; ; ; ; ; ; ; ; ; ; ; ; 
MEF;20250516;IT0005582421;20391001;-900000;;0;18675; ;18675; ;18675; ;18675; ;18675; ;18675; ;18675; ;18675; ;18675; ;18675; ;18675; ;18675; ;18675; ;18675; ;18675; ;18675; ;18675; ;18675; ;18675;18675;18675;18675;18675;18675;18675;18675;918675; ; ; ; ; ; ; ; ; ; ; ; ; ; ; ; ; ; ; ; ; ; ; ; ; ; ; ; ; ; ; ; ; 
MEF;20250523;IT0005611741;20541001;1000000;;0;-21500; ;-21500; ;-21500; ;-21500; ;-21500; ;-21500; ;-21500; ;-21500; ;-21500; ;-21500; ;-21500; ;-21500; ;-21500; ;-21500; ;-21500; ;-21500; ;-21500; ;-21500; ;-21500;-21500;-21500;-21500;-21500;-21500;-21500;-21500;-21500;-21500;-21500;-21500;-21500;-21500;-21500;-21500;-21500;-21500;-21500;-21500;-21500;-21500;-21500;-21500;-21500;-21500;-21500;-21500;-21500;-21500;-21500;-21500;-21500;-21500;-21500;-21500;-21500;-21500;-1021500; ; ; 
MEF;20250526;IT0005534141;20531001;1000000;;0;-22500; ;-22500; ;-22500; ;-22500; ;-22500; ;-22500; ;-22500; ;-22500; ;-22500; ;-22500; ;-22500; ;-22500; ;-22500; ;-22500; ;-22500; ;-22500; ;-22500; ;-22500; ;-22500;-22500;-22500;-22500;-22500;-22500;-22500;-22500;-22500;-22500;-22500;-22500;-22500;-22500;-22500;-22500;-22500;-22500;-22500;-22500;-22500;-22500;-22500;-22500;-22500;-22500;-22500;-22500;-22500;-22500;-22500;-22500;-22500;-22500;-22500;-22500;-1022500; ; ; ; ; 
MEF;20250527;IT0005383309;20300401;13000000;;0;-87750; ;-87750; ;-87750; ;-87750; ;-87750; ;-87750; ;-87750; ;-13087750; ; ; ; ; ; ; ; ; ; ; ; ; ; ; ; ; ; ; ; ; ; ; ; ; ; ; ; ; ; ; ; ; ; ; ; ; ; ; ; ; ; ; ; ; ; ; ; ; ; ; ; ; ; ; ; ; ; ; ; ; ; ; 
MEF;20250527;IT0005422891;20310401;6000000;;0;-27000; ;-27000; ;-27000; ;-27000; ;-27000; ;-27000; ;-27000; ;-27000; ;-27000; ;-6027000; ; ; ; ; ; ; ; ; ; ; ; ; ; ; ; ; ; ; ; ; ; ; ; ; ; ; ; ; ; ; ; ; ; ; ; ; ; ; ; ; ; ; ; ; ; ; ; ; ; ; ; ; ; ; ; ; ; ; 
MEF;20250529;IT0005383309;20300401;33000000;;0;-222750; ;-222750; ;-222750; ;-222750; ;-222750; ;-222750; ;-222750; ;-33222750; ; ; ; ; ; ; ; ; ; ; ; ; ; ; ; ; ; ; ; ; ; ; ; ; ; ; ; ; ; ; ; ; ; ; ; ; ; ; ; ; ; ; ; ; ; ; ; ; ; ; ; ; ; ; ; ; ; ; ; ; ; ; 
MEF;20250610;IT0005534141;20531001;40000000;;0;-900000; ;-900000; ;-900000; ;-900000; ;-900000; ;-900000; ;-900000; ;-900000; ;-900000; ;-900000; ;-900000; ;-900000; ;-900000; ;-900000; ;-900000; ;-900000; ;-900000; ;-900000; ;-900000;-900000;-900000;-900000;-900000;-900000;-900000;-900000;-900000;-900000;-900000;-900000;-900000;-900000;-900000;-900000;-900000;-900000;-900000;-900000;-900000;-900000;-900000;-900000;-900000;-900000;-900000;-900000;-900000;-900000;-900000;-900000;-900000;-900000;-900000;-900000;-40900000; ; ; ; ; 
MEF;20250611;IT0005534141;20531001;1000000;;0;-22500; ;-22500; ;-22500; ;-22500; ;-22500; ;-22500; ;-22500; ;-22500; ;-22500; ;-22500; ;-22500; ;-22500; ;-22500; ;-22500; ;-22500; ;-22500; ;-22500; ;-22500; ;-22500;-22500;-22500;-22500;-22500;-22500;-22500;-22500;-22500;-22500;-22500;-22500;-22500;-22500;-22500;-22500;-22500;-22500;-22500;-22500;-22500;-22500;-22500;-22500;-22500;-22500;-22500;-22500;-22500;-22500;-22500;-22500;-22500;-22500;-22500;-22500;-1022500; ; ; ; ; 
MEF;20250613;IT0005383309;20300401;-1200000;;0;8100; ;8100; ;8100; ;8100; ;8100; ;8100; ;8100; ;1208100; ; ; ; ; ; ; ; ; ; ; ; ; ; ; ; ; ; ; ; ; ; ; ; ; ; ; ; ; ; ; ; ; ; ; ; ; ; ; ; ; ; ; ; ; ; ; ; ; ; ; ; ; ; ; ; ; ; ; ; ; ; ; 
MEF;20250613;IT0005422891;20310401;-1200000;;0;5400; ;5400; ;5400; ;5400; ;5400; ;5400; ;5400; ;5400; ;5400; ;1205400; ; ; ; ; ; ; ; ; ; ; ; ; ; ; ; ; ; ; ; ; ; ; ; ; ; ; ; ; ; ; ; ; ; ; ; ; ; ; ; ; ; ; ; ; ; ; ; ; ; ; ; ; ; ; ; ; ; ; 
MEF;20250613;IT0005484552;20270401;-1200000;;0;6600; ;1206600; ; ; ; ; ; ; ; ; ; ; ; ; ; ; ; ; ; ; ; ; ; ; ; ; ; ; ; ; ; ; ; ; ; ; ; ; ; ; ; ; ; ; ; ; ; ; ; ; ; ; ; ; ; ; ; ; ; ; ; ; ; ; ; ; ; ; ; ; ; ; ; ; ; ; 
MEF;20250613;IT0005521981;20280401;-900000;;0;15300; ;15300; ;15300; ;915300; ; ; ; ; ; ; ; ; ; ; ; ; ; ; ; ; ; ; ; ; ; ; ; ; ; ; ; ; ; ; ; ; ; ; ; ; ; ; ; ; ; ; ; ; ; ; ; ; ; ; ; ; ; ; ; ; ; ; ; ; ; ; ; ; ; ; ; ; ; ; 
MEF;20250613;IT0005582421;20391001;-900000;;0;18675; ;18675; ;18675; ;18675; ;18675; ;18675; ;18675; ;18675; ;18675; ;18675; ;18675; ;18675; ;18675; ;18675; ;18675; ;18675; ;18675; ;18675; ;18675;18675;18675;18675;18675;18675;18675;18675;918675; ; ; ; ; ; ; ; ; ; ; ; ; ; ; ; ; ; ; ; ; ; ; ; ; ; ; ; ; ; ; ; ; 
MEF;20250613;IT0005611741;20541001;-1200000;;0;25800; ;25800; ;25800; ;25800; ;25800; ;25800; ;25800; ;25800; ;25800; ;25800; ;25800; ;25800; ;25800; ;25800; ;25800; ;25800; ;25800; ;25800; ;25800;25800;25800;25800;25800;25800;25800;25800;25800;25800;25800;25800;25800;25800;25800;25800;25800;25800;25800;25800;25800;25800;25800;25800;25800;25800;25800;25800;25800;25800;25800;25800;25800;25800;25800;25800;25800;25800;1225800; ; ; 
MEF;20250618;IT0005383309;20300401;1000000;;0;-6750; ;-6750; ;-6750; ;-6750; ;-6750; ;-6750; ;-6750; ;-1006750; ; ; ; ; ; ; ; ; ; ; ; ; ; ; ; ; ; ; ; ; ; ; ; ; ; ; ; ; ; ; ; ; ; ; ; ; ; ; ; ; ; ; ; ; ; ; ; ; ; ; ; ; ; ; ; ; ; ; ; ; ; ; 
MEF;20250618;IT0005484552;20270401;1000000;;0;-5500; ;-1005500; ; ; ; ; ; ; ; ; ; ; ; ; ; ; ; ; ; ; ; ; ; ; ; ; ; ; ; ; ; ; ; ; ; ; ; ; ; ; ; ; ; ; ; ; ; ; ; ; ; ; ; ; ; ; ; ; ; ; ; ; ; ; ; ; ; ; ; ; ; ; ; ; ; ; 
MEF;20250619;IT0005611741;20541001;1000000;;0;-21500; ;-21500; ;-21500; ;-21500; ;-21500; ;-21500; ;-21500; ;-21500; ;-21500; ;-21500; ;-21500; ;-21500; ;-21500; ;-21500; ;-21500; ;-21500; ;-21500; ;-21500; ;-21500;-21500;-21500;-21500;-21500;-21500;-21500;-21500;-21500;-21500;-21500;-21500;-21500;-21500;-21500;-21500;-21500;-21500;-21500;-21500;-21500;-21500;-21500;-21500;-21500;-21500;-21500;-21500;-21500;-21500;-21500;-21500;-21500;-21500;-21500;-21500;-21500;-21500;-1021500; ; ; 
MEF;20250626;IT0005611741;20541001;15000000;;0;-322500; ;-322500; ;-322500; ;-322500; ;-322500; ;-322500; ;-322500; ;-322500; ;-322500; ;-322500; ;-322500; ;-322500; ;-322500; ;-322500; ;-322500; ;-322500; ;-322500; ;-322500; ;-322500;-322500;-322500;-322500;-322500;-322500;-322500;-322500;-322500;-322500;-322500;-322500;-322500;-322500;-322500;-322500;-322500;-322500;-322500;-322500;-322500;-322500;-322500;-322500;-322500;-322500;-322500;-322500;-322500;-322500;-322500;-322500;-322500;-322500;-322500;-322500;-322500;-322500;-15322500; ; ; 
MEF;20250627;IT0005534141;20531001;1000000;;0;-22500; ;-22500; ;-22500; ;-22500; ;-22500; ;-22500; ;-22500; ;-22500; ;-22500; ;-22500; ;-22500; ;-22500; ;-22500; ;-22500; ;-22500; ;-22500; ;-22500; ;-22500; ;-22500;-22500;-22500;-22500;-22500;-22500;-22500;-22500;-22500;-22500;-22500;-22500;-22500;-22500;-22500;-22500;-22500;-22500;-22500;-22500;-22500;-22500;-22500;-22500;-22500;-22500;-22500;-22500;-22500;-22500;-22500;-22500;-22500;-22500;-22500;-22500;-1022500; ; ; ; ; 
MEF;20250630;IT0005534141;20531001;4700000;;0;-105750; ;-105750; ;-105750; ;-105750; ;-105750; ;-105750; ;-105750; ;-105750; ;-105750; ;-105750; ;-105750; ;-105750; ;-105750; ;-105750; ;-105750; ;-105750; ;-105750; ;-105750; ;-105750;-105750;-105750;-105750;-105750;-105750;-105750;-105750;-105750;-105750;-105750;-105750;-105750;-105750;-105750;-105750;-105750;-105750;-105750;-105750;-105750;-105750;-105750;-105750;-105750;-105750;-105750;-105750;-105750;-105750;-105750;-105750;-105750;-105750;-105750;-105750;-4805750; ; ; ; ; 
MEF;20250704;IT0005582421;20391001;19000000;;0;-394250; ;-394250; ;-394250; ;-394250; ;-394250; ;-394250; ;-394250; ;-394250; ;-394250; ;-394250; ;-394250; ;-394250; ;-394250; ;-394250; ;-394250; ;-394250; ;-394250; ;-394250; ;-394250;-394250;-394250;-394250;-394250;-394250;-394250;-394250;-19394250; ; ; ; ; ; ; ; ; ; ; ; ; ; ; ; ; ; ; ; ; ; ; ; ; ; ; ; ; ; ; ; ; 
MEF;20250710;IT0005582421;20391001;18000000;;0;-373500; ;-373500; ;-373500; ;-373500; ;-373500; ;-373500; ;-373500; ;-373500; ;-373500; ;-373500; ;-373500; ;-373500; ;-373500; ;-373500; ;-373500; ;-373500; ;-373500; ;-373500; ;-373500;-373500;-373500;-373500;-373500;-373500;-373500;-373500;-18373500; ; ; ; ; ; ; ; ; ; ; ; ; ; ; ; ; ; ; ; ; ; ; ; ; ; ; ; ; ; ; ; ; 
MEF;20250711;IT0005534141;20531001;4900000;;0;-110250; ;-110250; ;-110250; ;-110250; ;-110250; ;-110250; ;-110250; ;-110250; ;-110250; ;-110250; ;-110250; ;-110250; ;-110250; ;-110250; ;-110250; ;-110250; ;-110250; ;-110250; ;-110250;-110250;-110250;-110250;-110250;-110250;-110250;-110250;-110250;-110250;-110250;-110250;-110250;-110250;-110250;-110250;-110250;-110250;-110250;-110250;-110250;-110250;-110250;-110250;-110250;-110250;-110250;-110250;-110250;-110250;-110250;-110250;-110250;-110250;-110250;-110250;-5010250; ; ; ; ; 
MEF;20250711;IT0005611741;20541001;-900000;;0;19350; ;19350; ;19350; ;19350; ;19350; ;19350; ;19350; ;19350; ;19350; ;19350; ;19350; ;19350; ;19350; ;19350; ;19350; ;19350; ;19350; ;19350; ;19350;19350;19350;19350;19350;19350;19350;19350;19350;19350;19350;19350;19350;19350;19350;19350;19350;19350;19350;19350;19350;19350;19350;19350;19350;19350;19350;19350;19350;19350;19350;19350;19350;19350;19350;19350;19350;19350;919350; ; ; 
MEF;20250715;IT0005383309;20300401;-1000000;;0;6750; ;6750; ;6750; ;6750; ;6750; ;6750; ;6750; ;1006750; ; ; ; ; ; ; ; ; ; ; ; ; ; ; ; ; ; ; ; ; ; ; ; ; ; ; ; ; ; ; ; ; ; ; ; ; ; ; ; ; ; ; ; ; ; ; ; ; ; ; ; ; ; ; ; ; ; ; ; ; ; ; 
MEF;20250715;IT0005422891;20310401;-7000000;;0;31500; ;31500; ;31500; ;31500; ;31500; ;31500; ;31500; ;31500; ;31500; ;7031500; ; ; ; ; ; ; ; ; ; ; ; ; ; ; ; ; ; ; ; ; ; ; ; ; ; ; ; ; ; ; ; ; ; ; ; ; ; ; ; ; ; ; ; ; ; ; ; ; ; ; ; ; ; ; ; ; ; ; 
MEF;20250715;IT0005484552;20270401;-1000000;;0;5500; ;1005500; ; ; ; ; ; ; ; ; ; ; ; ; ; ; ; ; ; ; ; ; ; ; ; ; ; ; ; ; ; ; ; ; ; ; ; ; ; ; ; ; ; ; ; ; ; ; ; ; ; ; ; ; ; ; ; ; ; ; ; ; ; ; ; ; ; ; ; ; ; ; ; ; ; ; 
MEF;20250715;IT0005521981;20280401;-3000000;;0;51000; ;51000; ;51000; ;3051000; ; ; ; ; ; ; ; ; ; ; ; ; ; ; ; ; ; ; ; ; ; ; ; ; ; ; ; ; ; ; ; ; ; ; ; ; ; ; ; ; ; ; ; ; ; ; ; ; ; ; ; ; ; ; ; ; ; ; ; ; ; ; ; ; ; ; ; ; ; ; 
MEF;20250718;IT0005383309;20300401;-1400000;;0;9450; ;9450; ;9450; ;9450; ;9450; ;9450; ;9450; ;1409450; ; ; ; ; ; ; ; ; ; ; ; ; ; ; ; ; ; ; ; ; ; ; ; ; ; ; ; ; ; ; ; ; ; ; ; ; ; ; ; ; ; ; ; ; ; ; ; ; ; ; ; ; ; ; ; ; ; ; ; ; ; ; 
MEF;20250718;IT0005484552;20270401;-1400000;;0;7700; ;1407700; ; ; ; ; ; ; ; ; ; ; ; ; ; ; ; ; ; ; ; ; ; ; ; ; ; ; ; ; ; ; ; ; ; ; ; ; ; ; ; ; ; ; ; ; ; ; ; ; ; ; ; ; ; ; ; ; ; ; ; ; ; ; ; ; ; ; ; ; ; ; ; ; ; ; 
MEF;20250722;IT0005534141;20531001;3000000;;0;-67500; ;-67500; ;-67500; ;-67500; ;-67500; ;-67500; ;-67500; ;-67500; ;-67500; ;-67500; ;-67500; ;-67500; ;-67500; ;-67500; ;-67500; ;-67500; ;-67500; ;-67500; ;-67500;-67500;-67500;-67500;-67500;-67500;-67500;-67500;-67500;-67500;-67500;-67500;-67500;-67500;-67500;-67500;-67500;-67500;-67500;-67500;-67500;-67500;-67500;-67500;-67500;-67500;-67500;-67500;-67500;-67500;-67500;-67500;-67500;-67500;-67500;-67500;-3067500; ; ; ; ; 
MEF;20250724;IT0005534141;20531001;4900000;;0;-110250; ;-110250; ;-110250; ;-110250; ;-110250; ;-110250; ;-110250; ;-110250; ;-110250; ;-110250; ;-110250; ;-110250; ;-110250; ;-110250; ;-110250; ;-110250; ;-110250; ;-110250; ;-110250;-110250;-110250;-110250;-110250;-110250;-110250;-110250;-110250;-110250;-110250;-110250;-110250;-110250;-110250;-110250;-110250;-110250;-110250;-110250;-110250;-110250;-110250;-110250;-110250;-110250;-110250;-110250;-110250;-110250;-110250;-110250;-110250;-110250;-110250;-110250;-5010250; ; ; ; ; 
MEF;20250725;IT0005534141;20531001;4900000;;0;-110250; ;-110250; ;-110250; ;-110250; ;-110250; ;-110250; ;-110250; ;-110250; ;-110250; ;-110250; ;-110250; ;-110250; ;-110250; ;-110250; ;-110250; ;-110250; ;-110250; ;-110250; ;-110250;-110250;-110250;-110250;-110250;-110250;-110250;-110250;-110250;-110250;-110250;-110250;-110250;-110250;-110250;-110250;-110250;-110250;-110250;-110250;-110250;-110250;-110250;-110250;-110250;-110250;-110250;-110250;-110250;-110250;-110250;-110250;-110250;-110250;-110250;-110250;-5010250; ; ; ; ; 
MEF;20250729;IT0005534141;20531001;4900000;;0;-110250; ;-110250; ;-110250; ;-110250; ;-110250; ;-110250; ;-110250; ;-110250; ;-110250; ;-110250; ;-110250; ;-110250; ;-110250; ;-110250; ;-110250; ;-110250; ;-110250; ;-110250; ;-110250;-110250;-110250;-110250;-110250;-110250;-110250;-110250;-110250;-110250;-110250;-110250;-110250;-110250;-110250;-110250;-110250;-110250;-110250;-110250;-110250;-110250;-110250;-110250;-110250;-110250;-110250;-110250;-110250;-110250;-110250;-110250;-110250;-110250;-110250;-110250;-5010250; ; ; ; ; 
MEF;20250729;IT0005635583;20401001;1000000;;0;-19250; ;-19250; ;-19250; ;-19250; ;-19250; ;-19250; ;-19250; ;-19250; ;-19250; ;-19250; ;-19250; ;-19250; ;-19250; ;-19250; ;-19250; ;-19250; ;-19250; ;-19250; ;-19250;-19250;-19250;-19250;-19250;-19250;-19250;-19250;-19250;-19250;-1019250; ; ; ; ; ; ; ; ; ; ; ; ; ; ; ; ; ; ; ; ; ; ; ; ; ; ; ; ; ; ; 
MEF;20250801;IT0005484552;20270401;13500000;;0;-74250; ;-13574250; ; ; ; ; ; ; ; ; ; ; ; ; ; ; ; ; ; ; ; ; ; ; ; ; ; ; ; ; ; ; ; ; ; ; ; ; ; ; ; ; ; ; ; ; ; ; ; ; ; ; ; ; ; ; ; ; ; ; ; ; ; ; ; ; ; ; ; ; ; ; ; ; ; ; 
MEF;20250801;IT0005521981;20280401;14000000;;0;-238000; ;-238000; ;-238000; ;-14238000; ; ; ; ; ; ; ; ; ; ; ; ; ; ; ; ; ; ; ; ; ; ; ; ; ; ; ; ; ; ; ; ; ; ; ; ; ; ; ; ; ; ; ; ; ; ; ; ; ; ; ; ; ; ; ; ; ; ; ; ; ; ; ; ; ; ; ; ; ; ; 
MEF;20250804;IT0005635583;20401001;24000000;;0;-462000; ;-462000; ;-462000; ;-462000; ;-462000; ;-462000; ;-462000; ;-462000; ;-462000; ;-462000; ;-462000; ;-462000; ;-462000; ;-462000; ;-462000; ;-462000; ;-462000; ;-462000; ;-462000;-462000;-462000;-462000;-462000;-462000;-462000;-462000;-462000;-462000;-24462000; ; ; ; ; ; ; ; ; ; ; ; ; ; ; ; ; ; ; ; ; ; ; ; ; ; ; ; ; ; ; 
MEF;20250805;IT0005611741;20541001;49000000;;0;-1053500; ;-1053500; ;-1053500; ;-1053500; ;-1053500; ;-1053500; ;-1053500; ;-1053500; ;-1053500; ;-1053500; ;-1053500; ;-1053500; ;-1053500; ;-1053500; ;-1053500; ;-1053500; ;-1053500; ;-1053500; ;-1053500;-1053500;-1053500;-1053500;-1053500;-1053500;-1053500;-1053500;-1053500;-1053500;-1053500;-1053500;-1053500;-1053500;-1053500;-1053500;-1053500;-1053500;-1053500;-1053500;-1053500;-1053500;-1053500;-1053500;-1053500;-1053500;-1053500;-1053500;-1053500;-1053500;-1053500;-1053500;-1053500;-1053500;-1053500;-1053500;-1053500;-1053500;-50053500; ; ; 
MEF;20250806;IT0005635583;20401001;15000000;;0;-288750; ;-288750; ;-288750; ;-288750; ;-288750; ;-288750; ;-288750; ;-288750; ;-288750; ;-288750; ;-288750; ;-288750; ;-288750; ;-288750; ;-288750; ;-288750; ;-288750; ;-288750; ;-288750;-288750;-288750;-288750;-288750;-288750;-288750;-288750;-288750;-288750;-15288750; ; ; ; ; ; ; ; ; ; ; ; ; ; ; ; ; ; ; ; ; ; ; ; ; ; ; ; ; ; ; 
MEF;20250808;IT0005582421;20391001;-900000;;0;18675; ;18675; ;18675; ;18675; ;18675; ;18675; ;18675; ;18675; ;18675; ;18675; ;18675; ;18675; ;18675; ;18675; ;18675; ;18675; ;18675; ;18675; ;18675;18675;18675;18675;18675;18675;18675;18675;918675; ; ; ; ; ; ; ; ; ; ; ; ; ; ; ; ; ; ; ; ; ; ; ; ; ; ; ; ; ; ; ; ; 
MEF;20250812;IT0005635583;20401001;19000000;;0;-365750; ;-365750; ;-365750; ;-365750; ;-365750; ;-365750; ;-365750; ;-365750; ;-365750; ;-365750; ;-365750; ;-365750; ;-365750; ;-365750; ;-365750; ;-365750; ;-365750; ;-365750; ;-365750;-365750;-365750;-365750;-365750;-365750;-365750;-365750;-365750;-365750;-19365750; ; ; ; ; ; ; ; ; ; ; ; ; ; ; ; ; ; ; ; ; ; ; ; ; ; ; ; ; ; ; 
MEF;20250814;IT0005582421;20391001;48000000;;0;-996000; ;-996000; ;-996000; ;-996000; ;-996000; ;-996000; ;-996000; ;-996000; ;-996000; ;-996000; ;-996000; ;-996000; ;-996000; ;-996000; ;-996000; ;-996000; ;-996000; ;-996000; ;-996000;-996000;-996000;-996000;-996000;-996000;-996000;-996000;-48996000; ; ; ; ; ; ; ; ; ; ; ; ; ; ; ; ; ; ; ; ; ; ; ; ; ; ; ; ; ; ; ; ; 
MEF;20250822;IT0005422891;20310401;-1200000;;0;5400; ;5400; ;5400; ;5400; ;5400; ;5400; ;5400; ;5400; ;5400; ;1205400; ; ; ; ; ; ; ; ; ; ; ; ; ; ; ; ; ; ; ; ; ; ; ; ; ; ; ; ; ; ; ; ; ; ; ; ; ; ; ; ; ; ; ; ; ; ; ; ; ; ; ; ; ; ; ; ; ; ; 
MEF;20250822;IT0005521981;20280401;-1200000;;0;20400; ;20400; ;20400; ;1220400; ; ; ; ; ; ; ; ; ; ; ; ; ; ; ; ; ; ; ; ; ; ; ; ; ; ; ; ; ; ; ; ; ; ; ; ; ; ; ; ; ; ; ; ; ; ; ; ; ; ; ; ; ; ; ; ; ; ; ; ; ; ; ; ; ; ; ; ; ; ; 
MEF;20250825;IT0005582421;20391001;24000000;;0;-498000; ;-498000; ;-498000; ;-498000; ;-498000; ;-498000; ;-498000; ;-498000; ;-498000; ;-498000; ;-498000; ;-498000; ;-498000; ;-498000; ;-498000; ;-498000; ;-498000; ;-498000; ;-498000;-498000;-498000;-498000;-498000;-498000;-498000;-498000;-24498000; ; ; ; ; ; ; ; ; ; ; ; ; ; ; ; ; ; ; ; ; ; ; ; ; ; ; ; ; ; ; ; ; 
MEF;20250829;IT0005383309;20300401;-1400000;;0;9450; ;9450; ;9450; ;9450; ;9450; ;9450; ;9450; ;1409450; ; ; ; ; ; ; ; ; ; ; ; ; ; ; ; ; ; ; ; ; ; ; ; ; ; ; ; ; ; ; ; ; ; ; ; ; ; ; ; ; ; ; ; ; ; ; ; ; ; ; ; ; ; ; ; ; ; ; ; ; ; ; 
MEF;20250905;IT0005534141;20531001;4900000;;0;-110250; ;-110250; ;-110250; ;-110250; ;-110250; ;-110250; ;-110250; ;-110250; ;-110250; ;-110250; ;-110250; ;-110250; ;-110250; ;-110250; ;-110250; ;-110250; ;-110250; ;-110250; ;-110250;-110250;-110250;-110250;-110250;-110250;-110250;-110250;-110250;-110250;-110250;-110250;-110250;-110250;-110250;-110250;-110250;-110250;-110250;-110250;-110250;-110250;-110250;-110250;-110250;-110250;-110250;-110250;-110250;-110250;-110250;-110250;-110250;-110250;-110250;-110250;-5010250; ; ; ; ; 
MEF;20250912;IT0005383309;20300401;-3000000;;0;20250; ;20250; ;20250; ;20250; ;20250; ;20250; ;20250; ;3020250; ; ; ; ; ; ; ; ; ; ; ; ; ; ; ; ; ; ; ; ; ; ; ; ; ; ; ; ; ; ; ; ; ; ; ; ; ; ; ; ; ; ; ; ; ; ; ; ; ; ; ; ; ; ; ; ; ; ; ; ; ; ; 
MEF;20250912;IT0005422891;20310401;-3000000;;0;13500; ;13500; ;13500; ;13500; ;13500; ;13500; ;13500; ;13500; ;13500; ;3013500; ; ; ; ; ; ; ; ; ; ; ; ; ; ; ; ; ; ; ; ; ; ; ; ; ; ; ; ; ; ; ; ; ; ; ; ; ; ; ; ; ; ; ; ; ; ; ; ; ; ; ; ; ; ; ; ; ; ; 
MEF;20250912;IT0005484552;20270401;-4000000;;0;22000; ;4022000; ; ; ; ; ; ; ; ; ; ; ; ; ; ; ; ; ; ; ; ; ; ; ; ; ; ; ; ; ; ; ; ; ; ; ; ; ; ; ; ; ; ; ; ; ; ; ; ; ; ; ; ; ; ; ; ; ; ; ; ; ; ; ; ; ; ; ; ; ; ; ; ; ; ; 
MEF;20250912;IT0005521981;20280401;-4000000;;0;68000; ;68000; ;68000; ;4068000; ; ; ; ; ; ; ; ; ; ; ; ; ; ; ; ; ; ; ; ; ; ; ; ; ; ; ; ; ; ; ; ; ; ; ; ; ; ; ; ; ; ; ; ; ; ; ; ; ; ; ; ; ; ; ; ; ; ; ; ; ; ; ; ; ; ; ; ; ; ; 
MEF;20250912;IT0005534141;20531001;4900000;;0;-110250; ;-110250; ;-110250; ;-110250; ;-110250; ;-110250; ;-110250; ;-110250; ;-110250; ;-110250; ;-110250; ;-110250; ;-110250; ;-110250; ;-110250; ;-110250; ;-110250; ;-110250; ;-110250;-110250;-110250;-110250;-110250;-110250;-110250;-110250;-110250;-110250;-110250;-110250;-110250;-110250;-110250;-110250;-110250;-110250;-110250;-110250;-110250;-110250;-110250;-110250;-110250;-110250;-110250;-110250;-110250;-110250;-110250;-110250;-110250;-110250;-110250;-110250;-5010250; ; ; ; ; 
MEF;20250918;IT0005534141;20531001;1000000;;0;-22500; ;-22500; ;-22500; ;-22500; ;-22500; ;-22500; ;-22500; ;-22500; ;-22500; ;-22500; ;-22500; ;-22500; ;-22500; ;-22500; ;-22500; ;-22500; ;-22500; ;-22500; ;-22500;-22500;-22500;-22500;-22500;-22500;-22500;-22500;-22500;-22500;-22500;-22500;-22500;-22500;-22500;-22500;-22500;-22500;-22500;-22500;-22500;-22500;-22500;-22500;-22500;-22500;-22500;-22500;-22500;-22500;-22500;-22500;-22500;-22500;-22500;-22500;-1022500; ; ; ; ; 
MEF;20250919;IT0005635583;20401001;-900000;;0;17325; ;17325; ;17325; ;17325; ;17325; ;17325; ;17325; ;17325; ;17325; ;17325; ;17325; ;17325; ;17325; ;17325; ;17325; ;17325; ;17325; ;17325; ;17325;17325;17325;17325;17325;17325;17325;17325;17325;17325;917325; ; ; ; ; ; ; ; ; ; ; ; ; ; ; ; ; ; ; ; ; ; ; ; ; ; ; ; ; ; ; 
MEF;20251002;IT0005383309;20300401;24000000;;0;-162000; ;-162000; ;-162000; ;-162000; ;-162000; ;-162000; ;-162000; ;-24162000; ; ; ; ; ; ; ; ; ; ; ; ; ; ; ; ; ; ; ; ; ; ; ; ; ; ; ; ; ; ; ; ; ; ; ; ; ; ; ; ; ; ; ; ; ; ; ; ; ; ; ; ; ; ; ; ; ; ; ; ; ; ; 
MEF;20251002;IT0005611741;20541001;200000000;;0;-4300000; ;-4300000; ;-4300000; ;-4300000; ;-4300000; ;-4300000; ;-4300000; ;-4300000; ;-4300000; ;-4300000; ;-4300000; ;-4300000; ;-4300000; ;-4300000; ;-4300000; ;-4300000; ;-4300000; ;-4300000; ;-4300000;-4300000;-4300000;-4300000;-4300000;-4300000;-4300000;-4300000;-4300000;-4300000;-4300000;-4300000;-4300000;-4300000;-4300000;-4300000;-4300000;-4300000;-4300000;-4300000;-4300000;-4300000;-4300000;-4300000;-4300000;-4300000;-4300000;-4300000;-4300000;-4300000;-4300000;-4300000;-4300000;-4300000;-4300000;-4300000;-4300000;-4300000;-204300000; ; ; 
MEF;20251010;IT0005521981;20280401;-1200000;;0;20400; ;20400; ;20400; ;1220400; ; ; ; ; ; ; ; ; ; ; ; ; ; ; ; ; ; ; ; ; ; ; ; ; ; ; ; ; ; ; ; ; ; ; ; ; ; ; ; ; ; ; ; ; ; ; ; ; ; ; ; ; ; ; ; ; ; ; ; ; ; ; ; ; ; ; ; ; ; ; 
MEF;20251010;IT0005648149;20351001;-10200000;;0;183600; ;183600; ;183600; ;183600; ;183600; ;183600; ;183600; ;183600; ;183600; ;183600; ;183600; ;183600; ;183600; ;183600; ;183600; ;183600; ;183600; ;183600; ;10383600; ; ; ; ; ; ; ; ; ; ; ; ; ; ; ; ; ; ; ; ; ; ; ; ; ; ; ; ; ; ; ; ; ; ; ; ; ; ; ; ; 
MEF;20251013;IT0005582421;20391001;200000;;0;-4150; ;-4150; ;-4150; ;-4150; ;-4150; ;-4150; ;-4150; ;-4150; ;-4150; ;-4150; ;-4150; ;-4150; ;-4150; ;-4150; ;-4150; ;-4150; ;-4150; ;-4150; ;-4150;-4150;-4150;-4150;-4150;-4150;-4150;-4150;-204150; ; ; ; ; ; ; ; ; ; ; ; ; ; ; ; ; ; ; ; ; ; ; ; ; ; ; ; ; ; ; ; ; 
MEF;20251016;IT0005648149;20351001;-5000000;;0;90000; ;90000; ;90000; ;90000; ;90000; ;90000; ;90000; ;90000; ;90000; ;90000; ;90000; ;90000; ;90000; ;90000; ;90000; ;90000; ;90000; ;90000; ;5090000; ; ; ; ; ; ; ; ; ; ; ; ; ; ; ; ; ; ; ; ; ; ; ; ; ; ; ; ; ; ; ; ; ; ; ; ; ; ; ; ; 
MEF;20251023;IT0005383309;20300401;-1000000;;0;6750; ;6750; ;6750; ;6750; ;6750; ;6750; ;6750; ;1006750; ; ; ; ; ; ; ; ; ; ; ; ; ; ; ; ; ; ; ; ; ; ; ; ; ; ; ; ; ; ; ; ; ; ; ; ; ; ; ; ; ; ; ; ; ; ; ; ; ; ; ; ; ; ; ; ; ; ; ; ; ; ; 
MEF;20251023;IT0005521981;20280401;-1000000;;0;17000; ;17000; ;17000; ;1017000; ; ; ; ; ; ; ; ; ; ; ; ; ; ; ; ; ; ; ; ; ; ; ; ; ; ; ; ; ; ; ; ; ; ; ; ; ; ; ; ; ; ; ; ; ; ; ; ; ; ; ; ; ; ; ; ; ; ; ; ; ; ; ; ; ; ; ; ; ; ; 
MEF;20251031;IT0005484552;20270401;3100000;;0;-17050; ;-3117050; ; ; ; ; ; ; ; ; ; ; ; ; ; ; ; ; ; ; ; ; ; ; ; ; ; ; ; ; ; ; ; ; ; ; ; ; ; ; ; ; ; ; ; ; ; ; ; ; ; ; ; ; ; ; ; ; ; ; ; ; ; ; ; ; ; ; ; ; ; ; ; ; ; ; 
MEF;20251031;IT0005521981;20280401;7000000;;0;-119000; ;-119000; ;-119000; ;-7119000; ; ; ; ; ; ; ; ; ; ; ; ; ; ; ; ; ; ; ; ; ; ; ; ; ; ; ; ; ; ; ; ; ; ; ; ; ; ; ; ; ; ; ; ; ; ; ; ; ; ; ; ; ; ; ; ; ; ; ; ; ; ; ; ; ; ; ; ; ; ; 
MEF;20251103;IT0005534141;20531001;1000000;;0;-22500; ;-22500; ;-22500; ;-22500; ;-22500; ;-22500; ;-22500; ;-22500; ;-22500; ;-22500; ;-22500; ;-22500; ;-22500; ;-22500; ;-22500; ;-22500; ;-22500; ;-22500; ;-22500;-22500;-22500;-22500;-22500;-22500;-22500;-22500;-22500;-22500;-22500;-22500;-22500;-22500;-22500;-22500;-22500;-22500;-22500;-22500;-22500;-22500;-22500;-22500;-22500;-22500;-22500;-22500;-22500;-22500;-22500;-22500;-22500;-22500;-22500;-22500;-1022500; ; ; ; ; 
MEF;20251103;IT0005635583;20401001;200000;;0;-3850; ;-3850; ;-3850; ;-3850; ;-3850; ;-3850; ;-3850; ;-3850; ;-3850; ;-3850; ;-3850; ;-3850; ;-3850; ;-3850; ;-3850; ;-3850; ;-3850; ;-3850; ;-3850;-3850;-3850;-3850;-3850;-3850;-3850;-3850;-3850;-3850;-203850; ; ; ; ; ; ; ; ; ; ; ; ; ; ; ; ; ; ; ; ; ; ; ; ; ; ; ; ; ; ; 
MEF;20251106;IT0005484552;20270401;1000000;;0;-5500; ;-1005500; ; ; ; ; ; ; ; ; ; ; ; ; ; ; ; ; ; ; ; ; ; ; ; ; ; ; ; ; ; ; ; ; ; ; ; ; ; ; ; ; ; ; ; ; ; ; ; ; ; ; ; ; ; ; ; ; ; ; ; ; ; ; ; ; ; ; ; ; ; ; ; ; ; ; 
MEF;20251106;IT0005635583;20401001;200000;;0;-3850; ;-3850; ;-3850; ;-3850; ;-3850; ;-3850; ;-3850; ;-3850; ;-3850; ;-3850; ;-3850; ;-3850; ;-3850; ;-3850; ;-3850; ;-3850; ;-3850; ;-3850; ;-3850;-3850;-3850;-3850;-3850;-3850;-3850;-3850;-3850;-3850;-203850; ; ; ; ; ; ; ; ; ; ; ; ; ; ; ; ; ; ; ; ; ; ; ; ; ; ; ; ; ; ; 
MEF;20251107;IT0005383309;20300401;500000;;0;-3375; ;-3375; ;-3375; ;-3375; ;-3375; ;-3375; ;-3375; ;-503375; ; ; ; ; ; ; ; ; ; ; ; ; ; ; ; ; ; ; ; ; ; ; ; ; ; ; ; ; ; ; ; ; ; ; ; ; ; ; ; ; ; ; ; ; ; ; ; ; ; ; ; ; ; ; ; ; ; ; ; ; ; ; 
MEF;20251107;IT0005521981;20280401;1000000;;0;-17000; ;-17000; ;-17000; ;-1017000; ; ; ; ; ; ; ; ; ; ; ; ; ; ; ; ; ; ; ; ; ; ; ; ; ; ; ; ; ; ; ; ; ; ; ; ; ; ; ; ; ; ; ; ; ; ; ; ; ; ; ; ; ; ; ; ; ; ; ; ; ; ; ; ; ; ; ; ; ; ; 
MEF;20251107;IT0005611055;20291001;-8200000;;0;123000; ;123000; ;123000; ;123000; ;123000; ;123000; ;8323000; ; ; ; ; ; ; ; ; ; ; ; ; ; ; ; ; ; ; ; ; ; ; ; ; ; ; ; ; ; ; ; ; ; ; ; ; ; ; ; ; ; ; ; ; ; ; ; ; ; ; ; ; ; ; ; ; ; ; ; ; ; ; ; ; 
MEF;20251112;IT0005611741;20541001;100000000;;0;-2150000; ;-2150000; ;-2150000; ;-2150000; ;-2150000; ;-2150000; ;-2150000; ;-2150000; ;-2150000; ;-2150000; ;-2150000; ;-2150000; ;-2150000; ;-2150000; ;-2150000; ;-2150000; ;-2150000; ;-2150000; ;-2150000;-2150000;-2150000;-2150000;-2150000;-2150000;-2150000;-2150000;-2150000;-2150000;-2150000;-2150000;-2150000;-2150000;-2150000;-2150000;-2150000;-2150000;-2150000;-2150000;-2150000;-2150000;-2150000;-2150000;-2150000;-2150000;-2150000;-2150000;-2150000;-2150000;-2150000;-2150000;-2150000;-2150000;-2150000;-2150000;-2150000;-2150000;-102150000; ; ; 
MEF;20251113;IT0005534141;20531001;1000000;;0;-22500; ;-22500; ;-22500; ;-22500; ;-22500; ;-22500; ;-22500; ;-22500; ;-22500; ;-22500; ;-22500; ;-22500; ;-22500; ;-22500; ;-22500; ;-22500; ;-22500; ;-22500; ;-22500;-22500;-22500;-22500;-22500;-22500;-22500;-22500;-22500;-22500;-22500;-22500;-22500;-22500;-22500;-22500;-22500;-22500;-22500;-22500;-22500;-22500;-22500;-22500;-22500;-22500;-22500;-22500;-22500;-22500;-22500;-22500;-22500;-22500;-22500;-22500;-1022500; ; ; ; ; 
MEF;20251114;IT0005582421;20391001;200000;;0;-4150; ;-4150; ;-4150; ;-4150; ;-4150; ;-4150; ;-4150; ;-4150; ;-4150; ;-4150; ;-4150; ;-4150; ;-4150; ;-4150; ;-4150; ;-4150; ;-4150; ;-4150; ;-4150;-4150;-4150;-4150;-4150;-4150;-4150;-4150;-204150; ; ; ; ; ; ; ; ; ; ; ; ; ; ; ; ; ; ; ; ; ; ; ; ; ; ; ; ; ; ; ; ; 
MEF;20251120;IT0005635583;20401001;500000;;0;-9625; ;-9625; ;-9625; ;-9625; ;-9625; ;-9625; ;-9625; ;-9625; ;-9625; ;-9625; ;-9625; ;-9625; ;-9625; ;-9625; ;-9625; ;-9625; ;-9625; ;-9625; ;-9625;-9625;-9625;-9625;-9625;-9625;-9625;-9625;-9625;-9625;-509625; ; ; ; ; ; ; ; ; ; ; ; ; ; ; ; ; ; ; ; ; ; ; ; ; ; ; ; ; ; ; 
MEF;20251124;IT0005654642;20301001;-14200000;;0;191700; ;191700; ;191700; ;191700; ;191700; ;191700; ;191700; ;191700; ;14391700; ; ; ; ; ; ; ; ; ; ; ; ; ; ; ; ; ; ; ; ; ; ; ; ; ; ; ; ; ; ; ; ; ; ; ; ; ; ; ; ; ; ; ; ; ; ; ; ; ; ; ; ; ; ; ; ; ; ; ; ; 
MEF;20251125;IT0005383309;20300401;-1000000;;0;6750; ;6750; ;6750; ;6750; ;6750; ;6750; ;6750; ;1006750; ; ; ; ; ; ; ; ; ; ; ; ; ; ; ; ; ; ; ; ; ; ; ; ; ; ; ; ; ; ; ; ; ; ; ; ; ; ; ; ; ; ; ; ; ; ; ; ; ; ; ; ; ; ; ; ; ; ; ; ; ; ; 
MEF;20251125;IT0005521981;20280401;-1000000;;0;17000; ;17000; ;17000; ;1017000; ; ; ; ; ; ; ; ; ; ; ; ; ; ; ; ; ; ; ; ; ; ; ; ; ; ; ; ; ; ; ; ; ; ; ; ; ; ; ; ; ; ; ; ; ; ; ; ; ; ; ; ; ; ; ; ; ; ; ; ; ; ; ; ; ; ; ; ; ; ; 
MEF;20251125;IT0005611055;20291001;-4000000;;0;60000; ;60000; ;60000; ;60000; ;60000; ;60000; ;4060000; ; ; ; ; ; ; ; ; ; ; ; ; ; ; ; ; ; ; ; ; ; ; ; ; ; ; ; ; ; ; ; ; ; ; ; ; ; ; ; ; ; ; ; ; ; ; ; ; ; ; ; ; ; ; ; ; ; ; ; ; ; ; ; ; 
MEF;20251125;IT0005648149;20351001;-1000000;;0;18000; ;18000; ;18000; ;18000; ;18000; ;18000; ;18000; ;18000; ;18000; ;18000; ;18000; ;18000; ;18000; ;18000; ;18000; ;18000; ;18000; ;18000; ;1018000; ; ; ; ; ; ; ; ; ; ; ; ; ; ; ; ; ; ; ; ; ; ; ; ; ; ; ; ; ; ; ; ; ; ; ; ; ; ; ; ; 
MEF;20251125;IT0005654642;20301001;-3000000;;0;40500; ;40500; ;40500; ;40500; ;40500; ;40500; ;40500; ;40500; ;3040500; ; ; ; ; ; ; ; ; ; ; ; ; ; ; ; ; ; ; ; ; ; ; ; ; ; ; ; ; ; ; ; ; ; ; ; ; ; ; ; ; ; ; ; ; ; ; ; ; ; ; ; ; ; ; ; ; ; ; ; ; 
MEF;20251128;IT0005521981;20280401;-900000;;0;15300; ;15300; ;15300; ;915300; ; ; ; ; ; ; ; ; ; ; ; ; ; ; ; ; ; ; ; ; ; ; ; ; ; ; ; ; ; ; ; ; ; ; ; ; ; ; ; ; ; ; ; ; ; ; ; ; ; ; ; ; ; ; ; ; ; ; ; ; ; ; ; ; ; ; ; ; ; ; 
MEF;20251204;IT0005668238;20551001;29400000;;0;-683550; ;-683550; ;-683550; ;-683550; ;-683550; ;-683550; ;-683550; ;-683550; ;-683550; ;-683550; ;-683550; ;-683550; ;-683550; ;-683550; ;-683550; ;-683550; ;-683550; ;-683550; ;-683550;-683550;-683550;-683550;-683550;-683550;-683550;-683550;-683550;-683550;-683550;-683550;-683550;-683550;-683550;-683550;-683550;-683550;-683550;-683550;-683550;-683550;-683550;-683550;-683550;-683550;-683550;-683550;-683550;-683550;-683550;-683550;-683550;-683550;-683550;-683550;-683550;-683550;-683550;-683550;-30083550; 
MEF;20251205;IT0005484552;20270401;-1200000;;0;6600; ;1206600; ; ; ; ; ; ; ; ; ; ; ; ; ; ; ; ; ; ; ; ; ; ; ; ; ; ; ; ; ; ; ; ; ; ; ; ; ; ; ; ; ; ; ; ; ; ; ; ; ; ; ; ; ; ; ; ; ; ; ; ; ; ; ; ; ; ; ; ; ; ; ; ; ; ; 
MEF;20251205;IT0005521981;20280401;-1200000;;0;20400; ;20400; ;20400; ;1220400; ; ; ; ; ; ; ; ; ; ; ; ; ; ; ; ; ; ; ; ; ; ; ; ; ; ; ; ; ; ; ; ; ; ; ; ; ; ; ; ; ; ; ; ; ; ; ; ; ; ; ; ; ; ; ; ; ; ; ; ; ; ; ; ; ; ; ; ; ; ; 
MEF;20251205;IT0005582421;20391001;-1200000;;0;24900; ;24900; ;24900; ;24900; ;24900; ;24900; ;24900; ;24900; ;24900; ;24900; ;24900; ;24900; ;24900; ;24900; ;24900; ;24900; ;24900; ;24900; ;24900;24900;24900;24900;24900;24900;24900;24900;1224900; ; ; ; ; ; ; ; ; ; ; ; ; ; ; ; ; ; ; ; ; ; ; ; ; ; ; ; ; ; ; ; ; 
MEF;20251205;IT0005668238;20551001;11000000;;0;-255750; ;-255750; ;-255750; ;-255750; ;-255750; ;-255750; ;-255750; ;-255750; ;-255750; ;-255750; ;-255750; ;-255750; ;-255750; ;-255750; ;-255750; ;-255750; ;-255750; ;-255750; ;-255750;-255750;-255750;-255750;-255750;-255750;-255750;-255750;-255750;-255750;-255750;-255750;-255750;-255750;-255750;-255750;-255750;-255750;-255750;-255750;-255750;-255750;-255750;-255750;-255750;-255750;-255750;-255750;-255750;-255750;-255750;-255750;-255750;-255750;-255750;-255750;-255750;-255750;-255750;-255750;-11255750; 
MEF;20251205;IT0005668238;20551001;13000000;;0;-302250; ;-302250; ;-302250; ;-302250; ;-302250; ;-302250; ;-302250; ;-302250; ;-302250; ;-302250; ;-302250; ;-302250; ;-302250; ;-302250; ;-302250; ;-302250; ;-302250; ;-302250; ;-302250;-302250;-302250;-302250;-302250;-302250;-302250;-302250;-302250;-302250;-302250;-302250;-302250;-302250;-302250;-302250;-302250;-302250;-302250;-302250;-302250;-302250;-302250;-302250;-302250;-302250;-302250;-302250;-302250;-302250;-302250;-302250;-302250;-302250;-302250;-302250;-302250;-302250;-302250;-302250;-13302250; 
MEF;20251211;IT0005582421;20391001;5000000;;0;-103750; ;-103750; ;-103750; ;-103750; ;-103750; ;-103750; ;-103750; ;-103750; ;-103750; ;-103750; ;-103750; ;-103750; ;-103750; ;-103750; ;-103750; ;-103750; ;-103750; ;-103750; ;-103750;-103750;-103750;-103750;-103750;-103750;-103750;-103750;-5103750; ; ; ; ; ; ; ; ; ; ; ; ; ; ; ; ; ; ; ; ; ; ; ; ; ; ; ; ; ; ; ; ; 
MEF;20251212;IT0005534141;20531001;1000000;;0;-22500; ;-22500; ;-22500; ;-22500; ;-22500; ;-22500; ;-22500; ;-22500; ;-22500; ;-22500; ;-22500; ;-22500; ;-22500; ;-22500; ;-22500; ;-22500; ;-22500; ;-22500; ;-22500;-22500;-22500;-22500;-22500;-22500;-22500;-22500;-22500;-22500;-22500;-22500;-22500;-22500;-22500;-22500;-22500;-22500;-22500;-22500;-22500;-22500;-22500;-22500;-22500;-22500;-22500;-22500;-22500;-22500;-22500;-22500;-22500;-22500;-22500;-22500;-1022500; ; ; ; ; 
MEF;20251215;IT0005668238;20551001;24000000;;0;-558000; ;-558000; ;-558000; ;-558000; ;-558000; ;-558000; ;-558000; ;-558000; ;-558000; ;-558000; ;-558000; ;-558000; ;-558000; ;-558000; ;-558000; ;-558000; ;-558000; ;-558000; ;-558000;-558000;-558000;-558000;-558000;-558000;-558000;-558000;-558000;-558000;-558000;-558000;-558000;-558000;-558000;-558000;-558000;-558000;-558000;-558000;-558000;-558000;-558000;-558000;-558000;-558000;-558000;-558000;-558000;-558000;-558000;-558000;-558000;-558000;-558000;-558000;-558000;-558000;-558000;-558000;-24558000; 
MEF;20251218;IT0005668238;20551001;4000000;;0;-93000; ;-93000; ;-93000; ;-93000; ;-93000; ;-93000; ;-93000; ;-93000; ;-93000; ;-93000; ;-93000; ;-93000; ;-93000; ;-93000; ;-93000; ;-93000; ;-93000; ;-93000; ;-93000;-93000;-93000;-93000;-93000;-93000;-93000;-93000;-93000;-93000;-93000;-93000;-93000;-93000;-93000;-93000;-93000;-93000;-93000;-93000;-93000;-93000;-93000;-93000;-93000;-93000;-93000;-93000;-93000;-93000;-93000;-93000;-93000;-93000;-93000;-93000;-93000;-93000;-93000;-93000;-4093000; 
MEF;20251219;IT0005534141;20531001;1000000;;0;-22500; ;-22500; ;-22500; ;-22500; ;-22500; ;-22500; ;-22500; ;-22500; ;-22500; ;-22500; ;-22500; ;-22500; ;-22500; ;-22500; ;-22500; ;-22500; ;-22500; ;-22500; ;-22500;-22500;-22500;-22500;-22500;-22500;-22500;-22500;-22500;-22500;-22500;-22500;-22500;-22500;-22500;-22500;-22500;-22500;-22500;-22500;-22500;-22500;-22500;-22500;-22500;-22500;-22500;-22500;-22500;-22500;-22500;-22500;-22500;-22500;-22500;-22500;-1022500; ; ; ; ; 
MEF;20251223;IT0005635583;20401001;44000000;;0;-847000; ;-847000; ;-847000; ;-847000; ;-847000; ;-847000; ;-847000; ;-847000; ;-847000; ;-847000; ;-847000; ;-847000; ;-847000; ;-847000; ;-847000; ;-847000; ;-847000; ;-847000; ;-847000;-847000;-847000;-847000;-847000;-847000;-847000;-847000;-847000;-847000;-44847000; ; ; ; ; ; ; ; ; ; ; ; ; ; ; ; ; ; ; ; ; ; ; ; ; ; ; ; ; ; ; 
MEF;20251223;IT0005635583;20401001;47000000;;0;-904750; ;-904750; ;-904750; ;-904750; ;-904750; ;-904750; ;-904750; ;-904750; ;-904750; ;-904750; ;-904750; ;-904750; ;-904750; ;-904750; ;-904750; ;-904750; ;-904750; ;-904750; ;-904750;-904750;-904750;-904750;-904750;-904750;-904750;-904750;-904750;-904750;-47904750; ; ; ; ; ; ; ; ; ; ; ; ; ; ; ; ; ; ; ; ; ; ; ; ; ; ; ; ; ; ; 
MEF;20251224;IT0005383309;20300401;-5000000;;0;33750; ;33750; ;33750; ;33750; ;33750; ;33750; ;33750; ;5033750; ; ; ; ; ; ; ; ; ; ; ; ; ; ; ; ; ; ; ; ; ; ; ; ; ; ; ; ; ; ; ; ; ; ; ; ; ; ; ; ; ; ; ; ; ; ; ; ; ; ; ; ; ; ; ; ; ; ; ; ; ; ; 
MEF;20251224;IT0005422891;20310401;-4000000;;0;18000; ;18000; ;18000; ;18000; ;18000; ;18000; ;18000; ;18000; ;18000; ;4018000; ; ; ; ; ; ; ; ; ; ; ; ; ; ; ; ; ; ; ; ; ; ; ; ; ; ; ; ; ; ; ; ; ; ; ; ; ; ; ; ; ; ; ; ; ; ; ; ; ; ; ; ; ; ; ; ; ; ; 
MEF;20251224;IT0005484552;20270401;-4000000;;0;22000; ;4022000; ; ; ; ; ; ; ; ; ; ; ; ; ; ; ; ; ; ; ; ; ; ; ; ; ; ; ; ; ; ; ; ; ; ; ; ; ; ; ; ; ; ; ; ; ; ; ; ; ; ; ; ; ; ; ; ; ; ; ; ; ; ; ; ; ; ; ; ; ; ; ; ; ; ; 
MEF;20251224;IT0005521981;20280401;-4000000;;0;68000; ;68000; ;68000; ;4068000; ; ; ; ; ; ; ; ; ; ; ; ; ; ; ; ; ; ; ; ; ; ; ; ; ; ; ; ; ; ; ; ; ; ; ; ; ; ; ; ; ; ; ; ; ; ; ; ; ; ; ; ; ; ; ; ; ; ; ; ; ; ; ; ; ; ; ; ; ; ; 
MEF;20251224;IT0005582421;20391001;-1000000;;0;20750; ;20750; ;20750; ;20750; ;20750; ;20750; ;20750; ;20750; ;20750; ;20750; ;20750; ;20750; ;20750; ;20750; ;20750; ;20750; ;20750; ;20750; ;20750;20750;20750;20750;20750;20750;20750;20750;1020750; ; ; ; ; ; ; ; ; ; ; ; ; ; ; ; ; ; ; ; ; ; ; ; ; ; ; ; ; ; ; ; ; 
MEF;20251224;IT0005582421;20391001;47000000;;0;-975250; ;-975250; ;-975250; ;-975250; ;-975250; ;-975250; ;-975250; ;-975250; ;-975250; ;-975250; ;-975250; ;-975250; ;-975250; ;-975250; ;-975250; ;-975250; ;-975250; ;-975250; ;-975250;-975250;-975250;-975250;-975250;-975250;-975250;-975250;-47975250; ; ; ; ; ; ; ; ; ; ; ; ; ; ; ; ; ; ; ; ; ; ; ; ; ; ; ; ; ; ; ; ; 
MEF;20251224;IT0005611055;20291001;-4000000;;0;60000; ;60000; ;60000; ;60000; ;60000; ;60000; ;4060000; ; ; ; ; ; ; ; ; ; ; ; ; ; ; ; ; ; ; ; ; ; ; ; ; ; ; ; ; ; ; ; ; ; ; ; ; ; ; ; ; ; ; ; ; ; ; ; ; ; ; ; ; ; ; ; ; ; ; ; ; ; ; ; ; 
MEF;20251224;IT0005611741;20541001;-2000000;;0;43000; ;43000; ;43000; ;43000; ;43000; ;43000; ;43000; ;43000; ;43000; ;43000; ;43000; ;43000; ;43000; ;43000; ;43000; ;43000; ;43000; ;43000; ;43000;43000;43000;43000;43000;43000;43000;43000;43000;43000;43000;43000;43000;43000;43000;43000;43000;43000;43000;43000;43000;43000;43000;43000;43000;43000;43000;43000;43000;43000;43000;43000;43000;43000;43000;43000;43000;43000;2043000; ; ; 
MEF;20251224;IT0005648149;20351001;-3000000;;0;54000; ;54000; ;54000; ;54000; ;54000; ;54000; ;54000; ;54000; ;54000; ;54000; ;54000; ;54000; ;54000; ;54000; ;54000; ;54000; ;54000; ;54000; ;3054000; ; ; ; ; ; ; ; ; ; ; ; ; ; ; ; ; ; ; ; ; ; ; ; ; ; ; ; ; ; ; ; ; ; ; ; ; ; ; ; ; 
MEF;20251224;IT0005654642;20301001;-4000000;;0;54000; ;54000; ;54000; ;54000; ;54000; ;54000; ;54000; ;54000; ;4054000; ; ; ; ; ; ; ; ; ; ; ; ; ; ; ; ; ; ; ; ; ; ; ; ; ; ; ; ; ; ; ; ; ; ; ; ; ; ; ; ; ; ; ; ; ; ; ; ; ; ; ; ; ; ; ; ; ; ; ; ; 
MEF;20260109;IT0005582421;20391001;200000;;0;-4150; ;-4150; ;-4150; ;-4150; ;-4150; ;-4150; ;-4150; ;-4150; ;-4150; ;-4150; ;-4150; ;-4150; ;-4150; ;-4150; ;-4150; ;-4150; ;-4150; ;-4150; ;-4150;-4150;-4150;-4150;-4150;-4150;-4150;-4150;-204150; ; ; ; ; ; ; ; ; ; ; ; ; ; ; ; ; ; ; ; ; ; ; ; ; ; ; ; ; ; ; ; ; 
MEF;20260119;IT0005635583;20401001;500000;;0;-9625; ;-9625; ;-9625; ;-9625; ;-9625; ;-9625; ;-9625; ;-9625; ;-9625; ;-9625; ;-9625; ;-9625; ;-9625; ;-9625; ;-9625; ;-9625; ;-9625; ;-9625; ;-9625;-9625;-9625;-9625;-9625;-9625;-9625;-9625;-9625;-9625;-509625; ; ; ; ; ; ; ; ; ; ; ; ; ; ; ; ; ; ; ; ; ; ; ; ; ; ; ; ; ; ; 
MEF;20260121;IT0005582421;20391001;1000000;;0;-20750; ;-20750; ;-20750; ;-20750; ;-20750; ;-20750; ;-20750; ;-20750; ;-20750; ;-20750; ;-20750; ;-20750; ;-20750; ;-20750; ;-20750; ;-20750; ;-20750; ;-20750; ;-20750;-20750;-20750;-20750;-20750;-20750;-20750;-20750;-1020750; ; ; ; ; ; ; ; ; ; ; ; ; ; ; ; ; ; ; ; ; ; ; ; ; ; ; ; ; ; ; ; ; 
MEF;20260121;IT0005582421;20391001;500000;;0;-10375; ;-10375; ;-10375; ;-10375; ;-10375; ;-10375; ;-10375; ;-10375; ;-10375; ;-10375; ;-10375; ;-10375; ;-10375; ;-10375; ;-10375; ;-10375; ;-10375; ;-10375; ;-10375;-10375;-10375;-10375;-10375;-10375;-10375;-10375;-510375; ; ; ; ; ; ; ; ; ; ; ; ; ; ; ; ; ; ; ; ; ; ; ; ; ; ; ; ; ; ; ; ; 
MEF;20260121;IT0005668238;20551001;19400000;;0;-451050; ;-451050; ;-451050; ;-451050; ;-451050; ;-451050; ;-451050; ;-451050; ;-451050; ;-451050; ;-451050; ;-451050; ;-451050; ;-451050; ;-451050; ;-451050; ;-451050; ;-451050; ;-451050;-451050;-451050;-451050;-451050;-451050;-451050;-451050;-451050;-451050;-451050;-451050;-451050;-451050;-451050;-451050;-451050;-451050;-451050;-451050;-451050;-451050;-451050;-451050;-451050;-451050;-451050;-451050;-451050;-451050;-451050;-451050;-451050;-451050;-451050;-451050;-451050;-451050;-451050;-451050;-19851050; 
MEF;20260122;IT0005668238;20551001;1000000;;0;-23250; ;-23250; ;-23250; ;-23250; ;-23250; ;-23250; ;-23250; ;-23250; ;-23250; ;-23250; ;-23250; ;-23250; ;-23250; ;-23250; ;-23250; ;-23250; ;-23250; ;-23250; ;-23250;-23250;-23250;-23250;-23250;-23250;-23250;-23250;-23250;-23250;-23250;-23250;-23250;-23250;-23250;-23250;-23250;-23250;-23250;-23250;-23250;-23250;-23250;-23250;-23250;-23250;-23250;-23250;-23250;-23250;-23250;-23250;-23250;-23250;-23250;-23250;-23250;-23250;-23250;-23250;-1023250; 
MEF;20260123;IT0005383309;20300401;-1100000;;0;7425; ;7425; ;7425; ;7425; ;7425; ;7425; ;7425; ;1107425; ; ; ; ; ; ; ; ; ; ; ; ; ; ; ; ; ; ; ; ; ; ; ; ; ; ; ; ; ; ; ; ; ; ; ; ; ; ; ; ; ; ; ; ; ; ; ; ; ; ; ; ; ; ; ; ; ; ; ; ; ; ; 
MEF;20260123;IT0005422891;20310401;-1200000;;0;5400; ;5400; ;5400; ;5400; ;5400; ;5400; ;5400; ;5400; ;5400; ;1205400; ; ; ; ; ; ; ; ; ; ; ; ; ; ; ; ; ; ; ; ; ; ; ; ; ; ; ; ; ; ; ; ; ; ; ; ; ; ; ; ; ; ; ; ; ; ; ; ; ; ; ; ; ; ; ; ; ; ; 
MEF;20260123;IT0005521981;20280401;-900000;;0;15300; ;15300; ;15300; ;915300; ; ; ; ; ; ; ; ; ; ; ; ; ; ; ; ; ; ; ; ; ; ; ; ; ; ; ; ; ; ; ; ; ; ; ; ; ; ; ; ; ; ; ; ; ; ; ; ; ; ; ; ; ; ; ; ; ; ; ; ; ; ; ; ; ; ; ; ; ; ; 
MEF;20260123;IT0005611055;20291001;-900000;;0;13500; ;13500; ;13500; ;13500; ;13500; ;13500; ;913500; ; ; ; ; ; ; ; ; ; ; ; ; ; ; ; ; ; ; ; ; ; ; ; ; ; ; ; ; ; ; ; ; ; ; ; ; ; ; ; ; ; ; ; ; ; ; ; ; ; ; ; ; ; ; ; ; ; ; ; ; ; ; ; ; 
MEF;20260123;IT0005611055;20291001;500000;;0;-7500; ;-7500; ;-7500; ;-7500; ;-7500; ;-7500; ;-507500; ; ; ; ; ; ; ; ; ; ; ; ; ; ; ; ; ; ; ; ; ; ; ; ; ; ; ; ; ; ; ; ; ; ; ; ; ; ; ; ; ; ; ; ; ; ; ; ; ; ; ; ; ; ; ; ; ; ; ; ; ; ; ; ; 
MEF;20260123;IT0005611741;20541001;-1200000;;0;25800; ;25800; ;25800; ;25800; ;25800; ;25800; ;25800; ;25800; ;25800; ;25800; ;25800; ;25800; ;25800; ;25800; ;25800; ;25800; ;25800; ;25800; ;25800;25800;25800;25800;25800;25800;25800;25800;25800;25800;25800;25800;25800;25800;25800;25800;25800;25800;25800;25800;25800;25800;25800;25800;25800;25800;25800;25800;25800;25800;25800;25800;25800;25800;25800;25800;25800;25800;1225800; ; ; 
MEF;20260123;IT0005635583;20401001;-1200000;;0;23100; ;23100; ;23100; ;23100; ;23100; ;23100; ;23100; ;23100; ;23100; ;23100; ;23100; ;23100; ;23100; ;23100; ;23100; ;23100; ;23100; ;23100; ;23100;23100;23100;23100;23100;23100;23100;23100;23100;23100;1223100; ; ; ; ; ; ; ; ; ; ; ; ; ; ; ; ; ; ; ; ; ; ; ; ; ; ; ; ; ; ; 
MEF;20260123;IT0005648149;20351001;-1200000;;0;21600; ;21600; ;21600; ;21600; ;21600; ;21600; ;21600; ;21600; ;21600; ;21600; ;21600; ;21600; ;21600; ;21600; ;21600; ;21600; ;21600; ;21600; ;1221600; ; ; ; ; ; ; ; ; ; ; ; ; ; ; ; ; ; ; ; ; ; ; ; ; ; ; ; ; ; ; ; ; ; ; ; ; ; ; ; ; 
MEF;20260123;IT0005654642;20301001;-1200000;;0;16200; ;16200; ;16200; ;16200; ;16200; ;16200; ;16200; ;16200; ;1216200; ; ; ; ; ; ; ; ; ; ; ; ; ; ; ; ; ; ; ; ; ; ; ; ; ; ; ; ; ; ; ; ; ; ; ; ; ; ; ; ; ; ; ; ; ; ; ; ; ; ; ; ; ; ; ; ; ; ; ; ; 
MEF;20260127;IT0005635583;20401001;1000000;;0;-19250; ;-19250; ;-19250; ;-19250; ;-19250; ;-19250; ;-19250; ;-19250; ;-19250; ;-19250; ;-19250; ;-19250; ;-19250; ;-19250; ;-19250; ;-19250; ;-19250; ;-19250; ;-19250;-19250;-19250;-19250;-19250;-19250;-19250;-19250;-19250;-19250;-1019250; ; ; ; ; ; ; ; ; ; ; ; ; ; ; ; ; ; ; ; ; ; ; ; ; ; ; ; ; ; ; 
MEF;20260127;IT0005668238;20551001;200000000;;0;-4650000; ;-4650000; ;-4650000; ;-4650000; ;-4650000; ;-4650000; ;-4650000; ;-4650000; ;-4650000; ;-4650000; ;-4650000; ;-4650000; ;-4650000; ;-4650000; ;-4650000; ;-4650000; ;-4650000; ;-4650000; ;-4650000;-4650000;-4650000;-4650000;-4650000;-4650000;-4650000;-4650000;-4650000;-4650000;-4650000;-4650000;-4650000;-4650000;-4650000;-4650000;-4650000;-4650000;-4650000;-4650000;-4650000;-4650000;-4650000;-4650000;-4650000;-4650000;-4650000;-4650000;-4650000;-4650000;-4650000;-4650000;-4650000;-4650000;-4650000;-4650000;-4650000;-4650000;-4650000;-4650000;-204650000; 
MEF;20260128;IT0005521981;20280401;500000;;0;-8500; ;-8500; ;-8500; ;-508500; ; ; ; ; ; ; ; ; ; ; ; ; ; ; ; ; ; ; ; ; ; ; ; ; ; ; ; ; ; ; ; ; ; ; ; ; ; ; ; ; ; ; ; ; ; ; ; ; ; ; ; ; ; ; ; ; ; ; ; ; ; ; ; ; ; ; ; ; ; ; 
MEF;20260130;IT0005383309;20300401;-900000;;0;6075; ;6075; ;6075; ;6075; ;6075; ;6075; ;6075; ;906075; ; ; ; ; ; ; ; ; ; ; ; ; ; ; ; ; ; ; ; ; ; ; ; ; ; ; ; ; ; ; ; ; ; ; ; ; ; ; ; ; ; ; ; ; ; ; ; ; ; ; ; ; ; ; ; ; ; ; ; ; ; ; 
MEF;20260130;IT0005484552;20270401;500000;;0;-2750; ;-502750; ; ; ; ; ; ; ; ; ; ; ; ; ; ; ; ; ; ; ; ; ; ; ; ; ; ; ; ; ; ; ; ; ; ; ; ; ; ; ; ; ; ; ; ; ; ; ; ; ; ; ; ; ; ; ; ; ; ; ; ; ; ; ; ; ; ; ; ; ; ; ; ; ; ; 
MEF;20260130;IT0005668238;20551001;12700000;;0;-295275; ;-295275; ;-295275; ;-295275; ;-295275; ;-295275; ;-295275; ;-295275; ;-295275; ;-295275; ;-295275; ;-295275; ;-295275; ;-295275; ;-295275; ;-295275; ;-295275; ;-295275; ;-295275;-295275;-295275;-295275;-295275;-295275;-295275;-295275;-295275;-295275;-295275;-295275;-295275;-295275;-295275;-295275;-295275;-295275;-295275;-295275;-295275;-295275;-295275;-295275;-295275;-295275;-295275;-295275;-295275;-295275;-295275;-295275;-295275;-295275;-295275;-295275;-295275;-295275;-295275;-295275;-12995275; 
MEF;20260130;IT0005668238;20551001;200000000;;0;-4650000; ;-4650000; ;-4650000; ;-4650000; ;-4650000; ;-4650000; ;-4650000; ;-4650000; ;-4650000; ;-4650000; ;-4650000; ;-4650000; ;-4650000; ;-4650000; ;-4650000; ;-4650000; ;-4650000; ;-4650000; ;-4650000;-4650000;-4650000;-4650000;-4650000;-4650000;-4650000;-4650000;-4650000;-4650000;-4650000;-4650000;-4650000;-4650000;-4650000;-4650000;-4650000;-4650000;-4650000;-4650000;-4650000;-4650000;-4650000;-4650000;-4650000;-4650000;-4650000;-4650000;-4650000;-4650000;-4650000;-4650000;-4650000;-4650000;-4650000;-4650000;-4650000;-4650000;-4650000;-4650000;-204650000; 
MEF;20260205;IT0005383309;20300401;12300000;;0;-83025; ;-83025; ;-83025; ;-83025; ;-83025; ;-83025; ;-83025; ;-12383025; ; ; ; ; ; ; ; ; ; ; ; ; ; ; ; ; ; ; ; ; ; ; ; ; ; ; ; ; ; ; ; ; ; ; ; ; ; ; ; ; ; ; ; ; ; ; ; ; ; ; ; ; ; ; ; ; ; ; ; ; ; ; 
MEF;20260205;IT0005654642;20301001;12600000;;0;-170100; ;-170100; ;-170100; ;-170100; ;-170100; ;-170100; ;-170100; ;-170100; ;-12770100; ; ; ; ; ; ; ; ; ; ; ; ; ; ; ; ; ; ; ; ; ; ; ; ; ; ; ; ; ; ; ; ; ; ; ; ; ; ; ; ; ; ; ; ; ; ; ; ; ; ; ; ; ; ; ; ; ; ; ; ; 
MEF;20260205;IT0005668238;20551001;190000000;;0;-4417500; ;-4417500; ;-4417500; ;-4417500; ;-4417500; ;-4417500; ;-4417500; ;-4417500; ;-4417500; ;-4417500; ;-4417500; ;-4417500; ;-4417500; ;-4417500; ;-4417500; ;-4417500; ;-4417500; ;-4417500; ;-4417500;-4417500;-4417500;-4417500;-4417500;-4417500;-4417500;-4417500;-4417500;-4417500;-4417500;-4417500;-4417500;-4417500;-4417500;-4417500;-4417500;-4417500;-4417500;-4417500;-4417500;-4417500;-4417500;-4417500;-4417500;-4417500;-4417500;-4417500;-4417500;-4417500;-4417500;-4417500;-4417500;-4417500;-4417500;-4417500;-4417500;-4417500;-4417500;-4417500;-194417500; 
MEF;20260206;IT0005383309;20300401;1000000;;0;-6750; ;-6750; ;-6750; ;-6750; ;-6750; ;-6750; ;-6750; ;-1006750; ; ; ; ; ; ; ; ; ; ; ; ; ; ; ; ; ; ; ; ; ; ; ; ; ; ; ; ; ; ; ; ; ; ; ; ; ; ; ; ; ; ; ; ; ; ; ; ; ; ; ; ; ; ; ; ; ; ; ; ; ; ; 
MEF;20260206;IT0005484552;20270401;-900000;;0;4950; ;904950; ; ; ; ; ; ; ; ; ; ; ; ; ; ; ; ; ; ; ; ; ; ; ; ; ; ; ; ; ; ; ; ; ; ; ; ; ; ; ; ; ; ; ; ; ; ; ; ; ; ; ; ; ; ; ; ; ; ; ; ; ; ; ; ; ; ; ; ; ; ; ; ; ; ; 
MEF;20260210;IT0005383309;20300401;8000000;;0;-54000; ;-54000; ;-54000; ;-54000; ;-54000; ;-54000; ;-54000; ;-8054000; ; ; ; ; ; ; ; ; ; ; ; ; ; ; ; ; ; ; ; ; ; ; ; ; ; ; ; ; ; ; ; ; ; ; ; ; ; ; ; ; ; ; ; ; ; ; ; ; ; ; ; ; ; ; ; ; ; ; ; ; ; ; 
MEF;20260210;IT0005654642;20301001;10000000;;0;-135000; ;-135000; ;-135000; ;-135000; ;-135000; ;-135000; ;-135000; ;-135000; ;-10135000; ; ; ; ; ; ; ; ; ; ; ; ; ; ; ; ; ; ; ; ; ; ; ; ; ; ; ; ; ; ; ; ; ; ; ; ; ; ; ; ; ; ; ; ; ; ; ; ; ; ; ; ; ; ; ; ; ; ; ; ; 
MEF;20260210;IT0005668238;20551001;81800000;;0;-1901850; ;-1901850; ;-1901850; ;-1901850; ;-1901850; ;-1901850; ;-1901850; ;-1901850; ;-1901850; ;-1901850; ;-1901850; ;-1901850; ;-1901850; ;-1901850; ;-1901850; ;-1901850; ;-1901850; ;-1901850; ;-1901850;-1901850;-1901850;-1901850;-1901850;-1901850;-1901850;-1901850;-1901850;-1901850;-1901850;-1901850;-1901850;-1901850;-1901850;-1901850;-1901850;-1901850;-1901850;-1901850;-1901850;-1901850;-1901850;-1901850;-1901850;-1901850;-1901850;-1901850;-1901850;-1901850;-1901850;-1901850;-1901850;-1901850;-1901850;-1901850;-1901850;-1901850;-1901850;-1901850;-83701850; 
MEF;20260213;IT0005383309;20300401;-2500000;;0;16875; ;16875; ;16875; ;16875; ;16875; ;16875; ;16875; ;2516875; ; ; ; ; ; ; ; ; ; ; ; ; ; ; ; ; ; ; ; ; ; ; ; ; ; ; ; ; ; ; ; ; ; ; ; ; ; ; ; ; ; ; ; ; ; ; ; ; ; ; ; ; ; ; ; ; ; ; ; ; ; ; 
MEF;20260213;IT0005422891;20310401;-1900000;;0;8550; ;8550; ;8550; ;8550; ;8550; ;8550; ;8550; ;8550; ;8550; ;1908550; ; ; ; ; ; ; ; ; ; ; ; ; ; ; ; ; ; ; ; ; ; ; ; ; ; ; ; ; ; ; ; ; ; ; ; ; ; ; ; ; ; ; ; ; ; ; ; ; ; ; ; ; ; ; ; ; ; ; 
MEF;20260213;IT0005484552;20270401;-1600000;;0;8800; ;1608800; ; ; ; ; ; ; ; ; ; ; ; ; ; ; ; ; ; ; ; ; ; ; ; ; ; ; ; ; ; ; ; ; ; ; ; ; ; ; ; ; ; ; ; ; ; ; ; ; ; ; ; ; ; ; ; ; ; ; ; ; ; ; ; ; ; ; ; ; ; ; ; ; ; ; 
MEF;20260213;IT0005521981;20280401;-2200000;;0;37400; ;37400; ;37400; ;2237400; ; ; ; ; ; ; ; ; ; ; ; ; ; ; ; ; ; ; ; ; ; ; ; ; ; ; ; ; ; ; ; ; ; ; ; ; ; ; ; ; ; ; ; ; ; ; ; ; ; ; ; ; ; ; ; ; ; ; ; ; ; ; ; ; ; ; ; ; ; ; 
MEF;20260213;IT0005534141;20531001;-2800000;;0;63000; ;63000; ;63000; ;63000; ;63000; ;63000; ;63000; ;63000; ;63000; ;63000; ;63000; ;63000; ;63000; ;63000; ;63000; ;63000; ;63000; ;63000; ;63000;63000;63000;63000;63000;63000;63000;63000;63000;63000;63000;63000;63000;63000;63000;63000;63000;63000;63000;63000;63000;63000;63000;63000;63000;63000;63000;63000;63000;63000;63000;63000;63000;63000;63000;63000;2863000; ; ; ; ; 
MEF;20260213;IT0005582421;20391001;-2300000;;0;47725; ;47725; ;47725; ;47725; ;47725; ;47725; ;47725; ;47725; ;47725; ;47725; ;47725; ;47725; ;47725; ;47725; ;47725; ;47725; ;47725; ;47725; ;47725;47725;47725;47725;47725;47725;47725;47725;2347725; ; ; ; ; ; ; ; ; ; ; ; ; ; ; ; ; ; ; ; ; ; ; ; ; ; ; ; ; ; ; ; ; 
MEF;20260213;IT0005611055;20291001;-2300000;;0;34500; ;34500; ;34500; ;34500; ;34500; ;34500; ;2334500; ; ; ; ; ; ; ; ; ; ; ; ; ; ; ; ; ; ; ; ; ; ; ; ; ; ; ; ; ; ; ; ; ; ; ; ; ; ; ; ; ; ; ; ; ; ; ; ; ; ; ; ; ; ; ; ; ; ; ; ; ; ; ; ; 
MEF;20260213;IT0005611741;20541001;-2100000;;0;45150; ;45150; ;45150; ;45150; ;45150; ;45150; ;45150; ;45150; ;45150; ;45150; ;45150; ;45150; ;45150; ;45150; ;45150; ;45150; ;45150; ;45150; ;45150;45150;45150;45150;45150;45150;45150;45150;45150;45150;45150;45150;45150;45150;45150;45150;45150;45150;45150;45150;45150;45150;45150;45150;45150;45150;45150;45150;45150;45150;45150;45150;45150;45150;45150;45150;45150;45150;2145150; ; ; 
MEF;20260213;IT0005635583;20401001;-2100000;;0;40425; ;40425; ;40425; ;40425; ;40425; ;40425; ;40425; ;40425; ;40425; ;40425; ;40425; ;40425; ;40425; ;40425; ;40425; ;40425; ;40425; ;40425; ;40425;40425;40425;40425;40425;40425;40425;40425;40425;40425;2140425; ; ; ; ; ; ; ; ; ; ; ; ; ; ; ; ; ; ; ; ; ; ; ; ; ; ; ; ; ; ; 
MEF;20260213;IT0005648149;20351001;-1900000;;0;34200; ;34200; ;34200; ;34200; ;34200; ;34200; ;34200; ;34200; ;34200; ;34200; ;34200; ;34200; ;34200; ;34200; ;34200; ;34200; ;34200; ;34200; ;1934200; ; ; ; ; ; ; ; ; ; ; ; ; ; ; ; ; ; ; ; ; ; ; ; ; ; ; ; ; ; ; ; ; ; ; ; ; ; ; ; ; 
MEF;20260213;IT0005654642;20301001;-1700000;;0;22950; ;22950; ;22950; ;22950; ;22950; ;22950; ;22950; ;22950; ;1722950; ; ; ; ; ; ; ; ; ; ; ; ; ; ; ; ; ; ; ; ; ; ; ; ; ; ; ; ; ; ; ; ; ; ; ; ; ; ; ; ; ; ; ; ; ; ; ; ; ; ; ; ; ; ; ; ; ; ; ; ; 
MEF;20260219;IT0005383309;20300401;1000000;;0;-6750; ;-6750; ;-6750; ;-6750; ;-6750; ;-6750; ;-6750; ;-1006750; ; ; ; ; ; ; ; ; ; ; ; ; ; ; ; ; ; ; ; ; ; ; ; ; ; ; ; ; ; ; ; ; ; ; ; ; ; ; ; ; ; ; ; ; ; ; ; ; ; ; ; ; ; ; ; ; ; ; ; ; ; ; 
MEF;20260219;IT0005422891;20310401;1000000;;0;-4500; ;-4500; ;-4500; ;-4500; ;-4500; ;-4500; ;-4500; ;-4500; ;-4500; ;-1004500; ; ; ; ; ; ; ; ; ; ; ; ; ; ; ; ; ; ; ; ; ; ; ; ; ; ; ; ; ; ; ; ; ; ; ; ; ; ; ; ; ; ; ; ; ; ; ; ; ; ; ; ; ; ; ; ; ; ; 
MEF;20260219;IT0005484552;20270401;1000000;;0;-5500; ;-1005500; ; ; ; ; ; ; ; ; ; ; ; ; ; ; ; ; ; ; ; ; ; ; ; ; ; ; ; ; ; ; ; ; ; ; ; ; ; ; ; ; ; ; ; ; ; ; ; ; ; ; ; ; ; ; ; ; ; ; ; ; ; ; ; ; ; ; ; ; ; ; ; ; ; ; 
MEF;20260219;IT0005521981;20280401;1000000;;0;-17000; ;-17000; ;-17000; ;-1017000; ; ; ; ; ; ; ; ; ; ; ; ; ; ; ; ; ; ; ; ; ; ; ; ; ; ; ; ; ; ; ; ; ; ; ; ; ; ; ; ; ; ; ; ; ; ; ; ; ; ; ; ; ; ; ; ; ; ; ; ; ; ; ; ; ; ; ; ; ; ; 
MEF;20260219;IT0005582421;20391001;1000000;;0;-20750; ;-20750; ;-20750; ;-20750; ;-20750; ;-20750; ;-20750; ;-20750; ;-20750; ;-20750; ;-20750; ;-20750; ;-20750; ;-20750; ;-20750; ;-20750; ;-20750; ;-20750; ;-20750;-20750;-20750;-20750;-20750;-20750;-20750;-20750;-1020750; ; ; ; ; ; ; ; ; ; ; ; ; ; ; ; ; ; ; ; ; ; ; ; ; ; ; ; ; ; ; ; ; 
MEF;20260219;IT0005611055;20291001;1000000;;0;-15000; ;-15000; ;-15000; ;-15000; ;-15000; ;-15000; ;-1015000; ; ; ; ; ; ; ; ; ; ; ; ; ; ; ; ; ; ; ; ; ; ; ; ; ; ; ; ; ; ; ; ; ; ; ; ; ; ; ; ; ; ; ; ; ; ; ; ; ; ; ; ; ; ; ; ; ; ; ; ; ; ; ; ; 
MEF;20260219;IT0005635583;20401001;-49000000;;0;943250; ;943250; ;943250; ;943250; ;943250; ;943250; ;943250; ;943250; ;943250; ;943250; ;943250; ;943250; ;943250; ;943250; ;943250; ;943250; ;943250; ;943250; ;943250;943250;943250;943250;943250;943250;943250;943250;943250;943250;49943250; ; ; ; ; ; ; ; ; ; ; ; ; ; ; ; ; ; ; ; ; ; ; ; ; ; ; ; ; ; ; 
MEF;20260219;IT0005648149;20351001;1000000;;0;-18000; ;-18000; ;-18000; ;-18000; ;-18000; ;-18000; ;-18000; ;-18000; ;-18000; ;-18000; ;-18000; ;-18000; ;-18000; ;-18000; ;-18000; ;-18000; ;-18000; ;-18000; ;-1018000; ; ; ; ; ; ; ; ; ; ; ; ; ; ; ; ; ; ; ; ; ; ; ; ; ; ; ; ; ; ; ; ; ; ; ; ; ; ; ; ; 
MEF;20260219;IT0005654642;20301001;1000000;;0;-13500; ;-13500; ;-13500; ;-13500; ;-13500; ;-13500; ;-13500; ;-13500; ;-1013500; ; ; ; ; ; ; ; ; ; ; ; ; ; ; ; ; ; ; ; ; ; ; ; ; ; ; ; ; ; ; ; ; ; ; ; ; ; ; ; ; ; ; ; ; ; ; ; ; ; ; ; ; ; ; ; ; ; ; ; ; 
MEF;20260220;IT0005383309;20300401;1000000;;0;-6750; ;-6750; ;-6750; ;-6750; ;-6750; ;-6750; ;-6750; ;-1006750; ; ; ; ; ; ; ; ; ; ; ; ; ; ; ; ; ; ; ; ; ; ; ; ; ; ; ; ; ; ; ; ; ; ; ; ; ; ; ; ; ; ; ; ; ; ; ; ; ; ; ; ; ; ; ; ; ; ; ; ; ; ; 
MEF;20260220;IT0005422891;20310401;1000000;;0;-4500; ;-4500; ;-4500; ;-4500; ;-4500; ;-4500; ;-4500; ;-4500; ;-4500; ;-1004500; ; ; ; ; ; ; ; ; ; ; ; ; ; ; ; ; ; ; ; ; ; ; ; ; ; ; ; ; ; ; ; ; ; ; ; ; ; ; ; ; ; ; ; ; ; ; ; ; ; ; ; ; ; ; ; ; ; ; 
MEF;20260220;IT0005484552;20270401;1000000;;0;-5500; ;-1005500; ; ; ; ; ; ; ; ; ; ; ; ; ; ; ; ; ; ; ; ; ; ; ; ; ; ; ; ; ; ; ; ; ; ; ; ; ; ; ; ; ; ; ; ; ; ; ; ; ; ; ; ; ; ; ; ; ; ; ; ; ; ; ; ; ; ; ; ; ; ; ; ; ; ; 
MEF;20260220;IT0005521981;20280401;1000000;;0;-17000; ;-17000; ;-17000; ;-1017000; ; ; ; ; ; ; ; ; ; ; ; ; ; ; ; ; ; ; ; ; ; ; ; ; ; ; ; ; ; ; ; ; ; ; ; ; ; ; ; ; ; ; ; ; ; ; ; ; ; ; ; ; ; ; ; ; ; ; ; ; ; ; ; ; ; ; ; ; ; ; 
MEF;20260220;IT0005582421;20391001;-24000000;;0;498000; ;498000; ;498000; ;498000; ;498000; ;498000; ;498000; ;498000; ;498000; ;498000; ;498000; ;498000; ;498000; ;498000; ;498000; ;498000; ;498000; ;498000; ;498000;498000;498000;498000;498000;498000;498000;498000;24498000; ; ; ; ; ; ; ; ; ; ; ; ; ; ; ; ; ; ; ; ; ; ; ; ; ; ; ; ; ; ; ; ; 
MEF;20260220;IT0005582421;20391001;-49000000;;0;1016750; ;1016750; ;1016750; ;1016750; ;1016750; ;1016750; ;1016750; ;1016750; ;1016750; ;1016750; ;1016750; ;1016750; ;1016750; ;1016750; ;1016750; ;1016750; ;1016750; ;1016750; ;1016750;1016750;1016750;1016750;1016750;1016750;1016750;1016750;50016750; ; ; ; ; ; ; ; ; ; ; ; ; ; ; ; ; ; ; ; ; ; ; ; ; ; ; ; ; ; ; ; ; 
MEF;20260220;IT0005611055;20291001;1000000;;0;-15000; ;-15000; ;-15000; ;-15000; ;-15000; ;-15000; ;-1015000; ; ; ; ; ; ; ; ; ; ; ; ; ; ; ; ; ; ; ; ; ; ; ; ; ; ; ; ; ; ; ; ; ; ; ; ; ; ; ; ; ; ; ; ; ; ; ; ; ; ; ; ; ; ; ; ; ; ; ; ; ; ; ; ; 
MEF;20260220;IT0005648149;20351001;1000000;;0;-18000; ;-18000; ;-18000; ;-18000; ;-18000; ;-18000; ;-18000; ;-18000; ;-18000; ;-18000; ;-18000; ;-18000; ;-18000; ;-18000; ;-18000; ;-18000; ;-18000; ;-18000; ;-1018000; ; ; ; ; ; ; ; ; ; ; ; ; ; ; ; ; ; ; ; ; ; ; ; ; ; ; ; ; ; ; ; ; ; ; ; ; ; ; ; ; 
MEF;20260220;IT0005654642;20301001;1000000;;0;-13500; ;-13500; ;-13500; ;-13500; ;-13500; ;-13500; ;-13500; ;-13500; ;-1013500; ; ; ; ; ; ; ; ; ; ; ; ; ; ; ; ; ; ; ; ; ; ; ; ; ; ; ; ; ; ; ; ; ; ; ; ; ; ; ; ; ; ; ; ; ; ; ; ; ; ; ; ; ; ; ; ; ; ; ; ; 
MEF;20260224;IT0005668238;20551001;26100000;;0;-606825; ;-606825; ;-606825; ;-606825; ;-606825; ;-606825; ;-606825; ;-606825; ;-606825; ;-606825; ;-606825; ;-606825; ;-606825; ;-606825; ;-606825; ;-606825; ;-606825; ;-606825; ;-606825;-606825;-606825;-606825;-606825;-606825;-606825;-606825;-606825;-606825;-606825;-606825;-606825;-606825;-606825;-606825;-606825;-606825;-606825;-606825;-606825;-606825;-606825;-606825;-606825;-606825;-606825;-606825;-606825;-606825;-606825;-606825;-606825;-606825;-606825;-606825;-606825;-606825;-606825;-606825;-26706825; 
MEF;20260227;IT0005534141;20531001;39000000;;0;-877500; ;-877500; ;-877500; ;-877500; ;-877500; ;-877500; ;-877500; ;-877500; ;-877500; ;-877500; ;-877500; ;-877500; ;-877500; ;-877500; ;-877500; ;-877500; ;-877500; ;-877500; ;-877500;-877500;-877500;-877500;-877500;-877500;-877500;-877500;-877500;-877500;-877500;-877500;-877500;-877500;-877500;-877500;-877500;-877500;-877500;-877500;-877500;-877500;-877500;-877500;-877500;-877500;-877500;-877500;-877500;-877500;-877500;-877500;-877500;-877500;-877500;-877500;-39877500; ; ; ; ; 
MEF;20260227;IT0005582421;20391001;-43100000;;0;894325; ;894325; ;894325; ;894325; ;894325; ;894325; ;894325; ;894325; ;894325; ;894325; ;894325; ;894325; ;894325; ;894325; ;894325; ;894325; ;894325; ;894325; ;894325;894325;894325;894325;894325;894325;894325;894325;43994325; ; ; ; ; ; ; ; ; ; ; ; ; ; ; ; ; ; ; ; ; ; ; ; ; ; ; ; ; ; ; ; ; 
MEF;20260306;IT0005582421;20391001;500000;;0;-10375; ;-10375; ;-10375; ;-10375; ;-10375; ;-10375; ;-10375; ;-10375; ;-10375; ;-10375; ;-10375; ;-10375; ;-10375; ;-10375; ;-10375; ;-10375; ;-10375; ;-10375; ;-10375;-10375;-10375;-10375;-10375;-10375;-10375;-10375;-510375; ; ; ; ; ; ; ; ; ; ; ; ; ; ; ; ; ; ; ; ; ; ; ; ; ; ; ; ; ; ; ; ; 
MEF;20260316;IT0005668238;20551001;100000000;;0;-2325000; ;-2325000; ;-2325000; ;-2325000; ;-2325000; ;-2325000; ;-2325000; ;-2325000; ;-2325000; ;-2325000; ;-2325000; ;-2325000; ;-2325000; ;-2325000; ;-2325000; ;-2325000; ;-2325000; ;-2325000; ;-2325000;-2325000;-2325000;-2325000;-2325000;-2325000;-2325000;-2325000;-2325000;-2325000;-2325000;-2325000;-2325000;-2325000;-2325000;-2325000;-2325000;-2325000;-2325000;-2325000;-2325000;-2325000;-2325000;-2325000;-2325000;-2325000;-2325000;-2325000;-2325000;-2325000;-2325000;-2325000;-2325000;-2325000;-2325000;-2325000;-2325000;-2325000;-2325000;-2325000;-102325000; 
MEF;20260318;IT0005668238;20551001;69000000;;0;-1604250; ;-1604250; ;-1604250; ;-1604250; ;-1604250; ;-1604250; ;-1604250; ;-1604250; ;-1604250; ;-1604250; ;-1604250; ;-1604250; ;-1604250; ;-1604250; ;-1604250; ;-1604250; ;-1604250; ;-1604250; ;-1604250;-1604250;-1604250;-1604250;-1604250;-1604250;-1604250;-1604250;-1604250;-1604250;-1604250;-1604250;-1604250;-1604250;-1604250;-1604250;-1604250;-1604250;-1604250;-1604250;-1604250;-1604250;-1604250;-1604250;-1604250;-1604250;-1604250;-1604250;-1604250;-1604250;-1604250;-1604250;-1604250;-1604250;-1604250;-1604250;-1604250;-1604250;-1604250;-1604250;-70604250; 
MEF;20260320;IT0005383309;20300401;-1600000;;0;10800; ;10800; ;10800; ;10800; ;10800; ;10800; ;10800; ;1610800; ; ; ; ; ; ; ; ; ; ; ; ; ; ; ; ; ; ; ; ; ; ; ; ; ; ; ; ; ; ; ; ; ; ; ; ; ; ; ; ; ; ; ; ; ; ; ; ; ; ; ; ; ; ; ; ; ; ; ; ; ; ; 
MEF;20260320;IT0005422891;20310401;-1700000;;0;7650; ;7650; ;7650; ;7650; ;7650; ;7650; ;7650; ;7650; ;7650; ;1707650; ; ; ; ; ; ; ; ; ; ; ; ; ; ; ; ; ; ; ; ; ; ; ; ; ; ; ; ; ; ; ; ; ; ; ; ; ; ; ; ; ; ; ; ; ; ; ; ; ; ; ; ; ; ; ; ; ; ; 
MEF;20260320;IT0005484552;20270401;-1600000;;0;8800; ;1608800; ; ; ; ; ; ; ; ; ; ; ; ; ; ; ; ; ; ; ; ; ; ; ; ; ; ; ; ; ; ; ; ; ; ; ; ; ; ; ; ; ; ; ; ; ; ; ; ; ; ; ; ; ; ; ; ; ; ; ; ; ; ; ; ; ; ; ; ; ; ; ; ; ; ; 
MEF;20260320;IT0005521981;20280401;-2400000;;0;40800; ;40800; ;40800; ;2440800; ; ; ; ; ; ; ; ; ; ; ; ; ; ; ; ; ; ; ; ; ; ; ; ; ; ; ; ; ; ; ; ; ; ; ; ; ; ; ; ; ; ; ; ; ; ; ; ; ; ; ; ; ; ; ; ; ; ; ; ; ; ; ; ; ; ; ; ; ; ; 
MEF;20260320;IT0005534141;20531001;-2100000;;0;47250; ;47250; ;47250; ;47250; ;47250; ;47250; ;47250; ;47250; ;47250; ;47250; ;47250; ;47250; ;47250; ;47250; ;47250; ;47250; ;47250; ;47250; ;47250;47250;47250;47250;47250;47250;47250;47250;47250;47250;47250;47250;47250;47250;47250;47250;47250;47250;47250;47250;47250;47250;47250;47250;47250;47250;47250;47250;47250;47250;47250;47250;47250;47250;47250;47250;2147250; ; ; ; ; 
MEF;20260320;IT0005582421;20391001;-8300000;;0;172225; ;172225; ;172225; ;172225; ;172225; ;172225; ;172225; ;172225; ;172225; ;172225; ;172225; ;172225; ;172225; ;172225; ;172225; ;172225; ;172225; ;172225; ;172225;172225;172225;172225;172225;172225;172225;172225;8472225; ; ; ; ; ; ; ; ; ; ; ; ; ; ; ; ; ; ; ; ; ; ; ; ; ; ; ; ; ; ; ; ; 
MEF;20260320;IT0005611055;20291001;-1600000;;0;24000; ;24000; ;24000; ;24000; ;24000; ;24000; ;1624000; ; ; ; ; ; ; ; ; ; ; ; ; ; ; ; ; ; ; ; ; ; ; ; ; ; ; ; ; ; ; ; ; ; ; ; ; ; ; ; ; ; ; ; ; ; ; ; ; ; ; ; ; ; ; ; ; ; ; ; ; ; ; ; ; 
MEF;20260320;IT0005611741;20541001;-2200000;;0;47300; ;47300; ;47300; ;47300; ;47300; ;47300; ;47300; ;47300; ;47300; ;47300; ;47300; ;47300; ;47300; ;47300; ;47300; ;47300; ;47300; ;47300; ;47300;47300;47300;47300;47300;47300;47300;47300;47300;47300;47300;47300;47300;47300;47300;47300;47300;47300;47300;47300;47300;47300;47300;47300;47300;47300;47300;47300;47300;47300;47300;47300;47300;47300;47300;47300;47300;47300;2247300; ; ; 
MEF;20260320;IT0005635583;20401001;-2100000;;0;40425; ;40425; ;40425; ;40425; ;40425; ;40425; ;40425; ;40425; ;40425; ;40425; ;40425; ;40425; ;40425; ;40425; ;40425; ;40425; ;40425; ;40425; ;40425;40425;40425;40425;40425;40425;40425;40425;40425;40425;2140425; ; ; ; ; ; ; ; ; ; ; ; ; ; ; ; ; ; ; ; ; ; ; ; ; ; ; ; ; ; ; 
MEF;20260320;IT0005648149;20351001;-1600000;;0;28800; ;28800; ;28800; ;28800; ;28800; ;28800; ;28800; ;28800; ;28800; ;28800; ;28800; ;28800; ;28800; ;28800; ;28800; ;28800; ;28800; ;28800; ;1628800; ; ; ; ; ; ; ; ; ; ; ; ; ; ; ; ; ; ; ; ; ; ; ; ; ; ; ; ; ; ; ; ; ; ; ; ; ; ; ; ; 
MEF;20260320;IT0005654642;20301001;-1600000;;0;21600; ;21600; ;21600; ;21600; ;21600; ;21600; ;21600; ;21600; ;1621600; ; ; ; ; ; ; ; ; ; ; ; ; ; ; ; ; ; ; ; ; ; ; ; ; ; ; ; ; ; ; ; ; ; ; ; ; ; ; ; ; ; ; ; ; ; ; ; ; ; ; ; ; ; ; ; ; ; ; ; ; 
MEF;20260323;IT0005635583;20401001;200000;;0;-3850; ;-3850; ;-3850; ;-3850; ;-3850; ;-3850; ;-3850; ;-3850; ;-3850; ;-3850; ;-3850; ;-3850; ;-3850; ;-3850; ;-3850; ;-3850; ;-3850; ;-3850; ;-3850;-3850;-3850;-3850;-3850;-3850;-3850;-3850;-3850;-3850;-203850; ; ; ; ; ; ; ; ; ; ; ; ; ; ; ; ; ; ; ; ; ; ; ; ; ; ; ; ; ; ; 
MEF;20260402;IT0005383309;20300401;9000000;;0;-60750; ;-60750; ;-60750; ;-60750; ;-60750; ;-60750; ;-60750; ;-9060750; ; ; ; ; ; ; ; ; ; ; ; ; ; ; ; ; ; ; ; ; ; ; ; ; ; ; ; ; ; ; ; ; ; ; ; ; ; ; ; ; ; ; ; ; ; ; ; ; ; ; ; ; ; ; ; ; ; ; ; ; ; ; 
MEF;20260408;IT0005582421;20391001;200000;;0;-4150; ;-4150; ;-4150; ;-4150; ;-4150; ;-4150; ;-4150; ;-4150; ;-4150; ;-4150; ;-4150; ;-4150; ;-4150; ;-4150; ;-4150; ;-4150; ;-4150; ;-4150; ;-4150;-4150;-4150;-4150;-4150;-4150;-4150;-4150;-204150; ; ; ; ; ; ; ; ; ; ; ; ; ; ; ; ; ; ; ; ; ; ; ; ; ; ; ; ; ; ; ; ; 
MEF;20260409;IT0005635583;20401001;200000;;0;-3850; ;-3850; ;-3850; ;-3850; ;-3850; ;-3850; ;-3850; ;-3850; ;-3850; ;-3850; ;-3850; ;-3850; ;-3850; ;-3850; ;-3850; ;-3850; ;-3850; ;-3850; ;-3850;-3850;-3850;-3850;-3850;-3850;-3850;-3850;-3850;-3850;-203850; ; ; ; ; ; ; ; ; ; ; ; ; ; ; ; ; ; ; ; ; ; ; ; ; ; ; ; ; ; ; 
MEF;20260413;IT0005521981;20280401;1000000;;0;-17000; ;-17000; ;-17000; ;-1017000; ; ; ; ; ; ; ; ; ; ; ; ; ; ; ; ; ; ; ; ; ; ; ; ; ; ; ; ; ; ; ; ; ; ; ; ; ; ; ; ; ; ; ; ; ; ; ; ; ; ; ; ; ; ; ; ; ; ; ; ; ; ; ; ; ; ; ; ; ; ; 
MEF;20260414;IT0005484552;20270401;1000000;;0;-5500; ;-1005500; ; ; ; ; ; ; ; ; ; ; ; ; ; ; ; ; ; ; ; ; ; ; ; ; ; ; ; ; ; ; ; ; ; ; ; ; ; ; ; ; ; ; ; ; ; ; ; ; ; ; ; ; ; ; ; ; ; ; ; ; ; ; ; ; ; ; ; ; ; ; ; ; ; ; 
MEF;20260417;IT0005534141;20531001;282000000;;0;-6345000; ;-6345000; ;-6345000; ;-6345000; ;-6345000; ;-6345000; ;-6345000; ;-6345000; ;-6345000; ;-6345000; ;-6345000; ;-6345000; ;-6345000; ;-6345000; ;-6345000; ;-6345000; ;-6345000; ;-6345000; ;-6345000;-6345000;-6345000;-6345000;-6345000;-6345000;-6345000;-6345000;-6345000;-6345000;-6345000;-6345000;-6345000;-6345000;-6345000;-6345000;-6345000;-6345000;-6345000;-6345000;-6345000;-6345000;-6345000;-6345000;-6345000;-6345000;-6345000;-6345000;-6345000;-6345000;-6345000;-6345000;-6345000;-6345000;-6345000;-6345000;-288345000; ; ; ; ; 
MEF;20260421;IT0005582421;20391001;300000;;0;-6225; ;-6225; ;-6225; ;-6225; ;-6225; ;-6225; ;-6225; ;-6225; ;-6225; ;-6225; ;-6225; ;-6225; ;-6225; ;-6225; ;-6225; ;-6225; ;-6225; ;-6225; ;-6225;-6225;-6225;-6225;-6225;-6225;-6225;-6225;-306225; ; ; ; ; ; ; ; ; ; ; ; ; ; ; ; ; ; ; ; ; ; ; ; ; ; ; ; ; ; ; ; ; 
MEF;20260422;IT0005383309;20300401;-6000000;;0;40500; ;40500; ;40500; ;40500; ;40500; ;40500; ;40500; ;6040500; ; ; ; ; ; ; ; ; ; ; ; ; ; ; ; ; ; ; ; ; ; ; ; ; ; ; ; ; ; ; ; ; ; ; ; ; ; ; ; ; ; ; ; ; ; ; ; ; ; ; ; ; ; ; ; ; ; ; ; ; ; ; 
MEF;20260422;IT0005422891;20310401;-7000000;;0;31500; ;31500; ;31500; ;31500; ;31500; ;31500; ;31500; ;31500; ;31500; ;7031500; ; ; ; ; ; ; ; ; ; ; ; ; ; ; ; ; ; ; ; ; ; ; ; ; ; ; ; ; ; ; ; ; ; ; ; ; ; ; ; ; ; ; ; ; ; ; ; ; ; ; ; ; ; ; ; ; ; ; 
MEF;20260422;IT0005484552;20270401;-7000000;;0;38500; ;7038500; ; ; ; ; ; ; ; ; ; ; ; ; ; ; ; ; ; ; ; ; ; ; ; ; ; ; ; ; ; ; ; ; ; ; ; ; ; ; ; ; ; ; ; ; ; ; ; ; ; ; ; ; ; ; ; ; ; ; ; ; ; ; ; ; ; ; ; ; ; ; ; ; ; ; 
MEF;20260422;IT0005521981;20280401;-8000000;;0;136000; ;136000; ;136000; ;8136000; ; ; ; ; ; ; ; ; ; ; ; ; ; ; ; ; ; ; ; ; ; ; ; ; ; ; ; ; ; ; ; ; ; ; ; ; ; ; ; ; ; ; ; ; ; ; ; ; ; ; ; ; ; ; ; ; ; ; ; ; ; ; ; ; ; ; ; ; ; ; 
MEF;20260422;IT0005582421;20391001;-7000000;;0;145250; ;145250; ;145250; ;145250; ;145250; ;145250; ;145250; ;145250; ;145250; ;145250; ;145250; ;145250; ;145250; ;145250; ;145250; ;145250; ;145250; ;145250; ;145250;145250;145250;145250;145250;145250;145250;145250;7145250; ; ; ; ; ; ; ; ; ; ; ; ; ; ; ; ; ; ; ; ; ; ; ; ; ; ; ; ; ; ; ; ; 
MEF;20260422;IT0005611055;20291001;-7000000;;0;105000; ;105000; ;105000; ;105000; ;105000; ;105000; ;7105000; ; ; ; ; ; ; ; ; ; ; ; ; ; ; ; ; ; ; ; ; ; ; ; ; ; ; ; ; ; ; ; ; ; ; ; ; ; ; ; ; ; ; ; ; ; ; ; ; ; ; ; ; ; ; ; ; ; ; ; ; ; ; ; ; 
MEF;20260422;IT0005635583;20401001;-7000000;;0;134750; ;134750; ;134750; ;134750; ;134750; ;134750; ;134750; ;134750; ;134750; ;134750; ;134750; ;134750; ;134750; ;134750; ;134750; ;134750; ;134750; ;134750; ;134750;134750;134750;134750;134750;134750;134750;134750;134750;134750;7134750; ; ; ; ; ; ; ; ; ; ; ; ; ; ; ; ; ; ; ; ; ; ; ; ; ; ; ; ; ; ; 
MEF;20260422;IT0005648149;20351001;-7000000;;0;126000; ;126000; ;126000; ;126000; ;126000; ;126000; ;126000; ;126000; ;126000; ;126000; ;126000; ;126000; ;126000; ;126000; ;126000; ;126000; ;126000; ;126000; ;7126000; ; ; ; ; ; ; ; ; ; ; ; ; ; ; ; ; ; ; ; ; ; ; ; ; ; ; ; ; ; ; ; ; ; ; ; ; ; ; ; ; 
MEF;20260422;IT0005654642;20301001;-7000000;;0;94500; ;94500; ;94500; ;94500; ;94500; ;94500; ;94500; ;94500; ;7094500; ; ; ; ; ; ; ; ; ; ; ; ; ; ; ; ; ; ; ; ; ; ; ; ; ; ; ; ; ; ; ; ; ; ; ; ; ; ; ; ; ; ; ; ; ; ; ; ; ; ; ; ; ; ; ; ; ; ; ; ; 
MEF;20260427;IT0005648149;20351001;300000;;0;-5400; ;-5400; ;-5400; ;-5400; ;-5400; ;-5400; ;-5400; ;-5400; ;-5400; ;-5400; ;-5400; ;-5400; ;-5400; ;-5400; ;-5400; ;-5400; ;-5400; ;-5400; ;-305400; ; ; ; ; ; ; ; ; ; ; ; ; ; ; ; ; ; ; ; ; ; ; ; ; ; ; ; ; ; ; ; ; ; ; ; ; ; ; ; ; 
MEF;20260428;IT0005668238;20551001;1000000;;0;-23250; ;-23250; ;-23250; ;-23250; ;-23250; ;-23250; ;-23250; ;-23250; ;-23250; ;-23250; ;-23250; ;-23250; ;-23250; ;-23250; ;-23250; ;-23250; ;-23250; ;-23250; ;-23250;-23250;-23250;-23250;-23250;-23250;-23250;-23250;-23250;-23250;-23250;-23250;-23250;-23250;-23250;-23250;-23250;-23250;-23250;-23250;-23250;-23250;-23250;-23250;-23250;-23250;-23250;-23250;-23250;-23250;-23250;-23250;-23250;-23250;-23250;-23250;-23250;-23250;-23250;-23250;-1023250; 
MEF;20260428;IT0005668238;20551001;133000000;;0;-3092250; ;-3092250; ;-3092250; ;-3092250; ;-3092250; ;-3092250; ;-3092250; ;-3092250; ;-3092250; ;-3092250; ;-3092250; ;-3092250; ;-3092250; ;-3092250; ;-3092250; ;-3092250; ;-3092250; ;-3092250; ;-3092250;-3092250;-3092250;-3092250;-3092250;-3092250;-3092250;-3092250;-3092250;-3092250;-3092250;-3092250;-3092250;-3092250;-3092250;-3092250;-3092250;-3092250;-3092250;-3092250;-3092250;-3092250;-3092250;-3092250;-3092250;-3092250;-3092250;-3092250;-3092250;-3092250;-3092250;-3092250;-3092250;-3092250;-3092250;-3092250;-3092250;-3092250;-3092250;-3092250;-136092250; 
MEF;20260429;IT0005383309;20300401;-2000000;;0;13500; ;13500; ;13500; ;13500; ;13500; ;13500; ;13500; ;2013500; ; ; ; ; ; ; ; ; ; ; ; ; ; ; ; ; ; ; ; ; ; ; ; ; ; ; ; ; ; ; ; ; ; ; ; ; ; ; ; ; ; ; ; ; ; ; ; ; ; ; ; ; ; ; ; ; ; ; ; ; ; ; 
MEF;20260429;IT0005422891;20310401;-1000000;;0;4500; ;4500; ;4500; ;4500; ;4500; ;4500; ;4500; ;4500; ;4500; ;1004500; ; ; ; ; ; ; ; ; ; ; ; ; ; ; ; ; ; ; ; ; ; ; ; ; ; ; ; ; ; ; ; ; ; ; ; ; ; ; ; ; ; ; ; ; ; ; ; ; ; ; ; ; ; ; ; ; ; ; 
MEF;20260429;IT0005484552;20270401;-1000000;;0;5500; ;1005500; ; ; ; ; ; ; ; ; ; ; ; ; ; ; ; ; ; ; ; ; ; ; ; ; ; ; ; ; ; ; ; ; ; ; ; ; ; ; ; ; ; ; ; ; ; ; ; ; ; ; ; ; ; ; ; ; ; ; ; ; ; ; ; ; ; ; ; ; ; ; ; ; ; ; 
MEF;20260429;IT0005521981;20280401;-2000000;;0;34000; ;34000; ;34000; ;2034000; ; ; ; ; ; ; ; ; ; ; ; ; ; ; ; ; ; ; ; ; ; ; ; ; ; ; ; ; ; ; ; ; ; ; ; ; ; ; ; ; ; ; ; ; ; ; ; ; ; ; ; ; ; ; ; ; ; ; ; ; ; ; ; ; ; ; ; ; ; ; 
MEF;20260429;IT0005582421;20391001;98000000;;0;-2033500; ;-2033500; ;-2033500; ;-2033500; ;-2033500; ;-2033500; ;-2033500; ;-2033500; ;-2033500; ;-2033500; ;-2033500; ;-2033500; ;-2033500; ;-2033500; ;-2033500; ;-2033500; ;-2033500; ;-2033500; ;-2033500;-2033500;-2033500;-2033500;-2033500;-2033500;-2033500;-2033500;-100033500; ; ; ; ; ; ; ; ; ; ; ; ; ; ; ; ; ; ; ; ; ; ; ; ; ; ; ; ; ; ; ; ; 
MEF;20260429;IT0005611055;20291001;-2000000;;0;30000; ;30000; ;30000; ;30000; ;30000; ;30000; ;2030000; ; ; ; ; ; ; ; ; ; ; ; ; ; ; ; ; ; ; ; ; ; ; ; ; ; ; ; ; ; ; ; ; ; ; ; ; ; ; ; ; ; ; ; ; ; ; ; ; ; ; ; ; ; ; ; ; ; ; ; ; ; ; ; ; 
MEF;20260429;IT0005648149;20351001;-2000000;;0;36000; ;36000; ;36000; ;36000; ;36000; ;36000; ;36000; ;36000; ;36000; ;36000; ;36000; ;36000; ;36000; ;36000; ;36000; ;36000; ;36000; ;36000; ;2036000; ; ; ; ; ; ; ; ; ; ; ; ; ; ; ; ; ; ; ; ; ; ; ; ; ; ; ; ; ; ; ; ; ; ; ; ; ; ; ; ; 
MEF;20260429;IT0005654642;20301001;-2000000;;0;27000; ;27000; ;27000; ;27000; ;27000; ;27000; ;27000; ;27000; ;2027000; ; ; ; ; ; ; ; ; ; ; ; ; ; ; ; ; ; ; ; ; ; ; ; ; ; ; ; ; ; ; ; ; ; ; ; ; ; ; ; ; ; ; ; ; ; ; ; ; ; ; ; ; ; ; ; ; ; ; ; ; 
MEF;20260429;IT0005694630;20411001;-6000000;;0;118500; ;118500; ;118500; ;118500; ;118500; ;118500; ;118500; ;118500; ;118500; ;118500; ;118500; ;118500; ;118500; ;118500; ;118500; ;118500; ;118500; ;118500; ;118500;118500;118500;118500;118500;118500;118500;118500;118500;118500;118500;118500;6118500; ; ; ; ; ; ; ; ; ; ; ; ; ; ; ; ; ; ; ; ; ; ; ; ; ; ; ; ; 
MEF;20260430;IT0005383309;20300401;-2700000;;0;18225; ;18225; ;18225; ;18225; ;18225; ;18225; ;18225; ;2718225; ; ; ; ; ; ; ; ; ; ; ; ; ; ; ; ; ; ; ; ; ; ; ; ; ; ; ; ; ; ; ; ; ; ; ; ; ; ; ; ; ; ; ; ; ; ; ; ; ; ; ; ; ; ; ; ; ; ; ; ; ; ; 
MEF;20260430;IT0005422891;20310401;-2800000;;0;12600; ;12600; ;12600; ;12600; ;12600; ;12600; ;12600; ;12600; ;12600; ;2812600; ; ; ; ; ; ; ; ; ; ; ; ; ; ; ; ; ; ; ; ; ; ; ; ; ; ; ; ; ; ; ; ; ; ; ; ; ; ; ; ; ; ; ; ; ; ; ; ; ; ; ; ; ; ; ; ; ; ; 
MEF;20260430;IT0005484552;20270401;-3500000;;0;19250; ;3519250; ; ; ; ; ; ; ; ; ; ; ; ; ; ; ; ; ; ; ; ; ; ; ; ; ; ; ; ; ; ; ; ; ; ; ; ; ; ; ; ; ; ; ; ; ; ; ; ; ; ; ; ; ; ; ; ; ; ; ; ; ; ; ; ; ; ; ; ; ; ; ; ; ; ; 
MEF;20260430;IT0005521981;20280401;-3500000;;0;59500; ;59500; ;59500; ;3559500; ; ; ; ; ; ; ; ; ; ; ; ; ; ; ; ; ; ; ; ; ; ; ; ; ; ; ; ; ; ; ; ; ; ; ; ; ; ; ; ; ; ; ; ; ; ; ; ; ; ; ; ; ; ; ; ; ; ; ; ; ; ; ; ; ; ; ; ; ; ; 
MEF;20260430;IT0005534141;20531001;-3000000;;0;67500; ;67500; ;67500; ;67500; ;67500; ;67500; ;67500; ;67500; ;67500; ;67500; ;67500; ;67500; ;67500; ;67500; ;67500; ;67500; ;67500; ;67500; ;67500;67500;67500;67500;67500;67500;67500;67500;67500;67500;67500;67500;67500;67500;67500;67500;67500;67500;67500;67500;67500;67500;67500;67500;67500;67500;67500;67500;67500;67500;67500;67500;67500;67500;67500;67500;3067500; ; ; ; ; 
MEF;20260430;IT0005582421;20391001;-2700000;;0;56025; ;56025; ;56025; ;56025; ;56025; ;56025; ;56025; ;56025; ;56025; ;56025; ;56025; ;56025; ;56025; ;56025; ;56025; ;56025; ;56025; ;56025; ;56025;56025;56025;56025;56025;56025;56025;56025;2756025; ; ; ; ; ; ; ; ; ; ; ; ; ; ; ; ; ; ; ; ; ; ; ; ; ; ; ; ; ; ; ; ; 
MEF;20260430;IT0005611055;20291001;-2600000;;0;39000; ;39000; ;39000; ;39000; ;39000; ;39000; ;2639000; ; ; ; ; ; ; ; ; ; ; ; ; ; ; ; ; ; ; ; ; ; ; ; ; ; ; ; ; ; ; ; ; ; ; ; ; ; ; ; ; ; ; ; ; ; ; ; ; ; ; ; ; ; ; ; ; ; ; ; ; ; ; ; ; 
MEF;20260430;IT0005611741;20541001;-3100000;;0;66650; ;66650; ;66650; ;66650; ;66650; ;66650; ;66650; ;66650; ;66650; ;66650; ;66650; ;66650; ;66650; ;66650; ;66650; ;66650; ;66650; ;66650; ;66650;66650;66650;66650;66650;66650;66650;66650;66650;66650;66650;66650;66650;66650;66650;66650;66650;66650;66650;66650;66650;66650;66650;66650;66650;66650;66650;66650;66650;66650;66650;66650;66650;66650;66650;66650;66650;66650;3166650; ; ; 
MEF;20260430;IT0005635583;20401001;-2800000;;0;53900; ;53900; ;53900; ;53900; ;53900; ;53900; ;53900; ;53900; ;53900; ;53900; ;53900; ;53900; ;53900; ;53900; ;53900; ;53900; ;53900; ;53900; ;53900;53900;53900;53900;53900;53900;53900;53900;53900;53900;2853900; ; ; ; ; ; ; ; ; ; ; ; ; ; ; ; ; ; ; ; ; ; ; ; ; ; ; ; ; ; ; 
MEF;20260430;IT0005648149;20351001;-2700000;;0;48600; ;48600; ;48600; ;48600; ;48600; ;48600; ;48600; ;48600; ;48600; ;48600; ;48600; ;48600; ;48600; ;48600; ;48600; ;48600; ;48600; ;48600; ;2748600; ; ; ; ; ; ; ; ; ; ; ; ; ; ; ; ; ; ; ; ; ; ; ; ; ; ; ; ; ; ; ; ; ; ; ; ; ; ; ; ; 
MEF;20260430;IT0005654642;20301001;-2600000;;0;35100; ;35100; ;35100; ;35100; ;35100; ;35100; ;35100; ;35100; ;2635100; ; ; ; ; ; ; ; ; ; ; ; ; ; ; ; ; ; ; ; ; ; ; ; ; ; ; ; ; ; ; ; ; ; ; ; ; ; ; ; ; ; ; ; ; ; ; ; ; ; ; ; ; ; ; ; ; ; ; ; ; 
MEF;20260430;IT0005694630;20411001;-5100000;;0;100725; ;100725; ;100725; ;100725; ;100725; ;100725; ;100725; ;100725; ;100725; ;100725; ;100725; ;100725; ;100725; ;100725; ;100725; ;100725; ;100725; ;100725; ;100725;100725;100725;100725;100725;100725;100725;100725;100725;100725;100725;100725;5200725; ; ; ; ; ; ; ; ; ; ; ; ; ; ; ; ; ; ; ; ; ; ; ; ; ; ; ; ; 
MEF;20260506;IT0005484552;20270401;1000000;;0;-5500; ;-1005500; ; ; ; ; ; ; ; ; ; ; ; ; ; ; ; ; ; ; ; ; ; ; ; ; ; ; ; ; ; ; ; ; ; ; ; ; ; ; ; ; ; ; ; ; ; ; ; ; ; ; ; ; ; ; ; ; ; ; ; ; ; ; ; ; ; ; ; ; ; ; ; ; ; ; 
MEF;20260506;IT0005534141;20531001;1000000;;0;-22500; ;-22500; ;-22500; ;-22500; ;-22500; ;-22500; ;-22500; ;-22500; ;-22500; ;-22500; ;-22500; ;-22500; ;-22500; ;-22500; ;-22500; ;-22500; ;-22500; ;-22500; ;-22500;-22500;-22500;-22500;-22500;-22500;-22500;-22500;-22500;-22500;-22500;-22500;-22500;-22500;-22500;-22500;-22500;-22500;-22500;-22500;-22500;-22500;-22500;-22500;-22500;-22500;-22500;-22500;-22500;-22500;-22500;-22500;-22500;-22500;-22500;-22500;-1022500; ; ; ; ; 
MEF;20260507;IT0005654642;20301001;1000000;;0;-13500; ;-13500; ;-13500; ;-13500; ;-13500; ;-13500; ;-13500; ;-13500; ;-1013500; ; ; ; ; ; ; ; ; ; ; ; ; ; ; ; ; ; ; ; ; ; ; ; ; ; ; ; ; ; ; ; ; ; ; ; ; ; ; ; ; ; ; ; ; ; ; ; ; ; ; ; ; ; ; ; ; ; ; ; ; 
MEF;20260508;IT0005383309;20300401;-1900000;;0;12825; ;12825; ;12825; ;12825; ;12825; ;12825; ;12825; ;1912825; ; ; ; ; ; ; ; ; ; ; ; ; ; ; ; ; ; ; ; ; ; ; ; ; ; ; ; ; ; ; ; ; ; ; ; ; ; ; ; ; ; ; ; ; ; ; ; ; ; ; ; ; ; ; ; ; ; ; ; ; ; ; 
MEF;20260508;IT0005484552;20270401;-900000;;0;4950; ;904950; ; ; ; ; ; ; ; ; ; ; ; ; ; ; ; ; ; ; ; ; ; ; ; ; ; ; ; ; ; ; ; ; ; ; ; ; ; ; ; ; ; ; ; ; ; ; ; ; ; ; ; ; ; ; ; ; ; ; ; ; ; ; ; ; ; ; ; ; ; ; ; ; ; ; 
MEF;20260514;IT0005668238;20551001;50000000;;0;-1162500; ;-1162500; ;-1162500; ;-1162500; ;-1162500; ;-1162500; ;-1162500; ;-1162500; ;-1162500; ;-1162500; ;-1162500; ;-1162500; ;-1162500; ;-1162500; ;-1162500; ;-1162500; ;-1162500; ;-1162500; ;-1162500;-1162500;-1162500;-1162500;-1162500;-1162500;-1162500;-1162500;-1162500;-1162500;-1162500;-1162500;-1162500;-1162500;-1162500;-1162500;-1162500;-1162500;-1162500;-1162500;-1162500;-1162500;-1162500;-1162500;-1162500;-1162500;-1162500;-1162500;-1162500;-1162500;-1162500;-1162500;-1162500;-1162500;-1162500;-1162500;-1162500;-1162500;-1162500;-1162500;-51162500; 
MEF;20260515;IT0005582421;20391001;200000;;0;-4150; ;-4150; ;-4150; ;-4150; ;-4150; ;-4150; ;-4150; ;-4150; ;-4150; ;-4150; ;-4150; ;-4150; ;-4150; ;-4150; ;-4150; ;-4150; ;-4150; ;-4150; ;-4150;-4150;-4150;-4150;-4150;-4150;-4150;-4150;-204150; ; ; ; ; ; ; ; ; ; ; ; ; ; ; ; ; ; ; ; ; ; ; ; ; ; ; ; ; ; ; ; ; 
MEF;20260527;IT0005582421;20391001;1000000;;0;-20750; ;-20750; ;-20750; ;-20750; ;-20750; ;-20750; ;-20750; ;-20750; ;-20750; ;-20750; ;-20750; ;-20750; ;-20750; ;-20750; ;-20750; ;-20750; ;-20750; ;-20750; ;-20750;-20750;-20750;-20750;-20750;-20750;-20750;-20750;-1020750; ; ; ; ; ; ; ; ; ; ; ; ; ; ; ; ; ; ; ; ; ; ; ; ; ; ; ; ; ; ; ; ; 
MEF;20260528;IT0005582421;20391001;1000000;;0;-20750; ;-20750; ;-20750; ;-20750; ;-20750; ;-20750; ;-20750; ;-20750; ;-20750; ;-20750; ;-20750; ;-20750; ;-20750; ;-20750; ;-20750; ;-20750; ;-20750; ;-20750; ;-20750;-20750;-20750;-20750;-20750;-20750;-20750;-20750;-1020750; ; ; ; ; ; ; ; ; ; ; ; ; ; ; ; ; ; ; ; ; ; ; ; ; ; ; ; ; ; ; ; ; 
MEF;20260604;IT0005422891;20310401;14600000;;0;-65700; ;-65700; ;-65700; ;-65700; ;-65700; ;-65700; ;-65700; ;-65700; ;-65700; ;-14665700; ; ; ; ; ; ; ; ; ; ; ; ; ; ; ; ; ; ; ; ; ; ; ; ; ; ; ; ; ; ; ; ; ; ; ; ; ; ; ; ; ; ; ; ; ; ; ; ; ; ; ; ; ; ; ; ; ; ; 
MEF;20260604;IT0005654642;20301001;14000000;;0;-189000; ;-189000; ;-189000; ;-189000; ;-189000; ;-189000; ;-189000; ;-189000; ;-14189000; ; ; ; ; ; ; ; ; ; ; ; ; ; ; ; ; ; ; ; ; ; ; ; ; ; ; ; ; ; ; ; ; ; ; ; ; ; ; ; ; ; ; ; ; ; ; ; ; ; ; ; ; ; ; ; ; ; ; ; ; 
MEF;20260605;IT0005521981;20280401;-900000;;0;15300; ;15300; ;15300; ;915300; ; ; ; ; ; ; ; ; ; ; ; ; ; ; ; ; ; ; ; ; ; ; ; ; ; ; ; ; ; ; ; ; ; ; ; ; ; ; ; ; ; ; ; ; ; ; ; ; ; ; ; ; ; ; ; ; ; ; ; ; ; ; ; ; ; ; ; ; ; ; 
MEF;20260609;IT0005534141;20531001;4800000;;0;-108000; ;-108000; ;-108000; ;-108000; ;-108000; ;-108000; ;-108000; ;-108000; ;-108000; ;-108000; ;-108000; ;-108000; ;-108000; ;-108000; ;-108000; ;-108000; ;-108000; ;-108000; ;-108000;-108000;-108000;-108000;-108000;-108000;-108000;-108000;-108000;-108000;-108000;-108000;-108000;-108000;-108000;-108000;-108000;-108000;-108000;-108000;-108000;-108000;-108000;-108000;-108000;-108000;-108000;-108000;-108000;-108000;-108000;-108000;-108000;-108000;-108000;-108000;-4908000; ; ; ; ; 
MEF;20260610;IT0005534141;20531001;4000000;;0;-90000; ;-90000; ;-90000; ;-90000; ;-90000; ;-90000; ;-90000; ;-90000; ;-90000; ;-90000; ;-90000; ;-90000; ;-90000; ;-90000; ;-90000; ;-90000; ;-90000; ;-90000; ;-90000;-90000;-90000;-90000;-90000;-90000;-90000;-90000;-90000;-90000;-90000;-90000;-90000;-90000;-90000;-90000;-90000;-90000;-90000;-90000;-90000;-90000;-90000;-90000;-90000;-90000;-90000;-90000;-90000;-90000;-90000;-90000;-90000;-90000;-90000;-90000;-4090000; ; ; ; ; 
MEF;20260612;IT0005668238;20551001;16000000;;0;-372000; ;-372000; ;-372000; ;-372000; ;-372000; ;-372000; ;-372000; ;-372000; ;-372000; ;-372000; ;-372000; ;-372000; ;-372000; ;-372000; ;-372000; ;-372000; ;-372000; ;-372000; ;-372000;-372000;-372000;-372000;-372000;-372000;-372000;-372000;-372000;-372000;-372000;-372000;-372000;-372000;-372000;-372000;-372000;-372000;-372000;-372000;-372000;-372000;-372000;-372000;-372000;-372000;-372000;-372000;-372000;-372000;-372000;-372000;-372000;-372000;-372000;-372000;-372000;-372000;-372000;-372000;-16372000; 
MEF;20260619;IT0005654642;20301001;-1100000;;0;14850; ;14850; ;14850; ;14850; ;14850; ;14850; ;14850; ;14850; ;1114850; ; ; ; ; ; ; ; ; ; ; ; ; ; ; ; ; ; ; ; ; ; ; ; ; ; ; ; ; ; ; ; ; ; ; ; ; ; ; ; ; ; ; ; ; ; ; ; ; ; ; ; ; ; ; ; ; ; ; ; ; 
MEF;20260630;IT0005582421;20391001;-6400000;;0;132800; ;132800; ;132800; ;132800; ;132800; ;132800; ;132800; ;132800; ;132800; ;132800; ;132800; ;132800; ;132800; ;132800; ;132800; ;132800; ;132800; ;132800; ;132800;132800;132800;132800;132800;132800;132800;132800;6532800; ; ; ; ; ; ; ; ; ; ; ; ; ; ; ; ; ; ; ; ; ; ; ; ; ; ; ; ; ; ; ; ; 
MEF;20260702;IT0005383309;20300401;-7000000;;0;47250; ;47250; ;47250; ;47250; ;47250; ;47250; ;47250; ;7047250; ; ; ; ; ; ; ; ; ; ; ; ; ; ; ; ; ; ; ; ; ; ; ; ; ; ; ; ; ; ; ; ; ; ; ; ; ; ; ; ; ; ; ; ; ; ; ; ; ; ; ; ; ; ; ; ; ; ; ; ; ; ; 
MEF;20260702;IT0005422891;20310401;-2000000;;0;9000; ;9000; ;9000; ;9000; ;9000; ;9000; ;9000; ;9000; ;9000; ;2009000; ; ; ; ; ; ; ; ; ; ; ; ; ; ; ; ; ; ; ; ; ; ; ; ; ; ; ; ; ; ; ; ; ; ; ; ; ; ; ; ; ; ; ; ; ; ; ; ; ; ; ; ; ; ; ; ; ; ; 
MEF;20260702;IT0005484552;20270401;-3000000;;0;16500; ;3016500; ; ; ; ; ; ; ; ; ; ; ; ; ; ; ; ; ; ; ; ; ; ; ; ; ; ; ; ; ; ; ; ; ; ; ; ; ; ; ; ; ; ; ; ; ; ; ; ; ; ; ; ; ; ; ; ; ; ; ; ; ; ; ; ; ; ; ; ; ; ; ; ; ; ; 
MEF;20260702;IT0005521981;20280401;-3000000;;0;51000; ;51000; ;51000; ;3051000; ; ; ; ; ; ; ; ; ; ; ; ; ; ; ; ; ; ; ; ; ; ; ; ; ; ; ; ; ; ; ; ; ; ; ; ; ; ; ; ; ; ; ; ; ; ; ; ; ; ; ; ; ; ; ; ; ; ; ; ; ; ; ; ; ; ; ; ; ; ; 
MEF;20260702;IT0005534141;20531001;-1000000;;0;22500; ;22500; ;22500; ;22500; ;22500; ;22500; ;22500; ;22500; ;22500; ;22500; ;22500; ;22500; ;22500; ;22500; ;22500; ;22500; ;22500; ;22500; ;22500;22500;22500;22500;22500;22500;22500;22500;22500;22500;22500;22500;22500;22500;22500;22500;22500;22500;22500;22500;22500;22500;22500;22500;22500;22500;22500;22500;22500;22500;22500;22500;22500;22500;22500;22500;1022500; ; ; ; ; 
MEF;20260702;IT0005582421;20391001;-1000000;;0;20750; ;20750; ;20750; ;20750; ;20750; ;20750; ;20750; ;20750; ;20750; ;20750; ;20750; ;20750; ;20750; ;20750; ;20750; ;20750; ;20750; ;20750; ;20750;20750;20750;20750;20750;20750;20750;20750;1020750; ; ; ; ; ; ; ; ; ; ; ; ; ; ; ; ; ; ; ; ; ; ; ; ; ; ; ; ; ; ; ; ; 
MEF;20260702;IT0005611055;20291001;-1000000;;0;15000; ;15000; ;15000; ;15000; ;15000; ;15000; ;1015000; ; ; ; ; ; ; ; ; ; ; ; ; ; ; ; ; ; ; ; ; ; ; ; ; ; ; ; ; ; ; ; ; ; ; ; ; ; ; ; ; ; ; ; ; ; ; ; ; ; ; ; ; ; ; ; ; ; ; ; ; ; ; ; ; 
MEF;20260702;IT0005611741;20541001;-1000000;;0;21500; ;21500; ;21500; ;21500; ;21500; ;21500; ;21500; ;21500; ;21500; ;21500; ;21500; ;21500; ;21500; ;21500; ;21500; ;21500; ;21500; ;21500; ;21500;21500;21500;21500;21500;21500;21500;21500;21500;21500;21500;21500;21500;21500;21500;21500;21500;21500;21500;21500;21500;21500;21500;21500;21500;21500;21500;21500;21500;21500;21500;21500;21500;21500;21500;21500;21500;21500;1021500; ; ; 
MEF;20260702;IT0005635583;20401001;-1000000;;0;19250; ;19250; ;19250; ;19250; ;19250; ;19250; ;19250; ;19250; ;19250; ;19250; ;19250; ;19250; ;19250; ;19250; ;19250; ;19250; ;19250; ;19250; ;19250;19250;19250;19250;19250;19250;19250;19250;19250;19250;1019250; ; ; ; ; ; ; ; ; ; ; ; ; ; ; ; ; ; ; ; ; ; ; ; ; ; ; ; ; ; ; 
MEF;20260702;IT0005635583;20401001;200000;;0;-3850; ;-3850; ;-3850; ;-3850; ;-3850; ;-3850; ;-3850; ;-3850; ;-3850; ;-3850; ;-3850; ;-3850; ;-3850; ;-3850; ;-3850; ;-3850; ;-3850; ;-3850; ;-3850;-3850;-3850;-3850;-3850;-3850;-3850;-3850;-3850;-3850;-203850; ; ; ; ; ; ; ; ; ; ; ; ; ; ; ; ; ; ; ; ; ; ; ; ; ; ; ; ; ; ; 
MEF;20260702;IT0005648149;20351001;-2000000;;0;36000; ;36000; ;36000; ;36000; ;36000; ;36000; ;36000; ;36000; ;36000; ;36000; ;36000; ;36000; ;36000; ;36000; ;36000; ;36000; ;36000; ;36000; ;2036000; ; ; ; ; ; ; ; ; ; ; ; ; ; ; ; ; ; ; ; ; ; ; ; ; ; ; ; ; ; ; ; ; ; ; ; ; ; ; ; ; 
MEF;20260702;IT0005654642;20301001;-1000000;;0;13500; ;13500; ;13500; ;13500; ;13500; ;13500; ;13500; ;13500; ;1013500; ; ; ; ; ; ; ; ; ; ; ; ; ; ; ; ; ; ; ; ; ; ; ; ; ; ; ; ; ; ; ; ; ; ; ; ; ; ; ; ; ; ; ; ; ; ; ; ; ; ; ; ; ; ; ; ; ; ; ; ; 
MEF;20260702;IT0005694630;20411001;-2000000;;0;39500; ;39500; ;39500; ;39500; ;39500; ;39500; ;39500; ;39500; ;39500; ;39500; ;39500; ;39500; ;39500; ;39500; ;39500; ;39500; ;39500; ;39500; ;39500;39500;39500;39500;39500;39500;39500;39500;39500;39500;39500;39500;2039500; ; ; ; ; ; ; ; ; ; ; ; ; ; ; ; ; ; ; ; ; ; ; ; ; ; ; ; ; 
MEF;20260703;IT0005422891;20310401;20900000;;0;-94050; ;-94050; ;-94050; ;-94050; ;-94050; ;-94050; ;-94050; ;-94050; ;-94050; ;-20994050; ; ; ; ; ; ; ; ; ; ; ; ; ; ; ; ; ; ; ; ; ; ; ; ; ; ; ; ; ; ; ; ; ; ; ; ; ; ; ; ; ; ; ; ; ; ; ; ; ; ; ; ; ; ; ; ; ; ; 
MEF;20260703;IT0005654642;20301001;20400000;;0;-275400; ;-275400; ;-275400; ;-275400; ;-275400; ;-275400; ;-275400; ;-275400; ;-20675400; ; ; ; ; ; ; ; ; ; ; ; ; ; ; ; ; ; ; ; ; ; ; ; ; ; ; ; ; ; ; ; ; ; ; ; ; ; ; ; ; ; ; ; ; ; ; ; ; ; ; ; ; ; ; ; ; ; ; ; ; 
MEF;20260706;IT0005654642;20301001;1000000;;0;-13500; ;-13500; ;-13500; ;-13500; ;-13500; ;-13500; ;-13500; ;-13500; ;-1013500; ; ; ; ; ; ; ; ; ; ; ; ; ; ; ; ; ; ; ; ; ; ; ; ; ; ; ; ; ; ; ; ; ; ; ; ; ; ; ; ; ; ; ; ; ; ; ; ; ; ; ; ; ; ; ; ; ; ; ; ; 
MEF;20260710;IT0005383309;20300401;-900000;;0;6075; ;6075; ;6075; ;6075; ;6075; ;6075; ;6075; ;906075; ; ; ; ; ; ; ; ; ; ; ; ; ; ; ; ; ; ; ; ; ; ; ; ; ; ; ; ; ; ; ; ; ; ; ; ; ; ; ; ; ; ; ; ; ; ; ; ; ; ; ; ; ; ; ; ; ; ; ; ; ; ; 
MEF;20260710;IT0005521981;20280401;-900000;;0;15300; ;15300; ;15300; ;915300; ; ; ; ; ; ; ; ; ; ; ; ; ; ; ; ; ; ; ; ; ; ; ; ; ; ; ; ; ; ; ; ; ; ; ; ; ; ; ; ; ; ; ; ; ; ; ; ; ; ; ; ; ; ; ; ; ; ; ; ; ; ; ; ; ; ; ; ; ; ; 
MEF;20260713;IT0005668238;20551001;200000000;;0;-4650000; ;-4650000; ;-4650000; ;-4650000; ;-4650000; ;-4650000; ;-4650000; ;-4650000; ;-4650000; ;-4650000; ;-4650000; ;-4650000; ;-4650000; ;-4650000; ;-4650000; ;-4650000; ;-4650000; ;-4650000; ;-4650000;-4650000;-4650000;-4650000;-4650000;-4650000;-4650000;-4650000;-4650000;-4650000;-4650000;-4650000;-4650000;-4650000;-4650000;-4650000;-4650000;-4650000;-4650000;-4650000;-4650000;-4650000;-4650000;-4650000;-4650000;-4650000;-4650000;-4650000;-4650000;-4650000;-4650000;-4650000;-4650000;-4650000;-4650000;-4650000;-4650000;-4650000;-4650000;-4650000;-204650000; 
MEF;20260714;IT0005582421;20391001;-45000000;;0;933750; ;933750; ;933750; ;933750; ;933750; ;933750; ;933750; ;933750; ;933750; ;933750; ;933750; ;933750; ;933750; ;933750; ;933750; ;933750; ;933750; ;933750; ;933750;933750;933750;933750;933750;933750;933750;933750;45933750; ; ; ; ; ; ; ; ; ; ; ; ; ; ; ; ; ; ; ; ; ; ; ; ; ; ; ; ; ; ; ; ; 
MEF;20260714;IT0005694630;20411001;49000000;;0;-967750; ;-967750; ;-967750; ;-967750; ;-967750; ;-967750; ;-967750; ;-967750; ;-967750; ;-967750; ;-967750; ;-967750; ;-967750; ;-967750; ;-967750; ;-967750; ;-967750; ;-967750; ;-967750;-967750;-967750;-967750;-967750;-967750;-967750;-967750;-967750;-967750;-967750;-967750;-49967750; ; ; ; ; ; ; ; ; ; ; ; ; ; ; ; ; ; ; ; ; ; ; ; ; ; ; ; ; 
MEF;20260716;IT0005635583;20401001;97000000;;0;-1867250; ;-1867250; ;-1867250; ;-1867250; ;-1867250; ;-1867250; ;-1867250; ;-1867250; ;-1867250; ;-1867250; ;-1867250; ;-1867250; ;-1867250; ;-1867250; ;-1867250; ;-1867250; ;-1867250; ;-1867250; ;-1867250;-1867250;-1867250;-1867250;-1867250;-1867250;-1867250;-1867250;-1867250;-1867250;-98867250; ; ; ; ; ; ; ; ; ; ; ; ; ; ; ; ; ; ; ; ; ; ; ; ; ; ; ; ; ; ; 
MEF;20260717;IT0005635583;20401001;-1100000;;0;21175; ;21175; ;21175; ;21175; ;21175; ;21175; ;21175; ;21175; ;21175; ;21175; ;21175; ;21175; ;21175; ;21175; ;21175; ;21175; ;21175; ;21175; ;21175;21175;21175;21175;21175;21175;21175;21175;21175;21175;1121175; ; ; ; ; ; ; ; ; ; ; ; ; ; ; ; ; ; ; ; ; ; ; ; ; ; ; ; ; ; ; 
MEF;20260717;IT0005694630;20411001;200000;;0;-3950; ;-3950; ;-3950; ;-3950; ;-3950; ;-3950; ;-3950; ;-3950; ;-3950; ;-3950; ;-3950; ;-3950; ;-3950; ;-3950; ;-3950; ;-3950; ;-3950; ;-3950; ;-3950;-3950;-3950;-3950;-3950;-3950;-3950;-3950;-3950;-3950;-3950;-3950;-203950; ; ; ; ; ; ; ; ; ; ; ; ; ; ; ; ; ; ; ; ; ; ; ; ; ; ; ; ; 
MEF;20260720;IT0005635583;20401001;1000000;;0;-19250; ;-19250; ;-19250; ;-19250; ;-19250; ;-19250; ;-19250; ;-19250; ;-19250; ;-19250; ;-19250; ;-19250; ;-19250; ;-19250; ;-19250; ;-19250; ;-19250; ;-19250; ;-19250;-19250;-19250;-19250;-19250;-19250;-19250;-19250;-19250;-19250;-1019250; ; ; ; ; ; ; ; ; ; ; ; ; ; ; ; ; ; ; ; ; ; ; ; ; ; ; ; ; ; ; 
MEF;20260721;IT0005582421;20391001;400000;;0;-8300; ;-8300; ;-8300; ;-8300; ;-8300; ;-8300; ;-8300; ;-8300; ;-8300; ;-8300; ;-8300; ;-8300; ;-8300; ;-8300; ;-8300; ;-8300; ;-8300; ;-8300; ;-8300;-8300;-8300;-8300;-8300;-8300;-8300;-8300;-408300; ; ; ; ; ; ; ; ; ; ; ; ; ; ; ; ; ; ; ; ; ; ; ; ; ; ; ; ; ; ; ; ; 
MEF;20260721;IT0005582421;20391001;51000000;;0;-1058250; ;-1058250; ;-1058250; ;-1058250; ;-1058250; ;-1058250; ;-1058250; ;-1058250; ;-1058250; ;-1058250; ;-1058250; ;-1058250; ;-1058250; ;-1058250; ;-1058250; ;-1058250; ;-1058250; ;-1058250; ;-1058250;-1058250;-1058250;-1058250;-1058250;-1058250;-1058250;-1058250;-52058250; ; ; ; ; ; ; ; ; ; ; ; ; ; ; ; ; ; ; ; ; ; ; ; ; ; ; ; ; ; ; ; ; 
MEF;20260723;IT0005694630;20411001;200000;;0;-3950; ;-3950; ;-3950; ;-3950; ;-3950; ;-3950; ;-3950; ;-3950; ;-3950; ;-3950; ;-3950; ;-3950; ;-3950; ;-3950; ;-3950; ;-3950; ;-3950; ;-3950; ;-3950;-3950;-3950;-3950;-3950;-3950;-3950;-3950;-3950;-3950;-3950;-3950;-203950; ; ; ; ; ; ; ; ; ; ; ; ; ; ; ; ; ; ; ; ; ; ; ; ; ; ; ; ; 
MEF;20260724;IT0005383309;20300401;-1100000;;0;7425; ;7425; ;7425; ;7425; ;7425; ;7425; ;7425; ;1107425; ; ; ; ; ; ; ; ; ; ; ; ; ; ; ; ; ; ; ; ; ; ; ; ; ; ; ; ; ; ; ; ; ; ; ; ; ; ; ; ; ; ; ; ; ; ; ; ; ; ; ; ; ; ; ; ; ; ; ; ; ; ; 
MEF;20260724;IT0005383309;20300401;-900000;;0;6075; ;6075; ;6075; ;6075; ;6075; ;6075; ;6075; ;906075; ; ; ; ; ; ; ; ; ; ; ; ; ; ; ; ; ; ; ; ; ; ; ; ; ; ; ; ; ; ; ; ; ; ; ; ; ; ; ; ; ; ; ; ; ; ; ; ; ; ; ; ; ; ; ; ; ; ; ; ; ; ; 
MEF;20260724;IT0005422891;20310401;-900000;;0;4050; ;4050; ;4050; ;4050; ;4050; ;4050; ;4050; ;4050; ;4050; ;904050; ; ; ; ; ; ; ; ; ; ; ; ; ; ; ; ; ; ; ; ; ; ; ; ; ; ; ; ; ; ; ; ; ; ; ; ; ; ; ; ; ; ; ; ; ; ; ; ; ; ; ; ; ; ; ; ; ; ; 
MEF;20260724;IT0005484552;20270401;-1400000;;0;7700; ;1407700; ; ; ; ; ; ; ; ; ; ; ; ; ; ; ; ; ; ; ; ; ; ; ; ; ; ; ; ; ; ; ; ; ; ; ; ; ; ; ; ; ; ; ; ; ; ; ; ; ; ; ; ; ; ; ; ; ; ; ; ; ; ; ; ; ; ; ; ; ; ; ; ; ; ; 
MEF;20260724;IT0005521981;20280401;-1400000;;0;23800; ;23800; ;23800; ;1423800; ; ; ; ; ; ; ; ; ; ; ; ; ; ; ; ; ; ; ; ; ; ; ; ; ; ; ; ; ; ; ; ; ; ; ; ; ; ; ; ; ; ; ; ; ; ; ; ; ; ; ; ; ; ; ; ; ; ; ; ; ; ; ; ; ; ; ; ; ; ; 
MEF;20260724;IT0005611055;20291001;-1400000;;0;21000; ;21000; ;21000; ;21000; ;21000; ;21000; ;1421000; ; ; ; ; ; ; ; ; ; ; ; ; ; ; ; ; ; ; ; ; ; ; ; ; ; ; ; ; ; ; ; ; ; ; ; ; ; ; ; ; ; ; ; ; ; ; ; ; ; ; ; ; ; ; ; ; ; ; ; ; ; ; ; ; 
MEF;20260724;IT0005648149;20351001;-1100000;;0;19800; ;19800; ;19800; ;19800; ;19800; ;19800; ;19800; ;19800; ;19800; ;19800; ;19800; ;19800; ;19800; ;19800; ;19800; ;19800; ;19800; ;19800; ;1119800; ; ; ; ; ; ; ; ; ; ; ; ; ; ; ; ; ; ; ; ; ; ; ; ; ; ; ; ; ; ; ; ; ; ; ; ; ; ; ; ; 
MEF;20260724;IT0005654642;20301001;-1900000;;0;25650; ;25650; ;25650; ;25650; ;25650; ;25650; ;25650; ;25650; ;1925650; ; ; ; ; ; ; ; ; ; ; ; ; ; ; ; ; ; ; ; ; ; ; ; ; ; ; ; ; ; ; ; ; ; ; ; ; ; ; ; ; ; ; ; ; ; ; ; ; ; ; ; ; ; ; ; ; ; ; ; ; 
MEF;20260727;IT0005582421;20391001;50000000;;0;-1037500; ;-1037500; ;-1037500; ;-1037500; ;-1037500; ;-1037500; ;-1037500; ;-1037500; ;-1037500; ;-1037500; ;-1037500; ;-1037500; ;-1037500; ;-1037500; ;-1037500; ;-1037500; ;-1037500; ;-1037500; ;-1037500;-1037500;-1037500;-1037500;-1037500;-1037500;-1037500;-1037500;-51037500; ; ; ; ; ; ; ; ; ; ; ; ; ; ; ; ; ; ; ; ; ; ; ; ; ; ; ; ; ; ; ; ; 
MEF;20260731;IT0005383309;20300401;-1400000;;0;9450; ;9450; ;9450; ;9450; ;9450; ;9450; ;9450; ;1409450; ; ; ; ; ; ; ; ; ; ; ; ; ; ; ; ; ; ; ; ; ; ; ; ; ; ; ; ; ; ; ; ; ; ; ; ; ; ; ; ; ; ; ; ; ; ; ; ; ; ; ; ; ; ; ; ; ; ; ; ; ; ; 
MEF;20260731;IT0005383309;20300401;-900000;;0;6075; ;6075; ;6075; ;6075; ;6075; ;6075; ;6075; ;906075; ; ; ; ; ; ; ; ; ; ; ; ; ; ; ; ; ; ; ; ; ; ; ; ; ; ; ; ; ; ; ; ; ; ; ; ; ; ; ; ; ; ; ; ; ; ; ; ; ; ; ; ; ; ; ; ; ; ; ; ; ; ; 
MEF;20260731;IT0005422891;20310401;-1100000;;0;4950; ;4950; ;4950; ;4950; ;4950; ;4950; ;4950; ;4950; ;4950; ;1104950; ; ; ; ; ; ; ; ; ; ; ; ; ; ; ; ; ; ; ; ; ; ; ; ; ; ; ; ; ; ; ; ; ; ; ; ; ; ; ; ; ; ; ; ; ; ; ; ; ; ; ; ; ; ; ; ; ; ; 
MEF;20260731;IT0005521981;20280401;-1200000;;0;20400; ;20400; ;20400; ;1220400; ; ; ; ; ; ; ; ; ; ; ; ; ; ; ; ; ; ; ; ; ; ; ; ; ; ; ; ; ; ; ; ; ; ; ; ; ; ; ; ; ; ; ; ; ; ; ; ; ; ; ; ; ; ; ; ; ; ; ; ; ; ; ; ; ; ; ; ; ; ; 
MEF;20260731;IT0005582421;20391001;-1700000;;0;35275; ;35275; ;35275; ;35275; ;35275; ;35275; ;35275; ;35275; ;35275; ;35275; ;35275; ;35275; ;35275; ;35275; ;35275; ;35275; ;35275; ;35275; ;35275;35275;35275;35275;35275;35275;35275;35275;1735275; ; ; ; ; ; ; ; ; ; ; ; ; ; ; ; ; ; ; ; ; ; ; ; ; ; ; ; ; ; ; ; ; 
MEF;20260731;IT0005582421;20391001;200000;;0;-4150; ;-4150; ;-4150; ;-4150; ;-4150; ;-4150; ;-4150; ;-4150; ;-4150; ;-4150; ;-4150; ;-4150; ;-4150; ;-4150; ;-4150; ;-4150; ;-4150; ;-4150; ;-4150;-4150;-4150;-4150;-4150;-4150;-4150;-4150;-204150; ; ; ; ; ; ; ; ; ; ; ; ; ; ; ; ; ; ; ; ; ; ; ; ; ; ; ; ; ; ; ; ; 
MEF;20260731;IT0005611055;20291001;-900000;;0;13500; ;13500; ;13500; ;13500; ;13500; ;13500; ;913500; ; ; ; ; ; ; ; ; ; ; ; ; ; ; ; ; ; ; ; ; ; ; ; ; ; ; ; ; ; ; ; ; ; ; ; ; ; ; ; ; ; ; ; ; ; ; ; ; ; ; ; ; ; ; ; ; ; ; ; ; ; ; ; ; 
MEF;20260731;IT0005648149;20351001;-900000;;0;16200; ;16200; ;16200; ;16200; ;16200; ;16200; ;16200; ;16200; ;16200; ;16200; ;16200; ;16200; ;16200; ;16200; ;16200; ;16200; ;16200; ;16200; ;916200; ; ; ; ; ; ; ; ; ; ; ; ; ; ; ; ; ; ; ; ; ; ; ; ; ; ; ; ; ; ; ; ; ; ; ; ; ; ; ; ; 
MEF;20260731;IT0005654642;20301001;-900000;;0;12150; ;12150; ;12150; ;12150; ;12150; ;12150; ;12150; ;12150; ;912150; ; ; ; ; ; ; ; ; ; ; ; ; ; ; ; ; ; ; ; ; ; ; ; ; ; ; ; ; ; ; ; ; ; ; ; ; ; ; ; ; ; ; ; ; ; ; ; ; ; ; ; ; ; ; ; ; ; ; ; ; 
MEF;20260803;IT0005668238;20551001;100000000;;0;-2325000; ;-2325000; ;-2325000; ;-2325000; ;-2325000; ;-2325000; ;-2325000; ;-2325000; ;-2325000; ;-2325000; ;-2325000; ;-2325000; ;-2325000; ;-2325000; ;-2325000; ;-2325000; ;-2325000; ;-2325000; ;-2325000;-2325000;-2325000;-2325000;-2325000;-2325000;-2325000;-2325000;-2325000;-2325000;-2325000;-2325000;-2325000;-2325000;-2325000;-2325000;-2325000;-2325000;-2325000;-2325000;-2325000;-2325000;-2325000;-2325000;-2325000;-2325000;-2325000;-2325000;-2325000;-2325000;-2325000;-2325000;-2325000;-2325000;-2325000;-2325000;-2325000;-2325000;-2325000;-2325000;-102325000; 
