"principal isin code";"strip security isin code";"upflit isin code";"coupon stripped isin code";"cacs clause";"isin code des.(or.bond/coupon)";"stripped bond quantity";"not stripped bond quantity";"stripped coupon";"interest redemption date"
IT0003745541;IT0003748040;IT0004371941;;NO;BTP 150935 IND;32000000;6506635000;0;0
;;;IT0003748750;NO;CS BTP 20260915;0;0;3458020.98;20260915
;;;IT0003748768;NO;CS BTP 20270315;0;0;2806474.72;20270315
;;;IT0003748776;NO;CS BTP 20270915;0;0;2806474.72;20270915
;;;IT0003748784;NO;CS BTP 20280315;0;0;2806474.72;20280315
;;;IT0003748792;NO;CS BTP 20280915;0;0;2806474.72;20280915
;;;IT0003748800;NO;CS BTP 20290315;0;0;2806474.72;20290315
;;;IT0003748818;NO;CS BTP 20290915;0;0;2806474.72;20290915
;;;IT0003748826;NO;CS BTP 20300315;0;0;2806474.72;20300315
;;;IT0003748834;NO;CS BTP 20300915;0;0;2806474.72;20300915
;;;IT0003748842;NO;CS BTP 20310315;0;0;2806474.72;20310315
;;;IT0003748859;NO;CS BTP 20310915;0;0;2806474.72;20310915
;;;IT0003748867;NO;CS BTP 20320315;0;0;2806474.72;20320315
;;;IT0003748875;NO;CS BTP 20320915;0;0;2806474.72;20320915
;;;IT0003748883;NO;CS BTP 20330315;0;0;2806474.72;20330315
;;;IT0003748891;NO;CS BTP 20330915;0;0;2806474.72;20330915
;;;IT0003748909;NO;CS BTP 20340315;0;0;2806474.72;20340315
;;;IT0003748917;NO;CS BTP 20340915;0;0;2806474.72;20340915
;;;IT0003748925;NO;CS BTP 20350315;0;0;2806474.72;20350315
;;;IT0003748933;NO;CS BTP 20350915;0;0;2806474.72;20350915
IT0004545890;IT0004548290;IT0004548415;;NO;BTP 150941 IND;126000000;7792717500;0;0
;;;IT0003748750;NO;CS BTP 20260915;0;0;3458020.98;20260915
;;;IT0003748768;NO;CS BTP 20270315;0;0;2806474.72;20270315
;;;IT0003748776;NO;CS BTP 20270915;0;0;2806474.72;20270915
;;;IT0003748784;NO;CS BTP 20280315;0;0;2806474.72;20280315
;;;IT0003748792;NO;CS BTP 20280915;0;0;2806474.72;20280915
;;;IT0003748800;NO;CS BTP 20290315;0;0;2806474.72;20290315
;;;IT0003748818;NO;CS BTP 20290915;0;0;2806474.72;20290915
;;;IT0003748826;NO;CS BTP 20300315;0;0;2806474.72;20300315
;;;IT0003748834;NO;CS BTP 20300915;0;0;2806474.72;20300915
;;;IT0003748842;NO;CS BTP 20310315;0;0;2806474.72;20310315
;;;IT0003748859;NO;CS BTP 20310915;0;0;2806474.72;20310915
;;;IT0003748867;NO;CS BTP 20320315;0;0;2806474.72;20320315
;;;IT0003748875;NO;CS BTP 20320915;0;0;2806474.72;20320915
;;;IT0003748883;NO;CS BTP 20330315;0;0;2806474.72;20330315
;;;IT0003748891;NO;CS BTP 20330915;0;0;2806474.72;20330915
;;;IT0003748909;NO;CS BTP 20340315;0;0;2806474.72;20340315
;;;IT0003748917;NO;CS BTP 20340915;0;0;2806474.72;20340915
;;;IT0003748925;NO;CS BTP 20350315;0;0;2806474.72;20350315
;;;IT0003748933;NO;CS BTP 20350915;0;0;2806474.72;20350915
;;;IT0004548282;NO;CS BTP 20360315;0;0;2231754.17;20360315
;;;IT0004548308;NO;CS BTP 20360915;0;0;2231754.17;20360915
;;;IT0004548316;NO;CS BTP 20370315;0;0;2231754.17;20370315
;;;IT0004548324;NO;CS BTP 20370915;0;0;2231754.17;20370915
;;;IT0004548332;NO;CS BTP 20380315;0;0;2231754.17;20380315
;;;IT0004548340;NO;CS BTP 20380915;0;0;2231754.17;20380915
;;;IT0004548357;NO;CS BTP 20380315;0;0;2231754.17;20390315
;;;IT0004548365;NO;CS BTP 20390915;0;0;2231754.17;20390915
;;;IT0004548373;NO;CS BTP 20400315;0;0;2231754.17;20400315
;;;IT0004548381;NO;CS BTP 20400915;0;0;2231754.17;20400915
;;;IT0004548399;NO;CS BTP 20410315;0;0;2231754.17;20410315
;;;IT0004548407;NO;CS BTP 20410915;0;0;2231754.17;20410915
IT0004735152;IT0004967904;IT0004967920;;NO;BTP 150926 IND;31000000;6253993000;0;0
;;;IT0003748750;NO;CS BTP 20260915;0;0;3458020.98;20260915
IT0005138828;IT0005155442;IT0005155434;;SI;BTP 150932 IND;515000000;7363256500;0;0
;;;IT0005155301;SI;CS BTP 20260915;0;0;4111084.49;20260915
;;;IT0005155319;SI;CS BTP 20270315;0;0;4111084.49;20270315
;;;IT0005155327;SI;CS BTP 20270915;0;0;4111084.49;20270915
;;;IT0005155335;SI;CS BTP 20280315;0;0;4111084.49;20280315
;;;IT0005155343;SI;CS BTP 20280915;0;0;4111084.49;20280915
;;;IT0005155350;SI;CS BTP 20290315;0;0;4111084.49;20290315
;;;IT0005155368;SI;CS BTP 20290915;0;0;4111084.49;20290915
;;;IT0005155376;SI;CS BTP 20300315;0;0;4111084.49;20300315
;;;IT0005155384;SI;CS BTP 20300915;0;0;4111084.49;20300915
;;;IT0005155392;SI;CS BTP 20310315;0;0;4111084.49;20310315
;;;IT0005155400;SI;CS BTP 20310915;0;0;4111084.49;20310915
;;;IT0005155418;SI;CS BTP 20320315;0;0;4111084.49;20320315
;;;IT0005155426;SI;CS BTP 20320915;0;0;4111084.49;20320915
IT0005246134;IT0005262073;IT0005262065;;SI;BTP 150528 IND;145000000;7791265500;0;0
;;;IT0005262024;SI;CS BTP 20261115;0;0;11850760.07;20261115
;;;IT0005262032;SI;CS BTP 20270515;0;0;11850760.07;20270515
;;;IT0005262040;SI;CS BTP 20271115;0;0;11850760.07;20271115
;;;IT0005262057;SI;CS BTP 20280515;0;0;11850760.07;20280515
IT0005387052;IT0005403552;IT0005403560;;SI;BTP 20300515;734000000;7170135000;0;0
;;;IT0005262024;SI;CS BTP 20261115;0;0;11850760.07;20261115
;;;IT0005262032;SI;CS BTP 20270515;0;0;11850760.07;20270515
;;;IT0005262040;SI;CS BTP 20271115;0;0;11850760.07;20271115
;;;IT0005262057;SI;CS BTP 20280515;0;0;11850760.07;20280515
;;;IT0005403511;SI;CS BTP 20281115;0;0;10647268.52;20281115
;;;IT0005403529;SI;CS BTP 20290515;0;0;10647268.52;20290515
;;;IT0005403537;SI;CS BTP 20291115;0;0;8189082.42;20291115
;;;IT0005403545;SI;CS BTP 20300515;0;0;8189082.42;20300515
IT0005436701;IT0005444101;IT0005444093;;SI;BTP 150551 IND;0;3401610000;0;0
;;;IT0005262024;SI;CS BTP 20261115;0;0;11850760.07;20261115
;;;IT0005262032;SI;CS BTP 20270515;0;0;11850760.07;20270515
;;;IT0005262040;SI;CS BTP 20271115;0;0;11850760.07;20271115
;;;IT0005262057;SI;CS BTP 20280515;0;0;11850760.07;20280515
;;;IT0005403511;SI;CS BTP 20281115;0;0;10647268.52;20281115
;;;IT0005403529;SI;CS BTP 20290515;0;0;10647268.52;20290515
;;;IT0005403537;SI;CS BTP 20291115;0;0;8189082.42;20291115
;;;IT0005403545;SI;CS BTP 20300515;0;0;8189082.42;20300515
;;;IT0005443699;SI;CS BTP 20301115;0;0;6372487.02;20301115
;;;IT0005443707;SI;CS BTP 20310515;0;0;6372487.02;20310515
;;;IT0005443715;SI;CS BTP 20311115;0;0;6372487.02;20311115
;;;IT0005443723;SI;CS BTP 20320515;0;0;6372487.02;20320515
;;;IT0005443731;SI;20321115;0;0;6372487.02;20321115
;;;IT0005443749;SI;CS BTP 20330515;0;0;6372487.02;20330515
;;;IT0005443756;SI;CS BTP 20331115;0;0;6183502.5;20331115
;;;IT0005443764;SI;CS BTP 20340515;0;0;6183502.5;20340515
;;;IT0005443772;SI;CS BTP 20341115;0;0;6183502.5;20341115
;;;IT0005443780;SI;20350515;0;0;6183502.5;20350515
;;;IT0005443798;SI;CS BTP 20351115;0;0;6183502.5;20351115
;;;IT0005443806;SI;CS BTP 20360515;0;0;6183502.5;20360515
;;;IT0005443814;SI;CS BTP 20361115;0;0;2468927.38;20361115
;;;IT0005443822;SI;CS BTP 20370515;0;0;2468927.38;20370515
;;;IT0005443830;SI;CS BTP 20371115;0;0;2468927.38;20371115
;;;IT0005443848;SI;CS BTP 20380515;0;0;2468927.38;20380515
;;;IT0005443855;SI;CS BTP 20381115;0;0;2468927.38;20381115
;;;IT0005443863;SI;CS BTP 20390515;0;0;2468927.38;20390515
IT0005482994;IT0005491458;IT0005491466;;SI;BTPI 20330515;318000000;9553394000;0;0
;;;IT0005262024;SI;CS BTP 20261115;0;0;11850760.07;20261115
;;;IT0005262032;SI;CS BTP 20270515;0;0;11850760.07;20270515
;;;IT0005262040;SI;CS BTP 20271115;0;0;11850760.07;20271115
;;;IT0005262057;SI;CS BTP 20280515;0;0;11850760.07;20280515
;;;IT0005403511;SI;CS BTP 20281115;0;0;10647268.52;20281115
;;;IT0005403529;SI;CS BTP 20290515;0;0;10647268.52;20290515
;;;IT0005403537;SI;CS BTP 20291115;0;0;8189082.42;20291115
;;;IT0005403545;SI;CS BTP 20300515;0;0;8189082.42;20300515
;;;IT0005443699;SI;CS BTP 20301115;0;0;6372487.02;20301115
;;;IT0005443707;SI;CS BTP 20310515;0;0;6372487.02;20310515
;;;IT0005443715;SI;CS BTP 20311115;0;0;6372487.02;20311115
;;;IT0005443723;SI;CS BTP 20320515;0;0;6372487.02;20320515
;;;IT0005443731;SI;20321115;0;0;6372487.02;20321115
;;;IT0005443749;SI;CS BTP 20330515;0;0;6372487.02;20330515
IT0005543803;IT0005554925;IT0005554933;;SI;BTPI 20290515;309000000;8728393500;0;0
;;;IT0005262024;SI;CS BTP 20261115;0;0;11850760.07;20261115
;;;IT0005262032;SI;CS BTP 20270515;0;0;11850760.07;20270515
;;;IT0005262040;SI;CS BTP 20271115;0;0;11850760.07;20271115
;;;IT0005262057;SI;CS BTP 20280515;0;0;11850760.07;20280515
;;;IT0005403511;SI;CS BTP 20281115;0;0;10647268.52;20281115
;;;IT0005403529;SI;CS BTP 20290515;0;0;10647268.52;20290515
IT0005547812;IT0005581548;IT0005581688;;SI;BTPI 20390515;195000000;6505000000;0;0
;;;IT0005262024;SI;CS BTP 20261115;0;0;11850760.07;20261115
;;;IT0005262032;SI;CS BTP 20270515;0;0;11850760.07;20270515
;;;IT0005262040;SI;CS BTP 20271115;0;0;11850760.07;20271115
;;;IT0005262057;SI;CS BTP 20280515;0;0;11850760.07;20280515
;;;IT0005403511;SI;CS BTP 20281115;0;0;10647268.52;20281115
;;;IT0005403529;SI;CS BTP 20290515;0;0;10647268.52;20290515
;;;IT0005403537;SI;CS BTP 20291115;0;0;8189082.42;20291115
;;;IT0005403545;SI;CS BTP 20300515;0;0;8189082.42;20300515
;;;IT0005443699;SI;CS BTP 20301115;0;0;6372487.02;20301115
;;;IT0005443707;SI;CS BTP 20310515;0;0;6372487.02;20310515
;;;IT0005443715;SI;CS BTP 20311115;0;0;6372487.02;20311115
;;;IT0005443723;SI;CS BTP 20320515;0;0;6372487.02;20320515
;;;IT0005443731;SI;20321115;0;0;6372487.02;20321115
;;;IT0005443749;SI;CS BTP 20330515;0;0;6372487.02;20330515
;;;IT0005443756;SI;CS BTP 20331115;0;0;6183502.5;20331115
;;;IT0005443764;SI;CS BTP 20340515;0;0;6183502.5;20340515
;;;IT0005443772;SI;CS BTP 20341115;0;0;6183502.5;20341115
;;;IT0005443780;SI;20350515;0;0;6183502.5;20350515
;;;IT0005443798;SI;CS BTP 20351115;0;0;6183502.5;20351115
;;;IT0005443806;SI;CS BTP 20360515;0;0;6183502.5;20360515
;;;IT0005443814;SI;CS BTP 20361115;0;0;2468927.38;20361115
;;;IT0005443822;SI;CS BTP 20370515;0;0;2468927.38;20370515
;;;IT0005443830;SI;CS BTP 20371115;0;0;2468927.38;20371115
;;;IT0005443848;SI;CS BTP 20380515;0;0;2468927.38;20380515
;;;IT0005443855;SI;CS BTP 20381115;0;0;2468927.38;20381115
;;;IT0005443863;SI;CS BTP 20390515;0;0;2468927.38;20390515
IT0005588881;IT0005594392;IT0005594400;;SI;BTPI 20360515;399000000;7494750000;0;0
;;;IT0005262024;SI;CS BTP 20261115;0;0;11850760.07;20261115
;;;IT0005262032;SI;CS BTP 20270515;0;0;11850760.07;20270515
;;;IT0005262040;SI;CS BTP 20271115;0;0;11850760.07;20271115
;;;IT0005262057;SI;CS BTP 20280515;0;0;11850760.07;20280515
;;;IT0005403511;SI;CS BTP 20281115;0;0;10647268.52;20281115
;;;IT0005403529;SI;CS BTP 20290515;0;0;10647268.52;20290515
;;;IT0005403537;SI;CS BTP 20291115;0;0;8189082.42;20291115
;;;IT0005403545;SI;CS BTP 20300515;0;0;8189082.42;20300515
;;;IT0005443699;SI;CS BTP 20301115;0;0;6372487.02;20301115
;;;IT0005443707;SI;CS BTP 20310515;0;0;6372487.02;20310515
;;;IT0005443715;SI;CS BTP 20311115;0;0;6372487.02;20311115
;;;IT0005443723;SI;CS BTP 20320515;0;0;6372487.02;20320515
;;;IT0005443731;SI;20321115;0;0;6372487.02;20321115
;;;IT0005443749;SI;CS BTP 20330515;0;0;6372487.02;20330515
;;;IT0005443756;SI;CS BTP 20331115;0;0;6183502.5;20331115
;;;IT0005443764;SI;CS BTP 20340515;0;0;6183502.5;20340515
;;;IT0005443772;SI;CS BTP 20341115;0;0;6183502.5;20341115
;;;IT0005443780;SI;20350515;0;0;6183502.5;20350515
;;;IT0005443798;SI;CS BTP 20351115;0;0;6183502.5;20351115
;;;IT0005443806;SI;CS BTP 20360515;0;0;6183502.5;20360515
IT0005647273;IT0005693251;IT0005693350;;SI;BTP 20560515 IND;0;2075000000;0;0
;;;IT0005262024;SI;CS BTP 20261115;0;0;11850760.07;20261115
;;;IT0005262032;SI;CS BTP 20270515;0;0;11850760.07;20270515
;;;IT0005262040;SI;CS BTP 20271115;0;0;11850760.07;20271115
;;;IT0005262057;SI;CS BTP 20280515;0;0;11850760.07;20280515
;;;IT0005403511;SI;CS BTP 20281115;0;0;10647268.52;20281115
;;;IT0005403529;SI;CS BTP 20290515;0;0;10647268.52;20290515
;;;IT0005403537;SI;CS BTP 20291115;0;0;8189082.42;20291115
;;;IT0005403545;SI;CS BTP 20300515;0;0;8189082.42;20300515
;;;IT0005443699;SI;CS BTP 20301115;0;0;6372487.02;20301115
;;;IT0005443707;SI;CS BTP 20310515;0;0;6372487.02;20310515
;;;IT0005443715;SI;CS BTP 20311115;0;0;6372487.02;20311115
;;;IT0005443723;SI;CS BTP 20320515;0;0;6372487.02;20320515
;;;IT0005443731;SI;20321115;0;0;6372487.02;20321115
;;;IT0005443749;SI;CS BTP 20330515;0;0;6372487.02;20330515
;;;IT0005443756;SI;CS BTP 20331115;0;0;6183502.5;20331115
;;;IT0005443764;SI;CS BTP 20340515;0;0;6183502.5;20340515
;;;IT0005443772;SI;CS BTP 20341115;0;0;6183502.5;20341115
;;;IT0005443780;SI;20350515;0;0;6183502.5;20350515
;;;IT0005443798;SI;CS BTP 20351115;0;0;6183502.5;20351115
;;;IT0005443806;SI;CS BTP 20360515;0;0;6183502.5;20360515
;;;IT0005443814;SI;CS BTP 20361115;0;0;2468927.38;20361115
;;;IT0005443822;SI;CS BTP 20370515;0;0;2468927.38;20370515
;;;IT0005443830;SI;CS BTP 20371115;0;0;2468927.38;20371115
;;;IT0005443848;SI;CS BTP 20380515;0;0;2468927.38;20380515
;;;IT0005443855;SI;CS BTP 20381115;0;0;2468927.38;20381115
;;;IT0005443863;SI;CS BTP 20390515;0;0;2468927.38;20390515
IT0005657348;IT0005667859;IT0005667867;;SI;BTPI 20310815;687000000;5650500000;0;0
;;;IT0005667768;SI;CS BTPI 150227;0;0;3779853.28;20270215
;;;IT0005667776;SI;CS BTPI 150827;0;0;3779853.28;20270815
;;;IT0005667784;SI;CS BTPI 150228;0;0;3779853.28;20280215
;;;IT0005667792;SI;CS BTPI 150828;0;0;3779853.28;20280815
;;;IT0005667800;SI;CS BTPI 150229;0;0;3779853.28;20290215
;;;IT0005667818;SI;CS BTPI 150829;0;0;3779853.28;20290815
;;;IT0005667826;SI;CS BTPI 150230;0;0;3779853.28;20300215
;;;IT0005667834;SI;CS BTPI 150830;0;0;3779853.28;20300815
;;;IT0005667842;SI;CS BTPI 150231;0;0;3779853.28;20310215
;;;IT0005667875;SI;CS BTPI 150831;0;0;3779853.28;20310815
IT0001086567;;;;NO;BTP 011126 7.25;2390856016;6926491651.58;0;0
;;;IT0004848443;NO;CS BTP 20261101;0;0;2824010683.89;20261101
IT0001174611;;;;NO;BTP 011127 6.50;4287943648;16534405462.61;0;0
;;;IT0004848443;NO;CS BTP 20261101;0;0;2824010683.89;20261101
;;;IT0001247391;NO;CS BTP 20270501;0;0;346486137.31;20270501
;;;IT0004848476;NO;CS BTP 20271101;0;0;4634429785.31;20271101
IT0001278511;;;;NO;BTP 011129 5.25;1659755000;21455244406.5025;0;0
;;;IT0004848443;NO;CS BTP 20261101;0;0;2824010683.89;20261101
;;;IT0001247391;NO;CS BTP 20270501;0;0;346486137.31;20270501
;;;IT0004848476;NO;CS BTP 20271101;0;0;4634429785.31;20271101
;;;IT0001312781;NO;CS BTP 20280501;0;0;207127968.75;20280501
;;;IT0001312799;NO;CS BTP 20281101;0;0;207127968.75;20281101
;;;IT0001312807;NO;CS BTP 20290501;0;0;207127968.75;20290501
;;;IT0004848484;NO;CS BTP 20291101;0;0;1866882968.75;20291101
IT0001444378;;;;NO;BTP 010531 6.00;5451980000;18738895000;0;0
;;;IT0004848443;NO;CS BTP 20261101;0;0;2824010683.89;20261101
;;;IT0001247391;NO;CS BTP 20270501;0;0;346486137.31;20270501
;;;IT0004848476;NO;CS BTP 20271101;0;0;4634429785.31;20271101
;;;IT0001312781;NO;CS BTP 20280501;0;0;207127968.75;20280501
;;;IT0001312799;NO;CS BTP 20281101;0;0;207127968.75;20281101
;;;IT0001312807;NO;CS BTP 20290501;0;0;207127968.75;20290501
;;;IT0004848484;NO;CS BTP 20291101;0;0;1866882968.75;20291101
;;;IT0001464194;NO;CS BTP 20300501;0;0;163559400;20300501
;;;IT0001464202;NO;CS BTP 20301101;0;0;163559400;20301101
;;;IT0004848492;NO;CS BTP 20310501;0;0;5615539400;20310501
IT0003256820;;;;NO;BTP 010233 5.75;3751886000;15943864000;0;0
;;;IT0003268874;NO;CS BTP 20270201;0;0;283638137.5;20270201
;;;IT0003268882;NO;CS BTP 20270801;0;0;283638137.5;20270801
;;;IT0003268890;NO;CS BTP 20280201;0;0;283638137.5;20280201
;;;IT0003268908;NO;CS BTP 20280801;0;0;283638137.5;20280801
;;;IT0003268924;NO;CS BTP 20290201;0;0;283638137.5;20290201
;;;IT0003268932;NO;CS BTP 20290801;0;0;283638137.5;20290801
;;;IT0003268957;NO;CS BTP 20300201;0;0;283638137.5;20300201
;;;IT0003268973;NO;CS BTP 20300801;0;0;283638137.5;20300801
;;;IT0003268999;NO;CS BTP 20310201;0;0;283638137.5;20310201
;;;IT0003269013;NO;CS BTP 20310801;0;0;283638137.5;20310801
;;;IT0003269021;NO;CS BTP 20320201;0;0;283638137.5;20320201
;;;IT0003269039;NO;CS BTP 20320801;0;0;283638137.5;20320801
;;;IT0004848534;NO;CS BTP 20330201;0;0;4035524137.5;20330201
IT0003535157;;;;NO;BTP 010834 5.00;2026218000;19941747750;0;0
;;;IT0003268874;NO;CS BTP 20270201;0;0;283638137.5;20270201
;;;IT0003268882;NO;CS BTP 20270801;0;0;283638137.5;20270801
;;;IT0003268890;NO;CS BTP 20280201;0;0;283638137.5;20280201
;;;IT0003268908;NO;CS BTP 20280801;0;0;283638137.5;20280801
;;;IT0003268924;NO;CS BTP 20290201;0;0;283638137.5;20290201
;;;IT0003268932;NO;CS BTP 20290801;0;0;283638137.5;20290801
;;;IT0003268957;NO;CS BTP 20300201;0;0;283638137.5;20300201
;;;IT0003268973;NO;CS BTP 20300801;0;0;283638137.5;20300801
;;;IT0003268999;NO;CS BTP 20310201;0;0;283638137.5;20310201
;;;IT0003269013;NO;CS BTP 20310801;0;0;283638137.5;20310801
;;;IT0003269021;NO;CS BTP 20320201;0;0;283638137.5;20320201
;;;IT0003269039;NO;CS BTP 20320801;0;0;283638137.5;20320801
;;;IT0004848534;NO;CS BTP 20330201;0;0;4035524137.5;20330201
;;;IT0003540389;NO;CS BTP 20330801;0;0;175771415;20330801
;;;IT0003540397;NO;CS BTP 20340201;0;0;175771415;20340201
;;;IT0004848591;NO;CS BTP 20340801;0;0;2201989415;20340801
IT0003934657;;;;NO;BTP 010237 4.00;568632000;25095849000;0;0
;;;IT0003268874;NO;CS BTP 20270201;0;0;283638137.5;20270201
;;;IT0003268882;NO;CS BTP 20270801;0;0;283638137.5;20270801
;;;IT0003268890;NO;CS BTP 20280201;0;0;283638137.5;20280201
;;;IT0003268908;NO;CS BTP 20280801;0;0;283638137.5;20280801
;;;IT0003268924;NO;CS BTP 20290201;0;0;283638137.5;20290201
;;;IT0003268932;NO;CS BTP 20290801;0;0;283638137.5;20290801
;;;IT0003268957;NO;CS BTP 20300201;0;0;283638137.5;20300201
;;;IT0003268973;NO;CS BTP 20300801;0;0;283638137.5;20300801
;;;IT0003268999;NO;CS BTP 20310201;0;0;283638137.5;20310201
;;;IT0003269013;NO;CS BTP 20310801;0;0;283638137.5;20310801
;;;IT0003269021;NO;CS BTP 20320201;0;0;283638137.5;20320201
;;;IT0003269039;NO;CS BTP 20320801;0;0;283638137.5;20320801
;;;IT0004848534;NO;CS BTP 20330201;0;0;4035524137.5;20330201
;;;IT0003540389;NO;CS BTP 20330801;0;0;175771415;20330801
;;;IT0003540397;NO;CS BTP 20340201;0;0;175771415;20340201
;;;IT0004848591;NO;CS BTP 20340801;0;0;2201989415;20340801
;;;IT0004002819;NO;CS BTP 20350201;0;0;125115965;20350201
;;;IT0004002827;NO;CS BTP 20350801;0;0;125115965;20350801
;;;IT0004002835;NO;CS BTP 20360201;0;0;125115965;20360201
;;;IT0004002843;NO;CS BTP 20360801;0;0;125115965;20360801
;;;IT0004848641;NO;CS BTP 20370201;0;0;693747965;20370201
IT0004286966;;;;NO;BTP 010839 5.00;4549733000;15392215750;0;0
;;;IT0003268874;NO;CS BTP 20270201;0;0;283638137.5;20270201
;;;IT0003268882;NO;CS BTP 20270801;0;0;283638137.5;20270801
;;;IT0003268890;NO;CS BTP 20280201;0;0;283638137.5;20280201
;;;IT0003268908;NO;CS BTP 20280801;0;0;283638137.5;20280801
;;;IT0003268924;NO;CS BTP 20290201;0;0;283638137.5;20290201
;;;IT0003268932;NO;CS BTP 20290801;0;0;283638137.5;20290801
;;;IT0003268957;NO;CS BTP 20300201;0;0;283638137.5;20300201
;;;IT0003268973;NO;CS BTP 20300801;0;0;283638137.5;20300801
;;;IT0003268999;NO;CS BTP 20310201;0;0;283638137.5;20310201
;;;IT0003269013;NO;CS BTP 20310801;0;0;283638137.5;20310801
;;;IT0003269021;NO;CS BTP 20320201;0;0;283638137.5;20320201
;;;IT0003269039;NO;CS BTP 20320801;0;0;283638137.5;20320801
;;;IT0004848534;NO;CS BTP 20330201;0;0;4035524137.5;20330201
;;;IT0003540389;NO;CS BTP 20330801;0;0;175771415;20330801
;;;IT0003540397;NO;CS BTP 20340201;0;0;175771415;20340201
;;;IT0004848591;NO;CS BTP 20340801;0;0;2201989415;20340801
;;;IT0004002819;NO;CS BTP 20350201;0;0;125115965;20350201
;;;IT0004002827;NO;CS BTP 20350801;0;0;125115965;20350801
;;;IT0004002835;NO;CS BTP 20360201;0;0;125115965;20360201
;;;IT0004002843;NO;CS BTP 20360801;0;0;125115965;20360801
;;;IT0004848641;NO;CS BTP 20370201;0;0;693747965;20370201
;;;IT0004288590;NO;CS BTP 20370801;0;0;113743325;20370801
;;;IT0004288608;NO;CS BTP 20380201;0;0;113743325;20380201
;;;IT0004288616;NO;CS BTP 20380801;0;0;113743325;20380801
;;;IT0004288624;NO;CS BTP 20390201;0;0;113743325;20390201
;;;IT0004848690;NO;CS BTP 20390801;0;0;4663476325;20390801
IT0004532559;;;;NO;BTP 010940 5.00;189000000;18825266250;0;0
;;;IT0004534316;NO;CS BTP 20260901;0;0;4725000;20260901
;;;IT0004534324;NO;CS BTP 20270301;0;0;4725000;20270301
;;;IT0004534332;NO;CS BTP 20270901;0;0;4725000;20270901
;;;IT0004534340;NO;CS BTP 20280301;0;0;4725000;20280301
;;;IT0004534357;NO;CS BTP 20280901;0;0;4725000;20280901
;;;IT0004534365;NO;CS BTP 20290301;0;0;4725000;20290301
;;;IT0004534373;NO;CS BTP 20290901;0;0;4725000;20290901
;;;IT0004534381;NO;CS BTP 20300301;0;0;4725000;20300301
;;;IT0004534399;NO;CS BTP 20300901;0;0;4725000;20300901
;;;IT0004534407;NO;CS BTP 20310301;0;0;4725000;20310301
;;;IT0004534415;NO;CS BTP 20310901;0;0;4725000;20310901
;;;IT0004534423;NO;CS BTP 20320301;0;0;4725000;20320301
;;;IT0004534431;NO;CS BTP 20320901;0;0;4725000;20320901
;;;IT0004534449;NO;CS BTP 20330301;0;0;4725000;20330301
;;;IT0004534456;NO;CS BTP 20330901;0;0;4725000;20330901
;;;IT0004534464;NO;CS BTP 20340301;0;0;4725000;20340301
;;;IT0004534472;NO;CS BTP 20340901;0;0;4725000;20340901
;;;IT0004534480;NO;CS BTP 20350301;0;0;4725000;20350301
;;;IT0004534498;NO;CS BTP 20350901;0;0;4725000;20350901
;;;IT0004534506;NO;CS BTP 20360301;0;0;4725000;20360301
;;;IT0004534514;NO;CS BTP 20360901;0;0;4725000;20360901
;;;IT0004534522;NO;CS BTP 20370301;0;0;4725000;20370301
;;;IT0004534530;NO;CS BTP 20370901;0;0;4725000;20370901
;;;IT0004534548;NO;CS BTP 20380301;0;0;4725000;20380301
;;;IT0004534555;NO;CS BTP 20380901;0;0;4725000;20380901
;;;IT0004534571;NO;CS BTP 20390301;0;0;4725000;20390301
;;;IT0004534589;NO;CS BTP 20390901;0;0;4725000;20390901
;;;IT0004534605;NO;CS BTP 20400301;0;0;4725000;20400301
;;;IT0004848740;NO;CS BTP 20400901;0;0;193725000;20400901
IT0004889033;;;;SI;BTP 010928 4.75;145202000;19786913500;0;0
;;;IT0004976483;SI;CS BTP 20260901;0;0;105910536.75;20260901
;;;IT0004976491;SI;CS BTP 20270301;0;0;105910536.75;20270301
;;;IT0004976509;SI;CS BTP 20270901;0;0;105910536.75;20270901
;;;IT0004976517;SI;CS BTP 20280301;0;0;105910536.75;20280301
;;;IT0004976525;SI;CS BTP 20280901;0;0;251112536.75;20280901
IT0004923998;;;;SI;BTP 010944 4.75;2016401000;13346208250;0;0
;;;IT0004976483;SI;CS BTP 20260901;0;0;105910536.75;20260901
;;;IT0004976491;SI;CS BTP 20270301;0;0;105910536.75;20270301
;;;IT0004976509;SI;CS BTP 20270901;0;0;105910536.75;20270901
;;;IT0004976517;SI;CS BTP 20280301;0;0;105910536.75;20280301
;;;IT0004976525;SI;CS BTP 20280901;0;0;251112536.75;20280901
;;;IT0004976533;SI;CS BTP 20290301;0;0;102461989.25;20290301
;;;IT0004976541;SI;CS BTP 20290901;0;0;102461989.25;20290901
;;;IT0004976558;SI;CS BTP 20300301;0;0;143361989.25;20300301
;;;IT0004976566;SI;CS BTP 20300901;0;0;101746239.25;20300901
;;;IT0004976574;SI;CS BTP 20310301;0;0;101746239.25;20310301
;;;IT0004976582;SI;CS BTP 20310901;0;0;101746239.25;20310901
;;;IT0004976590;SI;CS BTP 20320301;0;0;37442239.25;20320301
;;;IT0004976608;SI;CS BTP 20320901;0;0;102276747.25;20320901
;;;IT0004976616;SI;CS BTP 20330301;0;0;102276747.25;20330301
;;;IT0004976624;SI;CS BTP 20330901;0;0;88751747.25;20330901
;;;IT0004976632;SI;CS BTP 20340301;0;0;97042428.5;20340301
;;;IT0004976640;SI;CS BTP 20340901;0;0;102555828.5;20340901
;;;IT0004976657;SI;CS BTP 20350301;0;0;212805828.5;20350301
;;;IT0004976665;SI;CS BTP 20350901;0;0;100709141;20350901
;;;IT0004976673;SI;CS BTP 20360301;0;0;38009141;20360301
;;;IT0004976681;SI;CS BTP 20360901;0;0;68563716;20360901
;;;IT0004976699;SI;CS BTP 20370301;0;0;53530466;20370301
;;;IT0004976707;SI;CS BTP 20370901;0;0;101758466;20370901
;;;IT0004976715;SI;CS BTP 20380301;0;0;209908466;20380301
;;;IT0004976723;SI;CS BTP 20380901;0;0;70901028.5;20380901
;;;IT0004976731;SI;CS BTP 20390301;0;0;100430253.5;20390301
;;;IT0004976749;SI;CS BTP 20390901;0;0;100430253.5;20390901
;;;IT0004976756;SI;CS BTP 20400301;0;0;98080253.5;20400301
;;;IT0004976764;SI;CS BTP 20400901;0;0;100466678.5;20400901
;;;IT0004976772;SI;CS BTP 20410301;0;0;51666678.5;20410301
;;;IT0004976780;SI;CS BTP 20410901;0;0;100905878.5;20410901
;;;IT0004976798;SI;CS BTP 20420301;0;0;100905878.5;20420301
;;;IT0004976806;SI;CS BTP 20420901;0;0;100905878.5;20420901
;;;IT0004976814;SI;CS BTP 20430301;0;0;100905878.5;20430301
;;;IT0004976822;SI;CS BTP 20430901;0;0;427861878.5;20430901
;;;IT0004976830;SI;CS BTP 20440301;0;0;93631107.5;20440301
;;;IT0004976848;SI;CS BTP 20440901;0;0;2110032107.5;20440901
IT0005024234;;;;SI;BTP 010330 3.50;40900000;22613936750;0;0
;;;IT0004976483;SI;CS BTP 20260901;0;0;105910536.75;20260901
;;;IT0004976491;SI;CS BTP 20270301;0;0;105910536.75;20270301
;;;IT0004976509;SI;CS BTP 20270901;0;0;105910536.75;20270901
;;;IT0004976517;SI;CS BTP 20280301;0;0;105910536.75;20280301
;;;IT0004976525;SI;CS BTP 20280901;0;0;251112536.75;20280901
;;;IT0004976533;SI;CS BTP 20290301;0;0;102461989.25;20290301
;;;IT0004976541;SI;CS BTP 20290901;0;0;102461989.25;20290901
;;;IT0004976558;SI;CS BTP 20300301;0;0;143361989.25;20300301
IT0005083057;;;;SI;BTP 010946 3.25;24150000;14154093750;0;0
;;;IT0004976483;SI;CS BTP 20260901;0;0;105910536.75;20260901
;;;IT0004976491;SI;CS BTP 20270301;0;0;105910536.75;20270301
;;;IT0004976509;SI;CS BTP 20270901;0;0;105910536.75;20270901
;;;IT0004976517;SI;CS BTP 20280301;0;0;105910536.75;20280301
;;;IT0004976525;SI;CS BTP 20280901;0;0;251112536.75;20280901
;;;IT0004976533;SI;CS BTP 20290301;0;0;102461989.25;20290301
;;;IT0004976541;SI;CS BTP 20290901;0;0;102461989.25;20290901
;;;IT0004976558;SI;CS BTP 20300301;0;0;143361989.25;20300301
;;;IT0004976566;SI;CS BTP 20300901;0;0;101746239.25;20300901
;;;IT0004976574;SI;CS BTP 20310301;0;0;101746239.25;20310301
;;;IT0004976582;SI;CS BTP 20310901;0;0;101746239.25;20310901
;;;IT0004976590;SI;CS BTP 20320301;0;0;37442239.25;20320301
;;;IT0004976608;SI;CS BTP 20320901;0;0;102276747.25;20320901
;;;IT0004976616;SI;CS BTP 20330301;0;0;102276747.25;20330301
;;;IT0004976624;SI;CS BTP 20330901;0;0;88751747.25;20330901
;;;IT0004976632;SI;CS BTP 20340301;0;0;97042428.5;20340301
;;;IT0004976640;SI;CS BTP 20340901;0;0;102555828.5;20340901
;;;IT0004976657;SI;CS BTP 20350301;0;0;212805828.5;20350301
;;;IT0004976665;SI;CS BTP 20350901;0;0;100709141;20350901
;;;IT0004976673;SI;CS BTP 20360301;0;0;38009141;20360301
;;;IT0004976681;SI;CS BTP 20360901;0;0;68563716;20360901
;;;IT0004976699;SI;CS BTP 20370301;0;0;53530466;20370301
;;;IT0004976707;SI;CS BTP 20370901;0;0;101758466;20370901
;;;IT0004976715;SI;CS BTP 20380301;0;0;209908466;20380301
;;;IT0004976723;SI;CS BTP 20380901;0;0;70901028.5;20380901
;;;IT0004976731;SI;CS BTP 20390301;0;0;100430253.5;20390301
;;;IT0004976749;SI;CS BTP 20390901;0;0;100430253.5;20390901
;;;IT0004976756;SI;CS BTP 20400301;0;0;98080253.5;20400301
;;;IT0004976764;SI;CS BTP 20400901;0;0;100466678.5;20400901
;;;IT0004976772;SI;CS BTP 20410301;0;0;51666678.5;20410301
;;;IT0004976780;SI;CS BTP 20410901;0;0;100905878.5;20410901
;;;IT0004976798;SI;CS BTP 20420301;0;0;100905878.5;20420301
;;;IT0004976806;SI;CS BTP 20420901;0;0;100905878.5;20420901
;;;IT0004976814;SI;CS BTP 20430301;0;0;100905878.5;20430301
;;;IT0004976822;SI;CS BTP 20430901;0;0;427861878.5;20430901
;;;IT0004976830;SI;CS BTP 20440301;0;0;93631107.5;20440301
;;;IT0004976848;SI;CS BTP 20440901;0;0;2110032107.5;20440901
;;;IT0005093288;SI;CS BTP 20450301;0;0;45741583.75;20450301
;;;IT0005093296;SI;CS BTP 20450901;0;0;45741583.75;20450901
;;;IT0005093304;SI;CS BTP 20460301;0;0;45741583.75;20460301
;;;IT0005093312;SI;CS BTP 20460901;0;0;69891583.75;20460901
IT0005094088;;;;SI;BTP 010332 1.65;64304000;20524491250;0;0
;;;IT0004976483;SI;CS BTP 20260901;0;0;105910536.75;20260901
;;;IT0004976491;SI;CS BTP 20270301;0;0;105910536.75;20270301
;;;IT0004976509;SI;CS BTP 20270901;0;0;105910536.75;20270901
;;;IT0004976517;SI;CS BTP 20280301;0;0;105910536.75;20280301
;;;IT0004976525;SI;CS BTP 20280901;0;0;251112536.75;20280901
;;;IT0004976533;SI;CS BTP 20290301;0;0;102461989.25;20290301
;;;IT0004976541;SI;CS BTP 20290901;0;0;102461989.25;20290901
;;;IT0004976558;SI;CS BTP 20300301;0;0;143361989.25;20300301
;;;IT0004976566;SI;CS BTP 20300901;0;0;101746239.25;20300901
;;;IT0004976574;SI;CS BTP 20310301;0;0;101746239.25;20310301
;;;IT0004976582;SI;CS BTP 20310901;0;0;101746239.25;20310901
;;;IT0004976590;SI;CS BTP 20320301;0;0;37442239.25;20320301
IT0005162828;;;;SI;BTP 010347 2.70;44700000;14011026750;0;0
;;;IT0004976483;SI;CS BTP 20260901;0;0;105910536.75;20260901
;;;IT0004976491;SI;CS BTP 20270301;0;0;105910536.75;20270301
;;;IT0004976509;SI;CS BTP 20270901;0;0;105910536.75;20270901
;;;IT0004976517;SI;CS BTP 20280301;0;0;105910536.75;20280301
;;;IT0004976525;SI;CS BTP 20280901;0;0;251112536.75;20280901
;;;IT0004976533;SI;CS BTP 20290301;0;0;102461989.25;20290301
;;;IT0004976541;SI;CS BTP 20290901;0;0;102461989.25;20290901
;;;IT0004976558;SI;CS BTP 20300301;0;0;143361989.25;20300301
;;;IT0004976566;SI;CS BTP 20300901;0;0;101746239.25;20300901
;;;IT0004976574;SI;CS BTP 20310301;0;0;101746239.25;20310301
;;;IT0004976582;SI;CS BTP 20310901;0;0;101746239.25;20310901
;;;IT0004976590;SI;CS BTP 20320301;0;0;37442239.25;20320301
;;;IT0004976608;SI;CS BTP 20320901;0;0;102276747.25;20320901
;;;IT0004976616;SI;CS BTP 20330301;0;0;102276747.25;20330301
;;;IT0004976624;SI;CS BTP 20330901;0;0;88751747.25;20330901
;;;IT0004976632;SI;CS BTP 20340301;0;0;97042428.5;20340301
;;;IT0004976640;SI;CS BTP 20340901;0;0;102555828.5;20340901
;;;IT0004976657;SI;CS BTP 20350301;0;0;212805828.5;20350301
;;;IT0004976665;SI;CS BTP 20350901;0;0;100709141;20350901
;;;IT0004976673;SI;CS BTP 20360301;0;0;38009141;20360301
;;;IT0004976681;SI;CS BTP 20360901;0;0;68563716;20360901
;;;IT0004976699;SI;CS BTP 20370301;0;0;53530466;20370301
;;;IT0004976707;SI;CS BTP 20370901;0;0;101758466;20370901
;;;IT0004976715;SI;CS BTP 20380301;0;0;209908466;20380301
;;;IT0004976723;SI;CS BTP 20380901;0;0;70901028.5;20380901
;;;IT0004976731;SI;CS BTP 20390301;0;0;100430253.5;20390301
;;;IT0004976749;SI;CS BTP 20390901;0;0;100430253.5;20390901
;;;IT0004976756;SI;CS BTP 20400301;0;0;98080253.5;20400301
;;;IT0004976764;SI;CS BTP 20400901;0;0;100466678.5;20400901
;;;IT0004976772;SI;CS BTP 20410301;0;0;51666678.5;20410301
;;;IT0004976780;SI;CS BTP 20410901;0;0;100905878.5;20410901
;;;IT0004976798;SI;CS BTP 20420301;0;0;100905878.5;20420301
;;;IT0004976806;SI;CS BTP 20420901;0;0;100905878.5;20420901
;;;IT0004976814;SI;CS BTP 20430301;0;0;100905878.5;20430301
;;;IT0004976822;SI;CS BTP 20430901;0;0;427861878.5;20430901
;;;IT0004976830;SI;CS BTP 20440301;0;0;93631107.5;20440301
;;;IT0004976848;SI;CS BTP 20440901;0;0;2110032107.5;20440901
;;;IT0005093288;SI;CS BTP 20450301;0;0;45741583.75;20450301
;;;IT0005093296;SI;CS BTP 20450901;0;0;45741583.75;20450901
;;;IT0005093304;SI;CS BTP 20460301;0;0;45741583.75;20460301
;;;IT0005093312;SI;CS BTP 20460901;0;0;69891583.75;20460901
;;;IT0005177628;SI;CS BTP 20470301;0;0;90049146.25;20470301
IT0005177909;;;;SI;BTP 20360901;32600000;13975900000;0;0
;;;IT0004976483;SI;CS BTP 20260901;0;0;105910536.75;20260901
;;;IT0004976491;SI;CS BTP 20270301;0;0;105910536.75;20270301
;;;IT0004976509;SI;CS BTP 20270901;0;0;105910536.75;20270901
;;;IT0004976517;SI;CS BTP 20280301;0;0;105910536.75;20280301
;;;IT0004976525;SI;CS BTP 20280901;0;0;251112536.75;20280901
;;;IT0004976533;SI;CS BTP 20290301;0;0;102461989.25;20290301
;;;IT0004976541;SI;CS BTP 20290901;0;0;102461989.25;20290901
;;;IT0004976558;SI;CS BTP 20300301;0;0;143361989.25;20300301
;;;IT0004976566;SI;CS BTP 20300901;0;0;101746239.25;20300901
;;;IT0004976574;SI;CS BTP 20310301;0;0;101746239.25;20310301
;;;IT0004976582;SI;CS BTP 20310901;0;0;101746239.25;20310901
;;;IT0004976590;SI;CS BTP 20320301;0;0;37442239.25;20320301
;;;IT0004976608;SI;CS BTP 20320901;0;0;102276747.25;20320901
;;;IT0004976616;SI;CS BTP 20330301;0;0;102276747.25;20330301
;;;IT0004976624;SI;CS BTP 20330901;0;0;88751747.25;20330901
;;;IT0004976632;SI;CS BTP 20340301;0;0;97042428.5;20340301
;;;IT0004976640;SI;CS BTP 20340901;0;0;102555828.5;20340901
;;;IT0004976657;SI;CS BTP 20350301;0;0;212805828.5;20350301
;;;IT0004976665;SI;CS BTP 20350901;0;0;100709141;20350901
;;;IT0004976673;SI;CS BTP 20360301;0;0;38009141;20360301
;;;IT0004976681;SI;CS BTP 20360901;0;0;68563716;20360901
IT0005210650;;;;SI;BTP 011226;0;14832632250;0;0
IT0005217390;;;;SI;BTP 20670301;1607057000;6367853500;0;0
;;;IT0004976483;SI;CS BTP 20260901;0;0;105910536.75;20260901
;;;IT0004976491;SI;CS BTP 20270301;0;0;105910536.75;20270301
;;;IT0004976509;SI;CS BTP 20270901;0;0;105910536.75;20270901
;;;IT0004976517;SI;CS BTP 20280301;0;0;105910536.75;20280301
;;;IT0004976525;SI;CS BTP 20280901;0;0;251112536.75;20280901
;;;IT0004976533;SI;CS BTP 20290301;0;0;102461989.25;20290301
;;;IT0004976541;SI;CS BTP 20290901;0;0;102461989.25;20290901
;;;IT0004976558;SI;CS BTP 20300301;0;0;143361989.25;20300301
;;;IT0004976566;SI;CS BTP 20300901;0;0;101746239.25;20300901
;;;IT0004976574;SI;CS BTP 20310301;0;0;101746239.25;20310301
;;;IT0004976582;SI;CS BTP 20310901;0;0;101746239.25;20310901
;;;IT0004976590;SI;CS BTP 20320301;0;0;37442239.25;20320301
;;;IT0004976608;SI;CS BTP 20320901;0;0;102276747.25;20320901
;;;IT0004976616;SI;CS BTP 20330301;0;0;102276747.25;20330301
;;;IT0004976624;SI;CS BTP 20330901;0;0;88751747.25;20330901
;;;IT0004976632;SI;CS BTP 20340301;0;0;97042428.5;20340301
;;;IT0004976640;SI;CS BTP 20340901;0;0;102555828.5;20340901
;;;IT0004976657;SI;CS BTP 20350301;0;0;212805828.5;20350301
;;;IT0004976665;SI;CS BTP 20350901;0;0;100709141;20350901
;;;IT0004976673;SI;CS BTP 20360301;0;0;38009141;20360301
;;;IT0004976681;SI;CS BTP 20360901;0;0;68563716;20360901
;;;IT0004976699;SI;CS BTP 20370301;0;0;53530466;20370301
;;;IT0004976707;SI;CS BTP 20370901;0;0;101758466;20370901
;;;IT0004976715;SI;CS BTP 20380301;0;0;209908466;20380301
;;;IT0004976723;SI;CS BTP 20380901;0;0;70901028.5;20380901
;;;IT0004976731;SI;CS BTP 20390301;0;0;100430253.5;20390301
;;;IT0004976749;SI;CS BTP 20390901;0;0;100430253.5;20390901
;;;IT0004976756;SI;CS BTP 20400301;0;0;98080253.5;20400301
;;;IT0004976764;SI;CS BTP 20400901;0;0;100466678.5;20400901
;;;IT0004976772;SI;CS BTP 20410301;0;0;51666678.5;20410301
;;;IT0004976780;SI;CS BTP 20410901;0;0;100905878.5;20410901
;;;IT0004976798;SI;CS BTP 20420301;0;0;100905878.5;20420301
;;;IT0004976806;SI;CS BTP 20420901;0;0;100905878.5;20420901
;;;IT0004976814;SI;CS BTP 20430301;0;0;100905878.5;20430301
;;;IT0004976822;SI;CS BTP 20430901;0;0;427861878.5;20430901
;;;IT0004976830;SI;CS BTP 20440301;0;0;93631107.5;20440301
;;;IT0004976848;SI;CS BTP 20440901;0;0;2110032107.5;20440901
;;;IT0005093288;SI;CS BTP 20450301;0;0;45741583.75;20450301
;;;IT0005093296;SI;CS BTP 20450901;0;0;45741583.75;20450901
;;;IT0005093304;SI;CS BTP 20460301;0;0;45741583.75;20460301
;;;IT0005093312;SI;CS BTP 20460901;0;0;69891583.75;20460901
;;;IT0005177628;SI;CS BTP 20470301;0;0;90049146.25;20470301
;;;IT0005247876;SI;CS BTP 010947;0;0;44745696.25;20470901
;;;IT0005247884;SI;CS BTP 20480301;0;0;226359696.25;20480301
;;;IT0005247892;SI;CS BTP 20480901;0;0;41612854.75;20480901
;;;IT0005247900;SI;CS BTP 20490301;0;0;41612854.75;20490301
;;;IT0005247918;SI;CS BTP 20490901;0;0;958162854.75;20490901
;;;IT0005247926;SI;CS BTP 20500301;0;0;23969267.25;20500301
;;;IT0005247934;SI;CS BTP 20500901;0;0;48969267.25;20500901
;;;IT0005247942;SI;CS BTP 20510301;0;0;23663017.25;20510301
;;;IT0005247959;SI;CS BTP 20510901;0;0;55476017.25;20510901
;;;IT0005247967;SI;CS BTP 20520301;0;0;23392606.75;20520301
;;;IT0005247975;SI;CS BTP 20520901;0;0;106537606.75;20520901
;;;IT0005247983;SI;CS BTP 20530301;0;0;22498798;20530301
;;;IT0005247991;SI;CS BTP 20530901;0;0;22498798;20530901
;;;IT0005248007;SI;CS BTP 20540301;0;0;22498798;20540301
;;;IT0005248015;SI;CS BTP 20540901;0;0;22498798;20540901
;;;IT0005248023;SI;CS BTP 20550301;0;0;22498798;20550301
;;;IT0005248031;SI;CS BTP 20550901;0;0;22498798;20550901
;;;IT0005248049;SI;CS BTP 20560301;0;0;22498798;20560301
;;;IT0005248056;SI;CS BTP 20560901;0;0;22498798;20560901
;;;IT0005248064;SI;CS BTP 20570301;0;0;22498798;20570301
;;;IT0005248072;SI;CS BTP 20570901;0;0;22498798;20570901
;;;IT0005248080;SI;CS BTP 20580301;0;0;22498798;20580301
;;;IT0005248098;SI;CS BTP 20580901;0;0;22498798;20580901
;;;IT0005248106;SI;CS BTP 20590301;0;0;22498798;20590301
;;;IT0005248114;SI;CS BTP 20590901;0;0;22498798;20590901
;;;IT0005248122;SI;CS BTP 20600301;0;0;22498798;20600301
;;;IT0005248130;SI;CS BTP 20600901;0;0;22498798;20600901
;;;IT0005248148;SI;CS BTP 20610301;0;0;22498798;20610301
;;;IT0005248155;SI;CS BTP 20610901;0;0;22498798;20610901
;;;IT0005248163;SI;CS BTP 20620301;0;0;22498798;20620301
;;;IT0005248171;SI;CS BTP 20620901;0;0;22498798;20620901
;;;IT0005248189;SI;CS BTP 20630301;0;0;22498798;20630301
;;;IT0005248197;SI;CS BTP 20630901;0;0;22498798;20630901
;;;IT0005248205;SI;CS BTP 20640301;0;0;22498798;20640301
;;;IT0005248213;SI;CS BTP 20640901;0;0;22498798;20640901
;;;IT0005248221;SI;CS BTP 20650301;0;0;22498798;20650301
;;;IT0005248239;SI;CS BTP 20650901;0;0;22498798;20650901
;;;IT0005248247;SI;CS BTP 20660301;0;0;22498798;20660301
;;;IT0005248254;SI;CS BTP 20660901;0;0;22498798;20660901
;;;IT0005248262;SI;CS BTP 20670301;0;0;1629555798;20670301
IT0005240350;;;;SI;BTP 20330901;13525000;17144168750;0;0
;;;IT0004976483;SI;CS BTP 20260901;0;0;105910536.75;20260901
;;;IT0004976491;SI;CS BTP 20270301;0;0;105910536.75;20270301
;;;IT0004976509;SI;CS BTP 20270901;0;0;105910536.75;20270901
;;;IT0004976517;SI;CS BTP 20280301;0;0;105910536.75;20280301
;;;IT0004976525;SI;CS BTP 20280901;0;0;251112536.75;20280901
;;;IT0004976533;SI;CS BTP 20290301;0;0;102461989.25;20290301
;;;IT0004976541;SI;CS BTP 20290901;0;0;102461989.25;20290901
;;;IT0004976558;SI;CS BTP 20300301;0;0;143361989.25;20300301
;;;IT0004976566;SI;CS BTP 20300901;0;0;101746239.25;20300901
;;;IT0004976574;SI;CS BTP 20310301;0;0;101746239.25;20310301
;;;IT0004976582;SI;CS BTP 20310901;0;0;101746239.25;20310901
;;;IT0004976590;SI;CS BTP 20320301;0;0;37442239.25;20320301
;;;IT0004976608;SI;CS BTP 20320901;0;0;102276747.25;20320901
;;;IT0004976616;SI;CS BTP 20330301;0;0;102276747.25;20330301
;;;IT0004976624;SI;CS BTP 20330901;0;0;88751747.25;20330901
IT0005240830;;;;SI;BTP 20270601;0;14902163250;0;0
IT0005273013;;;;SI;BTP 20480301;181614000;14730076500;0;0
;;;IT0004976483;SI;CS BTP 20260901;0;0;105910536.75;20260901
;;;IT0004976491;SI;CS BTP 20270301;0;0;105910536.75;20270301
;;;IT0004976509;SI;CS BTP 20270901;0;0;105910536.75;20270901
;;;IT0004976517;SI;CS BTP 20280301;0;0;105910536.75;20280301
;;;IT0004976525;SI;CS BTP 20280901;0;0;251112536.75;20280901
;;;IT0004976533;SI;CS BTP 20290301;0;0;102461989.25;20290301
;;;IT0004976541;SI;CS BTP 20290901;0;0;102461989.25;20290901
;;;IT0004976558;SI;CS BTP 20300301;0;0;143361989.25;20300301
;;;IT0004976566;SI;CS BTP 20300901;0;0;101746239.25;20300901
;;;IT0004976574;SI;CS BTP 20310301;0;0;101746239.25;20310301
;;;IT0004976582;SI;CS BTP 20310901;0;0;101746239.25;20310901
;;;IT0004976590;SI;CS BTP 20320301;0;0;37442239.25;20320301
;;;IT0004976608;SI;CS BTP 20320901;0;0;102276747.25;20320901
;;;IT0004976616;SI;CS BTP 20330301;0;0;102276747.25;20330301
;;;IT0004976624;SI;CS BTP 20330901;0;0;88751747.25;20330901
;;;IT0004976632;SI;CS BTP 20340301;0;0;97042428.5;20340301
;;;IT0004976640;SI;CS BTP 20340901;0;0;102555828.5;20340901
;;;IT0004976657;SI;CS BTP 20350301;0;0;212805828.5;20350301
;;;IT0004976665;SI;CS BTP 20350901;0;0;100709141;20350901
;;;IT0004976673;SI;CS BTP 20360301;0;0;38009141;20360301
;;;IT0004976681;SI;CS BTP 20360901;0;0;68563716;20360901
;;;IT0004976699;SI;CS BTP 20370301;0;0;53530466;20370301
;;;IT0004976707;SI;CS BTP 20370901;0;0;101758466;20370901
;;;IT0004976715;SI;CS BTP 20380301;0;0;209908466;20380301
;;;IT0004976723;SI;CS BTP 20380901;0;0;70901028.5;20380901
;;;IT0004976731;SI;CS BTP 20390301;0;0;100430253.5;20390301
;;;IT0004976749;SI;CS BTP 20390901;0;0;100430253.5;20390901
;;;IT0004976756;SI;CS BTP 20400301;0;0;98080253.5;20400301
;;;IT0004976764;SI;CS BTP 20400901;0;0;100466678.5;20400901
;;;IT0004976772;SI;CS BTP 20410301;0;0;51666678.5;20410301
;;;IT0004976780;SI;CS BTP 20410901;0;0;100905878.5;20410901
;;;IT0004976798;SI;CS BTP 20420301;0;0;100905878.5;20420301
;;;IT0004976806;SI;CS BTP 20420901;0;0;100905878.5;20420901
;;;IT0004976814;SI;CS BTP 20430301;0;0;100905878.5;20430301
;;;IT0004976822;SI;CS BTP 20430901;0;0;427861878.5;20430901
;;;IT0004976830;SI;CS BTP 20440301;0;0;93631107.5;20440301
;;;IT0004976848;SI;CS BTP 20440901;0;0;2110032107.5;20440901
;;;IT0005093288;SI;CS BTP 20450301;0;0;45741583.75;20450301
;;;IT0005093296;SI;CS BTP 20450901;0;0;45741583.75;20450901
;;;IT0005093304;SI;CS BTP 20460301;0;0;45741583.75;20460301
;;;IT0005093312;SI;CS BTP 20460901;0;0;69891583.75;20460901
;;;IT0005177628;SI;CS BTP 20470301;0;0;90049146.25;20470301
;;;IT0005247876;SI;CS BTP 010947;0;0;44745696.25;20470901
;;;IT0005247884;SI;CS BTP 20480301;0;0;226359696.25;20480301
IT0005274805;;;;SI;BTP 20270801;400000;14521571000;0;0
;;;IT0005278194;SI;CS BTP 20270201;0;0;3352575;20270201
;;;IT0005278202;SI;CS BTP 20270801;0;0;2952575;20270801
IT0005321325;;;;SI;BTP 20380901;29100000;13068712500;0;0
;;;IT0004976483;SI;CS BTP 20260901;0;0;105910536.75;20260901
;;;IT0004976491;SI;CS BTP 20270301;0;0;105910536.75;20270301
;;;IT0004976509;SI;CS BTP 20270901;0;0;105910536.75;20270901
;;;IT0004976517;SI;CS BTP 20280301;0;0;105910536.75;20280301
;;;IT0004976525;SI;CS BTP 20280901;0;0;251112536.75;20280901
;;;IT0004976533;SI;CS BTP 20290301;0;0;102461989.25;20290301
;;;IT0004976541;SI;CS BTP 20290901;0;0;102461989.25;20290901
;;;IT0004976558;SI;CS BTP 20300301;0;0;143361989.25;20300301
;;;IT0004976566;SI;CS BTP 20300901;0;0;101746239.25;20300901
;;;IT0004976574;SI;CS BTP 20310301;0;0;101746239.25;20310301
;;;IT0004976582;SI;CS BTP 20310901;0;0;101746239.25;20310901
;;;IT0004976590;SI;CS BTP 20320301;0;0;37442239.25;20320301
;;;IT0004976608;SI;CS BTP 20320901;0;0;102276747.25;20320901
;;;IT0004976616;SI;CS BTP 20330301;0;0;102276747.25;20330301
;;;IT0004976624;SI;CS BTP 20330901;0;0;88751747.25;20330901
;;;IT0004976632;SI;CS BTP 20340301;0;0;97042428.5;20340301
;;;IT0004976640;SI;CS BTP 20340901;0;0;102555828.5;20340901
;;;IT0004976657;SI;CS BTP 20350301;0;0;212805828.5;20350301
;;;IT0004976665;SI;CS BTP 20350901;0;0;100709141;20350901
;;;IT0004976673;SI;CS BTP 20360301;0;0;38009141;20360301
;;;IT0004976681;SI;CS BTP 20360901;0;0;68563716;20360901
;;;IT0004976699;SI;CS BTP 20370301;0;0;53530466;20370301
;;;IT0004976707;SI;CS BTP 20370901;0;0;101758466;20370901
;;;IT0004976715;SI;CS BTP 20380301;0;0;209908466;20380301
;;;IT0004976723;SI;CS BTP 20380901;0;0;70901028.5;20380901
IT0005323032;;;;SI;BTP 20280201;1900000;17803265000;0;0
;;;IT0005278194;SI;CS BTP 20270201;0;0;3352575;20270201
;;;IT0005278202;SI;CS BTP 20270801;0;0;2952575;20270801
;;;IT0005326076;SI;CS BTP 20280201;0;0;1456675;20280201
IT0005340929;;;;SI;BTP 20281201;0;17901144000;0;0
IT0005358806;;;;SI;BTP 01032035;110250000;18192750000;0;0
;;;IT0004976483;SI;CS BTP 20260901;0;0;105910536.75;20260901
;;;IT0004976491;SI;CS BTP 20270301;0;0;105910536.75;20270301
;;;IT0004976509;SI;CS BTP 20270901;0;0;105910536.75;20270901
;;;IT0004976517;SI;CS BTP 20280301;0;0;105910536.75;20280301
;;;IT0004976525;SI;CS BTP 20280901;0;0;251112536.75;20280901
;;;IT0004976533;SI;CS BTP 20290301;0;0;102461989.25;20290301
;;;IT0004976541;SI;CS BTP 20290901;0;0;102461989.25;20290901
;;;IT0004976558;SI;CS BTP 20300301;0;0;143361989.25;20300301
;;;IT0004976566;SI;CS BTP 20300901;0;0;101746239.25;20300901
;;;IT0004976574;SI;CS BTP 20310301;0;0;101746239.25;20310301
;;;IT0004976582;SI;CS BTP 20310901;0;0;101746239.25;20310901
;;;IT0004976590;SI;CS BTP 20320301;0;0;37442239.25;20320301
;;;IT0004976608;SI;CS BTP 20320901;0;0;102276747.25;20320901
;;;IT0004976616;SI;CS BTP 20330301;0;0;102276747.25;20330301
;;;IT0004976624;SI;CS BTP 20330901;0;0;88751747.25;20330901
;;;IT0004976632;SI;CS BTP 20340301;0;0;97042428.5;20340301
;;;IT0004976640;SI;CS BTP 20340901;0;0;102555828.5;20340901
;;;IT0004976657;SI;CS BTP 20350301;0;0;212805828.5;20350301
IT0005363111;;;;SI;BTP 20490901;916550000;12671924500;0;0
;;;IT0004976483;SI;CS BTP 20260901;0;0;105910536.75;20260901
;;;IT0004976491;SI;CS BTP 20270301;0;0;105910536.75;20270301
;;;IT0004976509;SI;CS BTP 20270901;0;0;105910536.75;20270901
;;;IT0004976517;SI;CS BTP 20280301;0;0;105910536.75;20280301
;;;IT0004976525;SI;CS BTP 20280901;0;0;251112536.75;20280901
;;;IT0004976533;SI;CS BTP 20290301;0;0;102461989.25;20290301
;;;IT0004976541;SI;CS BTP 20290901;0;0;102461989.25;20290901
;;;IT0004976558;SI;CS BTP 20300301;0;0;143361989.25;20300301
;;;IT0004976566;SI;CS BTP 20300901;0;0;101746239.25;20300901
;;;IT0004976574;SI;CS BTP 20310301;0;0;101746239.25;20310301
;;;IT0004976582;SI;CS BTP 20310901;0;0;101746239.25;20310901
;;;IT0004976590;SI;CS BTP 20320301;0;0;37442239.25;20320301
;;;IT0004976608;SI;CS BTP 20320901;0;0;102276747.25;20320901
;;;IT0004976616;SI;CS BTP 20330301;0;0;102276747.25;20330301
;;;IT0004976624;SI;CS BTP 20330901;0;0;88751747.25;20330901
;;;IT0004976632;SI;CS BTP 20340301;0;0;97042428.5;20340301
;;;IT0004976640;SI;CS BTP 20340901;0;0;102555828.5;20340901
;;;IT0004976657;SI;CS BTP 20350301;0;0;212805828.5;20350301
;;;IT0004976665;SI;CS BTP 20350901;0;0;100709141;20350901
;;;IT0004976673;SI;CS BTP 20360301;0;0;38009141;20360301
;;;IT0004976681;SI;CS BTP 20360901;0;0;68563716;20360901
;;;IT0004976699;SI;CS BTP 20370301;0;0;53530466;20370301
;;;IT0004976707;SI;CS BTP 20370901;0;0;101758466;20370901
;;;IT0004976715;SI;CS BTP 20380301;0;0;209908466;20380301
;;;IT0004976723;SI;CS BTP 20380901;0;0;70901028.5;20380901
;;;IT0004976731;SI;CS BTP 20390301;0;0;100430253.5;20390301
;;;IT0004976749;SI;CS BTP 20390901;0;0;100430253.5;20390901
;;;IT0004976756;SI;CS BTP 20400301;0;0;98080253.5;20400301
;;;IT0004976764;SI;CS BTP 20400901;0;0;100466678.5;20400901
;;;IT0004976772;SI;CS BTP 20410301;0;0;51666678.5;20410301
;;;IT0004976780;SI;CS BTP 20410901;0;0;100905878.5;20410901
;;;IT0004976798;SI;CS BTP 20420301;0;0;100905878.5;20420301
;;;IT0004976806;SI;CS BTP 20420901;0;0;100905878.5;20420901
;;;IT0004976814;SI;CS BTP 20430301;0;0;100905878.5;20430301
;;;IT0004976822;SI;CS BTP 20430901;0;0;427861878.5;20430901
;;;IT0004976830;SI;CS BTP 20440301;0;0;93631107.5;20440301
;;;IT0004976848;SI;CS BTP 20440901;0;0;2110032107.5;20440901
;;;IT0005093288;SI;CS BTP 20450301;0;0;45741583.75;20450301
;;;IT0005093296;SI;CS BTP 20450901;0;0;45741583.75;20450901
;;;IT0005093304;SI;CS BTP 20460301;0;0;45741583.75;20460301
;;;IT0005093312;SI;CS BTP 20460901;0;0;69891583.75;20460901
;;;IT0005177628;SI;CS BTP 20470301;0;0;90049146.25;20470301
;;;IT0005247876;SI;CS BTP 010947;0;0;44745696.25;20470901
;;;IT0005247884;SI;CS BTP 20480301;0;0;226359696.25;20480301
;;;IT0005247892;SI;CS BTP 20480901;0;0;41612854.75;20480901
;;;IT0005247900;SI;CS BTP 20490301;0;0;41612854.75;20490301
;;;IT0005247918;SI;CS BTP 20490901;0;0;958162854.75;20490901
IT0005365165;;;;SI;BTP 20290801;0;17974875000;0;0
;;;IT0005278194;SI;CS BTP 20270201;0;0;3352575;20270201
;;;IT0005278202;SI;CS BTP 20270801;0;0;2952575;20270801
;;;IT0005326076;SI;CS BTP 20280201;0;0;1456675;20280201
;;;IT0005367898;SI;CS BTP 20280801;0;0;75175675;20280801
;;;IT0005367906;SI;CS BTP 20290201;0;0;3011475;20290201
;;;IT0005367914;SI;CS BTP 20290801;0;0;1990975;20290801
IT0005377152;;;;SI;BTP 01032040;2350000;10662575000;0;0
;;;IT0004976483;SI;CS BTP 20260901;0;0;105910536.75;20260901
;;;IT0004976491;SI;CS BTP 20270301;0;0;105910536.75;20270301
;;;IT0004976509;SI;CS BTP 20270901;0;0;105910536.75;20270901
;;;IT0004976517;SI;CS BTP 20280301;0;0;105910536.75;20280301
;;;IT0004976525;SI;CS BTP 20280901;0;0;251112536.75;20280901
;;;IT0004976533;SI;CS BTP 20290301;0;0;102461989.25;20290301
;;;IT0004976541;SI;CS BTP 20290901;0;0;102461989.25;20290901
;;;IT0004976558;SI;CS BTP 20300301;0;0;143361989.25;20300301
;;;IT0004976566;SI;CS BTP 20300901;0;0;101746239.25;20300901
;;;IT0004976574;SI;CS BTP 20310301;0;0;101746239.25;20310301
;;;IT0004976582;SI;CS BTP 20310901;0;0;101746239.25;20310901
;;;IT0004976590;SI;CS BTP 20320301;0;0;37442239.25;20320301
;;;IT0004976608;SI;CS BTP 20320901;0;0;102276747.25;20320901
;;;IT0004976616;SI;CS BTP 20330301;0;0;102276747.25;20330301
;;;IT0004976624;SI;CS BTP 20330901;0;0;88751747.25;20330901
;;;IT0004976632;SI;CS BTP 20340301;0;0;97042428.5;20340301
;;;IT0004976640;SI;CS BTP 20340901;0;0;102555828.5;20340901
;;;IT0004976657;SI;CS BTP 20350301;0;0;212805828.5;20350301
;;;IT0004976665;SI;CS BTP 20350901;0;0;100709141;20350901
;;;IT0004976673;SI;CS BTP 20360301;0;0;38009141;20360301
;;;IT0004976681;SI;CS BTP 20360901;0;0;68563716;20360901
;;;IT0004976699;SI;CS BTP 20370301;0;0;53530466;20370301
;;;IT0004976707;SI;CS BTP 20370901;0;0;101758466;20370901
;;;IT0004976715;SI;CS BTP 20380301;0;0;209908466;20380301
;;;IT0004976723;SI;CS BTP 20380901;0;0;70901028.5;20380901
;;;IT0004976731;SI;CS BTP 20390301;0;0;100430253.5;20390301
;;;IT0004976749;SI;CS BTP 20390901;0;0;100430253.5;20390901
;;;IT0004976756;SI;CS BTP 20400301;0;0;98080253.5;20400301
IT0005383309;;;;SI;BTP 20300401;23000000;18921205750;0;0
;;;IT0005387144;SI;CS BTP 20261001;0;0;88713575;20261001
;;;IT0005387151;SI;CS BTP 20270401;0;0;47013575;20270401
;;;IT0005387169;SI;CS BTP 20271001;0;0;88942925;20271001
;;;IT0005387177;SI;CS BTP 20280401;0;0;56242925;20280401
;;;IT0005387185;SI;CS BTP 20281001;0;0;89498825;20281001
;;;IT0005387193;SI;CS BTP 20290401;0;0;89498825;20290401
;;;IT0005387201;SI;CS BTP 20291001;0;0;50098825;20291001
;;;IT0005387219;SI;CS BTP 20290401;0;0;113089825;20300401
IT0005390874;;;;SI;BTP 20270115;0;14147802000;0;0
IT0005398406;;;;SI;BTP 20500901;25000000;12600967250;0;0
;;;IT0004976483;SI;CS BTP 20260901;0;0;105910536.75;20260901
;;;IT0004976491;SI;CS BTP 20270301;0;0;105910536.75;20270301
;;;IT0004976509;SI;CS BTP 20270901;0;0;105910536.75;20270901
;;;IT0004976517;SI;CS BTP 20280301;0;0;105910536.75;20280301
;;;IT0004976525;SI;CS BTP 20280901;0;0;251112536.75;20280901
;;;IT0004976533;SI;CS BTP 20290301;0;0;102461989.25;20290301
;;;IT0004976541;SI;CS BTP 20290901;0;0;102461989.25;20290901
;;;IT0004976558;SI;CS BTP 20300301;0;0;143361989.25;20300301
;;;IT0004976566;SI;CS BTP 20300901;0;0;101746239.25;20300901
;;;IT0004976574;SI;CS BTP 20310301;0;0;101746239.25;20310301
;;;IT0004976582;SI;CS BTP 20310901;0;0;101746239.25;20310901
;;;IT0004976590;SI;CS BTP 20320301;0;0;37442239.25;20320301
;;;IT0004976608;SI;CS BTP 20320901;0;0;102276747.25;20320901
;;;IT0004976616;SI;CS BTP 20330301;0;0;102276747.25;20330301
;;;IT0004976624;SI;CS BTP 20330901;0;0;88751747.25;20330901
;;;IT0004976632;SI;CS BTP 20340301;0;0;97042428.5;20340301
;;;IT0004976640;SI;CS BTP 20340901;0;0;102555828.5;20340901
;;;IT0004976657;SI;CS BTP 20350301;0;0;212805828.5;20350301
;;;IT0004976665;SI;CS BTP 20350901;0;0;100709141;20350901
;;;IT0004976673;SI;CS BTP 20360301;0;0;38009141;20360301
;;;IT0004976681;SI;CS BTP 20360901;0;0;68563716;20360901
;;;IT0004976699;SI;CS BTP 20370301;0;0;53530466;20370301
;;;IT0004976707;SI;CS BTP 20370901;0;0;101758466;20370901
;;;IT0004976715;SI;CS BTP 20380301;0;0;209908466;20380301
;;;IT0004976723;SI;CS BTP 20380901;0;0;70901028.5;20380901
;;;IT0004976731;SI;CS BTP 20390301;0;0;100430253.5;20390301
;;;IT0004976749;SI;CS BTP 20390901;0;0;100430253.5;20390901
;;;IT0004976756;SI;CS BTP 20400301;0;0;98080253.5;20400301
;;;IT0004976764;SI;CS BTP 20400901;0;0;100466678.5;20400901
;;;IT0004976772;SI;CS BTP 20410301;0;0;51666678.5;20410301
;;;IT0004976780;SI;CS BTP 20410901;0;0;100905878.5;20410901
;;;IT0004976798;SI;CS BTP 20420301;0;0;100905878.5;20420301
;;;IT0004976806;SI;CS BTP 20420901;0;0;100905878.5;20420901
;;;IT0004976814;SI;CS BTP 20430301;0;0;100905878.5;20430301
;;;IT0004976822;SI;CS BTP 20430901;0;0;427861878.5;20430901
;;;IT0004976830;SI;CS BTP 20440301;0;0;93631107.5;20440301
;;;IT0004976848;SI;CS BTP 20440901;0;0;2110032107.5;20440901
;;;IT0005093288;SI;CS BTP 20450301;0;0;45741583.75;20450301
;;;IT0005093296;SI;CS BTP 20450901;0;0;45741583.75;20450901
;;;IT0005093304;SI;CS BTP 20460301;0;0;45741583.75;20460301
;;;IT0005093312;SI;CS BTP 20460901;0;0;69891583.75;20460901
;;;IT0005177628;SI;CS BTP 20470301;0;0;90049146.25;20470301
;;;IT0005247876;SI;CS BTP 010947;0;0;44745696.25;20470901
;;;IT0005247884;SI;CS BTP 20480301;0;0;226359696.25;20480301
;;;IT0005247892;SI;CS BTP 20480901;0;0;41612854.75;20480901
;;;IT0005247900;SI;CS BTP 20490301;0;0;41612854.75;20490301
;;;IT0005247918;SI;CS BTP 20490901;0;0;958162854.75;20490901
;;;IT0005247926;SI;CS BTP 20500301;0;0;23969267.25;20500301
;;;IT0005247934;SI;CS BTP 20500901;0;0;48969267.25;20500901
IT0005402117;;;;SI;BTP 20360301;62700000;12485246250;0;0
;;;IT0004976483;SI;CS BTP 20260901;0;0;105910536.75;20260901
;;;IT0004976491;SI;CS BTP 20270301;0;0;105910536.75;20270301
;;;IT0004976509;SI;CS BTP 20270901;0;0;105910536.75;20270901
;;;IT0004976517;SI;CS BTP 20280301;0;0;105910536.75;20280301
;;;IT0004976525;SI;CS BTP 20280901;0;0;251112536.75;20280901
;;;IT0004976533;SI;CS BTP 20290301;0;0;102461989.25;20290301
;;;IT0004976541;SI;CS BTP 20290901;0;0;102461989.25;20290901
;;;IT0004976558;SI;CS BTP 20300301;0;0;143361989.25;20300301
;;;IT0004976566;SI;CS BTP 20300901;0;0;101746239.25;20300901
;;;IT0004976574;SI;CS BTP 20310301;0;0;101746239.25;20310301
;;;IT0004976582;SI;CS BTP 20310901;0;0;101746239.25;20310901
;;;IT0004976590;SI;CS BTP 20320301;0;0;37442239.25;20320301
;;;IT0004976608;SI;CS BTP 20320901;0;0;102276747.25;20320901
;;;IT0004976616;SI;CS BTP 20330301;0;0;102276747.25;20330301
;;;IT0004976624;SI;CS BTP 20330901;0;0;88751747.25;20330901
;;;IT0004976632;SI;CS BTP 20340301;0;0;97042428.5;20340301
;;;IT0004976640;SI;CS BTP 20340901;0;0;102555828.5;20340901
;;;IT0004976657;SI;CS BTP 20350301;0;0;212805828.5;20350301
;;;IT0004976665;SI;CS BTP 20350901;0;0;100709141;20350901
;;;IT0004976673;SI;CS BTP 20360301;0;0;38009141;20360301
IT0005403396;;;;SI;BTP 20300801;1400000;14169976750;0;0
;;;IT0005278194;SI;CS BTP 20270201;0;0;3352575;20270201
;;;IT0005278202;SI;CS BTP 20270801;0;0;2952575;20270801
;;;IT0005326076;SI;CS BTP 20280201;0;0;1456675;20280201
;;;IT0005367898;SI;CS BTP 20280801;0;0;75175675;20280801
;;;IT0005367906;SI;CS BTP 20290201;0;0;3011475;20290201
;;;IT0005367914;SI;CS BTP 20290801;0;0;1990975;20290801
;;;IT0005406662;SI;CS BTP 20300201;0;0;1990975;20300201
;;;IT0005406670;SI;CS BTP 20300801;0;0;590975;20300801
IT0005413171;;;;SI;BTP 01122030;0;18080927250;0;0
IT0005416570;;;;SI;BTP 20270915;0;16430517000;0;0
IT0005421703;;;;SI;BTP 20410301;48800000;13151200000;0;0
;;;IT0004976483;SI;CS BTP 20260901;0;0;105910536.75;20260901
;;;IT0004976491;SI;CS BTP 20270301;0;0;105910536.75;20270301
;;;IT0004976509;SI;CS BTP 20270901;0;0;105910536.75;20270901
;;;IT0004976517;SI;CS BTP 20280301;0;0;105910536.75;20280301
;;;IT0004976525;SI;CS BTP 20280901;0;0;251112536.75;20280901
;;;IT0004976533;SI;CS BTP 20290301;0;0;102461989.25;20290301
;;;IT0004976541;SI;CS BTP 20290901;0;0;102461989.25;20290901
;;;IT0004976558;SI;CS BTP 20300301;0;0;143361989.25;20300301
;;;IT0004976566;SI;CS BTP 20300901;0;0;101746239.25;20300901
;;;IT0004976574;SI;CS BTP 20310301;0;0;101746239.25;20310301
;;;IT0004976582;SI;CS BTP 20310901;0;0;101746239.25;20310901
;;;IT0004976590;SI;CS BTP 20320301;0;0;37442239.25;20320301
;;;IT0004976608;SI;CS BTP 20320901;0;0;102276747.25;20320901
;;;IT0004976616;SI;CS BTP 20330301;0;0;102276747.25;20330301
;;;IT0004976624;SI;CS BTP 20330901;0;0;88751747.25;20330901
;;;IT0004976632;SI;CS BTP 20340301;0;0;97042428.5;20340301
;;;IT0004976640;SI;CS BTP 20340901;0;0;102555828.5;20340901
;;;IT0004976657;SI;CS BTP 20350301;0;0;212805828.5;20350301
;;;IT0004976665;SI;CS BTP 20350901;0;0;100709141;20350901
;;;IT0004976673;SI;CS BTP 20360301;0;0;38009141;20360301
;;;IT0004976681;SI;CS BTP 20360901;0;0;68563716;20360901
;;;IT0004976699;SI;CS BTP 20370301;0;0;53530466;20370301
;;;IT0004976707;SI;CS BTP 20370901;0;0;101758466;20370901
;;;IT0004976715;SI;CS BTP 20380301;0;0;209908466;20380301
;;;IT0004976723;SI;CS BTP 20380901;0;0;70901028.5;20380901
;;;IT0004976731;SI;CS BTP 20390301;0;0;100430253.5;20390301
;;;IT0004976749;SI;CS BTP 20390901;0;0;100430253.5;20390901
;;;IT0004976756;SI;CS BTP 20400301;0;0;98080253.5;20400301
;;;IT0004976764;SI;CS BTP 20400901;0;0;100466678.5;20400901
;;;IT0004976772;SI;CS BTP 20410301;0;0;51666678.5;20410301
IT0005422891;;;;SI;BTP 20310401;23400000;19439154750;0;0
;;;IT0005387144;SI;CS BTP 20261001;0;0;88713575;20261001
;;;IT0005387151;SI;CS BTP 20270401;0;0;47013575;20270401
;;;IT0005387169;SI;CS BTP 20271001;0;0;88942925;20271001
;;;IT0005387177;SI;CS BTP 20280401;0;0;56242925;20280401
;;;IT0005387185;SI;CS BTP 20281001;0;0;89498825;20281001
;;;IT0005387193;SI;CS BTP 20290401;0;0;89498825;20290401
;;;IT0005387201;SI;CS BTP 20291001;0;0;50098825;20291001
;;;IT0005387219;SI;CS BTP 20290401;0;0;113089825;20300401
;;;IT0005425829;SI;CS BTP 20301001;0;0;100734575;20301001
;;;IT0005425837;SI;CS BTP 20310401;0;0;66388775;20310401
IT0005425233;;;;SI;BTP 20510901;31813000;12999437000;0;0
;;;IT0004976483;SI;CS BTP 20260901;0;0;105910536.75;20260901
;;;IT0004976491;SI;CS BTP 20270301;0;0;105910536.75;20270301
;;;IT0004976509;SI;CS BTP 20270901;0;0;105910536.75;20270901
;;;IT0004976517;SI;CS BTP 20280301;0;0;105910536.75;20280301
;;;IT0004976525;SI;CS BTP 20280901;0;0;251112536.75;20280901
;;;IT0004976533;SI;CS BTP 20290301;0;0;102461989.25;20290301
;;;IT0004976541;SI;CS BTP 20290901;0;0;102461989.25;20290901
;;;IT0004976558;SI;CS BTP 20300301;0;0;143361989.25;20300301
;;;IT0004976566;SI;CS BTP 20300901;0;0;101746239.25;20300901
;;;IT0004976574;SI;CS BTP 20310301;0;0;101746239.25;20310301
;;;IT0004976582;SI;CS BTP 20310901;0;0;101746239.25;20310901
;;;IT0004976590;SI;CS BTP 20320301;0;0;37442239.25;20320301
;;;IT0004976608;SI;CS BTP 20320901;0;0;102276747.25;20320901
;;;IT0004976616;SI;CS BTP 20330301;0;0;102276747.25;20330301
;;;IT0004976624;SI;CS BTP 20330901;0;0;88751747.25;20330901
;;;IT0004976632;SI;CS BTP 20340301;0;0;97042428.5;20340301
;;;IT0004976640;SI;CS BTP 20340901;0;0;102555828.5;20340901
;;;IT0004976657;SI;CS BTP 20350301;0;0;212805828.5;20350301
;;;IT0004976665;SI;CS BTP 20350901;0;0;100709141;20350901
;;;IT0004976673;SI;CS BTP 20360301;0;0;38009141;20360301
;;;IT0004976681;SI;CS BTP 20360901;0;0;68563716;20360901
;;;IT0004976699;SI;CS BTP 20370301;0;0;53530466;20370301
;;;IT0004976707;SI;CS BTP 20370901;0;0;101758466;20370901
;;;IT0004976715;SI;CS BTP 20380301;0;0;209908466;20380301
;;;IT0004976723;SI;CS BTP 20380901;0;0;70901028.5;20380901
;;;IT0004976731;SI;CS BTP 20390301;0;0;100430253.5;20390301
;;;IT0004976749;SI;CS BTP 20390901;0;0;100430253.5;20390901
;;;IT0004976756;SI;CS BTP 20400301;0;0;98080253.5;20400301
;;;IT0004976764;SI;CS BTP 20400901;0;0;100466678.5;20400901
;;;IT0004976772;SI;CS BTP 20410301;0;0;51666678.5;20410301
;;;IT0004976780;SI;CS BTP 20410901;0;0;100905878.5;20410901
;;;IT0004976798;SI;CS BTP 20420301;0;0;100905878.5;20420301
;;;IT0004976806;SI;CS BTP 20420901;0;0;100905878.5;20420901
;;;IT0004976814;SI;CS BTP 20430301;0;0;100905878.5;20430301
;;;IT0004976822;SI;CS BTP 20430901;0;0;427861878.5;20430901
;;;IT0004976830;SI;CS BTP 20440301;0;0;93631107.5;20440301
;;;IT0004976848;SI;CS BTP 20440901;0;0;2110032107.5;20440901
;;;IT0005093288;SI;CS BTP 20450301;0;0;45741583.75;20450301
;;;IT0005093296;SI;CS BTP 20450901;0;0;45741583.75;20450901
;;;IT0005093304;SI;CS BTP 20460301;0;0;45741583.75;20460301
;;;IT0005093312;SI;CS BTP 20460901;0;0;69891583.75;20460901
;;;IT0005177628;SI;CS BTP 20470301;0;0;90049146.25;20470301
;;;IT0005247876;SI;CS BTP 010947;0;0;44745696.25;20470901
;;;IT0005247884;SI;CS BTP 20480301;0;0;226359696.25;20480301
;;;IT0005247892;SI;CS BTP 20480901;0;0;41612854.75;20480901
;;;IT0005247900;SI;CS BTP 20490301;0;0;41612854.75;20490301
;;;IT0005247918;SI;CS BTP 20490901;0;0;958162854.75;20490901
;;;IT0005247926;SI;CS BTP 20500301;0;0;23969267.25;20500301
;;;IT0005247934;SI;CS BTP 20500901;0;0;48969267.25;20500901
;;;IT0005247942;SI;CS BTP 20510301;0;0;23663017.25;20510301
;;;IT0005247959;SI;CS BTP 20510901;0;0;55476017.25;20510901
IT0005433195;;;;SI;BTP 20370301 0.950;48000000;13476000000;0;0
;;;IT0004976483;SI;CS BTP 20260901;0;0;105910536.75;20260901
;;;IT0004976491;SI;CS BTP 20270301;0;0;105910536.75;20270301
;;;IT0004976509;SI;CS BTP 20270901;0;0;105910536.75;20270901
;;;IT0004976517;SI;CS BTP 20280301;0;0;105910536.75;20280301
;;;IT0004976525;SI;CS BTP 20280901;0;0;251112536.75;20280901
;;;IT0004976533;SI;CS BTP 20290301;0;0;102461989.25;20290301
;;;IT0004976541;SI;CS BTP 20290901;0;0;102461989.25;20290901
;;;IT0004976558;SI;CS BTP 20300301;0;0;143361989.25;20300301
;;;IT0004976566;SI;CS BTP 20300901;0;0;101746239.25;20300901
;;;IT0004976574;SI;CS BTP 20310301;0;0;101746239.25;20310301
;;;IT0004976582;SI;CS BTP 20310901;0;0;101746239.25;20310901
;;;IT0004976590;SI;CS BTP 20320301;0;0;37442239.25;20320301
;;;IT0004976608;SI;CS BTP 20320901;0;0;102276747.25;20320901
;;;IT0004976616;SI;CS BTP 20330301;0;0;102276747.25;20330301
;;;IT0004976624;SI;CS BTP 20330901;0;0;88751747.25;20330901
;;;IT0004976632;SI;CS BTP 20340301;0;0;97042428.5;20340301
;;;IT0004976640;SI;CS BTP 20340901;0;0;102555828.5;20340901
;;;IT0004976657;SI;CS BTP 20350301;0;0;212805828.5;20350301
;;;IT0004976665;SI;CS BTP 20350901;0;0;100709141;20350901
;;;IT0004976673;SI;CS BTP 20360301;0;0;38009141;20360301
;;;IT0004976681;SI;CS BTP 20360901;0;0;68563716;20360901
;;;IT0004976699;SI;CS BTP 20370301;0;0;53530466;20370301
IT0005433690;;;;SI;BTP 20280315;0;14028283500;0;0
IT0005436693;;;;SI;BTP 010831 0,60%;1400000;15973600000;0;0
;;;IT0005278194;SI;CS BTP 20270201;0;0;3352575;20270201
;;;IT0005278202;SI;CS BTP 20270801;0;0;2952575;20270801
;;;IT0005326076;SI;CS BTP 20280201;0;0;1456675;20280201
;;;IT0005367898;SI;CS BTP 20280801;0;0;75175675;20280801
;;;IT0005367906;SI;CS BTP 20290201;0;0;3011475;20290201
;;;IT0005367914;SI;CS BTP 20290801;0;0;1990975;20290801
;;;IT0005406662;SI;CS BTP 20300201;0;0;1990975;20300201
;;;IT0005406670;SI;CS BTP 20300801;0;0;590975;20300801
;;;IT0005444234;SI;CS BTP 20310201;0;0;36597625;20310201
;;;IT0005444242;SI;CS BTP 20310801;0;0;104575;20310801
IT0005441883;;;;SI;BTP 20720301;0;6487500000;0;0
;;;IT0004976483;SI;CS BTP 20260901;0;0;105910536.75;20260901
;;;IT0004976491;SI;CS BTP 20270301;0;0;105910536.75;20270301
;;;IT0004976509;SI;CS BTP 20270901;0;0;105910536.75;20270901
;;;IT0004976517;SI;CS BTP 20280301;0;0;105910536.75;20280301
;;;IT0004976525;SI;CS BTP 20280901;0;0;251112536.75;20280901
;;;IT0004976533;SI;CS BTP 20290301;0;0;102461989.25;20290301
;;;IT0004976541;SI;CS BTP 20290901;0;0;102461989.25;20290901
;;;IT0004976558;SI;CS BTP 20300301;0;0;143361989.25;20300301
;;;IT0004976566;SI;CS BTP 20300901;0;0;101746239.25;20300901
;;;IT0004976574;SI;CS BTP 20310301;0;0;101746239.25;20310301
;;;IT0004976582;SI;CS BTP 20310901;0;0;101746239.25;20310901
;;;IT0004976590;SI;CS BTP 20320301;0;0;37442239.25;20320301
;;;IT0004976608;SI;CS BTP 20320901;0;0;102276747.25;20320901
;;;IT0004976616;SI;CS BTP 20330301;0;0;102276747.25;20330301
;;;IT0004976624;SI;CS BTP 20330901;0;0;88751747.25;20330901
;;;IT0004976632;SI;CS BTP 20340301;0;0;97042428.5;20340301
;;;IT0004976640;SI;CS BTP 20340901;0;0;102555828.5;20340901
;;;IT0004976657;SI;CS BTP 20350301;0;0;212805828.5;20350301
;;;IT0004976665;SI;CS BTP 20350901;0;0;100709141;20350901
;;;IT0004976673;SI;CS BTP 20360301;0;0;38009141;20360301
;;;IT0004976681;SI;CS BTP 20360901;0;0;68563716;20360901
;;;IT0004976699;SI;CS BTP 20370301;0;0;53530466;20370301
;;;IT0004976707;SI;CS BTP 20370901;0;0;101758466;20370901
;;;IT0004976715;SI;CS BTP 20380301;0;0;209908466;20380301
;;;IT0004976723;SI;CS BTP 20380901;0;0;70901028.5;20380901
;;;IT0004976731;SI;CS BTP 20390301;0;0;100430253.5;20390301
;;;IT0004976749;SI;CS BTP 20390901;0;0;100430253.5;20390901
;;;IT0004976756;SI;CS BTP 20400301;0;0;98080253.5;20400301
;;;IT0004976764;SI;CS BTP 20400901;0;0;100466678.5;20400901
;;;IT0004976772;SI;CS BTP 20410301;0;0;51666678.5;20410301
;;;IT0004976780;SI;CS BTP 20410901;0;0;100905878.5;20410901
;;;IT0004976798;SI;CS BTP 20420301;0;0;100905878.5;20420301
;;;IT0004976806;SI;CS BTP 20420901;0;0;100905878.5;20420901
;;;IT0004976814;SI;CS BTP 20430301;0;0;100905878.5;20430301
;;;IT0004976822;SI;CS BTP 20430901;0;0;427861878.5;20430901
;;;IT0004976830;SI;CS BTP 20440301;0;0;93631107.5;20440301
;;;IT0004976848;SI;CS BTP 20440901;0;0;2110032107.5;20440901
;;;IT0005093288;SI;CS BTP 20450301;0;0;45741583.75;20450301
;;;IT0005093296;SI;CS BTP 20450901;0;0;45741583.75;20450901
;;;IT0005093304;SI;CS BTP 20460301;0;0;45741583.75;20460301
;;;IT0005093312;SI;CS BTP 20460901;0;0;69891583.75;20460901
;;;IT0005177628;SI;CS BTP 20470301;0;0;90049146.25;20470301
;;;IT0005247876;SI;CS BTP 010947;0;0;44745696.25;20470901
;;;IT0005247884;SI;CS BTP 20480301;0;0;226359696.25;20480301
;;;IT0005247892;SI;CS BTP 20480901;0;0;41612854.75;20480901
;;;IT0005247900;SI;CS BTP 20490301;0;0;41612854.75;20490301
;;;IT0005247918;SI;CS BTP 20490901;0;0;958162854.75;20490901
;;;IT0005247926;SI;CS BTP 20500301;0;0;23969267.25;20500301
;;;IT0005247934;SI;CS BTP 20500901;0;0;48969267.25;20500901
;;;IT0005247942;SI;CS BTP 20510301;0;0;23663017.25;20510301
;;;IT0005247959;SI;CS BTP 20510901;0;0;55476017.25;20510901
;;;IT0005247967;SI;CS BTP 20520301;0;0;23392606.75;20520301
;;;IT0005247975;SI;CS BTP 20520901;0;0;106537606.75;20520901
;;;IT0005247983;SI;CS BTP 20530301;0;0;22498798;20530301
;;;IT0005247991;SI;CS BTP 20530901;0;0;22498798;20530901
;;;IT0005248007;SI;CS BTP 20540301;0;0;22498798;20540301
;;;IT0005248015;SI;CS BTP 20540901;0;0;22498798;20540901
;;;IT0005248023;SI;CS BTP 20550301;0;0;22498798;20550301
;;;IT0005248031;SI;CS BTP 20550901;0;0;22498798;20550901
;;;IT0005248049;SI;CS BTP 20560301;0;0;22498798;20560301
;;;IT0005248056;SI;CS BTP 20560901;0;0;22498798;20560901
;;;IT0005248064;SI;CS BTP 20570301;0;0;22498798;20570301
;;;IT0005248072;SI;CS BTP 20570901;0;0;22498798;20570901
;;;IT0005248080;SI;CS BTP 20580301;0;0;22498798;20580301
;;;IT0005248098;SI;CS BTP 20580901;0;0;22498798;20580901
;;;IT0005248106;SI;CS BTP 20590301;0;0;22498798;20590301
;;;IT0005248114;SI;CS BTP 20590901;0;0;22498798;20590901
;;;IT0005248122;SI;CS BTP 20600301;0;0;22498798;20600301
;;;IT0005248130;SI;CS BTP 20600901;0;0;22498798;20600901
;;;IT0005248148;SI;CS BTP 20610301;0;0;22498798;20610301
;;;IT0005248155;SI;CS BTP 20610901;0;0;22498798;20610901
;;;IT0005248163;SI;CS BTP 20620301;0;0;22498798;20620301
;;;IT0005248171;SI;CS BTP 20620901;0;0;22498798;20620901
;;;IT0005248189;SI;CS BTP 20630301;0;0;22498798;20630301
;;;IT0005248197;SI;CS BTP 20630901;0;0;22498798;20630901
;;;IT0005248205;SI;CS BTP 20640301;0;0;22498798;20640301
;;;IT0005248213;SI;CS BTP 20640901;0;0;22498798;20640901
;;;IT0005248221;SI;CS BTP 20650301;0;0;22498798;20650301
;;;IT0005248239;SI;CS BTP 20650901;0;0;22498798;20650901
;;;IT0005248247;SI;CS BTP 20660301;0;0;22498798;20660301
;;;IT0005248254;SI;CS BTP 20660901;0;0;22498798;20660901
;;;IT0005248262;SI;CS BTP 20670301;0;0;1629555798;20670301
IT0005445306;;;;SI;BTP 20280715;0;12745422000;0;0
IT0005449969;;;;SI;BTP 20311201;0;15386250000;0;0
IT0005466013;;;;SI;BTP 20320601;0;16950000000;0;0
IT0005467482;;;;SI;BTP 20290215;0;12862500000;0;0
IT0005480980;;;;SI;BTP 20520901;83145000;7493677500;0;0
;;;IT0004976483;SI;CS BTP 20260901;0;0;105910536.75;20260901
;;;IT0004976491;SI;CS BTP 20270301;0;0;105910536.75;20270301
;;;IT0004976509;SI;CS BTP 20270901;0;0;105910536.75;20270901
;;;IT0004976517;SI;CS BTP 20280301;0;0;105910536.75;20280301
;;;IT0004976525;SI;CS BTP 20280901;0;0;251112536.75;20280901
;;;IT0004976533;SI;CS BTP 20290301;0;0;102461989.25;20290301
;;;IT0004976541;SI;CS BTP 20290901;0;0;102461989.25;20290901
;;;IT0004976558;SI;CS BTP 20300301;0;0;143361989.25;20300301
;;;IT0004976566;SI;CS BTP 20300901;0;0;101746239.25;20300901
;;;IT0004976574;SI;CS BTP 20310301;0;0;101746239.25;20310301
;;;IT0004976582;SI;CS BTP 20310901;0;0;101746239.25;20310901
;;;IT0004976590;SI;CS BTP 20320301;0;0;37442239.25;20320301
;;;IT0004976608;SI;CS BTP 20320901;0;0;102276747.25;20320901
;;;IT0004976616;SI;CS BTP 20330301;0;0;102276747.25;20330301
;;;IT0004976624;SI;CS BTP 20330901;0;0;88751747.25;20330901
;;;IT0004976632;SI;CS BTP 20340301;0;0;97042428.5;20340301
;;;IT0004976640;SI;CS BTP 20340901;0;0;102555828.5;20340901
;;;IT0004976657;SI;CS BTP 20350301;0;0;212805828.5;20350301
;;;IT0004976665;SI;CS BTP 20350901;0;0;100709141;20350901
;;;IT0004976673;SI;CS BTP 20360301;0;0;38009141;20360301
;;;IT0004976681;SI;CS BTP 20360901;0;0;68563716;20360901
;;;IT0004976699;SI;CS BTP 20370301;0;0;53530466;20370301
;;;IT0004976707;SI;CS BTP 20370901;0;0;101758466;20370901
;;;IT0004976715;SI;CS BTP 20380301;0;0;209908466;20380301
;;;IT0004976723;SI;CS BTP 20380901;0;0;70901028.5;20380901
;;;IT0004976731;SI;CS BTP 20390301;0;0;100430253.5;20390301
;;;IT0004976749;SI;CS BTP 20390901;0;0;100430253.5;20390901
;;;IT0004976756;SI;CS BTP 20400301;0;0;98080253.5;20400301
;;;IT0004976764;SI;CS BTP 20400901;0;0;100466678.5;20400901
;;;IT0004976772;SI;CS BTP 20410301;0;0;51666678.5;20410301
;;;IT0004976780;SI;CS BTP 20410901;0;0;100905878.5;20410901
;;;IT0004976798;SI;CS BTP 20420301;0;0;100905878.5;20420301
;;;IT0004976806;SI;CS BTP 20420901;0;0;100905878.5;20420901
;;;IT0004976814;SI;CS BTP 20430301;0;0;100905878.5;20430301
;;;IT0004976822;SI;CS BTP 20430901;0;0;427861878.5;20430901
;;;IT0004976830;SI;CS BTP 20440301;0;0;93631107.5;20440301
;;;IT0004976848;SI;CS BTP 20440901;0;0;2110032107.5;20440901
;;;IT0005093288;SI;CS BTP 20450301;0;0;45741583.75;20450301
;;;IT0005093296;SI;CS BTP 20450901;0;0;45741583.75;20450901
;;;IT0005093304;SI;CS BTP 20460301;0;0;45741583.75;20460301
;;;IT0005093312;SI;CS BTP 20460901;0;0;69891583.75;20460901
;;;IT0005177628;SI;CS BTP 20470301;0;0;90049146.25;20470301
;;;IT0005247876;SI;CS BTP 010947;0;0;44745696.25;20470901
;;;IT0005247884;SI;CS BTP 20480301;0;0;226359696.25;20480301
;;;IT0005247892;SI;CS BTP 20480901;0;0;41612854.75;20480901
;;;IT0005247900;SI;CS BTP 20490301;0;0;41612854.75;20490301
;;;IT0005247918;SI;CS BTP 20490901;0;0;958162854.75;20490901
;;;IT0005247926;SI;CS BTP 20500301;0;0;23969267.25;20500301
;;;IT0005247934;SI;CS BTP 20500901;0;0;48969267.25;20500901
;;;IT0005247942;SI;CS BTP 20510301;0;0;23663017.25;20510301
;;;IT0005247959;SI;CS BTP 20510901;0;0;55476017.25;20510901
;;;IT0005247967;SI;CS BTP 20520301;0;0;23392606.75;20520301
;;;IT0005247975;SI;CS BTP 20520901;0;0;106537606.75;20520901
IT0005484552;;;;SI;BTP 20270401;41700000;12445851000;0;0
;;;IT0005387144;SI;CS BTP 20261001;0;0;88713575;20261001
;;;IT0005387151;SI;CS BTP 20270401;0;0;47013575;20270401
IT0005494239;;;;SI;BTP 20321201;0;17391000000;0;0
IT0005495731;;;;SI;BTP 20290615;0;12600000000;0;0
;;;IT0005498701;SI;CS BTP 20261215;0;0;1929023.25;20261215
;;;IT0005498719;SI;CS BTP 20270615;0;0;1929023.25;20270615
;;;IT0005498727;SI;CS BTP 20271215;0;0;1929023.25;20271215
;;;IT0005498735;SI;CS BTP 20280615;0;0;1929023.25;20280615
;;;IT0005498743;SI;CS BTP 20281215;0;0;1929023.25;20281215
;;;IT0005498750;SI;CS BTP 20290615;0;0;1929023.25;20290615
IT0005496770;;;;SI;BTP 20380301;108150000;13063991250;0;0
;;;IT0004976483;SI;CS BTP 20260901;0;0;105910536.75;20260901
;;;IT0004976491;SI;CS BTP 20270301;0;0;105910536.75;20270301
;;;IT0004976509;SI;CS BTP 20270901;0;0;105910536.75;20270901
;;;IT0004976517;SI;CS BTP 20280301;0;0;105910536.75;20280301
;;;IT0004976525;SI;CS BTP 20280901;0;0;251112536.75;20280901
;;;IT0004976533;SI;CS BTP 20290301;0;0;102461989.25;20290301
;;;IT0004976541;SI;CS BTP 20290901;0;0;102461989.25;20290901
;;;IT0004976558;SI;CS BTP 20300301;0;0;143361989.25;20300301
;;;IT0004976566;SI;CS BTP 20300901;0;0;101746239.25;20300901
;;;IT0004976574;SI;CS BTP 20310301;0;0;101746239.25;20310301
;;;IT0004976582;SI;CS BTP 20310901;0;0;101746239.25;20310901
;;;IT0004976590;SI;CS BTP 20320301;0;0;37442239.25;20320301
;;;IT0004976608;SI;CS BTP 20320901;0;0;102276747.25;20320901
;;;IT0004976616;SI;CS BTP 20330301;0;0;102276747.25;20330301
;;;IT0004976624;SI;CS BTP 20330901;0;0;88751747.25;20330901
;;;IT0004976632;SI;CS BTP 20340301;0;0;97042428.5;20340301
;;;IT0004976640;SI;CS BTP 20340901;0;0;102555828.5;20340901
;;;IT0004976657;SI;CS BTP 20350301;0;0;212805828.5;20350301
;;;IT0004976665;SI;CS BTP 20350901;0;0;100709141;20350901
;;;IT0004976673;SI;CS BTP 20360301;0;0;38009141;20360301
;;;IT0004976681;SI;CS BTP 20360901;0;0;68563716;20360901
;;;IT0004976699;SI;CS BTP 20370301;0;0;53530466;20370301
;;;IT0004976707;SI;CS BTP 20370901;0;0;101758466;20370901
;;;IT0004976715;SI;CS BTP 20380301;0;0;209908466;20380301
IT0005500068;;;;SI;BTP 20271201;0;15450000000;0;0
IT0005508590;;;;SI;BTP 20350430;0;10897500000;0;0
IT0005518128;;;;SI;BTP 20330501;0;16012500000;0;0
;;;IT0005523599;SI;CS BTP 20261101;0;0;2301150;20261101
;;;IT0005523607;SI;CS BTP 20270501;0;0;2301150;20270501
;;;IT0005523615;SI;CS BTP 20271101;0;0;2301150;20271101
;;;IT0005523623;SI;20280501;0;0;2301150;20280501
;;;IT0005523631;SI;CS BTP 20281101;0;0;2301150;20281101
;;;IT0005523649;SI;CS BTP 20290501;0;0;2301150;20290501
;;;IT0005523656;SI;CS BTP 20291101;0;0;2301150;20291101
;;;IT0005523664;SI;CS BTP 20300501;0;0;2301150;20300501
;;;IT0005523672;SI;CS BTP 20301101;0;0;2301150;20301101
;;;IT0005523680;SI;CS BTP 20310501;0;0;2301150;20310501
;;;IT0005523698;SI;CS BTP 20311101;0;0;2301150;20311101
;;;IT0005523706;SI;CS BTP 20320501;0;0;2301150;20320501
;;;IT0005523714;SI;CS BTP 20321101;0;0;2301150;20321101
;;;IT0005523722;SI;CS BTP 20330501;0;0;2301150;20330501
IT0005519787;;;;SI;BTP 20291215;100209000;17409291000;0;0
;;;IT0005498701;SI;CS BTP 20261215;0;0;1929023.25;20261215
;;;IT0005498719;SI;CS BTP 20270615;0;0;1929023.25;20270615
;;;IT0005498727;SI;CS BTP 20271215;0;0;1929023.25;20271215
;;;IT0005498735;SI;CS BTP 20280615;0;0;1929023.25;20280615
;;;IT0005498743;SI;CS BTP 20281215;0;0;1929023.25;20281215
;;;IT0005498750;SI;CS BTP 20290615;0;0;1929023.25;20290615
;;;IT0005526162;SI;CS BTP 20291215;0;0;102138023.25;20291215
IT0005521981;;;;SI;BTP 20280401;32700000;14442300000;0;0
;;;IT0005387144;SI;CS BTP 20261001;0;0;88713575;20261001
;;;IT0005387151;SI;CS BTP 20270401;0;0;47013575;20270401
;;;IT0005387169;SI;CS BTP 20271001;0;0;88942925;20271001
;;;IT0005387177;SI;CS BTP 20280401;0;0;56242925;20280401
IT0005530032;;;;SI;BTP 20430901;326956000;10848044000;0;0
;;;IT0004976483;SI;CS BTP 20260901;0;0;105910536.75;20260901
;;;IT0004976491;SI;CS BTP 20270301;0;0;105910536.75;20270301
;;;IT0004976509;SI;CS BTP 20270901;0;0;105910536.75;20270901
;;;IT0004976517;SI;CS BTP 20280301;0;0;105910536.75;20280301
;;;IT0004976525;SI;CS BTP 20280901;0;0;251112536.75;20280901
;;;IT0004976533;SI;CS BTP 20290301;0;0;102461989.25;20290301
;;;IT0004976541;SI;CS BTP 20290901;0;0;102461989.25;20290901
;;;IT0004976558;SI;CS BTP 20300301;0;0;143361989.25;20300301
;;;IT0004976566;SI;CS BTP 20300901;0;0;101746239.25;20300901
;;;IT0004976574;SI;CS BTP 20310301;0;0;101746239.25;20310301
;;;IT0004976582;SI;CS BTP 20310901;0;0;101746239.25;20310901
;;;IT0004976590;SI;CS BTP 20320301;0;0;37442239.25;20320301
;;;IT0004976608;SI;CS BTP 20320901;0;0;102276747.25;20320901
;;;IT0004976616;SI;CS BTP 20330301;0;0;102276747.25;20330301
;;;IT0004976624;SI;CS BTP 20330901;0;0;88751747.25;20330901
;;;IT0004976632;SI;CS BTP 20340301;0;0;97042428.5;20340301
;;;IT0004976640;SI;CS BTP 20340901;0;0;102555828.5;20340901
;;;IT0004976657;SI;CS BTP 20350301;0;0;212805828.5;20350301
;;;IT0004976665;SI;CS BTP 20350901;0;0;100709141;20350901
;;;IT0004976673;SI;CS BTP 20360301;0;0;38009141;20360301
;;;IT0004976681;SI;CS BTP 20360901;0;0;68563716;20360901
;;;IT0004976699;SI;CS BTP 20370301;0;0;53530466;20370301
;;;IT0004976707;SI;CS BTP 20370901;0;0;101758466;20370901
;;;IT0004976715;SI;CS BTP 20380301;0;0;209908466;20380301
;;;IT0004976723;SI;CS BTP 20380901;0;0;70901028.5;20380901
;;;IT0004976731;SI;CS BTP 20390301;0;0;100430253.5;20390301
;;;IT0004976749;SI;CS BTP 20390901;0;0;100430253.5;20390901
;;;IT0004976756;SI;CS BTP 20400301;0;0;98080253.5;20400301
;;;IT0004976764;SI;CS BTP 20400901;0;0;100466678.5;20400901
;;;IT0004976772;SI;CS BTP 20410301;0;0;51666678.5;20410301
;;;IT0004976780;SI;CS BTP 20410901;0;0;100905878.5;20410901
;;;IT0004976798;SI;CS BTP 20420301;0;0;100905878.5;20420301
;;;IT0004976806;SI;CS BTP 20420901;0;0;100905878.5;20420901
;;;IT0004976814;SI;CS BTP 20430301;0;0;100905878.5;20430301
;;;IT0004976822;SI;CS BTP 20430901;0;0;427861878.5;20430901
IT0005534141;;;;SI;BTP 20531001;768300000;10106700000;0;0
;;;IT0005387144;SI;CS BTP 20261001;0;0;88713575;20261001
;;;IT0005387151;SI;CS BTP 20270401;0;0;47013575;20270401
;;;IT0005387169;SI;CS BTP 20271001;0;0;88942925;20271001
;;;IT0005387177;SI;CS BTP 20280401;0;0;56242925;20280401
;;;IT0005387185;SI;CS BTP 20281001;0;0;89498825;20281001
;;;IT0005387193;SI;CS BTP 20290401;0;0;89498825;20290401
;;;IT0005387201;SI;CS BTP 20291001;0;0;50098825;20291001
;;;IT0005387219;SI;CS BTP 20290401;0;0;113089825;20300401
;;;IT0005425829;SI;CS BTP 20301001;0;0;100734575;20301001
;;;IT0005425837;SI;CS BTP 20310401;0;0;66388775;20310401
;;;IT0005550048;SI;CS BTP 20311001;0;0;89894075;20311001
;;;IT0005550055;SI;CS BTP 20320401;0;0;89894075;20320401
;;;IT0005550063;SI;CS BTP 20321001;0;0;89894075;20321001
;;;IT0005550071;SI;CS BTP 20330401;0;0;89894075;20330401
;;;IT0005550089;SI;CS BTP 20331001;0;0;89894075;20331001
;;;IT0005550097;SI;CS BTP 20340401;0;0;89894075;20340401
;;;IT0005550105;SI;CS BTP 20341001;0;0;89894075;20341001
;;;IT0005550113;SI;CS BTP 20350401;0;0;89894075;20350401
;;;IT0005550121;SI;CS BTP 20351001;0;0;46594075;20351001
;;;IT0005550139;SI;CS BTP 20360401;0;0;90673475;20360401
;;;IT0005550147;SI;CS BTP 20361001;0;0;90673475;20361001
;;;IT0005550154;SI;CS BTP 20370401;0;0;90673475;20370401
;;;IT0005550162;SI;CS BTP 20371001;0;0;90673475;20371001
;;;IT0005550170;SI;CS BTP 20380401;0;0;90673475;20380401
;;;IT0005550188;SI;CS BTP 20381001;0;0;90673475;20381001
;;;IT0005550196;SI;CS BTP 20390401;0;0;90673475;20390401
;;;IT0005550204;SI;CS BTP 20391001;0;0;926473475;20391001
;;;IT0005550212;SI;CS BTP 20400401;0;0;73330625;20400401
;;;IT0005550220;SI;CS BTP 20401001;0;0;252130625;20401001
;;;IT0005550238;SI;CS BTP 20410401;0;0;69888725;20410401
;;;IT0005550246;SI;CS BTP 20411001;0;0;152188725;20411001
;;;IT0005550253;SI;CS BTP 20420401;0;0;68263300;20420401
;;;IT0005550261;SI;CS BTP 20421001;0;0;68263300;20421001
;;;IT0005550279;SI;CS BTP 20430401;0;0;68263300;20430401
;;;IT0005550287;SI;CS BTP 20431001;0;0;68263300;20431001
;;;IT0005550295;SI;CS BTP 20440401;0;0;68263300;20440401
;;;IT0005550303;SI;CS BTP 20441001;0;0;68263300;20441001
;;;IT0005550311;SI;CS BTP 20450401;0;0;68263300;20450401
;;;IT0005550329;SI;CS BTP 20451001;0;0;68263300;20451001
;;;IT0005550337;SI;CS BTP 20460401;0;0;68263300;20460401
;;;IT0005550345;SI;CS BTP 20461001;0;0;68263300;20461001
;;;IT0005550352;SI;CS BTP 20470401;0;0;68263300;20470401
;;;IT0005550360;SI;CS BTP 20471001;0;0;68263300;20471001
;;;IT0005550378;SI;CS BTP 20480401;0;0;68263300;20480401
;;;IT0005550386;SI;CS BTP 20481001;0;0;68263300;20481001
;;;IT0005550394;SI;CS BTP 20490401;0;0;68263300;20490401
;;;IT0005550402;SI;CS BTP 20491001;0;0;68263300;20491001
;;;IT0005550410;SI;CS BTP 20500401;0;0;68263300;20500401
;;;IT0005550428;SI;CS BTP 20501001;0;0;68263300;20501001
;;;IT0005550436;SI;CS BTP 20510401;0;0;68263300;20510401
;;;IT0005550444;SI;CS BTP 20511001;0;0;68263300;20511001
;;;IT0005550451;SI;CS BTP 20520401;0;0;68263300;20520401
;;;IT0005550469;SI;CS BTP 20521001;0;0;68263300;20521001
;;;IT0005550477;SI;CS BTP 20530401;0;0;68263300;20530401
;;;IT0005550485;SI;CS BTP 20531001;0;0;836563300;20531001
IT0005542359;;;;SI;BTP 20311030;0;9769179750;0;0
IT0005542797;;;;SI;BTP 20300615;0;12238734000;0;0
;;;IT0005498701;SI;CS BTP 20261215;0;0;1929023.25;20261215
;;;IT0005498719;SI;CS BTP 20270615;0;0;1929023.25;20270615
;;;IT0005498727;SI;CS BTP 20271215;0;0;1929023.25;20271215
;;;IT0005498735;SI;CS BTP 20280615;0;0;1929023.25;20280615
;;;IT0005498743;SI;CS BTP 20281215;0;0;1929023.25;20281215
;;;IT0005498750;SI;CS BTP 20290615;0;0;1929023.25;20290615
;;;IT0005526162;SI;CS BTP 20291215;0;0;102138023.25;20291215
IT0005544082;;;;SI;BTP 20331101;105800000;15794200000;0;0
;;;IT0005523599;SI;CS BTP 20261101;0;0;2301150;20261101
;;;IT0005523607;SI;CS BTP 20270501;0;0;2301150;20270501
;;;IT0005523615;SI;CS BTP 20271101;0;0;2301150;20271101
;;;IT0005523623;SI;20280501;0;0;2301150;20280501
;;;IT0005523631;SI;CS BTP 20281101;0;0;2301150;20281101
;;;IT0005523649;SI;CS BTP 20290501;0;0;2301150;20290501
;;;IT0005523656;SI;CS BTP 20291101;0;0;2301150;20291101
;;;IT0005523664;SI;CS BTP 20300501;0;0;2301150;20300501
;;;IT0005523672;SI;CS BTP 20301101;0;0;2301150;20301101
;;;IT0005523680;SI;CS BTP 20310501;0;0;2301150;20310501
;;;IT0005523698;SI;CS BTP 20311101;0;0;2301150;20311101
;;;IT0005523706;SI;CS BTP 20320501;0;0;2301150;20320501
;;;IT0005523714;SI;CS BTP 20321101;0;0;2301150;20321101
;;;IT0005523722;SI;CS BTP 20330501;0;0;2301150;20330501
;;;IT0005548869;SI;CS BTP 20331101;0;0;108101150;20331101
IT0005548315;;;;SI;BTP 20280801;71800000;13132700000;0;0
;;;IT0005278194;SI;CS BTP 20270201;0;0;3352575;20270201
;;;IT0005278202;SI;CS BTP 20270801;0;0;2952575;20270801
;;;IT0005326076;SI;CS BTP 20280201;0;0;1456675;20280201
;;;IT0005367898;SI;CS BTP 20280801;0;0;75175675;20280801
IT0005560948;;;;SI;BTP 20340301;5400000;15124738500;0;0
;;;IT0004976483;SI;CS BTP 20260901;0;0;105910536.75;20260901
;;;IT0004976491;SI;CS BTP 20270301;0;0;105910536.75;20270301
;;;IT0004976509;SI;CS BTP 20270901;0;0;105910536.75;20270901
;;;IT0004976517;SI;CS BTP 20280301;0;0;105910536.75;20280301
;;;IT0004976525;SI;CS BTP 20280901;0;0;251112536.75;20280901
;;;IT0004976533;SI;CS BTP 20290301;0;0;102461989.25;20290301
;;;IT0004976541;SI;CS BTP 20290901;0;0;102461989.25;20290901
;;;IT0004976558;SI;CS BTP 20300301;0;0;143361989.25;20300301
;;;IT0004976566;SI;CS BTP 20300901;0;0;101746239.25;20300901
;;;IT0004976574;SI;CS BTP 20310301;0;0;101746239.25;20310301
;;;IT0004976582;SI;CS BTP 20310901;0;0;101746239.25;20310901
;;;IT0004976590;SI;CS BTP 20320301;0;0;37442239.25;20320301
;;;IT0004976608;SI;CS BTP 20320901;0;0;102276747.25;20320901
;;;IT0004976616;SI;CS BTP 20330301;0;0;102276747.25;20330301
;;;IT0004976624;SI;CS BTP 20330901;0;0;88751747.25;20330901
;;;IT0004976632;SI;CS BTP 20340301;0;0;97042428.5;20340301
IT0005561888;;;;SI;BTP 20301115;300000;13066698000;0;0
;;;IT0005568347;SI;CS BTP 261115;0;0;1111000;20261115
;;;IT0005568354;SI;CS BTP 270515;0;0;1111000;20270515
;;;IT0005568362;SI;CS BTP 271115;0;0;1111000;20271115
;;;IT0005568370;SI;CS BTP 280515;0;0;1111000;20280515
;;;IT0005568388;SI;CS BTP 20281115;0;0;1111000;20281115
;;;IT0005568396;SI;CS BTP 20290515;0;0;1111000;20290515
;;;IT0005568404;SI;CS BTP 20291115;0;0;1111000;20291115
;;;IT0005568412;SI;CS BTP 20300515;0;0;1111000;20300515
;;;IT0005568420;SI;CS BTP 20301115;0;0;1411000;20301115
IT0005566408;;;;SI;BTP 20290201;1000000;13200233000;0;0
;;;IT0005278194;SI;CS BTP 20270201;0;0;3352575;20270201
;;;IT0005278202;SI;CS BTP 20270801;0;0;2952575;20270801
;;;IT0005326076;SI;CS BTP 20280201;0;0;1456675;20280201
;;;IT0005367898;SI;CS BTP 20280801;0;0;75175675;20280801
;;;IT0005367906;SI;CS BTP 20290201;0;0;3011475;20290201
IT0005580094;;;;SI;BTP 20310215;0;14250000000;0;0
IT0005582421;;;;SI;BTP 20391001;835800000;11614200000;0;0
;;;IT0005387144;SI;CS BTP 20261001;0;0;88713575;20261001
;;;IT0005387151;SI;CS BTP 20270401;0;0;47013575;20270401
;;;IT0005387169;SI;CS BTP 20271001;0;0;88942925;20271001
;;;IT0005387177;SI;CS BTP 20280401;0;0;56242925;20280401
;;;IT0005387185;SI;CS BTP 20281001;0;0;89498825;20281001
;;;IT0005387193;SI;CS BTP 20290401;0;0;89498825;20290401
;;;IT0005387201;SI;CS BTP 20291001;0;0;50098825;20291001
;;;IT0005387219;SI;CS BTP 20290401;0;0;113089825;20300401
;;;IT0005425829;SI;CS BTP 20301001;0;0;100734575;20301001
;;;IT0005425837;SI;CS BTP 20310401;0;0;66388775;20310401
;;;IT0005550048;SI;CS BTP 20311001;0;0;89894075;20311001
;;;IT0005550055;SI;CS BTP 20320401;0;0;89894075;20320401
;;;IT0005550063;SI;CS BTP 20321001;0;0;89894075;20321001
;;;IT0005550071;SI;CS BTP 20330401;0;0;89894075;20330401
;;;IT0005550089;SI;CS BTP 20331001;0;0;89894075;20331001
;;;IT0005550097;SI;CS BTP 20340401;0;0;89894075;20340401
;;;IT0005550105;SI;CS BTP 20341001;0;0;89894075;20341001
;;;IT0005550113;SI;CS BTP 20350401;0;0;89894075;20350401
;;;IT0005550121;SI;CS BTP 20351001;0;0;46594075;20351001
;;;IT0005550139;SI;CS BTP 20360401;0;0;90673475;20360401
;;;IT0005550147;SI;CS BTP 20361001;0;0;90673475;20361001
;;;IT0005550154;SI;CS BTP 20370401;0;0;90673475;20370401
;;;IT0005550162;SI;CS BTP 20371001;0;0;90673475;20371001
;;;IT0005550170;SI;CS BTP 20380401;0;0;90673475;20380401
;;;IT0005550188;SI;CS BTP 20381001;0;0;90673475;20381001
;;;IT0005550196;SI;CS BTP 20390401;0;0;90673475;20390401
;;;IT0005550204;SI;CS BTP 20391001;0;0;926473475;20391001
IT0005584849;;;;SI;BTP 20290701;0;14325000000;0;0
IT0005584856;;;;SI;BTP 20340701;0;14641412250;0;0
IT0005595803;;;;SI;BTP 20310715;0;14400000000;0;0
IT0005607970;;;;SI;BTP 20350201;300000;16424700000;0;0
;;;IT0005278194;SI;CS BTP 20270201;0;0;3352575;20270201
;;;IT0005278202;SI;CS BTP 20270801;0;0;2952575;20270801
;;;IT0005326076;SI;CS BTP 20280201;0;0;1456675;20280201
;;;IT0005367898;SI;CS BTP 20280801;0;0;75175675;20280801
;;;IT0005367906;SI;CS BTP 20290201;0;0;3011475;20290201
;;;IT0005367914;SI;CS BTP 20290801;0;0;1990975;20290801
;;;IT0005406662;SI;CS BTP 20300201;0;0;1990975;20300201
;;;IT0005406670;SI;CS BTP 20300801;0;0;590975;20300801
;;;IT0005444234;SI;CS BTP 20310201;0;0;36597625;20310201
;;;IT0005444242;SI;CS BTP 20310801;0;0;104575;20310801
;;;IT0005611170;SI;CS BTP 20320201;0;0;1508775;20320201
;;;IT0005611188;SI;CS BTP 20320801;0;0;1508775;20320801
;;;IT0005611196;SI;CS BTP 20330201;0;0;1508775;20330201
;;;IT0005611204;SI;CS BTP 20330801;0;0;1508775;20330801
;;;IT0005611212;SI;CS BTP 20340201;0;0;1508775;20340201
;;;IT0005611220;SI;CS BTP 20340801;0;0;1508775;20340801
;;;IT0005611238;SI;CS BTP 20350201;0;0;1208775;20350201
IT0005611055;;;;SI;BTP 20291001;39400000;13010600000;0;0
;;;IT0005387144;SI;CS BTP 20261001;0;0;88713575;20261001
;;;IT0005387151;SI;CS BTP 20270401;0;0;47013575;20270401
;;;IT0005387169;SI;CS BTP 20271001;0;0;88942925;20271001
;;;IT0005387177;SI;CS BTP 20280401;0;0;56242925;20280401
;;;IT0005387185;SI;CS BTP 20281001;0;0;89498825;20281001
;;;IT0005387193;SI;CS BTP 20290401;0;0;89498825;20290401
;;;IT0005387201;SI;CS BTP 20291001;0;0;50098825;20291001
IT0005611741;;;;SI;BTP 20541001;549500000;11263000000;0;0
;;;IT0005387144;SI;CS BTP 20261001;0;0;88713575;20261001
;;;IT0005387151;SI;CS BTP 20270401;0;0;47013575;20270401
;;;IT0005387169;SI;CS BTP 20271001;0;0;88942925;20271001
;;;IT0005387177;SI;CS BTP 20280401;0;0;56242925;20280401
;;;IT0005387185;SI;CS BTP 20281001;0;0;89498825;20281001
;;;IT0005387193;SI;CS BTP 20290401;0;0;89498825;20290401
;;;IT0005387201;SI;CS BTP 20291001;0;0;50098825;20291001
;;;IT0005387219;SI;CS BTP 20290401;0;0;113089825;20300401
;;;IT0005425829;SI;CS BTP 20301001;0;0;100734575;20301001
;;;IT0005425837;SI;CS BTP 20310401;0;0;66388775;20310401
;;;IT0005550048;SI;CS BTP 20311001;0;0;89894075;20311001
;;;IT0005550055;SI;CS BTP 20320401;0;0;89894075;20320401
;;;IT0005550063;SI;CS BTP 20321001;0;0;89894075;20321001
;;;IT0005550071;SI;CS BTP 20330401;0;0;89894075;20330401
;;;IT0005550089;SI;CS BTP 20331001;0;0;89894075;20331001
;;;IT0005550097;SI;CS BTP 20340401;0;0;89894075;20340401
;;;IT0005550105;SI;CS BTP 20341001;0;0;89894075;20341001
;;;IT0005550113;SI;CS BTP 20350401;0;0;89894075;20350401
;;;IT0005550121;SI;CS BTP 20351001;0;0;46594075;20351001
;;;IT0005550139;SI;CS BTP 20360401;0;0;90673475;20360401
;;;IT0005550147;SI;CS BTP 20361001;0;0;90673475;20361001
;;;IT0005550154;SI;CS BTP 20370401;0;0;90673475;20370401
;;;IT0005550162;SI;CS BTP 20371001;0;0;90673475;20371001
;;;IT0005550170;SI;CS BTP 20380401;0;0;90673475;20380401
;;;IT0005550188;SI;CS BTP 20381001;0;0;90673475;20381001
;;;IT0005550196;SI;CS BTP 20390401;0;0;90673475;20390401
;;;IT0005550204;SI;CS BTP 20391001;0;0;926473475;20391001
;;;IT0005550212;SI;CS BTP 20400401;0;0;73330625;20400401
;;;IT0005550220;SI;CS BTP 20401001;0;0;252130625;20401001
;;;IT0005550238;SI;CS BTP 20410401;0;0;69888725;20410401
;;;IT0005550246;SI;CS BTP 20411001;0;0;152188725;20411001
;;;IT0005550253;SI;CS BTP 20420401;0;0;68263300;20420401
;;;IT0005550261;SI;CS BTP 20421001;0;0;68263300;20421001
;;;IT0005550279;SI;CS BTP 20430401;0;0;68263300;20430401
;;;IT0005550287;SI;CS BTP 20431001;0;0;68263300;20431001
;;;IT0005550295;SI;CS BTP 20440401;0;0;68263300;20440401
;;;IT0005550303;SI;CS BTP 20441001;0;0;68263300;20441001
;;;IT0005550311;SI;CS BTP 20450401;0;0;68263300;20450401
;;;IT0005550329;SI;CS BTP 20451001;0;0;68263300;20451001
;;;IT0005550337;SI;CS BTP 20460401;0;0;68263300;20460401
;;;IT0005550345;SI;CS BTP 20461001;0;0;68263300;20461001
;;;IT0005550352;SI;CS BTP 20470401;0;0;68263300;20470401
;;;IT0005550360;SI;CS BTP 20471001;0;0;68263300;20471001
;;;IT0005550378;SI;CS BTP 20480401;0;0;68263300;20480401
;;;IT0005550386;SI;CS BTP 20481001;0;0;68263300;20481001
;;;IT0005550394;SI;CS BTP 20490401;0;0;68263300;20490401
;;;IT0005550402;SI;CS BTP 20491001;0;0;68263300;20491001
;;;IT0005550410;SI;CS BTP 20500401;0;0;68263300;20500401
;;;IT0005550428;SI;CS BTP 20501001;0;0;68263300;20501001
;;;IT0005550436;SI;CS BTP 20510401;0;0;68263300;20510401
;;;IT0005550444;SI;CS BTP 20511001;0;0;68263300;20511001
;;;IT0005550451;SI;CS BTP 20520401;0;0;68263300;20520401
;;;IT0005550469;SI;CS BTP 20521001;0;0;68263300;20521001
;;;IT0005550477;SI;CS BTP 20530401;0;0;68263300;20530401
;;;IT0005550485;SI;CS BTP 20531001;0;0;836563300;20531001
;;;IT0005619769;SI;CS BTP 20540401;0;0;50976550;20540401
;;;IT0005619777;SI;CS BTP 20541001;0;0;600476550;20541001
IT0005619546;;;;SI;BTP 20311115;0;15825000000;0;0
;;;IT0005568347;SI;CS BTP 261115;0;0;1111000;20261115
;;;IT0005568354;SI;CS BTP 270515;0;0;1111000;20270515
;;;IT0005568362;SI;CS BTP 271115;0;0;1111000;20271115
;;;IT0005568370;SI;CS BTP 280515;0;0;1111000;20280515
;;;IT0005568388;SI;CS BTP 20281115;0;0;1111000;20281115
;;;IT0005568396;SI;CS BTP 20290515;0;0;1111000;20290515
;;;IT0005568404;SI;CS BTP 20291115;0;0;1111000;20291115
;;;IT0005568412;SI;CS BTP 20300515;0;0;1111000;20300515
;;;IT0005568420;SI;CS BTP 20301115;0;0;1411000;20301115
;;;IT0005628364;SI;CS BTP 20310515;0;0;1105000;20310515
;;;IT0005628372;SI;CS BTP 20311115;0;0;1105000;20311115
IT0005631590;;;;SI;BTP 20350801;82800000;15946826250;0;0
;;;IT0005278194;SI;CS BTP 20270201;0;0;3352575;20270201
;;;IT0005278202;SI;CS BTP 20270801;0;0;2952575;20270801
;;;IT0005326076;SI;CS BTP 20280201;0;0;1456675;20280201
;;;IT0005367898;SI;CS BTP 20280801;0;0;75175675;20280801
;;;IT0005367906;SI;CS BTP 20290201;0;0;3011475;20290201
;;;IT0005367914;SI;CS BTP 20290801;0;0;1990975;20290801
;;;IT0005406662;SI;CS BTP 20300201;0;0;1990975;20300201
;;;IT0005406670;SI;CS BTP 20300801;0;0;590975;20300801
;;;IT0005444234;SI;CS BTP 20310201;0;0;36597625;20310201
;;;IT0005444242;SI;CS BTP 20310801;0;0;104575;20310801
;;;IT0005611170;SI;CS BTP 20320201;0;0;1508775;20320201
;;;IT0005611188;SI;CS BTP 20320801;0;0;1508775;20320801
;;;IT0005611196;SI;CS BTP 20330201;0;0;1508775;20330201
;;;IT0005611204;SI;CS BTP 20330801;0;0;1508775;20330801
;;;IT0005611212;SI;CS BTP 20340201;0;0;1508775;20340201
;;;IT0005611220;SI;CS BTP 20340801;0;0;1508775;20340801
;;;IT0005611238;SI;CS BTP 20350201;0;0;1208775;20350201
;;;IT0005637803;SI;CS BTP 20350801;0;0;84314550;20350801
IT0005635583;;;;SI;BTP 20401001;178800000;12458700000;0;0
;;;IT0005387144;SI;CS BTP 20261001;0;0;88713575;20261001
;;;IT0005387151;SI;CS BTP 20270401;0;0;47013575;20270401
;;;IT0005387169;SI;CS BTP 20271001;0;0;88942925;20271001
;;;IT0005387177;SI;CS BTP 20280401;0;0;56242925;20280401
;;;IT0005387185;SI;CS BTP 20281001;0;0;89498825;20281001
;;;IT0005387193;SI;CS BTP 20290401;0;0;89498825;20290401
;;;IT0005387201;SI;CS BTP 20291001;0;0;50098825;20291001
;;;IT0005387219;SI;CS BTP 20290401;0;0;113089825;20300401
;;;IT0005425829;SI;CS BTP 20301001;0;0;100734575;20301001
;;;IT0005425837;SI;CS BTP 20310401;0;0;66388775;20310401
;;;IT0005550048;SI;CS BTP 20311001;0;0;89894075;20311001
;;;IT0005550055;SI;CS BTP 20320401;0;0;89894075;20320401
;;;IT0005550063;SI;CS BTP 20321001;0;0;89894075;20321001
;;;IT0005550071;SI;CS BTP 20330401;0;0;89894075;20330401
;;;IT0005550089;SI;CS BTP 20331001;0;0;89894075;20331001
;;;IT0005550097;SI;CS BTP 20340401;0;0;89894075;20340401
;;;IT0005550105;SI;CS BTP 20341001;0;0;89894075;20341001
;;;IT0005550113;SI;CS BTP 20350401;0;0;89894075;20350401
;;;IT0005550121;SI;CS BTP 20351001;0;0;46594075;20351001
;;;IT0005550139;SI;CS BTP 20360401;0;0;90673475;20360401
;;;IT0005550147;SI;CS BTP 20361001;0;0;90673475;20361001
;;;IT0005550154;SI;CS BTP 20370401;0;0;90673475;20370401
;;;IT0005550162;SI;CS BTP 20371001;0;0;90673475;20371001
;;;IT0005550170;SI;CS BTP 20380401;0;0;90673475;20380401
;;;IT0005550188;SI;CS BTP 20381001;0;0;90673475;20381001
;;;IT0005550196;SI;CS BTP 20390401;0;0;90673475;20390401
;;;IT0005550204;SI;CS BTP 20391001;0;0;926473475;20391001
;;;IT0005550212;SI;CS BTP 20400401;0;0;73330625;20400401
;;;IT0005550220;SI;CS BTP 20401001;0;0;252130625;20401001
IT0005637399;;;;SI;BTP 20300701;0;13556250000;0;0
IT0005647265;;;;SI;BTP 20320715;0;15088016250;0;0
IT0005648149;;;;SI;BTP 20351001;43300000;15349538000;0;0
;;;IT0005387144;SI;CS BTP 20261001;0;0;88713575;20261001
;;;IT0005387151;SI;CS BTP 20270401;0;0;47013575;20270401
;;;IT0005387169;SI;CS BTP 20271001;0;0;88942925;20271001
;;;IT0005387177;SI;CS BTP 20280401;0;0;56242925;20280401
;;;IT0005387185;SI;CS BTP 20281001;0;0;89498825;20281001
;;;IT0005387193;SI;CS BTP 20290401;0;0;89498825;20290401
;;;IT0005387201;SI;CS BTP 20291001;0;0;50098825;20291001
;;;IT0005387219;SI;CS BTP 20290401;0;0;113089825;20300401
;;;IT0005425829;SI;CS BTP 20301001;0;0;100734575;20301001
;;;IT0005425837;SI;CS BTP 20310401;0;0;66388775;20310401
;;;IT0005550048;SI;CS BTP 20311001;0;0;89894075;20311001
;;;IT0005550055;SI;CS BTP 20320401;0;0;89894075;20320401
;;;IT0005550063;SI;CS BTP 20321001;0;0;89894075;20321001
;;;IT0005550071;SI;CS BTP 20330401;0;0;89894075;20330401
;;;IT0005550089;SI;CS BTP 20331001;0;0;89894075;20331001
;;;IT0005550097;SI;CS BTP 20340401;0;0;89894075;20340401
;;;IT0005550105;SI;CS BTP 20341001;0;0;89894075;20341001
;;;IT0005550113;SI;CS BTP 20350401;0;0;89894075;20350401
;;;IT0005550121;SI;CS BTP 20351001;0;0;46594075;20351001
IT0005654642;;;;SI;BTP 20301001;10800000;14576700000;0;0
;;;IT0005387144;SI;CS BTP 20261001;0;0;88713575;20261001
;;;IT0005387151;SI;CS BTP 20270401;0;0;47013575;20270401
;;;IT0005387169;SI;CS BTP 20271001;0;0;88942925;20271001
;;;IT0005387177;SI;CS BTP 20280401;0;0;56242925;20280401
;;;IT0005387185;SI;CS BTP 20281001;0;0;89498825;20281001
;;;IT0005387193;SI;CS BTP 20290401;0;0;89498825;20290401
;;;IT0005387201;SI;CS BTP 20291001;0;0;50098825;20291001
;;;IT0005387219;SI;CS BTP 20290401;0;0;113089825;20300401
;;;IT0005425829;SI;CS BTP 20301001;0;0;100734575;20301001
IT0005668220;;;;SI;BTP 20321115;68000000;13957000000;0;0
;;;IT0005568347;SI;CS BTP 261115;0;0;1111000;20261115
;;;IT0005568354;SI;CS BTP 270515;0;0;1111000;20270515
;;;IT0005568362;SI;CS BTP 271115;0;0;1111000;20271115
;;;IT0005568370;SI;CS BTP 280515;0;0;1111000;20280515
;;;IT0005568388;SI;CS BTP 20281115;0;0;1111000;20281115
;;;IT0005568396;SI;CS BTP 20290515;0;0;1111000;20290515
;;;IT0005568404;SI;CS BTP 20291115;0;0;1111000;20291115
;;;IT0005568412;SI;CS BTP 20300515;0;0;1111000;20300515
;;;IT0005568420;SI;CS BTP 20301115;0;0;1411000;20301115
;;;IT0005628364;SI;CS BTP 20310515;0;0;1105000;20310515
;;;IT0005628372;SI;CS BTP 20311115;0;0;1105000;20311115
;;;IT0005675340;SI;CS BTP 150532;0;0;1105000;20320515
;;;IT0005675357;SI;CS BTP 151132;0;0;69105000;20321115
IT0005668238;;;;SI;BTP 20551001;1684400000;8130850000;0;0
;;;IT0005387144;SI;CS BTP 20261001;0;0;88713575;20261001
;;;IT0005387151;SI;CS BTP 20270401;0;0;47013575;20270401
;;;IT0005387169;SI;CS BTP 20271001;0;0;88942925;20271001
;;;IT0005387177;SI;CS BTP 20280401;0;0;56242925;20280401
;;;IT0005387185;SI;CS BTP 20281001;0;0;89498825;20281001
;;;IT0005387193;SI;CS BTP 20290401;0;0;89498825;20290401
;;;IT0005387201;SI;CS BTP 20291001;0;0;50098825;20291001
;;;IT0005387219;SI;CS BTP 20290401;0;0;113089825;20300401
;;;IT0005425829;SI;CS BTP 20301001;0;0;100734575;20301001
;;;IT0005425837;SI;CS BTP 20310401;0;0;66388775;20310401
;;;IT0005550048;SI;CS BTP 20311001;0;0;89894075;20311001
;;;IT0005550055;SI;CS BTP 20320401;0;0;89894075;20320401
;;;IT0005550063;SI;CS BTP 20321001;0;0;89894075;20321001
;;;IT0005550071;SI;CS BTP 20330401;0;0;89894075;20330401
;;;IT0005550089;SI;CS BTP 20331001;0;0;89894075;20331001
;;;IT0005550097;SI;CS BTP 20340401;0;0;89894075;20340401
;;;IT0005550105;SI;CS BTP 20341001;0;0;89894075;20341001
;;;IT0005550113;SI;CS BTP 20350401;0;0;89894075;20350401
;;;IT0005550121;SI;CS BTP 20351001;0;0;46594075;20351001
;;;IT0005550139;SI;CS BTP 20360401;0;0;90673475;20360401
;;;IT0005550147;SI;CS BTP 20361001;0;0;90673475;20361001
;;;IT0005550154;SI;CS BTP 20370401;0;0;90673475;20370401
;;;IT0005550162;SI;CS BTP 20371001;0;0;90673475;20371001
;;;IT0005550170;SI;CS BTP 20380401;0;0;90673475;20380401
;;;IT0005550188;SI;CS BTP 20381001;0;0;90673475;20381001
;;;IT0005550196;SI;CS BTP 20390401;0;0;90673475;20390401
;;;IT0005550204;SI;CS BTP 20391001;0;0;926473475;20391001
;;;IT0005550212;SI;CS BTP 20400401;0;0;73330625;20400401
;;;IT0005550220;SI;CS BTP 20401001;0;0;252130625;20401001
;;;IT0005550238;SI;CS BTP 20410401;0;0;69888725;20410401
;;;IT0005550246;SI;CS BTP 20411001;0;0;152188725;20411001
;;;IT0005550253;SI;CS BTP 20420401;0;0;68263300;20420401
;;;IT0005550261;SI;CS BTP 20421001;0;0;68263300;20421001
;;;IT0005550279;SI;CS BTP 20430401;0;0;68263300;20430401
;;;IT0005550287;SI;CS BTP 20431001;0;0;68263300;20431001
;;;IT0005550295;SI;CS BTP 20440401;0;0;68263300;20440401
;;;IT0005550303;SI;CS BTP 20441001;0;0;68263300;20441001
;;;IT0005550311;SI;CS BTP 20450401;0;0;68263300;20450401
;;;IT0005550329;SI;CS BTP 20451001;0;0;68263300;20451001
;;;IT0005550337;SI;CS BTP 20460401;0;0;68263300;20460401
;;;IT0005550345;SI;CS BTP 20461001;0;0;68263300;20461001
;;;IT0005550352;SI;CS BTP 20470401;0;0;68263300;20470401
;;;IT0005550360;SI;CS BTP 20471001;0;0;68263300;20471001
;;;IT0005550378;SI;CS BTP 20480401;0;0;68263300;20480401
;;;IT0005550386;SI;CS BTP 20481001;0;0;68263300;20481001
;;;IT0005550394;SI;CS BTP 20490401;0;0;68263300;20490401
;;;IT0005550402;SI;CS BTP 20491001;0;0;68263300;20491001
;;;IT0005550410;SI;CS BTP 20500401;0;0;68263300;20500401
;;;IT0005550428;SI;CS BTP 20501001;0;0;68263300;20501001
;;;IT0005550436;SI;CS BTP 20510401;0;0;68263300;20510401
;;;IT0005550444;SI;CS BTP 20511001;0;0;68263300;20511001
;;;IT0005550451;SI;CS BTP 20520401;0;0;68263300;20520401
;;;IT0005550469;SI;CS BTP 20521001;0;0;68263300;20521001
;;;IT0005550477;SI;CS BTP 20530401;0;0;68263300;20530401
;;;IT0005550485;SI;CS BTP 20531001;0;0;836563300;20531001
;;;IT0005619769;SI;CS BTP 20540401;0;0;50976550;20540401
;;;IT0005619777;SI;CS BTP 20541001;0;0;600476550;20541001
;;;IT0005679995;SI;CS BTP 010455;0;0;39162300;20550401
;;;IT0005680001;SI;CS BTP 011055;0;0;1723562300;20551001
IT0005671273;;;;SI;BTP 20310201;34600000;15415400000;0;0
;;;IT0005278194;SI;CS BTP 20270201;0;0;3352575;20270201
;;;IT0005278202;SI;CS BTP 20270801;0;0;2952575;20270801
;;;IT0005326076;SI;CS BTP 20280201;0;0;1456675;20280201
;;;IT0005367898;SI;CS BTP 20280801;0;0;75175675;20280801
;;;IT0005367906;SI;CS BTP 20290201;0;0;3011475;20290201
;;;IT0005367914;SI;CS BTP 20290801;0;0;1990975;20290801
;;;IT0005406662;SI;CS BTP 20300201;0;0;1990975;20300201
;;;IT0005406670;SI;CS BTP 20300801;0;0;590975;20300801
;;;IT0005444234;SI;CS BTP 20310201;0;0;36597625;20310201
IT0005676504;;;;SI;BTP 20360201;200000;17120326750;0;0
;;;IT0005278194;SI;CS BTP 20270201;0;0;3352575;20270201
;;;IT0005278202;SI;CS BTP 20270801;0;0;2952575;20270801
;;;IT0005326076;SI;CS BTP 20280201;0;0;1456675;20280201
;;;IT0005367898;SI;CS BTP 20280801;0;0;75175675;20280801
;;;IT0005367906;SI;CS BTP 20290201;0;0;3011475;20290201
;;;IT0005367914;SI;CS BTP 20290801;0;0;1990975;20290801
;;;IT0005406662;SI;CS BTP 20300201;0;0;1990975;20300201
;;;IT0005406670;SI;CS BTP 20300801;0;0;590975;20300801
;;;IT0005444234;SI;CS BTP 20310201;0;0;36597625;20310201
;;;IT0005444242;SI;CS BTP 20310801;0;0;104575;20310801
;;;IT0005611170;SI;CS BTP 20320201;0;0;1508775;20320201
;;;IT0005611188;SI;CS BTP 20320801;0;0;1508775;20320801
;;;IT0005611196;SI;CS BTP 20330201;0;0;1508775;20330201
;;;IT0005611204;SI;CS BTP 20330801;0;0;1508775;20330801
;;;IT0005611212;SI;CS BTP 20340201;0;0;1508775;20340201
;;;IT0005611220;SI;CS BTP 20340801;0;0;1508775;20340801
;;;IT0005611238;SI;CS BTP 20350201;0;0;1208775;20350201
;;;IT0005637803;SI;CS BTP 20350801;0;0;84314550;20350801
;;;IT0005683468;SI;CS BTP 010236;0;0;203450;20360201
IT0005689994;;;;SI;BTP 20330315;0;14475000000;0;0
IT0005694630;;;;SI;BTP 20411001;82300000;12855200000;0;0
;;;IT0005387144;SI;CS BTP 20261001;0;0;88713575;20261001
;;;IT0005387151;SI;CS BTP 20270401;0;0;47013575;20270401
;;;IT0005387169;SI;CS BTP 20271001;0;0;88942925;20271001
;;;IT0005387177;SI;CS BTP 20280401;0;0;56242925;20280401
;;;IT0005387185;SI;CS BTP 20281001;0;0;89498825;20281001
;;;IT0005387193;SI;CS BTP 20290401;0;0;89498825;20290401
;;;IT0005387201;SI;CS BTP 20291001;0;0;50098825;20291001
;;;IT0005387219;SI;CS BTP 20290401;0;0;113089825;20300401
;;;IT0005425829;SI;CS BTP 20301001;0;0;100734575;20301001
;;;IT0005425837;SI;CS BTP 20310401;0;0;66388775;20310401
;;;IT0005550048;SI;CS BTP 20311001;0;0;89894075;20311001
;;;IT0005550055;SI;CS BTP 20320401;0;0;89894075;20320401
;;;IT0005550063;SI;CS BTP 20321001;0;0;89894075;20321001
;;;IT0005550071;SI;CS BTP 20330401;0;0;89894075;20330401
;;;IT0005550089;SI;CS BTP 20331001;0;0;89894075;20331001
;;;IT0005550097;SI;CS BTP 20340401;0;0;89894075;20340401
;;;IT0005550105;SI;CS BTP 20341001;0;0;89894075;20341001
;;;IT0005550113;SI;CS BTP 20350401;0;0;89894075;20350401
;;;IT0005550121;SI;CS BTP 20351001;0;0;46594075;20351001
;;;IT0005550139;SI;CS BTP 20360401;0;0;90673475;20360401
;;;IT0005550147;SI;CS BTP 20361001;0;0;90673475;20361001
;;;IT0005550154;SI;CS BTP 20370401;0;0;90673475;20370401
;;;IT0005550162;SI;CS BTP 20371001;0;0;90673475;20371001
;;;IT0005550170;SI;CS BTP 20380401;0;0;90673475;20380401
;;;IT0005550188;SI;CS BTP 20381001;0;0;90673475;20381001
;;;IT0005550196;SI;CS BTP 20390401;0;0;90673475;20390401
;;;IT0005550204;SI;CS BTP 20391001;0;0;926473475;20391001
;;;IT0005550212;SI;CS BTP 20400401;0;0;73330625;20400401
;;;IT0005550220;SI;CS BTP 20401001;0;0;252130625;20401001
;;;IT0005550238;SI;CS BTP 20410401;0;0;69888725;20410401
;;;IT0005550246;SI;CS BTP 20411001;0;0;152188725;20411001
IT0005704868;;;;SI;BTP 20330615;0;15487500000;0;0
;;;IT0005498701;SI;CS BTP 20261215;0;0;1929023.25;20261215
;;;IT0005498719;SI;CS BTP 20270615;0;0;1929023.25;20270615
;;;IT0005498727;SI;CS BTP 20271215;0;0;1929023.25;20271215
;;;IT0005498735;SI;CS BTP 20280615;0;0;1929023.25;20280615
;;;IT0005498743;SI;CS BTP 20281215;0;0;1929023.25;20281215
;;;IT0005498750;SI;CS BTP 20290615;0;0;1929023.25;20290615
;;;IT0005526162;SI;CS BTP 20291215;0;0;102138023.25;20291215
IT0005706285;;;;SI;BTP 20360701;0;16114601250;0;0
IT0005707614;;;;SI;BTP 20310601;0;11550000000;0;0
