"Issuer Code";"Accounting Date";"Original Bond ISIN Code";"Original Bond Maturity Date";"Stripped Bond Quantity";"Principal ISIN Code";"Principal Stripped Quantity";"Coupon Stripped Movement";"Coupon Stripped Movement";"Coupon Stripped Movement";"Coupon Stripped Movement";"Coupon Stripped Movement";"Coupon Stripped Movement";"Coupon Stripped Movement";"Coupon Stripped Movement";"Coupon Stripped Movement";"Coupon Stripped Movement";"Coupon Stripped Movement";"Coupon Stripped Movement";"Coupon Stripped Movement";"Coupon Stripped Movement";"Coupon Stripped Movement";"Coupon Stripped Movement";"Coupon Stripped Movement";"Coupon Stripped Movement";"Coupon Stripped Movement";"Coupon Stripped Movement";"Coupon Stripped Movement";"Coupon Stripped Movement";"Coupon Stripped Movement";"Coupon Stripped Movement";"Coupon Stripped Movement";"Coupon Stripped Movement";"Coupon Stripped Movement";"Coupon Stripped Movement";"Coupon Stripped Movement";"Coupon Stripped Movement";"Coupon Stripped Movement";"Coupon Stripped Movement";"Coupon Stripped Movement";"Coupon Stripped Movement";"Coupon Stripped Movement";"Coupon Stripped Movement"; 
;;;;;;;20270201;20270215;20270801;20270815;20280201;20280215;20280801;20280815;20290201;20290215;20290801;20290815;20300201;20300215;20300801;20300815;20310201;20310215;20310801;20310815;20320201;20320801;20330201;20330801;20340201;20340801;20350201;20350801;20360201;20360801;20370201;20370801;20380201;20380801;20390201;20390801; 
;;;;;;;IT0003268874;IT0005667768;IT0003268882;IT0005667776;IT0003268890;IT0005667784;IT0003268908;IT0005667792;IT0003268924;IT0005667800;IT0003268932;IT0005667818;IT0003268957;IT0005667826;IT0003268973;IT0005667834;IT0003268999;IT0005667842;IT0003269013;IT0005667875;IT0003269021;IT0003269039;IT0004848534;IT0003540389;IT0003540397;IT0004848591;IT0004002819;IT0004002827;IT0004002835;IT0004002843;IT0004848641;IT0004288590;IT0004288608;IT0004288616;IT0004288624;IT0004848690; 
MEF;20150901;IT0003256820;20330201;-4000000;;0;115000; ;115000; ;115000; ;115000; ;115000; ;115000; ;115000; ;115000; ;115000; ;115000; ;115000;115000;4115000; ; ; ; ; ; ; ; ; ; ; ; ; ; 
MEF;20150902;IT0003256820;20330201;-3500000;;0;100625; ;100625; ;100625; ;100625; ;100625; ;100625; ;100625; ;100625; ;100625; ;100625; ;100625;100625;3600625; ; ; ; ; ; ; ; ; ; ; ; ; ; 
MEF;20150902;IT0003256820;20330201;-7000000;;0;201250; ;201250; ;201250; ;201250; ;201250; ;201250; ;201250; ;201250; ;201250; ;201250; ;201250;201250;7201250; ; ; ; ; ; ; ; ; ; ; ; ; ; 
MEF;20150908;IT0003934657;20370201;2000000;;0;-40000; ;-40000; ;-40000; ;-40000; ;-40000; ;-40000; ;-40000; ;-40000; ;-40000; ;-40000; ;-40000;-40000;-40000;-40000;-40000;-40000;-40000;-40000;-40000;-40000;-2040000; ; ; ; ; ; 
MEF;20150908;IT0004286966;20390801;-2000000;;0;50000; ;50000; ;50000; ;50000; ;50000; ;50000; ;50000; ;50000; ;50000; ;50000; ;50000;50000;50000;50000;50000;50000;50000;50000;50000;50000;50000;50000;50000;50000;50000;2050000; 
MEF;20150914;IT0003256820;20330201;3000000;;0;-86250; ;-86250; ;-86250; ;-86250; ;-86250; ;-86250; ;-86250; ;-86250; ;-86250; ;-86250; ;-86250;-86250;-3086250; ; ; ; ; ; ; ; ; ; ; ; ; ; 
MEF;20150923;IT0003535157;20340801;-80000000;;0;2000000; ;2000000; ;2000000; ;2000000; ;2000000; ;2000000; ;2000000; ;2000000; ;2000000; ;2000000; ;2000000;2000000;2000000;2000000;2000000;82000000; ; ; ; ; ; ; ; ; ; ; 
MEF;20150925;IT0003256820;20330201;-9000000;;0;258750; ;258750; ;258750; ;258750; ;258750; ;258750; ;258750; ;258750; ;258750; ;258750; ;258750;258750;9258750; ; ; ; ; ; ; ; ; ; ; ; ; ; 
MEF;20150925;IT0003256820;20330201;1100000;;0;-31625; ;-31625; ;-31625; ;-31625; ;-31625; ;-31625; ;-31625; ;-31625; ;-31625; ;-31625; ;-31625;-31625;-1131625; ; ; ; ; ; ; ; ; ; ; ; ; ; 
MEF;20150925;IT0003535157;20340801;-48000000;;0;1200000; ;1200000; ;1200000; ;1200000; ;1200000; ;1200000; ;1200000; ;1200000; ;1200000; ;1200000; ;1200000;1200000;1200000;1200000;1200000;49200000; ; ; ; ; ; ; ; ; ; ; 
MEF;20151005;IT0003256820;20330201;-1000000;;0;28750; ;28750; ;28750; ;28750; ;28750; ;28750; ;28750; ;28750; ;28750; ;28750; ;28750;28750;1028750; ; ; ; ; ; ; ; ; ; ; ; ; ; 
MEF;20151005;IT0004286966;20390801;-5000000;;0;125000; ;125000; ;125000; ;125000; ;125000; ;125000; ;125000; ;125000; ;125000; ;125000; ;125000;125000;125000;125000;125000;125000;125000;125000;125000;125000;125000;125000;125000;125000;125000;5125000; 
MEF;20151006;IT0004286966;20390801;-11000000;;0;275000; ;275000; ;275000; ;275000; ;275000; ;275000; ;275000; ;275000; ;275000; ;275000; ;275000;275000;275000;275000;275000;275000;275000;275000;275000;275000;275000;275000;275000;275000;275000;11275000; 
MEF;20151006;IT0004286966;20390801;5000000;;0;-125000; ;-125000; ;-125000; ;-125000; ;-125000; ;-125000; ;-125000; ;-125000; ;-125000; ;-125000; ;-125000;-125000;-125000;-125000;-125000;-125000;-125000;-125000;-125000;-125000;-125000;-125000;-125000;-125000;-125000;-5125000; 
MEF;20151007;IT0003934657;20370201;-6500000;;0;130000; ;130000; ;130000; ;130000; ;130000; ;130000; ;130000; ;130000; ;130000; ;130000; ;130000;130000;130000;130000;130000;130000;130000;130000;130000;130000;6630000; ; ; ; ; ; 
MEF;20151013;IT0003535157;20340801;-14500000;;0;362500; ;362500; ;362500; ;362500; ;362500; ;362500; ;362500; ;362500; ;362500; ;362500; ;362500;362500;362500;362500;362500;14862500; ; ; ; ; ; ; ; ; ; ; 
MEF;20151015;IT0003256820;20330201;-4700000;;0;135125; ;135125; ;135125; ;135125; ;135125; ;135125; ;135125; ;135125; ;135125; ;135125; ;135125;135125;4835125; ; ; ; ; ; ; ; ; ; ; ; ; ; 
MEF;20151015;IT0003934657;20370201;-10000000;;0;200000; ;200000; ;200000; ;200000; ;200000; ;200000; ;200000; ;200000; ;200000; ;200000; ;200000;200000;200000;200000;200000;200000;200000;200000;200000;200000;10200000; ; ; ; ; ; 
MEF;20151016;IT0003256820;20330201;1000000;;0;-28750; ;-28750; ;-28750; ;-28750; ;-28750; ;-28750; ;-28750; ;-28750; ;-28750; ;-28750; ;-28750;-28750;-1028750; ; ; ; ; ; ; ; ; ; ; ; ; ; 
MEF;20151016;IT0003535157;20340801;-17000000;;0;425000; ;425000; ;425000; ;425000; ;425000; ;425000; ;425000; ;425000; ;425000; ;425000; ;425000;425000;425000;425000;425000;17425000; ; ; ; ; ; ; ; ; ; ; 
MEF;20151021;IT0004286966;20390801;15000000;;0;-375000; ;-375000; ;-375000; ;-375000; ;-375000; ;-375000; ;-375000; ;-375000; ;-375000; ;-375000; ;-375000;-375000;-375000;-375000;-375000;-375000;-375000;-375000;-375000;-375000;-375000;-375000;-375000;-375000;-375000;-15375000; 
MEF;20151021;IT0004286966;20390801;3600000;;0;-90000; ;-90000; ;-90000; ;-90000; ;-90000; ;-90000; ;-90000; ;-90000; ;-90000; ;-90000; ;-90000;-90000;-90000;-90000;-90000;-90000;-90000;-90000;-90000;-90000;-90000;-90000;-90000;-90000;-90000;-3690000; 
MEF;20151022;IT0003535157;20340801;-15000000;;0;375000; ;375000; ;375000; ;375000; ;375000; ;375000; ;375000; ;375000; ;375000; ;375000; ;375000;375000;375000;375000;375000;15375000; ; ; ; ; ; ; ; ; ; ; 
MEF;20151026;IT0003256820;20330201;-19200000;;0;552000; ;552000; ;552000; ;552000; ;552000; ;552000; ;552000; ;552000; ;552000; ;552000; ;552000;552000;19752000; ; ; ; ; ; ; ; ; ; ; ; ; ; 
MEF;20151026;IT0004286966;20390801;-3200000;;0;80000; ;80000; ;80000; ;80000; ;80000; ;80000; ;80000; ;80000; ;80000; ;80000; ;80000;80000;80000;80000;80000;80000;80000;80000;80000;80000;80000;80000;80000;80000;80000;3280000; 
MEF;20151103;IT0003535157;20340801;-9000000;;0;225000; ;225000; ;225000; ;225000; ;225000; ;225000; ;225000; ;225000; ;225000; ;225000; ;225000;225000;225000;225000;225000;9225000; ; ; ; ; ; ; ; ; ; ; 
MEF;20151111;IT0003535157;20340801;8000000;;0;-200000; ;-200000; ;-200000; ;-200000; ;-200000; ;-200000; ;-200000; ;-200000; ;-200000; ;-200000; ;-200000;-200000;-200000;-200000;-200000;-8200000; ; ; ; ; ; ; ; ; ; ; 
MEF;20151113;IT0004286966;20390801;11000000;;0;-275000; ;-275000; ;-275000; ;-275000; ;-275000; ;-275000; ;-275000; ;-275000; ;-275000; ;-275000; ;-275000;-275000;-275000;-275000;-275000;-275000;-275000;-275000;-275000;-275000;-275000;-275000;-275000;-275000;-275000;-11275000; 
MEF;20151116;IT0004286966;20390801;2000000;;0;-50000; ;-50000; ;-50000; ;-50000; ;-50000; ;-50000; ;-50000; ;-50000; ;-50000; ;-50000; ;-50000;-50000;-50000;-50000;-50000;-50000;-50000;-50000;-50000;-50000;-50000;-50000;-50000;-50000;-50000;-2050000; 
MEF;20151116;IT0004286966;20390801;25000000;;0;-625000; ;-625000; ;-625000; ;-625000; ;-625000; ;-625000; ;-625000; ;-625000; ;-625000; ;-625000; ;-625000;-625000;-625000;-625000;-625000;-625000;-625000;-625000;-625000;-625000;-625000;-625000;-625000;-625000;-625000;-25625000; 
MEF;20151117;IT0003256820;20330201;-25000000;;0;718750; ;718750; ;718750; ;718750; ;718750; ;718750; ;718750; ;718750; ;718750; ;718750; ;718750;718750;25718750; ; ; ; ; ; ; ; ; ; ; ; ; ; 
MEF;20151117;IT0003256820;20330201;49000000;;0;-1408750; ;-1408750; ;-1408750; ;-1408750; ;-1408750; ;-1408750; ;-1408750; ;-1408750; ;-1408750; ;-1408750; ;-1408750;-1408750;-50408750; ; ; ; ; ; ; ; ; ; ; ; ; ; 
MEF;20151117;IT0004286966;20390801;20000000;;0;-500000; ;-500000; ;-500000; ;-500000; ;-500000; ;-500000; ;-500000; ;-500000; ;-500000; ;-500000; ;-500000;-500000;-500000;-500000;-500000;-500000;-500000;-500000;-500000;-500000;-500000;-500000;-500000;-500000;-500000;-20500000; 
MEF;20151117;IT0004286966;20390801;24000000;;0;-600000; ;-600000; ;-600000; ;-600000; ;-600000; ;-600000; ;-600000; ;-600000; ;-600000; ;-600000; ;-600000;-600000;-600000;-600000;-600000;-600000;-600000;-600000;-600000;-600000;-600000;-600000;-600000;-600000;-600000;-24600000; 
MEF;20151118;IT0003535157;20340801;-10000000;;0;250000; ;250000; ;250000; ;250000; ;250000; ;250000; ;250000; ;250000; ;250000; ;250000; ;250000;250000;250000;250000;250000;10250000; ; ; ; ; ; ; ; ; ; ; 
MEF;20151123;IT0003256820;20330201;-20000000;;0;575000; ;575000; ;575000; ;575000; ;575000; ;575000; ;575000; ;575000; ;575000; ;575000; ;575000;575000;20575000; ; ; ; ; ; ; ; ; ; ; ; ; ; 
MEF;20151125;IT0003535157;20340801;-10000000;;0;250000; ;250000; ;250000; ;250000; ;250000; ;250000; ;250000; ;250000; ;250000; ;250000; ;250000;250000;250000;250000;250000;10250000; ; ; ; ; ; ; ; ; ; ; 
MEF;20151126;IT0004286966;20390801;9000000;;0;-225000; ;-225000; ;-225000; ;-225000; ;-225000; ;-225000; ;-225000; ;-225000; ;-225000; ;-225000; ;-225000;-225000;-225000;-225000;-225000;-225000;-225000;-225000;-225000;-225000;-225000;-225000;-225000;-225000;-225000;-9225000; 
MEF;20151127;IT0003934657;20370201;1000000;;0;-20000; ;-20000; ;-20000; ;-20000; ;-20000; ;-20000; ;-20000; ;-20000; ;-20000; ;-20000; ;-20000;-20000;-20000;-20000;-20000;-20000;-20000;-20000;-20000;-20000;-1020000; ; ; ; ; ; 
MEF;20151130;IT0003256820;20330201;4200000;;0;-120750; ;-120750; ;-120750; ;-120750; ;-120750; ;-120750; ;-120750; ;-120750; ;-120750; ;-120750; ;-120750;-120750;-4320750; ; ; ; ; ; ; ; ; ; ; ; ; ; 
MEF;20151130;IT0004286966;20390801;-4900000;;0;122500; ;122500; ;122500; ;122500; ;122500; ;122500; ;122500; ;122500; ;122500; ;122500; ;122500;122500;122500;122500;122500;122500;122500;122500;122500;122500;122500;122500;122500;122500;122500;5022500; 
MEF;20151201;IT0003256820;20330201;-10000000;;0;287500; ;287500; ;287500; ;287500; ;287500; ;287500; ;287500; ;287500; ;287500; ;287500; ;287500;287500;10287500; ; ; ; ; ; ; ; ; ; ; ; ; ; 
MEF;20151203;IT0003256820;20330201;500000;;0;-14375; ;-14375; ;-14375; ;-14375; ;-14375; ;-14375; ;-14375; ;-14375; ;-14375; ;-14375; ;-14375;-14375;-514375; ; ; ; ; ; ; ; ; ; ; ; ; ; 
MEF;20151203;IT0003934657;20370201;5000000;;0;-100000; ;-100000; ;-100000; ;-100000; ;-100000; ;-100000; ;-100000; ;-100000; ;-100000; ;-100000; ;-100000;-100000;-100000;-100000;-100000;-100000;-100000;-100000;-100000;-100000;-5100000; ; ; ; ; ; 
MEF;20151204;IT0003535157;20340801;-19200000;;0;480000; ;480000; ;480000; ;480000; ;480000; ;480000; ;480000; ;480000; ;480000; ;480000; ;480000;480000;480000;480000;480000;19680000; ; ; ; ; ; ; ; ; ; ; 
MEF;20151204;IT0003535157;20340801;19000000;;0;-475000; ;-475000; ;-475000; ;-475000; ;-475000; ;-475000; ;-475000; ;-475000; ;-475000; ;-475000; ;-475000;-475000;-475000;-475000;-475000;-19475000; ; ; ; ; ; ; ; ; ; ; 
MEF;20151204;IT0004286966;20390801;-6206000;;0;155150; ;155150; ;155150; ;155150; ;155150; ;155150; ;155150; ;155150; ;155150; ;155150; ;155150;155150;155150;155150;155150;155150;155150;155150;155150;155150;155150;155150;155150;155150;155150;6361150; 
MEF;20151208;IT0003934657;20370201;5000000;;0;-100000; ;-100000; ;-100000; ;-100000; ;-100000; ;-100000; ;-100000; ;-100000; ;-100000; ;-100000; ;-100000;-100000;-100000;-100000;-100000;-100000;-100000;-100000;-100000;-100000;-5100000; ; ; ; ; ; 
MEF;20151211;IT0003256820;20330201;-22000000;;0;632500; ;632500; ;632500; ;632500; ;632500; ;632500; ;632500; ;632500; ;632500; ;632500; ;632500;632500;22632500; ; ; ; ; ; ; ; ; ; ; ; ; ; 
MEF;20151211;IT0003256820;20330201;25500000;;0;-733125; ;-733125; ;-733125; ;-733125; ;-733125; ;-733125; ;-733125; ;-733125; ;-733125; ;-733125; ;-733125;-733125;-26233125; ; ; ; ; ; ; ; ; ; ; ; ; ; 
MEF;20151211;IT0003535157;20340801;24000000;;0;-600000; ;-600000; ;-600000; ;-600000; ;-600000; ;-600000; ;-600000; ;-600000; ;-600000; ;-600000; ;-600000;-600000;-600000;-600000;-600000;-24600000; ; ; ; ; ; ; ; ; ; ; 
MEF;20151211;IT0004286966;20390801;-37000000;;0;925000; ;925000; ;925000; ;925000; ;925000; ;925000; ;925000; ;925000; ;925000; ;925000; ;925000;925000;925000;925000;925000;925000;925000;925000;925000;925000;925000;925000;925000;925000;925000;37925000; 
MEF;20151214;IT0003535157;20340801;23000000;;0;-575000; ;-575000; ;-575000; ;-575000; ;-575000; ;-575000; ;-575000; ;-575000; ;-575000; ;-575000; ;-575000;-575000;-575000;-575000;-575000;-23575000; ; ; ; ; ; ; ; ; ; ; 
MEF;20151214;IT0003535157;20340801;50000000;;0;-1250000; ;-1250000; ;-1250000; ;-1250000; ;-1250000; ;-1250000; ;-1250000; ;-1250000; ;-1250000; ;-1250000; ;-1250000;-1250000;-1250000;-1250000;-1250000;-51250000; ; ; ; ; ; ; ; ; ; ; 
MEF;20151215;IT0003256820;20330201;-20000000;;0;575000; ;575000; ;575000; ;575000; ;575000; ;575000; ;575000; ;575000; ;575000; ;575000; ;575000;575000;20575000; ; ; ; ; ; ; ; ; ; ; ; ; ; 
MEF;20151215;IT0004286966;20390801;5000000;;0;-125000; ;-125000; ;-125000; ;-125000; ;-125000; ;-125000; ;-125000; ;-125000; ;-125000; ;-125000; ;-125000;-125000;-125000;-125000;-125000;-125000;-125000;-125000;-125000;-125000;-125000;-125000;-125000;-125000;-125000;-5125000; 
MEF;20151216;IT0003535157;20340801;25000000;;0;-625000; ;-625000; ;-625000; ;-625000; ;-625000; ;-625000; ;-625000; ;-625000; ;-625000; ;-625000; ;-625000;-625000;-625000;-625000;-625000;-25625000; ; ; ; ; ; ; ; ; ; ; 
MEF;20151222;IT0003256820;20330201;-1000000;;0;28750; ;28750; ;28750; ;28750; ;28750; ;28750; ;28750; ;28750; ;28750; ;28750; ;28750;28750;1028750; ; ; ; ; ; ; ; ; ; ; ; ; ; 
MEF;20151222;IT0003535157;20340801;-1000000;;0;25000; ;25000; ;25000; ;25000; ;25000; ;25000; ;25000; ;25000; ;25000; ;25000; ;25000;25000;25000;25000;25000;1025000; ; ; ; ; ; ; ; ; ; ; 
MEF;20151224;IT0003256820;20330201;7000000;;0;-201250; ;-201250; ;-201250; ;-201250; ;-201250; ;-201250; ;-201250; ;-201250; ;-201250; ;-201250; ;-201250;-201250;-7201250; ; ; ; ; ; ; ; ; ; ; ; ; ; 
MEF;20151224;IT0004286966;20390801;-1000000;;0;25000; ;25000; ;25000; ;25000; ;25000; ;25000; ;25000; ;25000; ;25000; ;25000; ;25000;25000;25000;25000;25000;25000;25000;25000;25000;25000;25000;25000;25000;25000;25000;1025000; 
MEF;20151228;IT0004286966;20390801;-8000000;;0;200000; ;200000; ;200000; ;200000; ;200000; ;200000; ;200000; ;200000; ;200000; ;200000; ;200000;200000;200000;200000;200000;200000;200000;200000;200000;200000;200000;200000;200000;200000;200000;8200000; 
MEF;20151231;IT0003535157;20340801;-5000000;;0;125000; ;125000; ;125000; ;125000; ;125000; ;125000; ;125000; ;125000; ;125000; ;125000; ;125000;125000;125000;125000;125000;5125000; ; ; ; ; ; ; ; ; ; ; 
MEF;20160108;IT0003256820;20330201;-5000000;;0;143750; ;143750; ;143750; ;143750; ;143750; ;143750; ;143750; ;143750; ;143750; ;143750; ;143750;143750;5143750; ; ; ; ; ; ; ; ; ; ; ; ; ; 
MEF;20160108;IT0003934657;20370201;-2000000;;0;40000; ;40000; ;40000; ;40000; ;40000; ;40000; ;40000; ;40000; ;40000; ;40000; ;40000;40000;40000;40000;40000;40000;40000;40000;40000;40000;2040000; ; ; ; ; ; 
MEF;20160108;IT0004286966;20390801;-2000000;;0;50000; ;50000; ;50000; ;50000; ;50000; ;50000; ;50000; ;50000; ;50000; ;50000; ;50000;50000;50000;50000;50000;50000;50000;50000;50000;50000;50000;50000;50000;50000;50000;2050000; 
MEF;20160111;IT0003256820;20330201;11000000;;0;-316250; ;-316250; ;-316250; ;-316250; ;-316250; ;-316250; ;-316250; ;-316250; ;-316250; ;-316250; ;-316250;-316250;-11316250; ; ; ; ; ; ; ; ; ; ; ; ; ; 
MEF;20160111;IT0004286966;20390801;-15000000;;0;375000; ;375000; ;375000; ;375000; ;375000; ;375000; ;375000; ;375000; ;375000; ;375000; ;375000;375000;375000;375000;375000;375000;375000;375000;375000;375000;375000;375000;375000;375000;375000;15375000; 
MEF;20160112;IT0003256820;20330201;-48000000;;0;1380000; ;1380000; ;1380000; ;1380000; ;1380000; ;1380000; ;1380000; ;1380000; ;1380000; ;1380000; ;1380000;1380000;49380000; ; ; ; ; ; ; ; ; ; ; ; ; ; 
MEF;20160112;IT0003535157;20340801;68500000;;0;-1712500; ;-1712500; ;-1712500; ;-1712500; ;-1712500; ;-1712500; ;-1712500; ;-1712500; ;-1712500; ;-1712500; ;-1712500;-1712500;-1712500;-1712500;-1712500;-70212500; ; ; ; ; ; ; ; ; ; ; 
MEF;20160112;IT0003934657;20370201;-5000000;;0;100000; ;100000; ;100000; ;100000; ;100000; ;100000; ;100000; ;100000; ;100000; ;100000; ;100000;100000;100000;100000;100000;100000;100000;100000;100000;100000;5100000; ; ; ; ; ; 
MEF;20160113;IT0003256820;20330201;-1000000;;0;28750; ;28750; ;28750; ;28750; ;28750; ;28750; ;28750; ;28750; ;28750; ;28750; ;28750;28750;1028750; ; ; ; ; ; ; ; ; ; ; ; ; ; 
MEF;20160113;IT0003535157;20340801;49000000;;0;-1225000; ;-1225000; ;-1225000; ;-1225000; ;-1225000; ;-1225000; ;-1225000; ;-1225000; ;-1225000; ;-1225000; ;-1225000;-1225000;-1225000;-1225000;-1225000;-50225000; ; ; ; ; ; ; ; ; ; ; 
MEF;20160113;IT0003535157;20340801;50000000;;0;-1250000; ;-1250000; ;-1250000; ;-1250000; ;-1250000; ;-1250000; ;-1250000; ;-1250000; ;-1250000; ;-1250000; ;-1250000;-1250000;-1250000;-1250000;-1250000;-51250000; ; ; ; ; ; ; ; ; ; ; 
MEF;20160114;IT0003535157;20340801;48500000;;0;-1212500; ;-1212500; ;-1212500; ;-1212500; ;-1212500; ;-1212500; ;-1212500; ;-1212500; ;-1212500; ;-1212500; ;-1212500;-1212500;-1212500;-1212500;-1212500;-49712500; ; ; ; ; ; ; ; ; ; ; 
MEF;20160120;IT0004286966;20390801;-5000000;;0;125000; ;125000; ;125000; ;125000; ;125000; ;125000; ;125000; ;125000; ;125000; ;125000; ;125000;125000;125000;125000;125000;125000;125000;125000;125000;125000;125000;125000;125000;125000;125000;5125000; 
MEF;20160120;IT0004286966;20390801;10000000;;0;-250000; ;-250000; ;-250000; ;-250000; ;-250000; ;-250000; ;-250000; ;-250000; ;-250000; ;-250000; ;-250000;-250000;-250000;-250000;-250000;-250000;-250000;-250000;-250000;-250000;-250000;-250000;-250000;-250000;-250000;-10250000; 
MEF;20160121;IT0004286966;20390801;-40000000;;0;1000000; ;1000000; ;1000000; ;1000000; ;1000000; ;1000000; ;1000000; ;1000000; ;1000000; ;1000000; ;1000000;1000000;1000000;1000000;1000000;1000000;1000000;1000000;1000000;1000000;1000000;1000000;1000000;1000000;1000000;41000000; 
MEF;20160122;IT0003535157;20340801;1000000;;0;-25000; ;-25000; ;-25000; ;-25000; ;-25000; ;-25000; ;-25000; ;-25000; ;-25000; ;-25000; ;-25000;-25000;-25000;-25000;-25000;-1025000; ; ; ; ; ; ; ; ; ; ; 
MEF;20160122;IT0003535157;20340801;48000000;;0;-1200000; ;-1200000; ;-1200000; ;-1200000; ;-1200000; ;-1200000; ;-1200000; ;-1200000; ;-1200000; ;-1200000; ;-1200000;-1200000;-1200000;-1200000;-1200000;-49200000; ; ; ; ; ; ; ; ; ; ; 
MEF;20160202;IT0003256820;20330201;-1500000;;0;43125; ;43125; ;43125; ;43125; ;43125; ;43125; ;43125; ;43125; ;43125; ;43125; ;43125;43125;1543125; ; ; ; ; ; ; ; ; ; ; ; ; ; 
MEF;20160202;IT0003934657;20370201;-5750000;;0;115000; ;115000; ;115000; ;115000; ;115000; ;115000; ;115000; ;115000; ;115000; ;115000; ;115000;115000;115000;115000;115000;115000;115000;115000;115000;115000;5865000; ; ; ; ; ; 
MEF;20160202;IT0003934657;20370201;14700000;;0;-294000; ;-294000; ;-294000; ;-294000; ;-294000; ;-294000; ;-294000; ;-294000; ;-294000; ;-294000; ;-294000;-294000;-294000;-294000;-294000;-294000;-294000;-294000;-294000;-294000;-14994000; ; ; ; ; ; 
MEF;20160202;IT0004286966;20390801;-1700000;;0;42500; ;42500; ;42500; ;42500; ;42500; ;42500; ;42500; ;42500; ;42500; ;42500; ;42500;42500;42500;42500;42500;42500;42500;42500;42500;42500;42500;42500;42500;42500;42500;1742500; 
MEF;20160202;IT0004286966;20390801;-2800000;;0;70000; ;70000; ;70000; ;70000; ;70000; ;70000; ;70000; ;70000; ;70000; ;70000; ;70000;70000;70000;70000;70000;70000;70000;70000;70000;70000;70000;70000;70000;70000;70000;2870000; 
MEF;20160203;IT0003256820;20330201;6400000;;0;-184000; ;-184000; ;-184000; ;-184000; ;-184000; ;-184000; ;-184000; ;-184000; ;-184000; ;-184000; ;-184000;-184000;-6584000; ; ; ; ; ; ; ; ; ; ; ; ; ; 
MEF;20160203;IT0003535157;20340801;5000000;;0;-125000; ;-125000; ;-125000; ;-125000; ;-125000; ;-125000; ;-125000; ;-125000; ;-125000; ;-125000; ;-125000;-125000;-125000;-125000;-125000;-5125000; ; ; ; ; ; ; ; ; ; ; 
MEF;20160203;IT0003934657;20370201;-9000000;;0;180000; ;180000; ;180000; ;180000; ;180000; ;180000; ;180000; ;180000; ;180000; ;180000; ;180000;180000;180000;180000;180000;180000;180000;180000;180000;180000;9180000; ; ; ; ; ; 
MEF;20160203;IT0003934657;20370201;500000;;0;-10000; ;-10000; ;-10000; ;-10000; ;-10000; ;-10000; ;-10000; ;-10000; ;-10000; ;-10000; ;-10000;-10000;-10000;-10000;-10000;-10000;-10000;-10000;-10000;-10000;-510000; ; ; ; ; ; 
MEF;20160203;IT0004286966;20390801;-5000000;;0;125000; ;125000; ;125000; ;125000; ;125000; ;125000; ;125000; ;125000; ;125000; ;125000; ;125000;125000;125000;125000;125000;125000;125000;125000;125000;125000;125000;125000;125000;125000;125000;5125000; 
MEF;20160204;IT0003256820;20330201;-16500000;;0;474375; ;474375; ;474375; ;474375; ;474375; ;474375; ;474375; ;474375; ;474375; ;474375; ;474375;474375;16974375; ; ; ; ; ; ; ; ; ; ; ; ; ; 
MEF;20160204;IT0003256820;20330201;-6000000;;0;172500; ;172500; ;172500; ;172500; ;172500; ;172500; ;172500; ;172500; ;172500; ;172500; ;172500;172500;6172500; ; ; ; ; ; ; ; ; ; ; ; ; ; 
MEF;20160204;IT0003256820;20330201;500000;;0;-14375; ;-14375; ;-14375; ;-14375; ;-14375; ;-14375; ;-14375; ;-14375; ;-14375; ;-14375; ;-14375;-14375;-514375; ; ; ; ; ; ; ; ; ; ; ; ; ; 
MEF;20160204;IT0003535157;20340801;-5000000;;0;125000; ;125000; ;125000; ;125000; ;125000; ;125000; ;125000; ;125000; ;125000; ;125000; ;125000;125000;125000;125000;125000;5125000; ; ; ; ; ; ; ; ; ; ; 
MEF;20160204;IT0003934657;20370201;24500000;;0;-490000; ;-490000; ;-490000; ;-490000; ;-490000; ;-490000; ;-490000; ;-490000; ;-490000; ;-490000; ;-490000;-490000;-490000;-490000;-490000;-490000;-490000;-490000;-490000;-490000;-24990000; ; ; ; ; ; 
MEF;20160205;IT0004286966;20390801;-9300000;;0;232500; ;232500; ;232500; ;232500; ;232500; ;232500; ;232500; ;232500; ;232500; ;232500; ;232500;232500;232500;232500;232500;232500;232500;232500;232500;232500;232500;232500;232500;232500;232500;9532500; 
MEF;20160208;IT0003256820;20330201;-1000000;;0;28750; ;28750; ;28750; ;28750; ;28750; ;28750; ;28750; ;28750; ;28750; ;28750; ;28750;28750;1028750; ; ; ; ; ; ; ; ; ; ; ; ; ; 
MEF;20160208;IT0003535157;20340801;45000000;;0;-1125000; ;-1125000; ;-1125000; ;-1125000; ;-1125000; ;-1125000; ;-1125000; ;-1125000; ;-1125000; ;-1125000; ;-1125000;-1125000;-1125000;-1125000;-1125000;-46125000; ; ; ; ; ; ; ; ; ; ; 
MEF;20160211;IT0003256820;20330201;98000000;;0;-2817500; ;-2817500; ;-2817500; ;-2817500; ;-2817500; ;-2817500; ;-2817500; ;-2817500; ;-2817500; ;-2817500; ;-2817500;-2817500;-100817500; ; ; ; ; ; ; ; ; ; ; ; ; ; 
MEF;20160211;IT0003934657;20370201;6000000;;0;-120000; ;-120000; ;-120000; ;-120000; ;-120000; ;-120000; ;-120000; ;-120000; ;-120000; ;-120000; ;-120000;-120000;-120000;-120000;-120000;-120000;-120000;-120000;-120000;-120000;-6120000; ; ; ; ; ; 
MEF;20160212;IT0003256820;20330201;4600000;;0;-132250; ;-132250; ;-132250; ;-132250; ;-132250; ;-132250; ;-132250; ;-132250; ;-132250; ;-132250; ;-132250;-132250;-4732250; ; ; ; ; ; ; ; ; ; ; ; ; ; 
MEF;20160212;IT0003535157;20340801;-3500000;;0;87500; ;87500; ;87500; ;87500; ;87500; ;87500; ;87500; ;87500; ;87500; ;87500; ;87500;87500;87500;87500;87500;3587500; ; ; ; ; ; ; ; ; ; ; 
MEF;20160212;IT0004286966;20390801;-6200000;;0;155000; ;155000; ;155000; ;155000; ;155000; ;155000; ;155000; ;155000; ;155000; ;155000; ;155000;155000;155000;155000;155000;155000;155000;155000;155000;155000;155000;155000;155000;155000;155000;6355000; 
MEF;20160212;IT0004286966;20390801;11000000;;0;-275000; ;-275000; ;-275000; ;-275000; ;-275000; ;-275000; ;-275000; ;-275000; ;-275000; ;-275000; ;-275000;-275000;-275000;-275000;-275000;-275000;-275000;-275000;-275000;-275000;-275000;-275000;-275000;-275000;-275000;-11275000; 
MEF;20160217;IT0004286966;20390801;3000000;;0;-75000; ;-75000; ;-75000; ;-75000; ;-75000; ;-75000; ;-75000; ;-75000; ;-75000; ;-75000; ;-75000;-75000;-75000;-75000;-75000;-75000;-75000;-75000;-75000;-75000;-75000;-75000;-75000;-75000;-75000;-3075000; 
MEF;20160219;IT0003256820;20330201;47000000;;0;-1351250; ;-1351250; ;-1351250; ;-1351250; ;-1351250; ;-1351250; ;-1351250; ;-1351250; ;-1351250; ;-1351250; ;-1351250;-1351250;-48351250; ; ; ; ; ; ; ; ; ; ; ; ; ; 
MEF;20160219;IT0003535157;20340801;56000000;;0;-1400000; ;-1400000; ;-1400000; ;-1400000; ;-1400000; ;-1400000; ;-1400000; ;-1400000; ;-1400000; ;-1400000; ;-1400000;-1400000;-1400000;-1400000;-1400000;-57400000; ; ; ; ; ; ; ; ; ; ; 
MEF;20160219;IT0004286966;20390801;-10000000;;0;250000; ;250000; ;250000; ;250000; ;250000; ;250000; ;250000; ;250000; ;250000; ;250000; ;250000;250000;250000;250000;250000;250000;250000;250000;250000;250000;250000;250000;250000;250000;250000;10250000; 
MEF;20160224;IT0003256820;20330201;5000000;;0;-143750; ;-143750; ;-143750; ;-143750; ;-143750; ;-143750; ;-143750; ;-143750; ;-143750; ;-143750; ;-143750;-143750;-5143750; ; ; ; ; ; ; ; ; ; ; ; ; ; 
MEF;20160224;IT0003934657;20370201;5000000;;0;-100000; ;-100000; ;-100000; ;-100000; ;-100000; ;-100000; ;-100000; ;-100000; ;-100000; ;-100000; ;-100000;-100000;-100000;-100000;-100000;-100000;-100000;-100000;-100000;-100000;-5100000; ; ; ; ; ; 
MEF;20160224;IT0004286966;20390801;-20000000;;0;500000; ;500000; ;500000; ;500000; ;500000; ;500000; ;500000; ;500000; ;500000; ;500000; ;500000;500000;500000;500000;500000;500000;500000;500000;500000;500000;500000;500000;500000;500000;500000;20500000; 
MEF;20160224;IT0004286966;20390801;2500000;;0;-62500; ;-62500; ;-62500; ;-62500; ;-62500; ;-62500; ;-62500; ;-62500; ;-62500; ;-62500; ;-62500;-62500;-62500;-62500;-62500;-62500;-62500;-62500;-62500;-62500;-62500;-62500;-62500;-62500;-62500;-2562500; 
MEF;20160226;IT0004286966;20390801;140000;;0;-3500; ;-3500; ;-3500; ;-3500; ;-3500; ;-3500; ;-3500; ;-3500; ;-3500; ;-3500; ;-3500;-3500;-3500;-3500;-3500;-3500;-3500;-3500;-3500;-3500;-3500;-3500;-3500;-3500;-3500;-143500; 
MEF;20160301;IT0003934657;20370201;45000000;;0;-900000; ;-900000; ;-900000; ;-900000; ;-900000; ;-900000; ;-900000; ;-900000; ;-900000; ;-900000; ;-900000;-900000;-900000;-900000;-900000;-900000;-900000;-900000;-900000;-900000;-45900000; ; ; ; ; ; 
MEF;20160302;IT0003256820;20330201;-5000000;;0;143750; ;143750; ;143750; ;143750; ;143750; ;143750; ;143750; ;143750; ;143750; ;143750; ;143750;143750;5143750; ; ; ; ; ; ; ; ; ; ; ; ; ; 
MEF;20160302;IT0004286966;20390801;5500000;;0;-137500; ;-137500; ;-137500; ;-137500; ;-137500; ;-137500; ;-137500; ;-137500; ;-137500; ;-137500; ;-137500;-137500;-137500;-137500;-137500;-137500;-137500;-137500;-137500;-137500;-137500;-137500;-137500;-137500;-137500;-5637500; 
MEF;20160303;IT0003535157;20340801;-10000000;;0;250000; ;250000; ;250000; ;250000; ;250000; ;250000; ;250000; ;250000; ;250000; ;250000; ;250000;250000;250000;250000;250000;10250000; ; ; ; ; ; ; ; ; ; ; 
MEF;20160303;IT0003535157;20340801;10000000;;0;-250000; ;-250000; ;-250000; ;-250000; ;-250000; ;-250000; ;-250000; ;-250000; ;-250000; ;-250000; ;-250000;-250000;-250000;-250000;-250000;-10250000; ; ; ; ; ; ; ; ; ; ; 
MEF;20160304;IT0003256820;20330201;4600000;;0;-132250; ;-132250; ;-132250; ;-132250; ;-132250; ;-132250; ;-132250; ;-132250; ;-132250; ;-132250; ;-132250;-132250;-4732250; ; ; ; ; ; ; ; ; ; ; ; ; ; 
MEF;20160304;IT0003535157;20340801;-20000000;;0;500000; ;500000; ;500000; ;500000; ;500000; ;500000; ;500000; ;500000; ;500000; ;500000; ;500000;500000;500000;500000;500000;20500000; ; ; ; ; ; ; ; ; ; ; 
MEF;20160304;IT0003535157;20340801;20000000;;0;-500000; ;-500000; ;-500000; ;-500000; ;-500000; ;-500000; ;-500000; ;-500000; ;-500000; ;-500000; ;-500000;-500000;-500000;-500000;-500000;-20500000; ; ; ; ; ; ; ; ; ; ; 
MEF;20160304;IT0004286966;20390801;-5300000;;0;132500; ;132500; ;132500; ;132500; ;132500; ;132500; ;132500; ;132500; ;132500; ;132500; ;132500;132500;132500;132500;132500;132500;132500;132500;132500;132500;132500;132500;132500;132500;132500;5432500; 
MEF;20160307;IT0003934657;20370201;49000000;;0;-980000; ;-980000; ;-980000; ;-980000; ;-980000; ;-980000; ;-980000; ;-980000; ;-980000; ;-980000; ;-980000;-980000;-980000;-980000;-980000;-980000;-980000;-980000;-980000;-980000;-49980000; ; ; ; ; ; 
MEF;20160307;IT0004286966;20390801;-8000000;;0;200000; ;200000; ;200000; ;200000; ;200000; ;200000; ;200000; ;200000; ;200000; ;200000; ;200000;200000;200000;200000;200000;200000;200000;200000;200000;200000;200000;200000;200000;200000;200000;8200000; 
MEF;20160308;IT0004286966;20390801;48000000;;0;-1200000; ;-1200000; ;-1200000; ;-1200000; ;-1200000; ;-1200000; ;-1200000; ;-1200000; ;-1200000; ;-1200000; ;-1200000;-1200000;-1200000;-1200000;-1200000;-1200000;-1200000;-1200000;-1200000;-1200000;-1200000;-1200000;-1200000;-1200000;-1200000;-49200000; 
MEF;20160309;IT0003256820;20330201;9000000;;0;-258750; ;-258750; ;-258750; ;-258750; ;-258750; ;-258750; ;-258750; ;-258750; ;-258750; ;-258750; ;-258750;-258750;-9258750; ; ; ; ; ; ; ; ; ; ; ; ; ; 
MEF;20160309;IT0003934657;20370201;3000000;;0;-60000; ;-60000; ;-60000; ;-60000; ;-60000; ;-60000; ;-60000; ;-60000; ;-60000; ;-60000; ;-60000;-60000;-60000;-60000;-60000;-60000;-60000;-60000;-60000;-60000;-3060000; ; ; ; ; ; 
MEF;20160309;IT0003934657;20370201;79000000;;0;-1580000; ;-1580000; ;-1580000; ;-1580000; ;-1580000; ;-1580000; ;-1580000; ;-1580000; ;-1580000; ;-1580000; ;-1580000;-1580000;-1580000;-1580000;-1580000;-1580000;-1580000;-1580000;-1580000;-1580000;-80580000; ; ; ; ; ; 
MEF;20160310;IT0003535157;20340801;11000000;;0;-275000; ;-275000; ;-275000; ;-275000; ;-275000; ;-275000; ;-275000; ;-275000; ;-275000; ;-275000; ;-275000;-275000;-275000;-275000;-275000;-11275000; ; ; ; ; ; ; ; ; ; ; 
MEF;20160310;IT0004286966;20390801;5000000;;0;-125000; ;-125000; ;-125000; ;-125000; ;-125000; ;-125000; ;-125000; ;-125000; ;-125000; ;-125000; ;-125000;-125000;-125000;-125000;-125000;-125000;-125000;-125000;-125000;-125000;-125000;-125000;-125000;-125000;-125000;-5125000; 
MEF;20160310;IT0004286966;20390801;6000000;;0;-150000; ;-150000; ;-150000; ;-150000; ;-150000; ;-150000; ;-150000; ;-150000; ;-150000; ;-150000; ;-150000;-150000;-150000;-150000;-150000;-150000;-150000;-150000;-150000;-150000;-150000;-150000;-150000;-150000;-150000;-6150000; 
MEF;20160311;IT0003256820;20330201;-4000000;;0;115000; ;115000; ;115000; ;115000; ;115000; ;115000; ;115000; ;115000; ;115000; ;115000; ;115000;115000;4115000; ; ; ; ; ; ; ; ; ; ; ; ; ; 
MEF;20160311;IT0003256820;20330201;-4500000;;0;129375; ;129375; ;129375; ;129375; ;129375; ;129375; ;129375; ;129375; ;129375; ;129375; ;129375;129375;4629375; ; ; ; ; ; ; ; ; ; ; ; ; ; 
MEF;20160311;IT0003256820;20330201;-5000000;;0;143750; ;143750; ;143750; ;143750; ;143750; ;143750; ;143750; ;143750; ;143750; ;143750; ;143750;143750;5143750; ; ; ; ; ; ; ; ; ; ; ; ; ; 
MEF;20160311;IT0004286966;20390801;-1000000;;0;25000; ;25000; ;25000; ;25000; ;25000; ;25000; ;25000; ;25000; ;25000; ;25000; ;25000;25000;25000;25000;25000;25000;25000;25000;25000;25000;25000;25000;25000;25000;25000;1025000; 
MEF;20160311;IT0004286966;20390801;-5000000;;0;125000; ;125000; ;125000; ;125000; ;125000; ;125000; ;125000; ;125000; ;125000; ;125000; ;125000;125000;125000;125000;125000;125000;125000;125000;125000;125000;125000;125000;125000;125000;125000;5125000; 
MEF;20160311;IT0004286966;20390801;25000000;;0;-625000; ;-625000; ;-625000; ;-625000; ;-625000; ;-625000; ;-625000; ;-625000; ;-625000; ;-625000; ;-625000;-625000;-625000;-625000;-625000;-625000;-625000;-625000;-625000;-625000;-625000;-625000;-625000;-625000;-625000;-25625000; 
MEF;20160314;IT0003256820;20330201;80000;;0;-2300; ;-2300; ;-2300; ;-2300; ;-2300; ;-2300; ;-2300; ;-2300; ;-2300; ;-2300; ;-2300;-2300;-82300; ; ; ; ; ; ; ; ; ; ; ; ; ; 
MEF;20160314;IT0003934657;20370201;50000;;0;-1000; ;-1000; ;-1000; ;-1000; ;-1000; ;-1000; ;-1000; ;-1000; ;-1000; ;-1000; ;-1000;-1000;-1000;-1000;-1000;-1000;-1000;-1000;-1000;-1000;-51000; ; ; ; ; ; 
MEF;20160314;IT0004286966;20390801;-10000000;;0;250000; ;250000; ;250000; ;250000; ;250000; ;250000; ;250000; ;250000; ;250000; ;250000; ;250000;250000;250000;250000;250000;250000;250000;250000;250000;250000;250000;250000;250000;250000;250000;10250000; 
MEF;20160315;IT0003256820;20330201;5000000;;0;-143750; ;-143750; ;-143750; ;-143750; ;-143750; ;-143750; ;-143750; ;-143750; ;-143750; ;-143750; ;-143750;-143750;-5143750; ; ; ; ; ; ; ; ; ; ; ; ; ; 
MEF;20160315;IT0003535157;20340801;-38000000;;0;950000; ;950000; ;950000; ;950000; ;950000; ;950000; ;950000; ;950000; ;950000; ;950000; ;950000;950000;950000;950000;950000;38950000; ; ; ; ; ; ; ; ; ; ; 
MEF;20160315;IT0003535157;20340801;40000000;;0;-1000000; ;-1000000; ;-1000000; ;-1000000; ;-1000000; ;-1000000; ;-1000000; ;-1000000; ;-1000000; ;-1000000; ;-1000000;-1000000;-1000000;-1000000;-1000000;-41000000; ; ; ; ; ; ; ; ; ; ; 
MEF;20160315;IT0004286966;20390801;5000000;;0;-125000; ;-125000; ;-125000; ;-125000; ;-125000; ;-125000; ;-125000; ;-125000; ;-125000; ;-125000; ;-125000;-125000;-125000;-125000;-125000;-125000;-125000;-125000;-125000;-125000;-125000;-125000;-125000;-125000;-125000;-5125000; 
MEF;20160316;IT0003535157;20340801;86000000;;0;-2150000; ;-2150000; ;-2150000; ;-2150000; ;-2150000; ;-2150000; ;-2150000; ;-2150000; ;-2150000; ;-2150000; ;-2150000;-2150000;-2150000;-2150000;-2150000;-88150000; ; ; ; ; ; ; ; ; ; ; 
MEF;20160316;IT0004286966;20390801;25000000;;0;-625000; ;-625000; ;-625000; ;-625000; ;-625000; ;-625000; ;-625000; ;-625000; ;-625000; ;-625000; ;-625000;-625000;-625000;-625000;-625000;-625000;-625000;-625000;-625000;-625000;-625000;-625000;-625000;-625000;-625000;-25625000; 
MEF;20160317;IT0003256820;20330201;-4000000;;0;115000; ;115000; ;115000; ;115000; ;115000; ;115000; ;115000; ;115000; ;115000; ;115000; ;115000;115000;4115000; ; ; ; ; ; ; ; ; ; ; ; ; ; 
MEF;20160317;IT0003535157;20340801;-37500000;;0;937500; ;937500; ;937500; ;937500; ;937500; ;937500; ;937500; ;937500; ;937500; ;937500; ;937500;937500;937500;937500;937500;38437500; ; ; ; ; ; ; ; ; ; ; 
MEF;20160317;IT0003535157;20340801;-48000000;;0;1200000; ;1200000; ;1200000; ;1200000; ;1200000; ;1200000; ;1200000; ;1200000; ;1200000; ;1200000; ;1200000;1200000;1200000;1200000;1200000;49200000; ; ; ; ; ; ; ; ; ; ; 
MEF;20160317;IT0003934657;20370201;-46000000;;0;920000; ;920000; ;920000; ;920000; ;920000; ;920000; ;920000; ;920000; ;920000; ;920000; ;920000;920000;920000;920000;920000;920000;920000;920000;920000;920000;46920000; ; ; ; ; ; 
MEF;20160317;IT0003934657;20370201;50000000;;0;-1000000; ;-1000000; ;-1000000; ;-1000000; ;-1000000; ;-1000000; ;-1000000; ;-1000000; ;-1000000; ;-1000000; ;-1000000;-1000000;-1000000;-1000000;-1000000;-1000000;-1000000;-1000000;-1000000;-1000000;-51000000; ; ; ; ; ; 
MEF;20160318;IT0003256820;20330201;12500000;;0;-359375; ;-359375; ;-359375; ;-359375; ;-359375; ;-359375; ;-359375; ;-359375; ;-359375; ;-359375; ;-359375;-359375;-12859375; ; ; ; ; ; ; ; ; ; ; ; ; ; 
MEF;20160321;IT0004286966;20390801;16500000;;0;-412500; ;-412500; ;-412500; ;-412500; ;-412500; ;-412500; ;-412500; ;-412500; ;-412500; ;-412500; ;-412500;-412500;-412500;-412500;-412500;-412500;-412500;-412500;-412500;-412500;-412500;-412500;-412500;-412500;-412500;-16912500; 
MEF;20160322;IT0004286966;20390801;-49000000;;0;1225000; ;1225000; ;1225000; ;1225000; ;1225000; ;1225000; ;1225000; ;1225000; ;1225000; ;1225000; ;1225000;1225000;1225000;1225000;1225000;1225000;1225000;1225000;1225000;1225000;1225000;1225000;1225000;1225000;1225000;50225000; 
MEF;20160322;IT0004286966;20390801;-6400000;;0;160000; ;160000; ;160000; ;160000; ;160000; ;160000; ;160000; ;160000; ;160000; ;160000; ;160000;160000;160000;160000;160000;160000;160000;160000;160000;160000;160000;160000;160000;160000;160000;6560000; 
MEF;20160330;IT0003256820;20330201;16200000;;0;-465750; ;-465750; ;-465750; ;-465750; ;-465750; ;-465750; ;-465750; ;-465750; ;-465750; ;-465750; ;-465750;-465750;-16665750; ; ; ; ; ; ; ; ; ; ; ; ; ; 
MEF;20160331;IT0003934657;20370201;15000000;;0;-300000; ;-300000; ;-300000; ;-300000; ;-300000; ;-300000; ;-300000; ;-300000; ;-300000; ;-300000; ;-300000;-300000;-300000;-300000;-300000;-300000;-300000;-300000;-300000;-300000;-15300000; ; ; ; ; ; 
MEF;20160331;IT0004286966;20390801;25000000;;0;-625000; ;-625000; ;-625000; ;-625000; ;-625000; ;-625000; ;-625000; ;-625000; ;-625000; ;-625000; ;-625000;-625000;-625000;-625000;-625000;-625000;-625000;-625000;-625000;-625000;-625000;-625000;-625000;-625000;-625000;-25625000; 
MEF;20160401;IT0003934657;20370201;-21000000;;0;420000; ;420000; ;420000; ;420000; ;420000; ;420000; ;420000; ;420000; ;420000; ;420000; ;420000;420000;420000;420000;420000;420000;420000;420000;420000;420000;21420000; ; ; ; ; ; 
MEF;20160401;IT0003934657;20370201;24000000;;0;-480000; ;-480000; ;-480000; ;-480000; ;-480000; ;-480000; ;-480000; ;-480000; ;-480000; ;-480000; ;-480000;-480000;-480000;-480000;-480000;-480000;-480000;-480000;-480000;-480000;-24480000; ; ; ; ; ; 
MEF;20160401;IT0004286966;20390801;20000000;;0;-500000; ;-500000; ;-500000; ;-500000; ;-500000; ;-500000; ;-500000; ;-500000; ;-500000; ;-500000; ;-500000;-500000;-500000;-500000;-500000;-500000;-500000;-500000;-500000;-500000;-500000;-500000;-500000;-500000;-500000;-20500000; 
MEF;20160404;IT0003934657;20370201;-6300000;;0;126000; ;126000; ;126000; ;126000; ;126000; ;126000; ;126000; ;126000; ;126000; ;126000; ;126000;126000;126000;126000;126000;126000;126000;126000;126000;126000;6426000; ; ; ; ; ; 
MEF;20160405;IT0003934657;20370201;-16600000;;0;332000; ;332000; ;332000; ;332000; ;332000; ;332000; ;332000; ;332000; ;332000; ;332000; ;332000;332000;332000;332000;332000;332000;332000;332000;332000;332000;16932000; ; ; ; ; ; 
MEF;20160407;IT0003256820;20330201;-15000000;;0;431250; ;431250; ;431250; ;431250; ;431250; ;431250; ;431250; ;431250; ;431250; ;431250; ;431250;431250;15431250; ; ; ; ; ; ; ; ; ; ; ; ; ; 
MEF;20160407;IT0004286966;20390801;-10000000;;0;250000; ;250000; ;250000; ;250000; ;250000; ;250000; ;250000; ;250000; ;250000; ;250000; ;250000;250000;250000;250000;250000;250000;250000;250000;250000;250000;250000;250000;250000;250000;250000;10250000; 
MEF;20160412;IT0003934657;20370201;3500000;;0;-70000; ;-70000; ;-70000; ;-70000; ;-70000; ;-70000; ;-70000; ;-70000; ;-70000; ;-70000; ;-70000;-70000;-70000;-70000;-70000;-70000;-70000;-70000;-70000;-70000;-3570000; ; ; ; ; ; 
MEF;20160425;IT0004286966;20390801;5000000;;0;-125000; ;-125000; ;-125000; ;-125000; ;-125000; ;-125000; ;-125000; ;-125000; ;-125000; ;-125000; ;-125000;-125000;-125000;-125000;-125000;-125000;-125000;-125000;-125000;-125000;-125000;-125000;-125000;-125000;-125000;-5125000; 
MEF;20160502;IT0004286966;20390801;-5000000;;0;125000; ;125000; ;125000; ;125000; ;125000; ;125000; ;125000; ;125000; ;125000; ;125000; ;125000;125000;125000;125000;125000;125000;125000;125000;125000;125000;125000;125000;125000;125000;125000;5125000; 
MEF;20160510;IT0003934657;20370201;500000;;0;-10000; ;-10000; ;-10000; ;-10000; ;-10000; ;-10000; ;-10000; ;-10000; ;-10000; ;-10000; ;-10000;-10000;-10000;-10000;-10000;-10000;-10000;-10000;-10000;-10000;-510000; ; ; ; ; ; 
MEF;20160518;IT0004286966;20390801;5700000;;0;-142500; ;-142500; ;-142500; ;-142500; ;-142500; ;-142500; ;-142500; ;-142500; ;-142500; ;-142500; ;-142500;-142500;-142500;-142500;-142500;-142500;-142500;-142500;-142500;-142500;-142500;-142500;-142500;-142500;-142500;-5842500; 
MEF;20160520;IT0003535157;20340801;-500000;;0;12500; ;12500; ;12500; ;12500; ;12500; ;12500; ;12500; ;12500; ;12500; ;12500; ;12500;12500;12500;12500;12500;512500; ; ; ; ; ; ; ; ; ; ; 
MEF;20160520;IT0003934657;20370201;4000000;;0;-80000; ;-80000; ;-80000; ;-80000; ;-80000; ;-80000; ;-80000; ;-80000; ;-80000; ;-80000; ;-80000;-80000;-80000;-80000;-80000;-80000;-80000;-80000;-80000;-80000;-4080000; ; ; ; ; ; 
MEF;20160520;IT0004286966;20390801;5000000;;0;-125000; ;-125000; ;-125000; ;-125000; ;-125000; ;-125000; ;-125000; ;-125000; ;-125000; ;-125000; ;-125000;-125000;-125000;-125000;-125000;-125000;-125000;-125000;-125000;-125000;-125000;-125000;-125000;-125000;-125000;-5125000; 
MEF;20160524;IT0004286966;20390801;-10000000;;0;250000; ;250000; ;250000; ;250000; ;250000; ;250000; ;250000; ;250000; ;250000; ;250000; ;250000;250000;250000;250000;250000;250000;250000;250000;250000;250000;250000;250000;250000;250000;250000;10250000; 
MEF;20160527;IT0003934657;20370201;3000000;;0;-60000; ;-60000; ;-60000; ;-60000; ;-60000; ;-60000; ;-60000; ;-60000; ;-60000; ;-60000; ;-60000;-60000;-60000;-60000;-60000;-60000;-60000;-60000;-60000;-60000;-3060000; ; ; ; ; ; 
MEF;20160527;IT0004286966;20390801;-2000000;;0;50000; ;50000; ;50000; ;50000; ;50000; ;50000; ;50000; ;50000; ;50000; ;50000; ;50000;50000;50000;50000;50000;50000;50000;50000;50000;50000;50000;50000;50000;50000;50000;2050000; 
MEF;20160531;IT0004286966;20390801;-150000000;;0;3750000; ;3750000; ;3750000; ;3750000; ;3750000; ;3750000; ;3750000; ;3750000; ;3750000; ;3750000; ;3750000;3750000;3750000;3750000;3750000;3750000;3750000;3750000;3750000;3750000;3750000;3750000;3750000;3750000;3750000;153750000; 
MEF;20160531;IT0004286966;20390801;-16000000;;0;400000; ;400000; ;400000; ;400000; ;400000; ;400000; ;400000; ;400000; ;400000; ;400000; ;400000;400000;400000;400000;400000;400000;400000;400000;400000;400000;400000;400000;400000;400000;400000;16400000; 
MEF;20160601;IT0003934657;20370201;1000000;;0;-20000; ;-20000; ;-20000; ;-20000; ;-20000; ;-20000; ;-20000; ;-20000; ;-20000; ;-20000; ;-20000;-20000;-20000;-20000;-20000;-20000;-20000;-20000;-20000;-20000;-1020000; ; ; ; ; ; 
MEF;20160601;IT0004286966;20390801;-190000000;;0;4750000; ;4750000; ;4750000; ;4750000; ;4750000; ;4750000; ;4750000; ;4750000; ;4750000; ;4750000; ;4750000;4750000;4750000;4750000;4750000;4750000;4750000;4750000;4750000;4750000;4750000;4750000;4750000;4750000;4750000;194750000; 
MEF;20160624;IT0004286966;20390801;-6400000;;0;160000; ;160000; ;160000; ;160000; ;160000; ;160000; ;160000; ;160000; ;160000; ;160000; ;160000;160000;160000;160000;160000;160000;160000;160000;160000;160000;160000;160000;160000;160000;160000;6560000; 
MEF;20160707;IT0004286966;20390801;-6000000;;0;150000; ;150000; ;150000; ;150000; ;150000; ;150000; ;150000; ;150000; ;150000; ;150000; ;150000;150000;150000;150000;150000;150000;150000;150000;150000;150000;150000;150000;150000;150000;150000;6150000; 
MEF;20160715;IT0003934657;20370201;-2000000;;0;40000; ;40000; ;40000; ;40000; ;40000; ;40000; ;40000; ;40000; ;40000; ;40000; ;40000;40000;40000;40000;40000;40000;40000;40000;40000;40000;2040000; ; ; ; ; ; 
MEF;20160720;IT0003934657;20370201;2000000;;0;-40000; ;-40000; ;-40000; ;-40000; ;-40000; ;-40000; ;-40000; ;-40000; ;-40000; ;-40000; ;-40000;-40000;-40000;-40000;-40000;-40000;-40000;-40000;-40000;-40000;-2040000; ; ; ; ; ; 
MEF;20160720;IT0004286966;20390801;-14000000;;0;350000; ;350000; ;350000; ;350000; ;350000; ;350000; ;350000; ;350000; ;350000; ;350000; ;350000;350000;350000;350000;350000;350000;350000;350000;350000;350000;350000;350000;350000;350000;350000;14350000; 
MEF;20160802;IT0003256820;20330201;9000000;;0;-258750; ;-258750; ;-258750; ;-258750; ;-258750; ;-258750; ;-258750; ;-258750; ;-258750; ;-258750; ;-258750;-258750;-9258750; ; ; ; ; ; ; ; ; ; ; ; ; ; 
MEF;20160802;IT0004286966;20390801;-5000000;;0;125000; ;125000; ;125000; ;125000; ;125000; ;125000; ;125000; ;125000; ;125000; ;125000; ;125000;125000;125000;125000;125000;125000;125000;125000;125000;125000;125000;125000;125000;125000;125000;5125000; 
MEF;20160803;IT0004286966;20390801;-1000000;;0;25000; ;25000; ;25000; ;25000; ;25000; ;25000; ;25000; ;25000; ;25000; ;25000; ;25000;25000;25000;25000;25000;25000;25000;25000;25000;25000;25000;25000;25000;25000;25000;1025000; 
MEF;20160803;IT0004286966;20390801;1500000;;0;-37500; ;-37500; ;-37500; ;-37500; ;-37500; ;-37500; ;-37500; ;-37500; ;-37500; ;-37500; ;-37500;-37500;-37500;-37500;-37500;-37500;-37500;-37500;-37500;-37500;-37500;-37500;-37500;-37500;-37500;-1537500; 
MEF;20160808;IT0004286966;20390801;-5000000;;0;125000; ;125000; ;125000; ;125000; ;125000; ;125000; ;125000; ;125000; ;125000; ;125000; ;125000;125000;125000;125000;125000;125000;125000;125000;125000;125000;125000;125000;125000;125000;125000;5125000; 
MEF;20160902;IT0004286966;20390801;-20000000;;0;500000; ;500000; ;500000; ;500000; ;500000; ;500000; ;500000; ;500000; ;500000; ;500000; ;500000;500000;500000;500000;500000;500000;500000;500000;500000;500000;500000;500000;500000;500000;500000;20500000; 
MEF;20160914;IT0003256820;20330201;5000000;;0;-143750; ;-143750; ;-143750; ;-143750; ;-143750; ;-143750; ;-143750; ;-143750; ;-143750; ;-143750; ;-143750;-143750;-5143750; ; ; ; ; ; ; ; ; ; ; ; ; ; 
MEF;20160916;IT0004286966;20390801;53000000;;0;-1325000; ;-1325000; ;-1325000; ;-1325000; ;-1325000; ;-1325000; ;-1325000; ;-1325000; ;-1325000; ;-1325000; ;-1325000;-1325000;-1325000;-1325000;-1325000;-1325000;-1325000;-1325000;-1325000;-1325000;-1325000;-1325000;-1325000;-1325000;-1325000;-54325000; 
MEF;20160919;IT0004286966;20390801;-16000000;;0;400000; ;400000; ;400000; ;400000; ;400000; ;400000; ;400000; ;400000; ;400000; ;400000; ;400000;400000;400000;400000;400000;400000;400000;400000;400000;400000;400000;400000;400000;400000;400000;16400000; 
MEF;20160919;IT0004286966;20390801;4000000;;0;-100000; ;-100000; ;-100000; ;-100000; ;-100000; ;-100000; ;-100000; ;-100000; ;-100000; ;-100000; ;-100000;-100000;-100000;-100000;-100000;-100000;-100000;-100000;-100000;-100000;-100000;-100000;-100000;-100000;-100000;-4100000; 
MEF;20160922;IT0003256820;20330201;-5000000;;0;143750; ;143750; ;143750; ;143750; ;143750; ;143750; ;143750; ;143750; ;143750; ;143750; ;143750;143750;5143750; ; ; ; ; ; ; ; ; ; ; ; ; ; 
MEF;20160922;IT0003535157;20340801;-4000000;;0;100000; ;100000; ;100000; ;100000; ;100000; ;100000; ;100000; ;100000; ;100000; ;100000; ;100000;100000;100000;100000;100000;4100000; ; ; ; ; ; ; ; ; ; ; 
MEF;20160922;IT0004286966;20390801;10000000;;0;-250000; ;-250000; ;-250000; ;-250000; ;-250000; ;-250000; ;-250000; ;-250000; ;-250000; ;-250000; ;-250000;-250000;-250000;-250000;-250000;-250000;-250000;-250000;-250000;-250000;-250000;-250000;-250000;-250000;-250000;-10250000; 
MEF;20160923;IT0003535157;20340801;-500000;;0;12500; ;12500; ;12500; ;12500; ;12500; ;12500; ;12500; ;12500; ;12500; ;12500; ;12500;12500;12500;12500;12500;512500; ; ; ; ; ; ; ; ; ; ; 
MEF;20160926;IT0004286966;20390801;-25000000;;0;625000; ;625000; ;625000; ;625000; ;625000; ;625000; ;625000; ;625000; ;625000; ;625000; ;625000;625000;625000;625000;625000;625000;625000;625000;625000;625000;625000;625000;625000;625000;625000;25625000; 
MEF;20160929;IT0004286966;20390801;23000000;;0;-575000; ;-575000; ;-575000; ;-575000; ;-575000; ;-575000; ;-575000; ;-575000; ;-575000; ;-575000; ;-575000;-575000;-575000;-575000;-575000;-575000;-575000;-575000;-575000;-575000;-575000;-575000;-575000;-575000;-575000;-23575000; 
MEF;20160930;IT0004286966;20390801;-5000000;;0;125000; ;125000; ;125000; ;125000; ;125000; ;125000; ;125000; ;125000; ;125000; ;125000; ;125000;125000;125000;125000;125000;125000;125000;125000;125000;125000;125000;125000;125000;125000;125000;5125000; 
MEF;20160930;IT0004286966;20390801;23000000;;0;-575000; ;-575000; ;-575000; ;-575000; ;-575000; ;-575000; ;-575000; ;-575000; ;-575000; ;-575000; ;-575000;-575000;-575000;-575000;-575000;-575000;-575000;-575000;-575000;-575000;-575000;-575000;-575000;-575000;-575000;-23575000; 
MEF;20161010;IT0003256820;20330201;-18000000;;0;517500; ;517500; ;517500; ;517500; ;517500; ;517500; ;517500; ;517500; ;517500; ;517500; ;517500;517500;18517500; ; ; ; ; ; ; ; ; ; ; ; ; ; 
MEF;20161012;IT0003256820;20330201;-10000000;;0;287500; ;287500; ;287500; ;287500; ;287500; ;287500; ;287500; ;287500; ;287500; ;287500; ;287500;287500;10287500; ; ; ; ; ; ; ; ; ; ; ; ; ; 
MEF;20161014;IT0004286966;20390801;-3000000;;0;75000; ;75000; ;75000; ;75000; ;75000; ;75000; ;75000; ;75000; ;75000; ;75000; ;75000;75000;75000;75000;75000;75000;75000;75000;75000;75000;75000;75000;75000;75000;75000;3075000; 
MEF;20161018;IT0003256820;20330201;-7000000;;0;201250; ;201250; ;201250; ;201250; ;201250; ;201250; ;201250; ;201250; ;201250; ;201250; ;201250;201250;7201250; ; ; ; ; ; ; ; ; ; ; ; ; ; 
MEF;20161024;IT0003934657;20370201;-1000000;;0;20000; ;20000; ;20000; ;20000; ;20000; ;20000; ;20000; ;20000; ;20000; ;20000; ;20000;20000;20000;20000;20000;20000;20000;20000;20000;20000;1020000; ; ; ; ; ; 
MEF;20161101;IT0004286966;20390801;4500000;;0;-112500; ;-112500; ;-112500; ;-112500; ;-112500; ;-112500; ;-112500; ;-112500; ;-112500; ;-112500; ;-112500;-112500;-112500;-112500;-112500;-112500;-112500;-112500;-112500;-112500;-112500;-112500;-112500;-112500;-112500;-4612500; 
MEF;20161102;IT0004286966;20390801;8000000;;0;-200000; ;-200000; ;-200000; ;-200000; ;-200000; ;-200000; ;-200000; ;-200000; ;-200000; ;-200000; ;-200000;-200000;-200000;-200000;-200000;-200000;-200000;-200000;-200000;-200000;-200000;-200000;-200000;-200000;-200000;-8200000; 
MEF;20161109;IT0003256820;20330201;-5000000;;0;143750; ;143750; ;143750; ;143750; ;143750; ;143750; ;143750; ;143750; ;143750; ;143750; ;143750;143750;5143750; ; ; ; ; ; ; ; ; ; ; ; ; ; 
MEF;20161111;IT0003256820;20330201;-500000;;0;14375; ;14375; ;14375; ;14375; ;14375; ;14375; ;14375; ;14375; ;14375; ;14375; ;14375;14375;514375; ; ; ; ; ; ; ; ; ; ; ; ; ; 
MEF;20161111;IT0004286966;20390801;50000000;;0;-1250000; ;-1250000; ;-1250000; ;-1250000; ;-1250000; ;-1250000; ;-1250000; ;-1250000; ;-1250000; ;-1250000; ;-1250000;-1250000;-1250000;-1250000;-1250000;-1250000;-1250000;-1250000;-1250000;-1250000;-1250000;-1250000;-1250000;-1250000;-1250000;-51250000; 
MEF;20161114;IT0004286966;20390801;10000000;;0;-250000; ;-250000; ;-250000; ;-250000; ;-250000; ;-250000; ;-250000; ;-250000; ;-250000; ;-250000; ;-250000;-250000;-250000;-250000;-250000;-250000;-250000;-250000;-250000;-250000;-250000;-250000;-250000;-250000;-250000;-10250000; 
MEF;20161114;IT0004286966;20390801;19000000;;0;-475000; ;-475000; ;-475000; ;-475000; ;-475000; ;-475000; ;-475000; ;-475000; ;-475000; ;-475000; ;-475000;-475000;-475000;-475000;-475000;-475000;-475000;-475000;-475000;-475000;-475000;-475000;-475000;-475000;-475000;-19475000; 
MEF;20161114;IT0004286966;20390801;64000000;;0;-1600000; ;-1600000; ;-1600000; ;-1600000; ;-1600000; ;-1600000; ;-1600000; ;-1600000; ;-1600000; ;-1600000; ;-1600000;-1600000;-1600000;-1600000;-1600000;-1600000;-1600000;-1600000;-1600000;-1600000;-1600000;-1600000;-1600000;-1600000;-1600000;-65600000; 
MEF;20161114;IT0004286966;20390801;9700000;;0;-242500; ;-242500; ;-242500; ;-242500; ;-242500; ;-242500; ;-242500; ;-242500; ;-242500; ;-242500; ;-242500;-242500;-242500;-242500;-242500;-242500;-242500;-242500;-242500;-242500;-242500;-242500;-242500;-242500;-242500;-9942500; 
MEF;20161114;IT0004286966;20390801;9800000;;0;-245000; ;-245000; ;-245000; ;-245000; ;-245000; ;-245000; ;-245000; ;-245000; ;-245000; ;-245000; ;-245000;-245000;-245000;-245000;-245000;-245000;-245000;-245000;-245000;-245000;-245000;-245000;-245000;-245000;-245000;-10045000; 
MEF;20161115;IT0004286966;20390801;-25000000;;0;625000; ;625000; ;625000; ;625000; ;625000; ;625000; ;625000; ;625000; ;625000; ;625000; ;625000;625000;625000;625000;625000;625000;625000;625000;625000;625000;625000;625000;625000;625000;625000;25625000; 
MEF;20161116;IT0003256820;20330201;-2000000;;0;57500; ;57500; ;57500; ;57500; ;57500; ;57500; ;57500; ;57500; ;57500; ;57500; ;57500;57500;2057500; ; ; ; ; ; ; ; ; ; ; ; ; ; 
MEF;20161116;IT0003535157;20340801;-2000000;;0;50000; ;50000; ;50000; ;50000; ;50000; ;50000; ;50000; ;50000; ;50000; ;50000; ;50000;50000;50000;50000;50000;2050000; ; ; ; ; ; ; ; ; ; ; 
MEF;20161116;IT0003535157;20340801;3000000;;0;-75000; ;-75000; ;-75000; ;-75000; ;-75000; ;-75000; ;-75000; ;-75000; ;-75000; ;-75000; ;-75000;-75000;-75000;-75000;-75000;-3075000; ; ; ; ; ; ; ; ; ; ; 
MEF;20161116;IT0003535157;20340801;6000000;;0;-150000; ;-150000; ;-150000; ;-150000; ;-150000; ;-150000; ;-150000; ;-150000; ;-150000; ;-150000; ;-150000;-150000;-150000;-150000;-150000;-6150000; ; ; ; ; ; ; ; ; ; ; 
MEF;20161116;IT0003934657;20370201;-2000000;;0;40000; ;40000; ;40000; ;40000; ;40000; ;40000; ;40000; ;40000; ;40000; ;40000; ;40000;40000;40000;40000;40000;40000;40000;40000;40000;40000;2040000; ; ; ; ; ; 
MEF;20161116;IT0004286966;20390801;10000000;;0;-250000; ;-250000; ;-250000; ;-250000; ;-250000; ;-250000; ;-250000; ;-250000; ;-250000; ;-250000; ;-250000;-250000;-250000;-250000;-250000;-250000;-250000;-250000;-250000;-250000;-250000;-250000;-250000;-250000;-250000;-10250000; 
MEF;20161116;IT0004286966;20390801;2000000;;0;-50000; ;-50000; ;-50000; ;-50000; ;-50000; ;-50000; ;-50000; ;-50000; ;-50000; ;-50000; ;-50000;-50000;-50000;-50000;-50000;-50000;-50000;-50000;-50000;-50000;-50000;-50000;-50000;-50000;-50000;-2050000; 
MEF;20161116;IT0004286966;20390801;25000000;;0;-625000; ;-625000; ;-625000; ;-625000; ;-625000; ;-625000; ;-625000; ;-625000; ;-625000; ;-625000; ;-625000;-625000;-625000;-625000;-625000;-625000;-625000;-625000;-625000;-625000;-625000;-625000;-625000;-625000;-625000;-25625000; 
MEF;20161116;IT0004286966;20390801;3000000;;0;-75000; ;-75000; ;-75000; ;-75000; ;-75000; ;-75000; ;-75000; ;-75000; ;-75000; ;-75000; ;-75000;-75000;-75000;-75000;-75000;-75000;-75000;-75000;-75000;-75000;-75000;-75000;-75000;-75000;-75000;-3075000; 
MEF;20161117;IT0003256820;20330201;-9000000;;0;258750; ;258750; ;258750; ;258750; ;258750; ;258750; ;258750; ;258750; ;258750; ;258750; ;258750;258750;9258750; ; ; ; ; ; ; ; ; ; ; ; ; ; 
MEF;20161123;IT0003256820;20330201;1000000;;0;-28750; ;-28750; ;-28750; ;-28750; ;-28750; ;-28750; ;-28750; ;-28750; ;-28750; ;-28750; ;-28750;-28750;-1028750; ; ; ; ; ; ; ; ; ; ; ; ; ; 
MEF;20161124;IT0004286966;20390801;47000000;;0;-1175000; ;-1175000; ;-1175000; ;-1175000; ;-1175000; ;-1175000; ;-1175000; ;-1175000; ;-1175000; ;-1175000; ;-1175000;-1175000;-1175000;-1175000;-1175000;-1175000;-1175000;-1175000;-1175000;-1175000;-1175000;-1175000;-1175000;-1175000;-1175000;-48175000; 
MEF;20161125;IT0003256820;20330201;-1000000;;0;28750; ;28750; ;28750; ;28750; ;28750; ;28750; ;28750; ;28750; ;28750; ;28750; ;28750;28750;1028750; ; ; ; ; ; ; ; ; ; ; ; ; ; 
MEF;20161125;IT0003535157;20340801;-1500000;;0;37500; ;37500; ;37500; ;37500; ;37500; ;37500; ;37500; ;37500; ;37500; ;37500; ;37500;37500;37500;37500;37500;1537500; ; ; ; ; ; ; ; ; ; ; 
MEF;20161125;IT0003535157;20340801;-48500000;;0;1212500; ;1212500; ;1212500; ;1212500; ;1212500; ;1212500; ;1212500; ;1212500; ;1212500; ;1212500; ;1212500;1212500;1212500;1212500;1212500;49712500; ; ; ; ; ; ; ; ; ; ; 
MEF;20161125;IT0003934657;20370201;-1000000;;0;20000; ;20000; ;20000; ;20000; ;20000; ;20000; ;20000; ;20000; ;20000; ;20000; ;20000;20000;20000;20000;20000;20000;20000;20000;20000;20000;1020000; ; ; ; ; ; 
MEF;20161129;IT0003535157;20340801;4000000;;0;-100000; ;-100000; ;-100000; ;-100000; ;-100000; ;-100000; ;-100000; ;-100000; ;-100000; ;-100000; ;-100000;-100000;-100000;-100000;-100000;-4100000; ; ; ; ; ; ; ; ; ; ; 
MEF;20161129;IT0003535157;20340801;6000000;;0;-150000; ;-150000; ;-150000; ;-150000; ;-150000; ;-150000; ;-150000; ;-150000; ;-150000; ;-150000; ;-150000;-150000;-150000;-150000;-150000;-6150000; ; ; ; ; ; ; ; ; ; ; 
MEF;20161202;IT0003256820;20330201;-1000000;;0;28750; ;28750; ;28750; ;28750; ;28750; ;28750; ;28750; ;28750; ;28750; ;28750; ;28750;28750;1028750; ; ; ; ; ; ; ; ; ; ; ; ; ; 
MEF;20161202;IT0004286966;20390801;-1000000;;0;25000; ;25000; ;25000; ;25000; ;25000; ;25000; ;25000; ;25000; ;25000; ;25000; ;25000;25000;25000;25000;25000;25000;25000;25000;25000;25000;25000;25000;25000;25000;25000;1025000; 
MEF;20161206;IT0003256820;20330201;-10000000;;0;287500; ;287500; ;287500; ;287500; ;287500; ;287500; ;287500; ;287500; ;287500; ;287500; ;287500;287500;10287500; ; ; ; ; ; ; ; ; ; ; ; ; ; 
MEF;20161206;IT0004286966;20390801;-4000000;;0;100000; ;100000; ;100000; ;100000; ;100000; ;100000; ;100000; ;100000; ;100000; ;100000; ;100000;100000;100000;100000;100000;100000;100000;100000;100000;100000;100000;100000;100000;100000;100000;4100000; 
MEF;20161206;IT0004286966;20390801;-5000000;;0;125000; ;125000; ;125000; ;125000; ;125000; ;125000; ;125000; ;125000; ;125000; ;125000; ;125000;125000;125000;125000;125000;125000;125000;125000;125000;125000;125000;125000;125000;125000;125000;5125000; 
MEF;20161209;IT0004286966;20390801;-3700000;;0;92500; ;92500; ;92500; ;92500; ;92500; ;92500; ;92500; ;92500; ;92500; ;92500; ;92500;92500;92500;92500;92500;92500;92500;92500;92500;92500;92500;92500;92500;92500;92500;3792500; 
MEF;20161212;IT0003256820;20330201;-8000000;;0;230000; ;230000; ;230000; ;230000; ;230000; ;230000; ;230000; ;230000; ;230000; ;230000; ;230000;230000;8230000; ; ; ; ; ; ; ; ; ; ; ; ; ; 
MEF;20161212;IT0004286966;20390801;4000000;;0;-100000; ;-100000; ;-100000; ;-100000; ;-100000; ;-100000; ;-100000; ;-100000; ;-100000; ;-100000; ;-100000;-100000;-100000;-100000;-100000;-100000;-100000;-100000;-100000;-100000;-100000;-100000;-100000;-100000;-100000;-4100000; 
MEF;20161213;IT0003256820;20330201;7900000;;0;-227125; ;-227125; ;-227125; ;-227125; ;-227125; ;-227125; ;-227125; ;-227125; ;-227125; ;-227125; ;-227125;-227125;-8127125; ; ; ; ; ; ; ; ; ; ; ; ; ; 
MEF;20161214;IT0004286966;20390801;-9000000;;0;225000; ;225000; ;225000; ;225000; ;225000; ;225000; ;225000; ;225000; ;225000; ;225000; ;225000;225000;225000;225000;225000;225000;225000;225000;225000;225000;225000;225000;225000;225000;225000;9225000; 
MEF;20161219;IT0004286966;20390801;-3000000;;0;75000; ;75000; ;75000; ;75000; ;75000; ;75000; ;75000; ;75000; ;75000; ;75000; ;75000;75000;75000;75000;75000;75000;75000;75000;75000;75000;75000;75000;75000;75000;75000;3075000; 
MEF;20161219;IT0004286966;20390801;2410000;;0;-60250; ;-60250; ;-60250; ;-60250; ;-60250; ;-60250; ;-60250; ;-60250; ;-60250; ;-60250; ;-60250;-60250;-60250;-60250;-60250;-60250;-60250;-60250;-60250;-60250;-60250;-60250;-60250;-60250;-60250;-2470250; 
MEF;20161222;IT0003256820;20330201;1000000;;0;-28750; ;-28750; ;-28750; ;-28750; ;-28750; ;-28750; ;-28750; ;-28750; ;-28750; ;-28750; ;-28750;-28750;-1028750; ; ; ; ; ; ; ; ; ; ; ; ; ; 
MEF;20161222;IT0003256820;20330201;2000000;;0;-57500; ;-57500; ;-57500; ;-57500; ;-57500; ;-57500; ;-57500; ;-57500; ;-57500; ;-57500; ;-57500;-57500;-2057500; ; ; ; ; ; ; ; ; ; ; ; ; ; 
MEF;20161222;IT0004286966;20390801;-5000000;;0;125000; ;125000; ;125000; ;125000; ;125000; ;125000; ;125000; ;125000; ;125000; ;125000; ;125000;125000;125000;125000;125000;125000;125000;125000;125000;125000;125000;125000;125000;125000;125000;5125000; 
MEF;20161229;IT0004286966;20390801;-7000000;;0;175000; ;175000; ;175000; ;175000; ;175000; ;175000; ;175000; ;175000; ;175000; ;175000; ;175000;175000;175000;175000;175000;175000;175000;175000;175000;175000;175000;175000;175000;175000;175000;7175000; 
MEF;20170105;IT0004286966;20390801;3000000;;0;-75000; ;-75000; ;-75000; ;-75000; ;-75000; ;-75000; ;-75000; ;-75000; ;-75000; ;-75000; ;-75000;-75000;-75000;-75000;-75000;-75000;-75000;-75000;-75000;-75000;-75000;-75000;-75000;-75000;-75000;-3075000; 
MEF;20170106;IT0004286966;20390801;7805000;;0;-195125; ;-195125; ;-195125; ;-195125; ;-195125; ;-195125; ;-195125; ;-195125; ;-195125; ;-195125; ;-195125;-195125;-195125;-195125;-195125;-195125;-195125;-195125;-195125;-195125;-195125;-195125;-195125;-195125;-195125;-8000125; 
MEF;20170109;IT0004286966;20390801;5000000;;0;-125000; ;-125000; ;-125000; ;-125000; ;-125000; ;-125000; ;-125000; ;-125000; ;-125000; ;-125000; ;-125000;-125000;-125000;-125000;-125000;-125000;-125000;-125000;-125000;-125000;-125000;-125000;-125000;-125000;-125000;-5125000; 
MEF;20170119;IT0004286966;20390801;-2000000;;0;50000; ;50000; ;50000; ;50000; ;50000; ;50000; ;50000; ;50000; ;50000; ;50000; ;50000;50000;50000;50000;50000;50000;50000;50000;50000;50000;50000;50000;50000;50000;50000;2050000; 
MEF;20170124;IT0003256820;20330201;9000000;;0;-258750; ;-258750; ;-258750; ;-258750; ;-258750; ;-258750; ;-258750; ;-258750; ;-258750; ;-258750; ;-258750;-258750;-9258750; ; ; ; ; ; ; ; ; ; ; ; ; ; 
MEF;20170124;IT0004286966;20390801;3000000;;0;-75000; ;-75000; ;-75000; ;-75000; ;-75000; ;-75000; ;-75000; ;-75000; ;-75000; ;-75000; ;-75000;-75000;-75000;-75000;-75000;-75000;-75000;-75000;-75000;-75000;-75000;-75000;-75000;-75000;-75000;-3075000; 
MEF;20170202;IT0003256820;20330201;8000000;;0;-230000; ;-230000; ;-230000; ;-230000; ;-230000; ;-230000; ;-230000; ;-230000; ;-230000; ;-230000; ;-230000;-230000;-8230000; ; ; ; ; ; ; ; ; ; ; ; ; ; 
MEF;20170202;IT0003934657;20370201;-3000000;;0;60000; ;60000; ;60000; ;60000; ;60000; ;60000; ;60000; ;60000; ;60000; ;60000; ;60000;60000;60000;60000;60000;60000;60000;60000;60000;60000;3060000; ; ; ; ; ; 
MEF;20170202;IT0003934657;20370201;10000000;;0;-200000; ;-200000; ;-200000; ;-200000; ;-200000; ;-200000; ;-200000; ;-200000; ;-200000; ;-200000; ;-200000;-200000;-200000;-200000;-200000;-200000;-200000;-200000;-200000;-200000;-10200000; ; ; ; ; ; 
MEF;20170202;IT0004286966;20390801;-3000000;;0;75000; ;75000; ;75000; ;75000; ;75000; ;75000; ;75000; ;75000; ;75000; ;75000; ;75000;75000;75000;75000;75000;75000;75000;75000;75000;75000;75000;75000;75000;75000;75000;3075000; 
MEF;20170202;IT0004286966;20390801;100000;;0;-2500; ;-2500; ;-2500; ;-2500; ;-2500; ;-2500; ;-2500; ;-2500; ;-2500; ;-2500; ;-2500;-2500;-2500;-2500;-2500;-2500;-2500;-2500;-2500;-2500;-2500;-2500;-2500;-2500;-2500;-102500; 
MEF;20170203;IT0004286966;20390801;32000000;;0;-800000; ;-800000; ;-800000; ;-800000; ;-800000; ;-800000; ;-800000; ;-800000; ;-800000; ;-800000; ;-800000;-800000;-800000;-800000;-800000;-800000;-800000;-800000;-800000;-800000;-800000;-800000;-800000;-800000;-800000;-32800000; 
MEF;20170203;IT0004286966;20390801;9000000;;0;-225000; ;-225000; ;-225000; ;-225000; ;-225000; ;-225000; ;-225000; ;-225000; ;-225000; ;-225000; ;-225000;-225000;-225000;-225000;-225000;-225000;-225000;-225000;-225000;-225000;-225000;-225000;-225000;-225000;-225000;-9225000; 
MEF;20170207;IT0003256820;20330201;6000000;;0;-172500; ;-172500; ;-172500; ;-172500; ;-172500; ;-172500; ;-172500; ;-172500; ;-172500; ;-172500; ;-172500;-172500;-6172500; ; ; ; ; ; ; ; ; ; ; ; ; ; 
MEF;20170208;IT0003256820;20330201;-1000000;;0;28750; ;28750; ;28750; ;28750; ;28750; ;28750; ;28750; ;28750; ;28750; ;28750; ;28750;28750;1028750; ; ; ; ; ; ; ; ; ; ; ; ; ; 
MEF;20170208;IT0003256820;20330201;5000000;;0;-143750; ;-143750; ;-143750; ;-143750; ;-143750; ;-143750; ;-143750; ;-143750; ;-143750; ;-143750; ;-143750;-143750;-5143750; ; ; ; ; ; ; ; ; ; ; ; ; ; 
MEF;20170210;IT0003535157;20340801;-1500000;;0;37500; ;37500; ;37500; ;37500; ;37500; ;37500; ;37500; ;37500; ;37500; ;37500; ;37500;37500;37500;37500;37500;1537500; ; ; ; ; ; ; ; ; ; ; 
MEF;20170210;IT0003934657;20370201;-1500000;;0;30000; ;30000; ;30000; ;30000; ;30000; ;30000; ;30000; ;30000; ;30000; ;30000; ;30000;30000;30000;30000;30000;30000;30000;30000;30000;30000;1530000; ; ; ; ; ; 
MEF;20170214;IT0004286966;20390801;8000;;0;-200; ;-200; ;-200; ;-200; ;-200; ;-200; ;-200; ;-200; ;-200; ;-200; ;-200;-200;-200;-200;-200;-200;-200;-200;-200;-200;-200;-200;-200;-200;-200;-8200; 
MEF;20170217;IT0003535157;20340801;-1000000;;0;25000; ;25000; ;25000; ;25000; ;25000; ;25000; ;25000; ;25000; ;25000; ;25000; ;25000;25000;25000;25000;25000;1025000; ; ; ; ; ; ; ; ; ; ; 
MEF;20170228;IT0004286966;20390801;25000000;;0;-625000; ;-625000; ;-625000; ;-625000; ;-625000; ;-625000; ;-625000; ;-625000; ;-625000; ;-625000; ;-625000;-625000;-625000;-625000;-625000;-625000;-625000;-625000;-625000;-625000;-625000;-625000;-625000;-625000;-625000;-25625000; 
MEF;20170309;IT0003256820;20330201;4150000;;0;-119312.5; ;-119312.5; ;-119312.5; ;-119312.5; ;-119312.5; ;-119312.5; ;-119312.5; ;-119312.5; ;-119312.5; ;-119312.5; ;-119312.5;-119312.5;-4269312.5; ; ; ; ; ; ; ; ; ; ; ; ; ; 
MEF;20170313;IT0003256820;20330201;18000000;;0;-517500; ;-517500; ;-517500; ;-517500; ;-517500; ;-517500; ;-517500; ;-517500; ;-517500; ;-517500; ;-517500;-517500;-18517500; ; ; ; ; ; ; ; ; ; ; ; ; ; 
MEF;20170316;IT0003256820;20330201;9000000;;0;-258750; ;-258750; ;-258750; ;-258750; ;-258750; ;-258750; ;-258750; ;-258750; ;-258750; ;-258750; ;-258750;-258750;-9258750; ; ; ; ; ; ; ; ; ; ; ; ; ; 
MEF;20170316;IT0003934657;20370201;49000000;;0;-980000; ;-980000; ;-980000; ;-980000; ;-980000; ;-980000; ;-980000; ;-980000; ;-980000; ;-980000; ;-980000;-980000;-980000;-980000;-980000;-980000;-980000;-980000;-980000;-980000;-49980000; ; ; ; ; ; 
MEF;20170316;IT0004286966;20390801;54600000;;0;-1365000; ;-1365000; ;-1365000; ;-1365000; ;-1365000; ;-1365000; ;-1365000; ;-1365000; ;-1365000; ;-1365000; ;-1365000;-1365000;-1365000;-1365000;-1365000;-1365000;-1365000;-1365000;-1365000;-1365000;-1365000;-1365000;-1365000;-1365000;-1365000;-55965000; 
MEF;20170317;IT0003256820;20330201;-100000;;0;2875; ;2875; ;2875; ;2875; ;2875; ;2875; ;2875; ;2875; ;2875; ;2875; ;2875;2875;102875; ; ; ; ; ; ; ; ; ; ; ; ; ; 
MEF;20170317;IT0003934657;20370201;-540000;;0;10800; ;10800; ;10800; ;10800; ;10800; ;10800; ;10800; ;10800; ;10800; ;10800; ;10800;10800;10800;10800;10800;10800;10800;10800;10800;10800;550800; ; ; ; ; ; 
MEF;20170317;IT0004286966;20390801;-480000;;0;12000; ;12000; ;12000; ;12000; ;12000; ;12000; ;12000; ;12000; ;12000; ;12000; ;12000;12000;12000;12000;12000;12000;12000;12000;12000;12000;12000;12000;12000;12000;12000;492000; 
MEF;20170320;IT0003256820;20330201;5000000;;0;-143750; ;-143750; ;-143750; ;-143750; ;-143750; ;-143750; ;-143750; ;-143750; ;-143750; ;-143750; ;-143750;-143750;-5143750; ; ; ; ; ; ; ; ; ; ; ; ; ; 
MEF;20170321;IT0004286966;20390801;10640000;;0;-266000; ;-266000; ;-266000; ;-266000; ;-266000; ;-266000; ;-266000; ;-266000; ;-266000; ;-266000; ;-266000;-266000;-266000;-266000;-266000;-266000;-266000;-266000;-266000;-266000;-266000;-266000;-266000;-266000;-266000;-10906000; 
MEF;20170321;IT0004286966;20390801;2930000;;0;-73250; ;-73250; ;-73250; ;-73250; ;-73250; ;-73250; ;-73250; ;-73250; ;-73250; ;-73250; ;-73250;-73250;-73250;-73250;-73250;-73250;-73250;-73250;-73250;-73250;-73250;-73250;-73250;-73250;-73250;-3003250; 
MEF;20170322;IT0003535157;20340801;-1000000;;0;25000; ;25000; ;25000; ;25000; ;25000; ;25000; ;25000; ;25000; ;25000; ;25000; ;25000;25000;25000;25000;25000;1025000; ; ; ; ; ; ; ; ; ; ; 
MEF;20170323;IT0004286966;20390801;500000;;0;-12500; ;-12500; ;-12500; ;-12500; ;-12500; ;-12500; ;-12500; ;-12500; ;-12500; ;-12500; ;-12500;-12500;-12500;-12500;-12500;-12500;-12500;-12500;-12500;-12500;-12500;-12500;-12500;-12500;-12500;-512500; 
MEF;20170324;IT0003535157;20340801;-1640000;;0;41000; ;41000; ;41000; ;41000; ;41000; ;41000; ;41000; ;41000; ;41000; ;41000; ;41000;41000;41000;41000;41000;1681000; ; ; ; ; ; ; ; ; ; ; 
MEF;20170324;IT0003934657;20370201;-1600000;;0;32000; ;32000; ;32000; ;32000; ;32000; ;32000; ;32000; ;32000; ;32000; ;32000; ;32000;32000;32000;32000;32000;32000;32000;32000;32000;32000;1632000; ; ; ; ; ; 
MEF;20170327;IT0003256820;20330201;-1580000;;0;45425; ;45425; ;45425; ;45425; ;45425; ;45425; ;45425; ;45425; ;45425; ;45425; ;45425;45425;1625425; ; ; ; ; ; ; ; ; ; ; ; ; ; 
MEF;20170328;IT0004286966;20390801;-10000000;;0;250000; ;250000; ;250000; ;250000; ;250000; ;250000; ;250000; ;250000; ;250000; ;250000; ;250000;250000;250000;250000;250000;250000;250000;250000;250000;250000;250000;250000;250000;250000;250000;10250000; 
MEF;20170330;IT0003256820;20330201;19380000;;0;-557175; ;-557175; ;-557175; ;-557175; ;-557175; ;-557175; ;-557175; ;-557175; ;-557175; ;-557175; ;-557175;-557175;-19937175; ; ; ; ; ; ; ; ; ; ; ; ; ; 
MEF;20170404;IT0004286966;20390801;25000000;;0;-625000; ;-625000; ;-625000; ;-625000; ;-625000; ;-625000; ;-625000; ;-625000; ;-625000; ;-625000; ;-625000;-625000;-625000;-625000;-625000;-625000;-625000;-625000;-625000;-625000;-625000;-625000;-625000;-625000;-625000;-25625000; 
MEF;20170405;IT0003934657;20370201;24500000;;0;-490000; ;-490000; ;-490000; ;-490000; ;-490000; ;-490000; ;-490000; ;-490000; ;-490000; ;-490000; ;-490000;-490000;-490000;-490000;-490000;-490000;-490000;-490000;-490000;-490000;-24990000; ; ; ; ; ; 
MEF;20170407;IT0003934657;20370201;-24500000;;0;490000; ;490000; ;490000; ;490000; ;490000; ;490000; ;490000; ;490000; ;490000; ;490000; ;490000;490000;490000;490000;490000;490000;490000;490000;490000;490000;24990000; ; ; ; ; ; 
MEF;20170410;IT0003535157;20340801;8100000;;0;-202500; ;-202500; ;-202500; ;-202500; ;-202500; ;-202500; ;-202500; ;-202500; ;-202500; ;-202500; ;-202500;-202500;-202500;-202500;-202500;-8302500; ; ; ; ; ; ; ; ; ; ; 
MEF;20170413;IT0003934657;20370201;-1000000;;0;20000; ;20000; ;20000; ;20000; ;20000; ;20000; ;20000; ;20000; ;20000; ;20000; ;20000;20000;20000;20000;20000;20000;20000;20000;20000;20000;1020000; ; ; ; ; ; 
MEF;20170413;IT0004286966;20390801;-1000000;;0;25000; ;25000; ;25000; ;25000; ;25000; ;25000; ;25000; ;25000; ;25000; ;25000; ;25000;25000;25000;25000;25000;25000;25000;25000;25000;25000;25000;25000;25000;25000;25000;1025000; 
MEF;20170418;IT0003535157;20340801;18000000;;0;-450000; ;-450000; ;-450000; ;-450000; ;-450000; ;-450000; ;-450000; ;-450000; ;-450000; ;-450000; ;-450000;-450000;-450000;-450000;-450000;-18450000; ; ; ; ; ; ; ; ; ; ; 
MEF;20170424;IT0003256820;20330201;2000000;;0;-57500; ;-57500; ;-57500; ;-57500; ;-57500; ;-57500; ;-57500; ;-57500; ;-57500; ;-57500; ;-57500;-57500;-2057500; ; ; ; ; ; ; ; ; ; ; ; ; ; 
MEF;20170424;IT0003535157;20340801;910000;;0;-22750; ;-22750; ;-22750; ;-22750; ;-22750; ;-22750; ;-22750; ;-22750; ;-22750; ;-22750; ;-22750;-22750;-22750;-22750;-22750;-932750; ; ; ; ; ; ; ; ; ; ; 
MEF;20170426;IT0003535157;20340801;2500000;;0;-62500; ;-62500; ;-62500; ;-62500; ;-62500; ;-62500; ;-62500; ;-62500; ;-62500; ;-62500; ;-62500;-62500;-62500;-62500;-62500;-2562500; ; ; ; ; ; ; ; ; ; ; 
MEF;20170502;IT0003256820;20330201;5000000;;0;-143750; ;-143750; ;-143750; ;-143750; ;-143750; ;-143750; ;-143750; ;-143750; ;-143750; ;-143750; ;-143750;-143750;-5143750; ; ; ; ; ; ; ; ; ; ; ; ; ; 
MEF;20170505;IT0004286966;20390801;2300000;;0;-57500; ;-57500; ;-57500; ;-57500; ;-57500; ;-57500; ;-57500; ;-57500; ;-57500; ;-57500; ;-57500;-57500;-57500;-57500;-57500;-57500;-57500;-57500;-57500;-57500;-57500;-57500;-57500;-57500;-57500;-2357500; 
MEF;20170505;IT0004286966;20390801;5000000;;0;-125000; ;-125000; ;-125000; ;-125000; ;-125000; ;-125000; ;-125000; ;-125000; ;-125000; ;-125000; ;-125000;-125000;-125000;-125000;-125000;-125000;-125000;-125000;-125000;-125000;-125000;-125000;-125000;-125000;-125000;-5125000; 
MEF;20170512;IT0003256820;20330201;-1000000;;0;28750; ;28750; ;28750; ;28750; ;28750; ;28750; ;28750; ;28750; ;28750; ;28750; ;28750;28750;1028750; ; ; ; ; ; ; ; ; ; ; ; ; ; 
MEF;20170515;IT0003934657;20370201;50000000;;0;-1000000; ;-1000000; ;-1000000; ;-1000000; ;-1000000; ;-1000000; ;-1000000; ;-1000000; ;-1000000; ;-1000000; ;-1000000;-1000000;-1000000;-1000000;-1000000;-1000000;-1000000;-1000000;-1000000;-1000000;-51000000; ; ; ; ; ; 
MEF;20170516;IT0003256820;20330201;-1000000;;0;28750; ;28750; ;28750; ;28750; ;28750; ;28750; ;28750; ;28750; ;28750; ;28750; ;28750;28750;1028750; ; ; ; ; ; ; ; ; ; ; ; ; ; 
MEF;20170516;IT0003535157;20340801;-1000000;;0;25000; ;25000; ;25000; ;25000; ;25000; ;25000; ;25000; ;25000; ;25000; ;25000; ;25000;25000;25000;25000;25000;1025000; ; ; ; ; ; ; ; ; ; ; 
MEF;20170517;IT0003535157;20340801;50000000;;0;-1250000; ;-1250000; ;-1250000; ;-1250000; ;-1250000; ;-1250000; ;-1250000; ;-1250000; ;-1250000; ;-1250000; ;-1250000;-1250000;-1250000;-1250000;-1250000;-51250000; ; ; ; ; ; ; ; ; ; ; 
MEF;20170526;IT0003256820;20330201;-4950000;;0;142312.5; ;142312.5; ;142312.5; ;142312.5; ;142312.5; ;142312.5; ;142312.5; ;142312.5; ;142312.5; ;142312.5; ;142312.5;142312.5;5092312.5; ; ; ; ; ; ; ; ; ; ; ; ; ; 
MEF;20170530;IT0004286966;20390801;-1000000;;0;25000; ;25000; ;25000; ;25000; ;25000; ;25000; ;25000; ;25000; ;25000; ;25000; ;25000;25000;25000;25000;25000;25000;25000;25000;25000;25000;25000;25000;25000;25000;25000;1025000; 
MEF;20170608;IT0004286966;20390801;6600000;;0;-165000; ;-165000; ;-165000; ;-165000; ;-165000; ;-165000; ;-165000; ;-165000; ;-165000; ;-165000; ;-165000;-165000;-165000;-165000;-165000;-165000;-165000;-165000;-165000;-165000;-165000;-165000;-165000;-165000;-165000;-6765000; 
MEF;20170609;IT0003256820;20330201;-9700000;;0;278875; ;278875; ;278875; ;278875; ;278875; ;278875; ;278875; ;278875; ;278875; ;278875; ;278875;278875;9978875; ; ; ; ; ; ; ; ; ; ; ; ; ; 
MEF;20170609;IT0003934657;20370201;-240000;;0;4800; ;4800; ;4800; ;4800; ;4800; ;4800; ;4800; ;4800; ;4800; ;4800; ;4800;4800;4800;4800;4800;4800;4800;4800;4800;4800;244800; ; ; ; ; ; 
MEF;20170609;IT0004286966;20390801;1950000;;0;-48750; ;-48750; ;-48750; ;-48750; ;-48750; ;-48750; ;-48750; ;-48750; ;-48750; ;-48750; ;-48750;-48750;-48750;-48750;-48750;-48750;-48750;-48750;-48750;-48750;-48750;-48750;-48750;-48750;-48750;-1998750; 
MEF;20170612;IT0003256820;20330201;4700000;;0;-135125; ;-135125; ;-135125; ;-135125; ;-135125; ;-135125; ;-135125; ;-135125; ;-135125; ;-135125; ;-135125;-135125;-4835125; ; ; ; ; ; ; ; ; ; ; ; ; ; 
MEF;20170620;IT0003535157;20340801;-9000000;;0;225000; ;225000; ;225000; ;225000; ;225000; ;225000; ;225000; ;225000; ;225000; ;225000; ;225000;225000;225000;225000;225000;9225000; ; ; ; ; ; ; ; ; ; ; 
MEF;20170622;IT0003256820;20330201;-1000000;;0;28750; ;28750; ;28750; ;28750; ;28750; ;28750; ;28750; ;28750; ;28750; ;28750; ;28750;28750;1028750; ; ; ; ; ; ; ; ; ; ; ; ; ; 
MEF;20170622;IT0003535157;20340801;-2000000;;0;50000; ;50000; ;50000; ;50000; ;50000; ;50000; ;50000; ;50000; ;50000; ;50000; ;50000;50000;50000;50000;50000;2050000; ; ; ; ; ; ; ; ; ; ; 
MEF;20170623;IT0003256820;20330201;500000;;0;-14375; ;-14375; ;-14375; ;-14375; ;-14375; ;-14375; ;-14375; ;-14375; ;-14375; ;-14375; ;-14375;-14375;-514375; ; ; ; ; ; ; ; ; ; ; ; ; ; 
MEF;20170623;IT0003535157;20340801;500000;;0;-12500; ;-12500; ;-12500; ;-12500; ;-12500; ;-12500; ;-12500; ;-12500; ;-12500; ;-12500; ;-12500;-12500;-12500;-12500;-12500;-512500; ; ; ; ; ; ; ; ; ; ; 
MEF;20170623;IT0003934657;20370201;500000;;0;-10000; ;-10000; ;-10000; ;-10000; ;-10000; ;-10000; ;-10000; ;-10000; ;-10000; ;-10000; ;-10000;-10000;-10000;-10000;-10000;-10000;-10000;-10000;-10000;-10000;-510000; ; ; ; ; ; 
MEF;20170623;IT0004286966;20390801;-5000000;;0;125000; ;125000; ;125000; ;125000; ;125000; ;125000; ;125000; ;125000; ;125000; ;125000; ;125000;125000;125000;125000;125000;125000;125000;125000;125000;125000;125000;125000;125000;125000;125000;5125000; 
MEF;20170626;IT0003535157;20340801;-5000000;;0;125000; ;125000; ;125000; ;125000; ;125000; ;125000; ;125000; ;125000; ;125000; ;125000; ;125000;125000;125000;125000;125000;5125000; ; ; ; ; ; ; ; ; ; ; 
MEF;20170626;IT0004286966;20390801;-12000000;;0;300000; ;300000; ;300000; ;300000; ;300000; ;300000; ;300000; ;300000; ;300000; ;300000; ;300000;300000;300000;300000;300000;300000;300000;300000;300000;300000;300000;300000;300000;300000;300000;12300000; 
MEF;20170627;IT0003934657;20370201;2700000;;0;-54000; ;-54000; ;-54000; ;-54000; ;-54000; ;-54000; ;-54000; ;-54000; ;-54000; ;-54000; ;-54000;-54000;-54000;-54000;-54000;-54000;-54000;-54000;-54000;-54000;-2754000; ; ; ; ; ; 
MEF;20170627;IT0004286966;20390801;2300000;;0;-57500; ;-57500; ;-57500; ;-57500; ;-57500; ;-57500; ;-57500; ;-57500; ;-57500; ;-57500; ;-57500;-57500;-57500;-57500;-57500;-57500;-57500;-57500;-57500;-57500;-57500;-57500;-57500;-57500;-57500;-2357500; 
MEF;20170630;IT0004286966;20390801;-9800000;;0;245000; ;245000; ;245000; ;245000; ;245000; ;245000; ;245000; ;245000; ;245000; ;245000; ;245000;245000;245000;245000;245000;245000;245000;245000;245000;245000;245000;245000;245000;245000;245000;10045000; 
MEF;20170712;IT0004286966;20390801;9200000;;0;-230000; ;-230000; ;-230000; ;-230000; ;-230000; ;-230000; ;-230000; ;-230000; ;-230000; ;-230000; ;-230000;-230000;-230000;-230000;-230000;-230000;-230000;-230000;-230000;-230000;-230000;-230000;-230000;-230000;-230000;-9430000; 
MEF;20170718;IT0004286966;20390801;-10000000;;0;250000; ;250000; ;250000; ;250000; ;250000; ;250000; ;250000; ;250000; ;250000; ;250000; ;250000;250000;250000;250000;250000;250000;250000;250000;250000;250000;250000;250000;250000;250000;250000;10250000; 
MEF;20170719;IT0003256820;20330201;2000000;;0;-57500; ;-57500; ;-57500; ;-57500; ;-57500; ;-57500; ;-57500; ;-57500; ;-57500; ;-57500; ;-57500;-57500;-2057500; ; ; ; ; ; ; ; ; ; ; ; ; ; 
MEF;20170719;IT0004286966;20390801;1000000;;0;-25000; ;-25000; ;-25000; ;-25000; ;-25000; ;-25000; ;-25000; ;-25000; ;-25000; ;-25000; ;-25000;-25000;-25000;-25000;-25000;-25000;-25000;-25000;-25000;-25000;-25000;-25000;-25000;-25000;-25000;-1025000; 
MEF;20170804;IT0003256820;20330201;-1000000;;0;28750; ;28750; ;28750; ;28750; ;28750; ;28750; ;28750; ;28750; ;28750; ;28750; ;28750;28750;1028750; ; ; ; ; ; ; ; ; ; ; ; ; ; 
MEF;20170804;IT0003934657;20370201;-1000000;;0;20000; ;20000; ;20000; ;20000; ;20000; ;20000; ;20000; ;20000; ;20000; ;20000; ;20000;20000;20000;20000;20000;20000;20000;20000;20000;20000;1020000; ; ; ; ; ; 
MEF;20170807;IT0003256820;20330201;500000;;0;-14375; ;-14375; ;-14375; ;-14375; ;-14375; ;-14375; ;-14375; ;-14375; ;-14375; ;-14375; ;-14375;-14375;-514375; ; ; ; ; ; ; ; ; ; ; ; ; ; 
MEF;20170811;IT0003535157;20340801;-28500000;;0;712500; ;712500; ;712500; ;712500; ;712500; ;712500; ;712500; ;712500; ;712500; ;712500; ;712500;712500;712500;712500;712500;29212500; ; ; ; ; ; ; ; ; ; ; 
MEF;20170911;IT0003535157;20340801;-7000000;;0;175000; ;175000; ;175000; ;175000; ;175000; ;175000; ;175000; ;175000; ;175000; ;175000; ;175000;175000;175000;175000;175000;7175000; ; ; ; ; ; ; ; ; ; ; 
MEF;20170912;IT0003256820;20330201;2500000;;0;-71875; ;-71875; ;-71875; ;-71875; ;-71875; ;-71875; ;-71875; ;-71875; ;-71875; ;-71875; ;-71875;-71875;-2571875; ; ; ; ; ; ; ; ; ; ; ; ; ; 
MEF;20170913;IT0003256820;20330201;500000;;0;-14375; ;-14375; ;-14375; ;-14375; ;-14375; ;-14375; ;-14375; ;-14375; ;-14375; ;-14375; ;-14375;-14375;-514375; ; ; ; ; ; ; ; ; ; ; ; ; ; 
MEF;20170913;IT0003535157;20340801;1000000;;0;-25000; ;-25000; ;-25000; ;-25000; ;-25000; ;-25000; ;-25000; ;-25000; ;-25000; ;-25000; ;-25000;-25000;-25000;-25000;-25000;-1025000; ; ; ; ; ; ; ; ; ; ; 
MEF;20170915;IT0003535157;20340801;-500000;;0;12500; ;12500; ;12500; ;12500; ;12500; ;12500; ;12500; ;12500; ;12500; ;12500; ;12500;12500;12500;12500;12500;512500; ; ; ; ; ; ; ; ; ; ; 
MEF;20170915;IT0004286966;20390801;-3100000;;0;77500; ;77500; ;77500; ;77500; ;77500; ;77500; ;77500; ;77500; ;77500; ;77500; ;77500;77500;77500;77500;77500;77500;77500;77500;77500;77500;77500;77500;77500;77500;77500;3177500; 
MEF;20170919;IT0004286966;20390801;2200000;;0;-55000; ;-55000; ;-55000; ;-55000; ;-55000; ;-55000; ;-55000; ;-55000; ;-55000; ;-55000; ;-55000;-55000;-55000;-55000;-55000;-55000;-55000;-55000;-55000;-55000;-55000;-55000;-55000;-55000;-55000;-2255000; 
MEF;20170922;IT0003256820;20330201;-1300000;;0;37375; ;37375; ;37375; ;37375; ;37375; ;37375; ;37375; ;37375; ;37375; ;37375; ;37375;37375;1337375; ; ; ; ; ; ; ; ; ; ; ; ; ; 
MEF;20170922;IT0003535157;20340801;-1400000;;0;35000; ;35000; ;35000; ;35000; ;35000; ;35000; ;35000; ;35000; ;35000; ;35000; ;35000;35000;35000;35000;35000;1435000; ; ; ; ; ; ; ; ; ; ; 
MEF;20170922;IT0003934657;20370201;-1200000;;0;24000; ;24000; ;24000; ;24000; ;24000; ;24000; ;24000; ;24000; ;24000; ;24000; ;24000;24000;24000;24000;24000;24000;24000;24000;24000;24000;1224000; ; ; ; ; ; 
MEF;20170922;IT0004286966;20390801;37600000;;0;-940000; ;-940000; ;-940000; ;-940000; ;-940000; ;-940000; ;-940000; ;-940000; ;-940000; ;-940000; ;-940000;-940000;-940000;-940000;-940000;-940000;-940000;-940000;-940000;-940000;-940000;-940000;-940000;-940000;-940000;-38540000; 
MEF;20171009;IT0004286966;20390801;5000000;;0;-125000; ;-125000; ;-125000; ;-125000; ;-125000; ;-125000; ;-125000; ;-125000; ;-125000; ;-125000; ;-125000;-125000;-125000;-125000;-125000;-125000;-125000;-125000;-125000;-125000;-125000;-125000;-125000;-125000;-125000;-5125000; 
MEF;20171010;IT0003535157;20340801;8000000;;0;-200000; ;-200000; ;-200000; ;-200000; ;-200000; ;-200000; ;-200000; ;-200000; ;-200000; ;-200000; ;-200000;-200000;-200000;-200000;-200000;-8200000; ; ; ; ; ; ; ; ; ; ; 
MEF;20171011;IT0003934657;20370201;4900000;;0;-98000; ;-98000; ;-98000; ;-98000; ;-98000; ;-98000; ;-98000; ;-98000; ;-98000; ;-98000; ;-98000;-98000;-98000;-98000;-98000;-98000;-98000;-98000;-98000;-98000;-4998000; ; ; ; ; ; 
MEF;20171013;IT0003535157;20340801;-1000000;;0;25000; ;25000; ;25000; ;25000; ;25000; ;25000; ;25000; ;25000; ;25000; ;25000; ;25000;25000;25000;25000;25000;1025000; ; ; ; ; ; ; ; ; ; ; 
MEF;20171016;IT0004286966;20390801;10000000;;0;-250000; ;-250000; ;-250000; ;-250000; ;-250000; ;-250000; ;-250000; ;-250000; ;-250000; ;-250000; ;-250000;-250000;-250000;-250000;-250000;-250000;-250000;-250000;-250000;-250000;-250000;-250000;-250000;-250000;-250000;-10250000; 
MEF;20171018;IT0003256820;20330201;-1000000;;0;28750; ;28750; ;28750; ;28750; ;28750; ;28750; ;28750; ;28750; ;28750; ;28750; ;28750;28750;1028750; ; ; ; ; ; ; ; ; ; ; ; ; ; 
MEF;20171019;IT0003535157;20340801;500000;;0;-12500; ;-12500; ;-12500; ;-12500; ;-12500; ;-12500; ;-12500; ;-12500; ;-12500; ;-12500; ;-12500;-12500;-12500;-12500;-12500;-512500; ; ; ; ; ; ; ; ; ; ; 
MEF;20171024;IT0003535157;20340801;-3000000;;0;75000; ;75000; ;75000; ;75000; ;75000; ;75000; ;75000; ;75000; ;75000; ;75000; ;75000;75000;75000;75000;75000;3075000; ; ; ; ; ; ; ; ; ; ; 
MEF;20171025;IT0004286966;20390801;9000000;;0;-225000; ;-225000; ;-225000; ;-225000; ;-225000; ;-225000; ;-225000; ;-225000; ;-225000; ;-225000; ;-225000;-225000;-225000;-225000;-225000;-225000;-225000;-225000;-225000;-225000;-225000;-225000;-225000;-225000;-225000;-9225000; 
MEF;20171030;IT0003535157;20340801;-48000000;;0;1200000; ;1200000; ;1200000; ;1200000; ;1200000; ;1200000; ;1200000; ;1200000; ;1200000; ;1200000; ;1200000;1200000;1200000;1200000;1200000;49200000; ; ; ; ; ; ; ; ; ; ; 
MEF;20171030;IT0003934657;20370201;-50000000;;0;1000000; ;1000000; ;1000000; ;1000000; ;1000000; ;1000000; ;1000000; ;1000000; ;1000000; ;1000000; ;1000000;1000000;1000000;1000000;1000000;1000000;1000000;1000000;1000000;1000000;51000000; ; ; ; ; ; 
MEF;20171106;IT0003256820;20330201;1000000;;0;-28750; ;-28750; ;-28750; ;-28750; ;-28750; ;-28750; ;-28750; ;-28750; ;-28750; ;-28750; ;-28750;-28750;-1028750; ; ; ; ; ; ; ; ; ; ; ; ; ; 
MEF;20171106;IT0004286966;20390801;-10000000;;0;250000; ;250000; ;250000; ;250000; ;250000; ;250000; ;250000; ;250000; ;250000; ;250000; ;250000;250000;250000;250000;250000;250000;250000;250000;250000;250000;250000;250000;250000;250000;250000;10250000; 
MEF;20171107;IT0003256820;20330201;-45000000;;0;1293750; ;1293750; ;1293750; ;1293750; ;1293750; ;1293750; ;1293750; ;1293750; ;1293750; ;1293750; ;1293750;1293750;46293750; ; ; ; ; ; ; ; ; ; ; ; ; ; 
MEF;20171108;IT0003256820;20330201;-23000000;;0;661250; ;661250; ;661250; ;661250; ;661250; ;661250; ;661250; ;661250; ;661250; ;661250; ;661250;661250;23661250; ; ; ; ; ; ; ; ; ; ; ; ; ; 
MEF;20171108;IT0003535157;20340801;1000000;;0;-25000; ;-25000; ;-25000; ;-25000; ;-25000; ;-25000; ;-25000; ;-25000; ;-25000; ;-25000; ;-25000;-25000;-25000;-25000;-25000;-1025000; ; ; ; ; ; ; ; ; ; ; 
MEF;20171108;IT0003934657;20370201;1000000;;0;-20000; ;-20000; ;-20000; ;-20000; ;-20000; ;-20000; ;-20000; ;-20000; ;-20000; ;-20000; ;-20000;-20000;-20000;-20000;-20000;-20000;-20000;-20000;-20000;-20000;-1020000; ; ; ; ; ; 
MEF;20171108;IT0004286966;20390801;-9000000;;0;225000; ;225000; ;225000; ;225000; ;225000; ;225000; ;225000; ;225000; ;225000; ;225000; ;225000;225000;225000;225000;225000;225000;225000;225000;225000;225000;225000;225000;225000;225000;225000;9225000; 
MEF;20171117;IT0004286966;20390801;-10000000;;0;250000; ;250000; ;250000; ;250000; ;250000; ;250000; ;250000; ;250000; ;250000; ;250000; ;250000;250000;250000;250000;250000;250000;250000;250000;250000;250000;250000;250000;250000;250000;250000;10250000; 
MEF;20171130;IT0004286966;20390801;1000000;;0;-25000; ;-25000; ;-25000; ;-25000; ;-25000; ;-25000; ;-25000; ;-25000; ;-25000; ;-25000; ;-25000;-25000;-25000;-25000;-25000;-25000;-25000;-25000;-25000;-25000;-25000;-25000;-25000;-25000;-25000;-1025000; 
MEF;20171205;IT0003256820;20330201;-17000000;;0;488750; ;488750; ;488750; ;488750; ;488750; ;488750; ;488750; ;488750; ;488750; ;488750; ;488750;488750;17488750; ; ; ; ; ; ; ; ; ; ; ; ; ; 
MEF;20171211;IT0003934657;20370201;23500000;;0;-470000; ;-470000; ;-470000; ;-470000; ;-470000; ;-470000; ;-470000; ;-470000; ;-470000; ;-470000; ;-470000;-470000;-470000;-470000;-470000;-470000;-470000;-470000;-470000;-470000;-23970000; ; ; ; ; ; 
MEF;20171214;IT0004286966;20390801;4300000;;0;-107500; ;-107500; ;-107500; ;-107500; ;-107500; ;-107500; ;-107500; ;-107500; ;-107500; ;-107500; ;-107500;-107500;-107500;-107500;-107500;-107500;-107500;-107500;-107500;-107500;-107500;-107500;-107500;-107500;-107500;-4407500; 
MEF;20171219;IT0004286966;20390801;4000000;;0;-100000; ;-100000; ;-100000; ;-100000; ;-100000; ;-100000; ;-100000; ;-100000; ;-100000; ;-100000; ;-100000;-100000;-100000;-100000;-100000;-100000;-100000;-100000;-100000;-100000;-100000;-100000;-100000;-100000;-100000;-4100000; 
MEF;20171221;IT0003535157;20340801;-2000000;;0;50000; ;50000; ;50000; ;50000; ;50000; ;50000; ;50000; ;50000; ;50000; ;50000; ;50000;50000;50000;50000;50000;2050000; ; ; ; ; ; ; ; ; ; ; 
MEF;20171221;IT0004286966;20390801;7000000;;0;-175000; ;-175000; ;-175000; ;-175000; ;-175000; ;-175000; ;-175000; ;-175000; ;-175000; ;-175000; ;-175000;-175000;-175000;-175000;-175000;-175000;-175000;-175000;-175000;-175000;-175000;-175000;-175000;-175000;-175000;-7175000; 
MEF;20171222;IT0004286966;20390801;4100000;;0;-102500; ;-102500; ;-102500; ;-102500; ;-102500; ;-102500; ;-102500; ;-102500; ;-102500; ;-102500; ;-102500;-102500;-102500;-102500;-102500;-102500;-102500;-102500;-102500;-102500;-102500;-102500;-102500;-102500;-102500;-4202500; 
MEF;20180110;IT0003256820;20330201;16300000;;0;-468625; ;-468625; ;-468625; ;-468625; ;-468625; ;-468625; ;-468625; ;-468625; ;-468625; ;-468625; ;-468625;-468625;-16768625; ; ; ; ; ; ; ; ; ; ; ; ; ; 
MEF;20180110;IT0003535157;20340801;500000;;0;-12500; ;-12500; ;-12500; ;-12500; ;-12500; ;-12500; ;-12500; ;-12500; ;-12500; ;-12500; ;-12500;-12500;-12500;-12500;-12500;-512500; ; ; ; ; ; ; ; ; ; ; 
MEF;20180119;IT0003256820;20330201;-16900000;;0;485875; ;485875; ;485875; ;485875; ;485875; ;485875; ;485875; ;485875; ;485875; ;485875; ;485875;485875;17385875; ; ; ; ; ; ; ; ; ; ; ; ; ; 
MEF;20180202;IT0003535157;20340801;1000000;;0;-25000; ;-25000; ;-25000; ;-25000; ;-25000; ;-25000; ;-25000; ;-25000; ;-25000; ;-25000; ;-25000;-25000;-25000;-25000;-25000;-1025000; ; ; ; ; ; ; ; ; ; ; 
MEF;20180202;IT0004286966;20390801;1100000;;0;-27500; ;-27500; ;-27500; ;-27500; ;-27500; ;-27500; ;-27500; ;-27500; ;-27500; ;-27500; ;-27500;-27500;-27500;-27500;-27500;-27500;-27500;-27500;-27500;-27500;-27500;-27500;-27500;-27500;-27500;-1127500; 
MEF;20180206;IT0004286966;20390801;2000000;;0;-50000; ;-50000; ;-50000; ;-50000; ;-50000; ;-50000; ;-50000; ;-50000; ;-50000; ;-50000; ;-50000;-50000;-50000;-50000;-50000;-50000;-50000;-50000;-50000;-50000;-50000;-50000;-50000;-50000;-50000;-2050000; 
MEF;20180214;IT0003535157;20340801;500000;;0;-12500; ;-12500; ;-12500; ;-12500; ;-12500; ;-12500; ;-12500; ;-12500; ;-12500; ;-12500; ;-12500;-12500;-12500;-12500;-12500;-512500; ; ; ; ; ; ; ; ; ; ; 
MEF;20180219;IT0003535157;20340801;500000;;0;-12500; ;-12500; ;-12500; ;-12500; ;-12500; ;-12500; ;-12500; ;-12500; ;-12500; ;-12500; ;-12500;-12500;-12500;-12500;-12500;-512500; ; ; ; ; ; ; ; ; ; ; 
MEF;20180222;IT0004286966;20390801;5000000;;0;-125000; ;-125000; ;-125000; ;-125000; ;-125000; ;-125000; ;-125000; ;-125000; ;-125000; ;-125000; ;-125000;-125000;-125000;-125000;-125000;-125000;-125000;-125000;-125000;-125000;-125000;-125000;-125000;-125000;-125000;-5125000; 
MEF;20180223;IT0004286966;20390801;5000000;;0;-125000; ;-125000; ;-125000; ;-125000; ;-125000; ;-125000; ;-125000; ;-125000; ;-125000; ;-125000; ;-125000;-125000;-125000;-125000;-125000;-125000;-125000;-125000;-125000;-125000;-125000;-125000;-125000;-125000;-125000;-5125000; 
MEF;20180302;IT0004286966;20390801;9000000;;0;-225000; ;-225000; ;-225000; ;-225000; ;-225000; ;-225000; ;-225000; ;-225000; ;-225000; ;-225000; ;-225000;-225000;-225000;-225000;-225000;-225000;-225000;-225000;-225000;-225000;-225000;-225000;-225000;-225000;-225000;-9225000; 
MEF;20180305;IT0004286966;20390801;-4000000;;0;100000; ;100000; ;100000; ;100000; ;100000; ;100000; ;100000; ;100000; ;100000; ;100000; ;100000;100000;100000;100000;100000;100000;100000;100000;100000;100000;100000;100000;100000;100000;100000;4100000; 
MEF;20180314;IT0004286966;20390801;-8000000;;0;200000; ;200000; ;200000; ;200000; ;200000; ;200000; ;200000; ;200000; ;200000; ;200000; ;200000;200000;200000;200000;200000;200000;200000;200000;200000;200000;200000;200000;200000;200000;200000;8200000; 
MEF;20180315;IT0004286966;20390801;7000000;;0;-175000; ;-175000; ;-175000; ;-175000; ;-175000; ;-175000; ;-175000; ;-175000; ;-175000; ;-175000; ;-175000;-175000;-175000;-175000;-175000;-175000;-175000;-175000;-175000;-175000;-175000;-175000;-175000;-175000;-175000;-7175000; 
MEF;20180406;IT0003256820;20330201;-10000000;;0;287500; ;287500; ;287500; ;287500; ;287500; ;287500; ;287500; ;287500; ;287500; ;287500; ;287500;287500;10287500; ; ; ; ; ; ; ; ; ; ; ; ; ; 
MEF;20180423;IT0003256820;20330201;-4000000;;0;115000; ;115000; ;115000; ;115000; ;115000; ;115000; ;115000; ;115000; ;115000; ;115000; ;115000;115000;4115000; ; ; ; ; ; ; ; ; ; ; ; ; ; 
MEF;20180423;IT0003535157;20340801;-8000000;;0;200000; ;200000; ;200000; ;200000; ;200000; ;200000; ;200000; ;200000; ;200000; ;200000; ;200000;200000;200000;200000;200000;8200000; ; ; ; ; ; ; ; ; ; ; 
MEF;20180424;IT0003535157;20340801;-9000000;;0;225000; ;225000; ;225000; ;225000; ;225000; ;225000; ;225000; ;225000; ;225000; ;225000; ;225000;225000;225000;225000;225000;9225000; ; ; ; ; ; ; ; ; ; ; 
MEF;20180426;IT0003256820;20330201;-5000000;;0;143750; ;143750; ;143750; ;143750; ;143750; ;143750; ;143750; ;143750; ;143750; ;143750; ;143750;143750;5143750; ; ; ; ; ; ; ; ; ; ; ; ; ; 
MEF;20180430;IT0003535157;20340801;-5000000;;0;125000; ;125000; ;125000; ;125000; ;125000; ;125000; ;125000; ;125000; ;125000; ;125000; ;125000;125000;125000;125000;125000;5125000; ; ; ; ; ; ; ; ; ; ; 
MEF;20180504;IT0003256820;20330201;-6900000;;0;198375; ;198375; ;198375; ;198375; ;198375; ;198375; ;198375; ;198375; ;198375; ;198375; ;198375;198375;7098375; ; ; ; ; ; ; ; ; ; ; ; ; ; 
MEF;20180504;IT0003934657;20370201;-3200000;;0;64000; ;64000; ;64000; ;64000; ;64000; ;64000; ;64000; ;64000; ;64000; ;64000; ;64000;64000;64000;64000;64000;64000;64000;64000;64000;64000;3264000; ; ; ; ; ; 
MEF;20180509;IT0003256820;20330201;-9000000;;0;258750; ;258750; ;258750; ;258750; ;258750; ;258750; ;258750; ;258750; ;258750; ;258750; ;258750;258750;9258750; ; ; ; ; ; ; ; ; ; ; ; ; ; 
MEF;20180517;IT0003256820;20330201;-5000000;;0;143750; ;143750; ;143750; ;143750; ;143750; ;143750; ;143750; ;143750; ;143750; ;143750; ;143750;143750;5143750; ; ; ; ; ; ; ; ; ; ; ; ; ; 
MEF;20180518;IT0004286966;20390801;22000000;;0;-550000; ;-550000; ;-550000; ;-550000; ;-550000; ;-550000; ;-550000; ;-550000; ;-550000; ;-550000; ;-550000;-550000;-550000;-550000;-550000;-550000;-550000;-550000;-550000;-550000;-550000;-550000;-550000;-550000;-550000;-22550000; 
MEF;20180521;IT0003256820;20330201;-7000000;;0;201250; ;201250; ;201250; ;201250; ;201250; ;201250; ;201250; ;201250; ;201250; ;201250; ;201250;201250;7201250; ; ; ; ; ; ; ; ; ; ; ; ; ; 
MEF;20180521;IT0003934657;20370201;19000000;;0;-380000; ;-380000; ;-380000; ;-380000; ;-380000; ;-380000; ;-380000; ;-380000; ;-380000; ;-380000; ;-380000;-380000;-380000;-380000;-380000;-380000;-380000;-380000;-380000;-380000;-19380000; ; ; ; ; ; 
MEF;20180521;IT0004286966;20390801;23000000;;0;-575000; ;-575000; ;-575000; ;-575000; ;-575000; ;-575000; ;-575000; ;-575000; ;-575000; ;-575000; ;-575000;-575000;-575000;-575000;-575000;-575000;-575000;-575000;-575000;-575000;-575000;-575000;-575000;-575000;-575000;-23575000; 
MEF;20180524;IT0003535157;20340801;5000000;;0;-125000; ;-125000; ;-125000; ;-125000; ;-125000; ;-125000; ;-125000; ;-125000; ;-125000; ;-125000; ;-125000;-125000;-125000;-125000;-125000;-5125000; ; ; ; ; ; ; ; ; ; ; 
MEF;20180524;IT0003934657;20370201;8000000;;0;-160000; ;-160000; ;-160000; ;-160000; ;-160000; ;-160000; ;-160000; ;-160000; ;-160000; ;-160000; ;-160000;-160000;-160000;-160000;-160000;-160000;-160000;-160000;-160000;-160000;-8160000; ; ; ; ; ; 
MEF;20180525;IT0003535157;20340801;5200000;;0;-130000; ;-130000; ;-130000; ;-130000; ;-130000; ;-130000; ;-130000; ;-130000; ;-130000; ;-130000; ;-130000;-130000;-130000;-130000;-130000;-5330000; ; ; ; ; ; ; ; ; ; ; 
MEF;20180525;IT0003934657;20370201;-1200000;;0;24000; ;24000; ;24000; ;24000; ;24000; ;24000; ;24000; ;24000; ;24000; ;24000; ;24000;24000;24000;24000;24000;24000;24000;24000;24000;24000;1224000; ; ; ; ; ; 
MEF;20180525;IT0003934657;20370201;9000000;;0;-180000; ;-180000; ;-180000; ;-180000; ;-180000; ;-180000; ;-180000; ;-180000; ;-180000; ;-180000; ;-180000;-180000;-180000;-180000;-180000;-180000;-180000;-180000;-180000;-180000;-9180000; ; ; ; ; ; 
MEF;20180525;IT0004286966;20390801;-5000000;;0;125000; ;125000; ;125000; ;125000; ;125000; ;125000; ;125000; ;125000; ;125000; ;125000; ;125000;125000;125000;125000;125000;125000;125000;125000;125000;125000;125000;125000;125000;125000;125000;5125000; 
MEF;20180525;IT0004286966;20390801;9100000;;0;-227500; ;-227500; ;-227500; ;-227500; ;-227500; ;-227500; ;-227500; ;-227500; ;-227500; ;-227500; ;-227500;-227500;-227500;-227500;-227500;-227500;-227500;-227500;-227500;-227500;-227500;-227500;-227500;-227500;-227500;-9327500; 
MEF;20180530;IT0004286966;20390801;4000000;;0;-100000; ;-100000; ;-100000; ;-100000; ;-100000; ;-100000; ;-100000; ;-100000; ;-100000; ;-100000; ;-100000;-100000;-100000;-100000;-100000;-100000;-100000;-100000;-100000;-100000;-100000;-100000;-100000;-100000;-100000;-4100000; 
MEF;20180601;IT0003256820;20330201;-6500000;;0;186875; ;186875; ;186875; ;186875; ;186875; ;186875; ;186875; ;186875; ;186875; ;186875; ;186875;186875;6686875; ; ; ; ; ; ; ; ; ; ; ; ; ; 
MEF;20180601;IT0003934657;20370201;-8500000;;0;170000; ;170000; ;170000; ;170000; ;170000; ;170000; ;170000; ;170000; ;170000; ;170000; ;170000;170000;170000;170000;170000;170000;170000;170000;170000;170000;8670000; ; ; ; ; ; 
MEF;20180601;IT0004286966;20390801;-3000000;;0;75000; ;75000; ;75000; ;75000; ;75000; ;75000; ;75000; ;75000; ;75000; ;75000; ;75000;75000;75000;75000;75000;75000;75000;75000;75000;75000;75000;75000;75000;75000;75000;3075000; 
MEF;20180605;IT0004286966;20390801;-5000000;;0;125000; ;125000; ;125000; ;125000; ;125000; ;125000; ;125000; ;125000; ;125000; ;125000; ;125000;125000;125000;125000;125000;125000;125000;125000;125000;125000;125000;125000;125000;125000;125000;5125000; 
MEF;20180606;IT0003256820;20330201;-48000000;;0;1380000; ;1380000; ;1380000; ;1380000; ;1380000; ;1380000; ;1380000; ;1380000; ;1380000; ;1380000; ;1380000;1380000;49380000; ; ; ; ; ; ; ; ; ; ; ; ; ; 
MEF;20180606;IT0004286966;20390801;-8000000;;0;200000; ;200000; ;200000; ;200000; ;200000; ;200000; ;200000; ;200000; ;200000; ;200000; ;200000;200000;200000;200000;200000;200000;200000;200000;200000;200000;200000;200000;200000;200000;200000;8200000; 
MEF;20180615;IT0004286966;20390801;26000000;;0;-650000; ;-650000; ;-650000; ;-650000; ;-650000; ;-650000; ;-650000; ;-650000; ;-650000; ;-650000; ;-650000;-650000;-650000;-650000;-650000;-650000;-650000;-650000;-650000;-650000;-650000;-650000;-650000;-650000;-650000;-26650000; 
MEF;20180618;IT0003256820;20330201;5000000;;0;-143750; ;-143750; ;-143750; ;-143750; ;-143750; ;-143750; ;-143750; ;-143750; ;-143750; ;-143750; ;-143750;-143750;-5143750; ; ; ; ; ; ; ; ; ; ; ; ; ; 
MEF;20180619;IT0003256820;20330201;-11000000;;0;316250; ;316250; ;316250; ;316250; ;316250; ;316250; ;316250; ;316250; ;316250; ;316250; ;316250;316250;11316250; ; ; ; ; ; ; ; ; ; ; ; ; ; 
MEF;20180620;IT0003256820;20330201;1000000;;0;-28750; ;-28750; ;-28750; ;-28750; ;-28750; ;-28750; ;-28750; ;-28750; ;-28750; ;-28750; ;-28750;-28750;-1028750; ; ; ; ; ; ; ; ; ; ; ; ; ; 
MEF;20180620;IT0004286966;20390801;-14000000;;0;350000; ;350000; ;350000; ;350000; ;350000; ;350000; ;350000; ;350000; ;350000; ;350000; ;350000;350000;350000;350000;350000;350000;350000;350000;350000;350000;350000;350000;350000;350000;350000;14350000; 
MEF;20180702;IT0004286966;20390801;17000000;;0;-425000; ;-425000; ;-425000; ;-425000; ;-425000; ;-425000; ;-425000; ;-425000; ;-425000; ;-425000; ;-425000;-425000;-425000;-425000;-425000;-425000;-425000;-425000;-425000;-425000;-425000;-425000;-425000;-425000;-425000;-17425000; 
MEF;20180703;IT0003256820;20330201;-16000000;;0;460000; ;460000; ;460000; ;460000; ;460000; ;460000; ;460000; ;460000; ;460000; ;460000; ;460000;460000;16460000; ; ; ; ; ; ; ; ; ; ; ; ; ; 
MEF;20180704;IT0003535157;20340801;3000000;;0;-75000; ;-75000; ;-75000; ;-75000; ;-75000; ;-75000; ;-75000; ;-75000; ;-75000; ;-75000; ;-75000;-75000;-75000;-75000;-75000;-3075000; ; ; ; ; ; ; ; ; ; ; 
MEF;20180706;IT0003256820;20330201;-3100000;;0;89125; ;89125; ;89125; ;89125; ;89125; ;89125; ;89125; ;89125; ;89125; ;89125; ;89125;89125;3189125; ; ; ; ; ; ; ; ; ; ; ; ; ; 
MEF;20180712;IT0003256820;20330201;-8000000;;0;230000; ;230000; ;230000; ;230000; ;230000; ;230000; ;230000; ;230000; ;230000; ;230000; ;230000;230000;8230000; ; ; ; ; ; ; ; ; ; ; ; ; ; 
MEF;20180724;IT0003256820;20330201;2000000;;0;-57500; ;-57500; ;-57500; ;-57500; ;-57500; ;-57500; ;-57500; ;-57500; ;-57500; ;-57500; ;-57500;-57500;-2057500; ; ; ; ; ; ; ; ; ; ; ; ; ; 
MEF;20180802;IT0003256820;20330201;3000000;;0;-86250; ;-86250; ;-86250; ;-86250; ;-86250; ;-86250; ;-86250; ;-86250; ;-86250; ;-86250; ;-86250;-86250;-3086250; ; ; ; ; ; ; ; ; ; ; ; ; ; 
MEF;20180810;IT0003256820;20330201;5000000;;0;-143750; ;-143750; ;-143750; ;-143750; ;-143750; ;-143750; ;-143750; ;-143750; ;-143750; ;-143750; ;-143750;-143750;-5143750; ; ; ; ; ; ; ; ; ; ; ; ; ; 
MEF;20180813;IT0003256820;20330201;2000000;;0;-57500; ;-57500; ;-57500; ;-57500; ;-57500; ;-57500; ;-57500; ;-57500; ;-57500; ;-57500; ;-57500;-57500;-2057500; ; ; ; ; ; ; ; ; ; ; ; ; ; 
MEF;20180814;IT0004286966;20390801;19000000;;0;-475000; ;-475000; ;-475000; ;-475000; ;-475000; ;-475000; ;-475000; ;-475000; ;-475000; ;-475000; ;-475000;-475000;-475000;-475000;-475000;-475000;-475000;-475000;-475000;-475000;-475000;-475000;-475000;-475000;-475000;-19475000; 
MEF;20180817;IT0003256820;20330201;32000000;;0;-920000; ;-920000; ;-920000; ;-920000; ;-920000; ;-920000; ;-920000; ;-920000; ;-920000; ;-920000; ;-920000;-920000;-32920000; ; ; ; ; ; ; ; ; ; ; ; ; ; 
MEF;20180817;IT0003535157;20340801;-10000000;;0;250000; ;250000; ;250000; ;250000; ;250000; ;250000; ;250000; ;250000; ;250000; ;250000; ;250000;250000;250000;250000;250000;10250000; ; ; ; ; ; ; ; ; ; ; 
MEF;20180817;IT0003535157;20340801;-24000000;;0;600000; ;600000; ;600000; ;600000; ;600000; ;600000; ;600000; ;600000; ;600000; ;600000; ;600000;600000;600000;600000;600000;24600000; ; ; ; ; ; ; ; ; ; ; 
MEF;20180817;IT0003934657;20370201;-11000000;;0;220000; ;220000; ;220000; ;220000; ;220000; ;220000; ;220000; ;220000; ;220000; ;220000; ;220000;220000;220000;220000;220000;220000;220000;220000;220000;220000;11220000; ; ; ; ; ; 
MEF;20180817;IT0003934657;20370201;-24000000;;0;480000; ;480000; ;480000; ;480000; ;480000; ;480000; ;480000; ;480000; ;480000; ;480000; ;480000;480000;480000;480000;480000;480000;480000;480000;480000;480000;24480000; ; ; ; ; ; 
MEF;20180817;IT0004286966;20390801;-8000000;;0;200000; ;200000; ;200000; ;200000; ;200000; ;200000; ;200000; ;200000; ;200000; ;200000; ;200000;200000;200000;200000;200000;200000;200000;200000;200000;200000;200000;200000;200000;200000;200000;8200000; 
MEF;20180817;IT0004286966;20390801;7500000;;0;-187500; ;-187500; ;-187500; ;-187500; ;-187500; ;-187500; ;-187500; ;-187500; ;-187500; ;-187500; ;-187500;-187500;-187500;-187500;-187500;-187500;-187500;-187500;-187500;-187500;-187500;-187500;-187500;-187500;-187500;-7687500; 
MEF;20180821;IT0003934657;20370201;-12000000;;0;240000; ;240000; ;240000; ;240000; ;240000; ;240000; ;240000; ;240000; ;240000; ;240000; ;240000;240000;240000;240000;240000;240000;240000;240000;240000;240000;12240000; ; ; ; ; ; 
MEF;20180828;IT0003535157;20340801;-10000000;;0;250000; ;250000; ;250000; ;250000; ;250000; ;250000; ;250000; ;250000; ;250000; ;250000; ;250000;250000;250000;250000;250000;10250000; ; ; ; ; ; ; ; ; ; ; 
MEF;20180828;IT0004286966;20390801;10000000;;0;-250000; ;-250000; ;-250000; ;-250000; ;-250000; ;-250000; ;-250000; ;-250000; ;-250000; ;-250000; ;-250000;-250000;-250000;-250000;-250000;-250000;-250000;-250000;-250000;-250000;-250000;-250000;-250000;-250000;-250000;-10250000; 
MEF;20180829;IT0003934657;20370201;-5000000;;0;100000; ;100000; ;100000; ;100000; ;100000; ;100000; ;100000; ;100000; ;100000; ;100000; ;100000;100000;100000;100000;100000;100000;100000;100000;100000;100000;5100000; ; ; ; ; ; 
MEF;20180830;IT0003256820;20330201;4000000;;0;-115000; ;-115000; ;-115000; ;-115000; ;-115000; ;-115000; ;-115000; ;-115000; ;-115000; ;-115000; ;-115000;-115000;-4115000; ; ; ; ; ; ; ; ; ; ; ; ; ; 
MEF;20180830;IT0003535157;20340801;-10000000;;0;250000; ;250000; ;250000; ;250000; ;250000; ;250000; ;250000; ;250000; ;250000; ;250000; ;250000;250000;250000;250000;250000;10250000; ; ; ; ; ; ; ; ; ; ; 
MEF;20180830;IT0004286966;20390801;10000000;;0;-250000; ;-250000; ;-250000; ;-250000; ;-250000; ;-250000; ;-250000; ;-250000; ;-250000; ;-250000; ;-250000;-250000;-250000;-250000;-250000;-250000;-250000;-250000;-250000;-250000;-250000;-250000;-250000;-250000;-250000;-10250000; 
MEF;20180831;IT0003256820;20330201;1000000;;0;-28750; ;-28750; ;-28750; ;-28750; ;-28750; ;-28750; ;-28750; ;-28750; ;-28750; ;-28750; ;-28750;-28750;-1028750; ; ; ; ; ; ; ; ; ; ; ; ; ; 
MEF;20180831;IT0003535157;20340801;-20000000;;0;500000; ;500000; ;500000; ;500000; ;500000; ;500000; ;500000; ;500000; ;500000; ;500000; ;500000;500000;500000;500000;500000;20500000; ; ; ; ; ; ; ; ; ; ; 
MEF;20180831;IT0003934657;20370201;-15000000;;0;300000; ;300000; ;300000; ;300000; ;300000; ;300000; ;300000; ;300000; ;300000; ;300000; ;300000;300000;300000;300000;300000;300000;300000;300000;300000;300000;15300000; ; ; ; ; ; 
MEF;20180903;IT0003535157;20340801;-5000000;;0;125000; ;125000; ;125000; ;125000; ;125000; ;125000; ;125000; ;125000; ;125000; ;125000; ;125000;125000;125000;125000;125000;5125000; ; ; ; ; ; ; ; ; ; ; 
MEF;20181004;IT0004286966;20390801;2000000;;0;-50000; ;-50000; ;-50000; ;-50000; ;-50000; ;-50000; ;-50000; ;-50000; ;-50000; ;-50000; ;-50000;-50000;-50000;-50000;-50000;-50000;-50000;-50000;-50000;-50000;-50000;-50000;-50000;-50000;-50000;-2050000; 
MEF;20181004;IT0004286966;20390801;5000000;;0;-125000; ;-125000; ;-125000; ;-125000; ;-125000; ;-125000; ;-125000; ;-125000; ;-125000; ;-125000; ;-125000;-125000;-125000;-125000;-125000;-125000;-125000;-125000;-125000;-125000;-125000;-125000;-125000;-125000;-125000;-5125000; 
MEF;20181005;IT0003934657;20370201;-8000000;;0;160000; ;160000; ;160000; ;160000; ;160000; ;160000; ;160000; ;160000; ;160000; ;160000; ;160000;160000;160000;160000;160000;160000;160000;160000;160000;160000;8160000; ; ; ; ; ; 
MEF;20181008;IT0003256820;20330201;11000000;;0;-316250; ;-316250; ;-316250; ;-316250; ;-316250; ;-316250; ;-316250; ;-316250; ;-316250; ;-316250; ;-316250;-316250;-11316250; ; ; ; ; ; ; ; ; ; ; ; ; ; 
MEF;20181008;IT0003535157;20340801;-14000000;;0;350000; ;350000; ;350000; ;350000; ;350000; ;350000; ;350000; ;350000; ;350000; ;350000; ;350000;350000;350000;350000;350000;14350000; ; ; ; ; ; ; ; ; ; ; 
MEF;20181015;IT0003256820;20330201;-5000000;;0;143750; ;143750; ;143750; ;143750; ;143750; ;143750; ;143750; ;143750; ;143750; ;143750; ;143750;143750;5143750; ; ; ; ; ; ; ; ; ; ; ; ; ; 
MEF;20181015;IT0003535157;20340801;34000000;;0;-850000; ;-850000; ;-850000; ;-850000; ;-850000; ;-850000; ;-850000; ;-850000; ;-850000; ;-850000; ;-850000;-850000;-850000;-850000;-850000;-34850000; ; ; ; ; ; ; ; ; ; ; 
MEF;20181015;IT0004286966;20390801;2000000;;0;-50000; ;-50000; ;-50000; ;-50000; ;-50000; ;-50000; ;-50000; ;-50000; ;-50000; ;-50000; ;-50000;-50000;-50000;-50000;-50000;-50000;-50000;-50000;-50000;-50000;-50000;-50000;-50000;-50000;-50000;-2050000; 
MEF;20181018;IT0003535157;20340801;-18000000;;0;450000; ;450000; ;450000; ;450000; ;450000; ;450000; ;450000; ;450000; ;450000; ;450000; ;450000;450000;450000;450000;450000;18450000; ; ; ; ; ; ; ; ; ; ; 
MEF;20181023;IT0003535157;20340801;2500000;;0;-62500; ;-62500; ;-62500; ;-62500; ;-62500; ;-62500; ;-62500; ;-62500; ;-62500; ;-62500; ;-62500;-62500;-62500;-62500;-62500;-2562500; ; ; ; ; ; ; ; ; ; ; 
MEF;20181024;IT0004286966;20390801;-5800000;;0;145000; ;145000; ;145000; ;145000; ;145000; ;145000; ;145000; ;145000; ;145000; ;145000; ;145000;145000;145000;145000;145000;145000;145000;145000;145000;145000;145000;145000;145000;145000;145000;5945000; 
MEF;20181026;IT0003535157;20340801;1000000;;0;-25000; ;-25000; ;-25000; ;-25000; ;-25000; ;-25000; ;-25000; ;-25000; ;-25000; ;-25000; ;-25000;-25000;-25000;-25000;-25000;-1025000; ; ; ; ; ; ; ; ; ; ; 
MEF;20181026;IT0004286966;20390801;-20000000;;0;500000; ;500000; ;500000; ;500000; ;500000; ;500000; ;500000; ;500000; ;500000; ;500000; ;500000;500000;500000;500000;500000;500000;500000;500000;500000;500000;500000;500000;500000;500000;500000;20500000; 
MEF;20181026;IT0004286966;20390801;1000000;;0;-25000; ;-25000; ;-25000; ;-25000; ;-25000; ;-25000; ;-25000; ;-25000; ;-25000; ;-25000; ;-25000;-25000;-25000;-25000;-25000;-25000;-25000;-25000;-25000;-25000;-25000;-25000;-25000;-25000;-25000;-1025000; 
MEF;20181029;IT0004286966;20390801;13800000;;0;-345000; ;-345000; ;-345000; ;-345000; ;-345000; ;-345000; ;-345000; ;-345000; ;-345000; ;-345000; ;-345000;-345000;-345000;-345000;-345000;-345000;-345000;-345000;-345000;-345000;-345000;-345000;-345000;-345000;-345000;-14145000; 
MEF;20181031;IT0003535157;20340801;-5900000;;0;147500; ;147500; ;147500; ;147500; ;147500; ;147500; ;147500; ;147500; ;147500; ;147500; ;147500;147500;147500;147500;147500;6047500; ; ; ; ; ; ; ; ; ; ; 
MEF;20181031;IT0003934657;20370201;-10200000;;0;204000; ;204000; ;204000; ;204000; ;204000; ;204000; ;204000; ;204000; ;204000; ;204000; ;204000;204000;204000;204000;204000;204000;204000;204000;204000;204000;10404000; ; ; ; ; ; 
MEF;20181109;IT0003535157;20340801;-2200000;;0;55000; ;55000; ;55000; ;55000; ;55000; ;55000; ;55000; ;55000; ;55000; ;55000; ;55000;55000;55000;55000;55000;2255000; ; ; ; ; ; ; ; ; ; ; 
MEF;20181121;IT0003256820;20330201;9000000;;0;-258750; ;-258750; ;-258750; ;-258750; ;-258750; ;-258750; ;-258750; ;-258750; ;-258750; ;-258750; ;-258750;-258750;-9258750; ; ; ; ; ; ; ; ; ; ; ; ; ; 
MEF;20181122;IT0003934657;20370201;-11000000;;0;220000; ;220000; ;220000; ;220000; ;220000; ;220000; ;220000; ;220000; ;220000; ;220000; ;220000;220000;220000;220000;220000;220000;220000;220000;220000;220000;11220000; ; ; ; ; ; 
MEF;20181123;IT0003256820;20330201;2000000;;0;-57500; ;-57500; ;-57500; ;-57500; ;-57500; ;-57500; ;-57500; ;-57500; ;-57500; ;-57500; ;-57500;-57500;-2057500; ; ; ; ; ; ; ; ; ; ; ; ; ; 
MEF;20181123;IT0004286966;20390801;10700000;;0;-267500; ;-267500; ;-267500; ;-267500; ;-267500; ;-267500; ;-267500; ;-267500; ;-267500; ;-267500; ;-267500;-267500;-267500;-267500;-267500;-267500;-267500;-267500;-267500;-267500;-267500;-267500;-267500;-267500;-267500;-10967500; 
MEF;20181127;IT0003535157;20340801;9300000;;0;-232500; ;-232500; ;-232500; ;-232500; ;-232500; ;-232500; ;-232500; ;-232500; ;-232500; ;-232500; ;-232500;-232500;-232500;-232500;-232500;-9532500; ; ; ; ; ; ; ; ; ; ; 
MEF;20181127;IT0004286966;20390801;1000000;;0;-25000; ;-25000; ;-25000; ;-25000; ;-25000; ;-25000; ;-25000; ;-25000; ;-25000; ;-25000; ;-25000;-25000;-25000;-25000;-25000;-25000;-25000;-25000;-25000;-25000;-25000;-25000;-25000;-25000;-25000;-1025000; 
MEF;20181127;IT0004286966;20390801;15000000;;0;-375000; ;-375000; ;-375000; ;-375000; ;-375000; ;-375000; ;-375000; ;-375000; ;-375000; ;-375000; ;-375000;-375000;-375000;-375000;-375000;-375000;-375000;-375000;-375000;-375000;-375000;-375000;-375000;-375000;-375000;-15375000; 
MEF;20181127;IT0004286966;20390801;18600000;;0;-465000; ;-465000; ;-465000; ;-465000; ;-465000; ;-465000; ;-465000; ;-465000; ;-465000; ;-465000; ;-465000;-465000;-465000;-465000;-465000;-465000;-465000;-465000;-465000;-465000;-465000;-465000;-465000;-465000;-465000;-19065000; 
MEF;20181128;IT0003535157;20340801;-10000000;;0;250000; ;250000; ;250000; ;250000; ;250000; ;250000; ;250000; ;250000; ;250000; ;250000; ;250000;250000;250000;250000;250000;10250000; ; ; ; ; ; ; ; ; ; ; 
MEF;20181128;IT0003934657;20370201;-11000000;;0;220000; ;220000; ;220000; ;220000; ;220000; ;220000; ;220000; ;220000; ;220000; ;220000; ;220000;220000;220000;220000;220000;220000;220000;220000;220000;220000;11220000; ; ; ; ; ; 
MEF;20181129;IT0004286966;20390801;24000000;;0;-600000; ;-600000; ;-600000; ;-600000; ;-600000; ;-600000; ;-600000; ;-600000; ;-600000; ;-600000; ;-600000;-600000;-600000;-600000;-600000;-600000;-600000;-600000;-600000;-600000;-600000;-600000;-600000;-600000;-600000;-24600000; 
MEF;20181130;IT0003256820;20330201;-1600000;;0;46000; ;46000; ;46000; ;46000; ;46000; ;46000; ;46000; ;46000; ;46000; ;46000; ;46000;46000;1646000; ; ; ; ; ; ; ; ; ; ; ; ; ; 
MEF;20181130;IT0003535157;20340801;-4500000;;0;112500; ;112500; ;112500; ;112500; ;112500; ;112500; ;112500; ;112500; ;112500; ;112500; ;112500;112500;112500;112500;112500;4612500; ; ; ; ; ; ; ; ; ; ; 
MEF;20181130;IT0003535157;20340801;-5800000;;0;145000; ;145000; ;145000; ;145000; ;145000; ;145000; ;145000; ;145000; ;145000; ;145000; ;145000;145000;145000;145000;145000;5945000; ; ; ; ; ; ; ; ; ; ; 
MEF;20181130;IT0004286966;20390801;-5000000;;0;125000; ;125000; ;125000; ;125000; ;125000; ;125000; ;125000; ;125000; ;125000; ;125000; ;125000;125000;125000;125000;125000;125000;125000;125000;125000;125000;125000;125000;125000;125000;125000;5125000; 
MEF;20181214;IT0003256820;20330201;17000000;;0;-488750; ;-488750; ;-488750; ;-488750; ;-488750; ;-488750; ;-488750; ;-488750; ;-488750; ;-488750; ;-488750;-488750;-17488750; ; ; ; ; ; ; ; ; ; ; ; ; ; 
MEF;20181214;IT0003256820;20330201;20000000;;0;-575000; ;-575000; ;-575000; ;-575000; ;-575000; ;-575000; ;-575000; ;-575000; ;-575000; ;-575000; ;-575000;-575000;-20575000; ; ; ; ; ; ; ; ; ; ; ; ; ; 
MEF;20181217;IT0003535157;20340801;-20000000;;0;500000; ;500000; ;500000; ;500000; ;500000; ;500000; ;500000; ;500000; ;500000; ;500000; ;500000;500000;500000;500000;500000;20500000; ; ; ; ; ; ; ; ; ; ; 
MEF;20181217;IT0003535157;20340801;-24000000;;0;600000; ;600000; ;600000; ;600000; ;600000; ;600000; ;600000; ;600000; ;600000; ;600000; ;600000;600000;600000;600000;600000;24600000; ; ; ; ; ; ; ; ; ; ; 
MEF;20181224;IT0003256820;20330201;-9000000;;0;258750; ;258750; ;258750; ;258750; ;258750; ;258750; ;258750; ;258750; ;258750; ;258750; ;258750;258750;9258750; ; ; ; ; ; ; ; ; ; ; ; ; ; 
MEF;20181228;IT0003256820;20330201;-16000000;;0;460000; ;460000; ;460000; ;460000; ;460000; ;460000; ;460000; ;460000; ;460000; ;460000; ;460000;460000;16460000; ; ; ; ; ; ; ; ; ; ; ; ; ; 
MEF;20190115;IT0003256820;20330201;-8000000;;0;230000; ;230000; ;230000; ;230000; ;230000; ;230000; ;230000; ;230000; ;230000; ;230000; ;230000;230000;8230000; ; ; ; ; ; ; ; ; ; ; ; ; ; 
MEF;20190124;IT0003934657;20370201;-43500000;;0;870000; ;870000; ;870000; ;870000; ;870000; ;870000; ;870000; ;870000; ;870000; ;870000; ;870000;870000;870000;870000;870000;870000;870000;870000;870000;870000;44370000; ; ; ; ; ; 
MEF;20190204;IT0003535157;20340801;1500000;;0;-37500; ;-37500; ;-37500; ;-37500; ;-37500; ;-37500; ;-37500; ;-37500; ;-37500; ;-37500; ;-37500;-37500;-37500;-37500;-37500;-1537500; ; ; ; ; ; ; ; ; ; ; 
MEF;20190204;IT0003535157;20340801;2100000;;0;-52500; ;-52500; ;-52500; ;-52500; ;-52500; ;-52500; ;-52500; ;-52500; ;-52500; ;-52500; ;-52500;-52500;-52500;-52500;-52500;-2152500; ; ; ; ; ; ; ; ; ; ; 
MEF;20190204;IT0003535157;20340801;5000000;;0;-125000; ;-125000; ;-125000; ;-125000; ;-125000; ;-125000; ;-125000; ;-125000; ;-125000; ;-125000; ;-125000;-125000;-125000;-125000;-125000;-5125000; ; ; ; ; ; ; ; ; ; ; 
MEF;20190204;IT0003934657;20370201;-5000000;;0;100000; ;100000; ;100000; ;100000; ;100000; ;100000; ;100000; ;100000; ;100000; ;100000; ;100000;100000;100000;100000;100000;100000;100000;100000;100000;100000;5100000; ; ; ; ; ; 
MEF;20190204;IT0004286966;20390801;5000000;;0;-125000; ;-125000; ;-125000; ;-125000; ;-125000; ;-125000; ;-125000; ;-125000; ;-125000; ;-125000; ;-125000;-125000;-125000;-125000;-125000;-125000;-125000;-125000;-125000;-125000;-125000;-125000;-125000;-125000;-125000;-5125000; 
MEF;20190206;IT0003535157;20340801;4900000;;0;-122500; ;-122500; ;-122500; ;-122500; ;-122500; ;-122500; ;-122500; ;-122500; ;-122500; ;-122500; ;-122500;-122500;-122500;-122500;-122500;-5022500; ; ; ; ; ; ; ; ; ; ; 
MEF;20190206;IT0003934657;20370201;-11000000;;0;220000; ;220000; ;220000; ;220000; ;220000; ;220000; ;220000; ;220000; ;220000; ;220000; ;220000;220000;220000;220000;220000;220000;220000;220000;220000;220000;11220000; ; ; ; ; ; 
MEF;20190211;IT0003256820;20330201;10000000;;0;-287500; ;-287500; ;-287500; ;-287500; ;-287500; ;-287500; ;-287500; ;-287500; ;-287500; ;-287500; ;-287500;-287500;-10287500; ; ; ; ; ; ; ; ; ; ; ; ; ; 
MEF;20190211;IT0003934657;20370201;3300000;;0;-66000; ;-66000; ;-66000; ;-66000; ;-66000; ;-66000; ;-66000; ;-66000; ;-66000; ;-66000; ;-66000;-66000;-66000;-66000;-66000;-66000;-66000;-66000;-66000;-66000;-3366000; ; ; ; ; ; 
MEF;20190212;IT0003535157;20340801;15000000;;0;-375000; ;-375000; ;-375000; ;-375000; ;-375000; ;-375000; ;-375000; ;-375000; ;-375000; ;-375000; ;-375000;-375000;-375000;-375000;-375000;-15375000; ; ; ; ; ; ; ; ; ; ; 
MEF;20190214;IT0003535157;20340801;5700000;;0;-142500; ;-142500; ;-142500; ;-142500; ;-142500; ;-142500; ;-142500; ;-142500; ;-142500; ;-142500; ;-142500;-142500;-142500;-142500;-142500;-5842500; ; ; ; ; ; ; ; ; ; ; 
MEF;20190215;IT0003256820;20330201;-1000000;;0;28750; ;28750; ;28750; ;28750; ;28750; ;28750; ;28750; ;28750; ;28750; ;28750; ;28750;28750;1028750; ; ; ; ; ; ; ; ; ; ; ; ; ; 
MEF;20190215;IT0004286966;20390801;-6000000;;0;150000; ;150000; ;150000; ;150000; ;150000; ;150000; ;150000; ;150000; ;150000; ;150000; ;150000;150000;150000;150000;150000;150000;150000;150000;150000;150000;150000;150000;150000;150000;150000;6150000; 
MEF;20190218;IT0003934657;20370201;-30000000;;0;600000; ;600000; ;600000; ;600000; ;600000; ;600000; ;600000; ;600000; ;600000; ;600000; ;600000;600000;600000;600000;600000;600000;600000;600000;600000;600000;30600000; ; ; ; ; ; 
MEF;20190218;IT0004286966;20390801;-4000000;;0;100000; ;100000; ;100000; ;100000; ;100000; ;100000; ;100000; ;100000; ;100000; ;100000; ;100000;100000;100000;100000;100000;100000;100000;100000;100000;100000;100000;100000;100000;100000;100000;4100000; 
MEF;20190222;IT0003934657;20370201;2000000;;0;-40000; ;-40000; ;-40000; ;-40000; ;-40000; ;-40000; ;-40000; ;-40000; ;-40000; ;-40000; ;-40000;-40000;-40000;-40000;-40000;-40000;-40000;-40000;-40000;-40000;-2040000; ; ; ; ; ; 
MEF;20190225;IT0003256820;20330201;1000000;;0;-28750; ;-28750; ;-28750; ;-28750; ;-28750; ;-28750; ;-28750; ;-28750; ;-28750; ;-28750; ;-28750;-28750;-1028750; ; ; ; ; ; ; ; ; ; ; ; ; ; 
MEF;20190225;IT0003256820;20330201;21000000;;0;-603750; ;-603750; ;-603750; ;-603750; ;-603750; ;-603750; ;-603750; ;-603750; ;-603750; ;-603750; ;-603750;-603750;-21603750; ; ; ; ; ; ; ; ; ; ; ; ; ; 
MEF;20190227;IT0003535157;20340801;-17000000;;0;425000; ;425000; ;425000; ;425000; ;425000; ;425000; ;425000; ;425000; ;425000; ;425000; ;425000;425000;425000;425000;425000;17425000; ; ; ; ; ; ; ; ; ; ; 
MEF;20190227;IT0003934657;20370201;-12000000;;0;240000; ;240000; ;240000; ;240000; ;240000; ;240000; ;240000; ;240000; ;240000; ;240000; ;240000;240000;240000;240000;240000;240000;240000;240000;240000;240000;12240000; ; ; ; ; ; 
MEF;20190312;IT0003256820;20330201;-2500000;;0;71875; ;71875; ;71875; ;71875; ;71875; ;71875; ;71875; ;71875; ;71875; ;71875; ;71875;71875;2571875; ; ; ; ; ; ; ; ; ; ; ; ; ; 
MEF;20190312;IT0003934657;20370201;-1500000;;0;30000; ;30000; ;30000; ;30000; ;30000; ;30000; ;30000; ;30000; ;30000; ;30000; ;30000;30000;30000;30000;30000;30000;30000;30000;30000;30000;1530000; ; ; ; ; ; 
MEF;20190313;IT0004286966;20390801;1000000;;0;-25000; ;-25000; ;-25000; ;-25000; ;-25000; ;-25000; ;-25000; ;-25000; ;-25000; ;-25000; ;-25000;-25000;-25000;-25000;-25000;-25000;-25000;-25000;-25000;-25000;-25000;-25000;-25000;-25000;-25000;-1025000; 
MEF;20190315;IT0004286966;20390801;24000000;;0;-600000; ;-600000; ;-600000; ;-600000; ;-600000; ;-600000; ;-600000; ;-600000; ;-600000; ;-600000; ;-600000;-600000;-600000;-600000;-600000;-600000;-600000;-600000;-600000;-600000;-600000;-600000;-600000;-600000;-600000;-24600000; 
MEF;20190318;IT0003256820;20330201;-15000000;;0;431250; ;431250; ;431250; ;431250; ;431250; ;431250; ;431250; ;431250; ;431250; ;431250; ;431250;431250;15431250; ; ; ; ; ; ; ; ; ; ; ; ; ; 
MEF;20190318;IT0004286966;20390801;97000000;;0;-2425000; ;-2425000; ;-2425000; ;-2425000; ;-2425000; ;-2425000; ;-2425000; ;-2425000; ;-2425000; ;-2425000; ;-2425000;-2425000;-2425000;-2425000;-2425000;-2425000;-2425000;-2425000;-2425000;-2425000;-2425000;-2425000;-2425000;-2425000;-2425000;-99425000; 
MEF;20190319;IT0003934657;20370201;-121000000;;0;2420000; ;2420000; ;2420000; ;2420000; ;2420000; ;2420000; ;2420000; ;2420000; ;2420000; ;2420000; ;2420000;2420000;2420000;2420000;2420000;2420000;2420000;2420000;2420000;2420000;123420000; ; ; ; ; ; 
MEF;20190320;IT0003535157;20340801;1000000;;0;-25000; ;-25000; ;-25000; ;-25000; ;-25000; ;-25000; ;-25000; ;-25000; ;-25000; ;-25000; ;-25000;-25000;-25000;-25000;-25000;-1025000; ; ; ; ; ; ; ; ; ; ; 
MEF;20190322;IT0004286966;20390801;-1000000;;0;25000; ;25000; ;25000; ;25000; ;25000; ;25000; ;25000; ;25000; ;25000; ;25000; ;25000;25000;25000;25000;25000;25000;25000;25000;25000;25000;25000;25000;25000;25000;25000;1025000; 
MEF;20190325;IT0003934657;20370201;-52000000;;0;1040000; ;1040000; ;1040000; ;1040000; ;1040000; ;1040000; ;1040000; ;1040000; ;1040000; ;1040000; ;1040000;1040000;1040000;1040000;1040000;1040000;1040000;1040000;1040000;1040000;53040000; ; ; ; ; ; 
MEF;20190325;IT0004286966;20390801;1000000;;0;-25000; ;-25000; ;-25000; ;-25000; ;-25000; ;-25000; ;-25000; ;-25000; ;-25000; ;-25000; ;-25000;-25000;-25000;-25000;-25000;-25000;-25000;-25000;-25000;-25000;-25000;-25000;-25000;-25000;-25000;-1025000; 
MEF;20190326;IT0004286966;20390801;-6000000;;0;150000; ;150000; ;150000; ;150000; ;150000; ;150000; ;150000; ;150000; ;150000; ;150000; ;150000;150000;150000;150000;150000;150000;150000;150000;150000;150000;150000;150000;150000;150000;150000;6150000; 
MEF;20190326;IT0004286966;20390801;2900000;;0;-72500; ;-72500; ;-72500; ;-72500; ;-72500; ;-72500; ;-72500; ;-72500; ;-72500; ;-72500; ;-72500;-72500;-72500;-72500;-72500;-72500;-72500;-72500;-72500;-72500;-72500;-72500;-72500;-72500;-72500;-2972500; 
MEF;20190328;IT0003535157;20340801;4100000;;0;-102500; ;-102500; ;-102500; ;-102500; ;-102500; ;-102500; ;-102500; ;-102500; ;-102500; ;-102500; ;-102500;-102500;-102500;-102500;-102500;-4202500; ; ; ; ; ; ; ; ; ; ; 
MEF;20190328;IT0004286966;20390801;20000000;;0;-500000; ;-500000; ;-500000; ;-500000; ;-500000; ;-500000; ;-500000; ;-500000; ;-500000; ;-500000; ;-500000;-500000;-500000;-500000;-500000;-500000;-500000;-500000;-500000;-500000;-500000;-500000;-500000;-500000;-500000;-20500000; 
MEF;20190328;IT0004286966;20390801;7300000;;0;-182500; ;-182500; ;-182500; ;-182500; ;-182500; ;-182500; ;-182500; ;-182500; ;-182500; ;-182500; ;-182500;-182500;-182500;-182500;-182500;-182500;-182500;-182500;-182500;-182500;-182500;-182500;-182500;-182500;-182500;-7482500; 
MEF;20190329;IT0003256820;20330201;-2600000;;0;74750; ;74750; ;74750; ;74750; ;74750; ;74750; ;74750; ;74750; ;74750; ;74750; ;74750;74750;2674750; ; ; ; ; ; ; ; ; ; ; ; ; ; 
MEF;20190329;IT0003256820;20330201;-9100000;;0;261625; ;261625; ;261625; ;261625; ;261625; ;261625; ;261625; ;261625; ;261625; ;261625; ;261625;261625;9361625; ; ; ; ; ; ; ; ; ; ; ; ; ; 
MEF;20190408;IT0003535157;20340801;29300000;;0;-732500; ;-732500; ;-732500; ;-732500; ;-732500; ;-732500; ;-732500; ;-732500; ;-732500; ;-732500; ;-732500;-732500;-732500;-732500;-732500;-30032500; ; ; ; ; ; ; ; ; ; ; 
MEF;20190409;IT0003256820;20330201;1000000;;0;-28750; ;-28750; ;-28750; ;-28750; ;-28750; ;-28750; ;-28750; ;-28750; ;-28750; ;-28750; ;-28750;-28750;-1028750; ; ; ; ; ; ; ; ; ; ; ; ; ; 
MEF;20190412;IT0003256820;20330201;-1000000;;0;28750; ;28750; ;28750; ;28750; ;28750; ;28750; ;28750; ;28750; ;28750; ;28750; ;28750;28750;1028750; ; ; ; ; ; ; ; ; ; ; ; ; ; 
MEF;20190417;IT0003934657;20370201;-9800000;;0;196000; ;196000; ;196000; ;196000; ;196000; ;196000; ;196000; ;196000; ;196000; ;196000; ;196000;196000;196000;196000;196000;196000;196000;196000;196000;196000;9996000; ; ; ; ; ; 
MEF;20190418;IT0003535157;20340801;24000000;;0;-600000; ;-600000; ;-600000; ;-600000; ;-600000; ;-600000; ;-600000; ;-600000; ;-600000; ;-600000; ;-600000;-600000;-600000;-600000;-600000;-24600000; ; ; ; ; ; ; ; ; ; ; 
MEF;20190418;IT0004286966;20390801;1000000;;0;-25000; ;-25000; ;-25000; ;-25000; ;-25000; ;-25000; ;-25000; ;-25000; ;-25000; ;-25000; ;-25000;-25000;-25000;-25000;-25000;-25000;-25000;-25000;-25000;-25000;-25000;-25000;-25000;-25000;-25000;-1025000; 
MEF;20190425;IT0003256820;20330201;-14000000;;0;402500; ;402500; ;402500; ;402500; ;402500; ;402500; ;402500; ;402500; ;402500; ;402500; ;402500;402500;14402500; ; ; ; ; ; ; ; ; ; ; ; ; ; 
MEF;20190425;IT0003934657;20370201;-9000000;;0;180000; ;180000; ;180000; ;180000; ;180000; ;180000; ;180000; ;180000; ;180000; ;180000; ;180000;180000;180000;180000;180000;180000;180000;180000;180000;180000;9180000; ; ; ; ; ; 
MEF;20190426;IT0003256820;20330201;-1000000;;0;28750; ;28750; ;28750; ;28750; ;28750; ;28750; ;28750; ;28750; ;28750; ;28750; ;28750;28750;1028750; ; ; ; ; ; ; ; ; ; ; ; ; ; 
MEF;20190506;IT0003256820;20330201;12000000;;0;-345000; ;-345000; ;-345000; ;-345000; ;-345000; ;-345000; ;-345000; ;-345000; ;-345000; ;-345000; ;-345000;-345000;-12345000; ; ; ; ; ; ; ; ; ; ; ; ; ; 
MEF;20190513;IT0003256820;20330201;1000000;;0;-28750; ;-28750; ;-28750; ;-28750; ;-28750; ;-28750; ;-28750; ;-28750; ;-28750; ;-28750; ;-28750;-28750;-1028750; ; ; ; ; ; ; ; ; ; ; ; ; ; 
MEF;20190517;IT0003535157;20340801;19100000;;0;-477500; ;-477500; ;-477500; ;-477500; ;-477500; ;-477500; ;-477500; ;-477500; ;-477500; ;-477500; ;-477500;-477500;-477500;-477500;-477500;-19577500; ; ; ; ; ; ; ; ; ; ; 
MEF;20190517;IT0004286966;20390801;18800000;;0;-470000; ;-470000; ;-470000; ;-470000; ;-470000; ;-470000; ;-470000; ;-470000; ;-470000; ;-470000; ;-470000;-470000;-470000;-470000;-470000;-470000;-470000;-470000;-470000;-470000;-470000;-470000;-470000;-470000;-470000;-19270000; 
MEF;20190520;IT0003256820;20330201;-1000000;;0;28750; ;28750; ;28750; ;28750; ;28750; ;28750; ;28750; ;28750; ;28750; ;28750; ;28750;28750;1028750; ; ; ; ; ; ; ; ; ; ; ; ; ; 
MEF;20190521;IT0003256820;20330201;1000000;;0;-28750; ;-28750; ;-28750; ;-28750; ;-28750; ;-28750; ;-28750; ;-28750; ;-28750; ;-28750; ;-28750;-28750;-1028750; ; ; ; ; ; ; ; ; ; ; ; ; ; 
MEF;20190521;IT0003256820;20330201;6500000;;0;-186875; ;-186875; ;-186875; ;-186875; ;-186875; ;-186875; ;-186875; ;-186875; ;-186875; ;-186875; ;-186875;-186875;-6686875; ; ; ; ; ; ; ; ; ; ; ; ; ; 
MEF;20190521;IT0003535157;20340801;1000000;;0;-25000; ;-25000; ;-25000; ;-25000; ;-25000; ;-25000; ;-25000; ;-25000; ;-25000; ;-25000; ;-25000;-25000;-25000;-25000;-25000;-1025000; ; ; ; ; ; ; ; ; ; ; 
MEF;20190523;IT0004286966;20390801;500000;;0;-12500; ;-12500; ;-12500; ;-12500; ;-12500; ;-12500; ;-12500; ;-12500; ;-12500; ;-12500; ;-12500;-12500;-12500;-12500;-12500;-12500;-12500;-12500;-12500;-12500;-12500;-12500;-12500;-12500;-12500;-512500; 
MEF;20190524;IT0003934657;20370201;-1200000;;0;24000; ;24000; ;24000; ;24000; ;24000; ;24000; ;24000; ;24000; ;24000; ;24000; ;24000;24000;24000;24000;24000;24000;24000;24000;24000;24000;1224000; ; ; ; ; ; 
MEF;20190527;IT0003934657;20370201;-20000000;;0;400000; ;400000; ;400000; ;400000; ;400000; ;400000; ;400000; ;400000; ;400000; ;400000; ;400000;400000;400000;400000;400000;400000;400000;400000;400000;400000;20400000; ; ; ; ; ; 
MEF;20190531;IT0003256820;20330201;-5000000;;0;143750; ;143750; ;143750; ;143750; ;143750; ;143750; ;143750; ;143750; ;143750; ;143750; ;143750;143750;5143750; ; ; ; ; ; ; ; ; ; ; ; ; ; 
MEF;20190606;IT0003535157;20340801;6000000;;0;-150000; ;-150000; ;-150000; ;-150000; ;-150000; ;-150000; ;-150000; ;-150000; ;-150000; ;-150000; ;-150000;-150000;-150000;-150000;-150000;-6150000; ; ; ; ; ; ; ; ; ; ; 
MEF;20190617;IT0004286966;20390801;500000;;0;-12500; ;-12500; ;-12500; ;-12500; ;-12500; ;-12500; ;-12500; ;-12500; ;-12500; ;-12500; ;-12500;-12500;-12500;-12500;-12500;-12500;-12500;-12500;-12500;-12500;-12500;-12500;-12500;-12500;-12500;-512500; 
MEF;20190624;IT0004286966;20390801;34000000;;0;-850000; ;-850000; ;-850000; ;-850000; ;-850000; ;-850000; ;-850000; ;-850000; ;-850000; ;-850000; ;-850000;-850000;-850000;-850000;-850000;-850000;-850000;-850000;-850000;-850000;-850000;-850000;-850000;-850000;-850000;-34850000; 
MEF;20190624;IT0004286966;20390801;48400000;;0;-1210000; ;-1210000; ;-1210000; ;-1210000; ;-1210000; ;-1210000; ;-1210000; ;-1210000; ;-1210000; ;-1210000; ;-1210000;-1210000;-1210000;-1210000;-1210000;-1210000;-1210000;-1210000;-1210000;-1210000;-1210000;-1210000;-1210000;-1210000;-1210000;-49610000; 
MEF;20190625;IT0003256820;20330201;-1000000;;0;28750; ;28750; ;28750; ;28750; ;28750; ;28750; ;28750; ;28750; ;28750; ;28750; ;28750;28750;1028750; ; ; ; ; ; ; ; ; ; ; ; ; ; 
MEF;20190625;IT0003934657;20370201;-31000000;;0;620000; ;620000; ;620000; ;620000; ;620000; ;620000; ;620000; ;620000; ;620000; ;620000; ;620000;620000;620000;620000;620000;620000;620000;620000;620000;620000;31620000; ; ; ; ; ; 
MEF;20190625;IT0004286966;20390801;7300000;;0;-182500; ;-182500; ;-182500; ;-182500; ;-182500; ;-182500; ;-182500; ;-182500; ;-182500; ;-182500; ;-182500;-182500;-182500;-182500;-182500;-182500;-182500;-182500;-182500;-182500;-182500;-182500;-182500;-182500;-182500;-7482500; 
MEF;20190627;IT0003256820;20330201;17000000;;0;-488750; ;-488750; ;-488750; ;-488750; ;-488750; ;-488750; ;-488750; ;-488750; ;-488750; ;-488750; ;-488750;-488750;-17488750; ; ; ; ; ; ; ; ; ; ; ; ; ; 
MEF;20190627;IT0003535157;20340801;-5000000;;0;125000; ;125000; ;125000; ;125000; ;125000; ;125000; ;125000; ;125000; ;125000; ;125000; ;125000;125000;125000;125000;125000;5125000; ; ; ; ; ; ; ; ; ; ; 
MEF;20190627;IT0003934657;20370201;1000000;;0;-20000; ;-20000; ;-20000; ;-20000; ;-20000; ;-20000; ;-20000; ;-20000; ;-20000; ;-20000; ;-20000;-20000;-20000;-20000;-20000;-20000;-20000;-20000;-20000;-20000;-1020000; ; ; ; ; ; 
MEF;20190627;IT0003934657;20370201;83000000;;0;-1660000; ;-1660000; ;-1660000; ;-1660000; ;-1660000; ;-1660000; ;-1660000; ;-1660000; ;-1660000; ;-1660000; ;-1660000;-1660000;-1660000;-1660000;-1660000;-1660000;-1660000;-1660000;-1660000;-1660000;-84660000; ; ; ; ; ; 
MEF;20190627;IT0004286966;20390801;-10000000;;0;250000; ;250000; ;250000; ;250000; ;250000; ;250000; ;250000; ;250000; ;250000; ;250000; ;250000;250000;250000;250000;250000;250000;250000;250000;250000;250000;250000;250000;250000;250000;250000;10250000; 
MEF;20190628;IT0003256820;20330201;-1300000;;0;37375; ;37375; ;37375; ;37375; ;37375; ;37375; ;37375; ;37375; ;37375; ;37375; ;37375;37375;1337375; ; ; ; ; ; ; ; ; ; ; ; ; ; 
MEF;20190628;IT0003256820;20330201;-26000000;;0;747500; ;747500; ;747500; ;747500; ;747500; ;747500; ;747500; ;747500; ;747500; ;747500; ;747500;747500;26747500; ; ; ; ; ; ; ; ; ; ; ; ; ; 
MEF;20190628;IT0003535157;20340801;-1200000;;0;30000; ;30000; ;30000; ;30000; ;30000; ;30000; ;30000; ;30000; ;30000; ;30000; ;30000;30000;30000;30000;30000;1230000; ; ; ; ; ; ; ; ; ; ; 
MEF;20190628;IT0003934657;20370201;-1200000;;0;24000; ;24000; ;24000; ;24000; ;24000; ;24000; ;24000; ;24000; ;24000; ;24000; ;24000;24000;24000;24000;24000;24000;24000;24000;24000;24000;1224000; ; ; ; ; ; 
MEF;20190701;IT0003934657;20370201;-4900000;;0;98000; ;98000; ;98000; ;98000; ;98000; ;98000; ;98000; ;98000; ;98000; ;98000; ;98000;98000;98000;98000;98000;98000;98000;98000;98000;98000;4998000; ; ; ; ; ; 
MEF;20190703;IT0004286966;20390801;20000000;;0;-500000; ;-500000; ;-500000; ;-500000; ;-500000; ;-500000; ;-500000; ;-500000; ;-500000; ;-500000; ;-500000;-500000;-500000;-500000;-500000;-500000;-500000;-500000;-500000;-500000;-500000;-500000;-500000;-500000;-500000;-20500000; 
MEF;20190704;IT0003256820;20330201;1000000;;0;-28750; ;-28750; ;-28750; ;-28750; ;-28750; ;-28750; ;-28750; ;-28750; ;-28750; ;-28750; ;-28750;-28750;-1028750; ; ; ; ; ; ; ; ; ; ; ; ; ; 
MEF;20190708;IT0003535157;20340801;-28000000;;0;700000; ;700000; ;700000; ;700000; ;700000; ;700000; ;700000; ;700000; ;700000; ;700000; ;700000;700000;700000;700000;700000;28700000; ; ; ; ; ; ; ; ; ; ; 
MEF;20190709;IT0003934657;20370201;18900000;;0;-378000; ;-378000; ;-378000; ;-378000; ;-378000; ;-378000; ;-378000; ;-378000; ;-378000; ;-378000; ;-378000;-378000;-378000;-378000;-378000;-378000;-378000;-378000;-378000;-378000;-19278000; ; ; ; ; ; 
MEF;20190710;IT0003256820;20330201;1000000;;0;-28750; ;-28750; ;-28750; ;-28750; ;-28750; ;-28750; ;-28750; ;-28750; ;-28750; ;-28750; ;-28750;-28750;-1028750; ; ; ; ; ; ; ; ; ; ; ; ; ; 
MEF;20190711;IT0003256820;20330201;3000000;;0;-86250; ;-86250; ;-86250; ;-86250; ;-86250; ;-86250; ;-86250; ;-86250; ;-86250; ;-86250; ;-86250;-86250;-3086250; ; ; ; ; ; ; ; ; ; ; ; ; ; 
MEF;20190712;IT0003535157;20340801;-70900000;;0;1772500; ;1772500; ;1772500; ;1772500; ;1772500; ;1772500; ;1772500; ;1772500; ;1772500; ;1772500; ;1772500;1772500;1772500;1772500;1772500;72672500; ; ; ; ; ; ; ; ; ; ; 
MEF;20190716;IT0004286966;20390801;1000000;;0;-25000; ;-25000; ;-25000; ;-25000; ;-25000; ;-25000; ;-25000; ;-25000; ;-25000; ;-25000; ;-25000;-25000;-25000;-25000;-25000;-25000;-25000;-25000;-25000;-25000;-25000;-25000;-25000;-25000;-25000;-1025000; 
MEF;20190719;IT0003256820;20330201;21000000;;0;-603750; ;-603750; ;-603750; ;-603750; ;-603750; ;-603750; ;-603750; ;-603750; ;-603750; ;-603750; ;-603750;-603750;-21603750; ; ; ; ; ; ; ; ; ; ; ; ; ; 
MEF;20190719;IT0003535157;20340801;-1000000;;0;25000; ;25000; ;25000; ;25000; ;25000; ;25000; ;25000; ;25000; ;25000; ;25000; ;25000;25000;25000;25000;25000;1025000; ; ; ; ; ; ; ; ; ; ; 
MEF;20190719;IT0003535157;20340801;-3600000;;0;90000; ;90000; ;90000; ;90000; ;90000; ;90000; ;90000; ;90000; ;90000; ;90000; ;90000;90000;90000;90000;90000;3690000; ; ; ; ; ; ; ; ; ; ; 
MEF;20190722;IT0003934657;20370201;1000000;;0;-20000; ;-20000; ;-20000; ;-20000; ;-20000; ;-20000; ;-20000; ;-20000; ;-20000; ;-20000; ;-20000;-20000;-20000;-20000;-20000;-20000;-20000;-20000;-20000;-20000;-1020000; ; ; ; ; ; 
MEF;20190724;IT0003934657;20370201;1000000;;0;-20000; ;-20000; ;-20000; ;-20000; ;-20000; ;-20000; ;-20000; ;-20000; ;-20000; ;-20000; ;-20000;-20000;-20000;-20000;-20000;-20000;-20000;-20000;-20000;-20000;-1020000; ; ; ; ; ; 
MEF;20190802;IT0004286966;20390801;-25000000;;0;625000; ;625000; ;625000; ;625000; ;625000; ;625000; ;625000; ;625000; ;625000; ;625000; ;625000;625000;625000;625000;625000;625000;625000;625000;625000;625000;625000;625000;625000;625000;625000;25625000; 
MEF;20190802;IT0004286966;20390801;19500000;;0;-487500; ;-487500; ;-487500; ;-487500; ;-487500; ;-487500; ;-487500; ;-487500; ;-487500; ;-487500; ;-487500;-487500;-487500;-487500;-487500;-487500;-487500;-487500;-487500;-487500;-487500;-487500;-487500;-487500;-487500;-19987500; 
MEF;20190802;IT0004286966;20390801;3500000;;0;-87500; ;-87500; ;-87500; ;-87500; ;-87500; ;-87500; ;-87500; ;-87500; ;-87500; ;-87500; ;-87500;-87500;-87500;-87500;-87500;-87500;-87500;-87500;-87500;-87500;-87500;-87500;-87500;-87500;-87500;-3587500; 
MEF;20190805;IT0004286966;20390801;20000000;;0;-500000; ;-500000; ;-500000; ;-500000; ;-500000; ;-500000; ;-500000; ;-500000; ;-500000; ;-500000; ;-500000;-500000;-500000;-500000;-500000;-500000;-500000;-500000;-500000;-500000;-500000;-500000;-500000;-500000;-500000;-20500000; 
MEF;20190806;IT0003256820;20330201;10000000;;0;-287500; ;-287500; ;-287500; ;-287500; ;-287500; ;-287500; ;-287500; ;-287500; ;-287500; ;-287500; ;-287500;-287500;-10287500; ; ; ; ; ; ; ; ; ; ; ; ; ; 
MEF;20190806;IT0004286966;20390801;1000000;;0;-25000; ;-25000; ;-25000; ;-25000; ;-25000; ;-25000; ;-25000; ;-25000; ;-25000; ;-25000; ;-25000;-25000;-25000;-25000;-25000;-25000;-25000;-25000;-25000;-25000;-25000;-25000;-25000;-25000;-25000;-1025000; 
MEF;20190807;IT0003535157;20340801;-4000000;;0;100000; ;100000; ;100000; ;100000; ;100000; ;100000; ;100000; ;100000; ;100000; ;100000; ;100000;100000;100000;100000;100000;4100000; ; ; ; ; ; ; ; ; ; ; 
MEF;20190807;IT0004286966;20390801;-13000000;;0;325000; ;325000; ;325000; ;325000; ;325000; ;325000; ;325000; ;325000; ;325000; ;325000; ;325000;325000;325000;325000;325000;325000;325000;325000;325000;325000;325000;325000;325000;325000;325000;13325000; 
MEF;20190807;IT0004286966;20390801;1000000;;0;-25000; ;-25000; ;-25000; ;-25000; ;-25000; ;-25000; ;-25000; ;-25000; ;-25000; ;-25000; ;-25000;-25000;-25000;-25000;-25000;-25000;-25000;-25000;-25000;-25000;-25000;-25000;-25000;-25000;-25000;-1025000; 
MEF;20190812;IT0003256820;20330201;59000000;;0;-1696250; ;-1696250; ;-1696250; ;-1696250; ;-1696250; ;-1696250; ;-1696250; ;-1696250; ;-1696250; ;-1696250; ;-1696250;-1696250;-60696250; ; ; ; ; ; ; ; ; ; ; ; ; ; 
MEF;20190813;IT0004286966;20390801;1000000;;0;-25000; ;-25000; ;-25000; ;-25000; ;-25000; ;-25000; ;-25000; ;-25000; ;-25000; ;-25000; ;-25000;-25000;-25000;-25000;-25000;-25000;-25000;-25000;-25000;-25000;-25000;-25000;-25000;-25000;-25000;-1025000; 
MEF;20190814;IT0003535157;20340801;-67000000;;0;1675000; ;1675000; ;1675000; ;1675000; ;1675000; ;1675000; ;1675000; ;1675000; ;1675000; ;1675000; ;1675000;1675000;1675000;1675000;1675000;68675000; ; ; ; ; ; ; ; ; ; ; 
MEF;20190815;IT0003256820;20330201;-1000000;;0;28750; ;28750; ;28750; ;28750; ;28750; ;28750; ;28750; ;28750; ;28750; ;28750; ;28750;28750;1028750; ; ; ; ; ; ; ; ; ; ; ; ; ; 
MEF;20190815;IT0004286966;20390801;-4000000;;0;100000; ;100000; ;100000; ;100000; ;100000; ;100000; ;100000; ;100000; ;100000; ;100000; ;100000;100000;100000;100000;100000;100000;100000;100000;100000;100000;100000;100000;100000;100000;100000;4100000; 
MEF;20190816;IT0003535157;20340801;-18700000;;0;467500; ;467500; ;467500; ;467500; ;467500; ;467500; ;467500; ;467500; ;467500; ;467500; ;467500;467500;467500;467500;467500;19167500; ; ; ; ; ; ; ; ; ; ; 
MEF;20190816;IT0003934657;20370201;-1500000;;0;30000; ;30000; ;30000; ;30000; ;30000; ;30000; ;30000; ;30000; ;30000; ;30000; ;30000;30000;30000;30000;30000;30000;30000;30000;30000;30000;1530000; ; ; ; ; ; 
MEF;20190816;IT0004286966;20390801;-20400000;;0;510000; ;510000; ;510000; ;510000; ;510000; ;510000; ;510000; ;510000; ;510000; ;510000; ;510000;510000;510000;510000;510000;510000;510000;510000;510000;510000;510000;510000;510000;510000;510000;20910000; 
MEF;20190820;IT0003256820;20330201;8000000;;0;-230000; ;-230000; ;-230000; ;-230000; ;-230000; ;-230000; ;-230000; ;-230000; ;-230000; ;-230000; ;-230000;-230000;-8230000; ; ; ; ; ; ; ; ; ; ; ; ; ; 
MEF;20190820;IT0004286966;20390801;-10000000;;0;250000; ;250000; ;250000; ;250000; ;250000; ;250000; ;250000; ;250000; ;250000; ;250000; ;250000;250000;250000;250000;250000;250000;250000;250000;250000;250000;250000;250000;250000;250000;250000;10250000; 
MEF;20190826;IT0004286966;20390801;49000000;;0;-1225000; ;-1225000; ;-1225000; ;-1225000; ;-1225000; ;-1225000; ;-1225000; ;-1225000; ;-1225000; ;-1225000; ;-1225000;-1225000;-1225000;-1225000;-1225000;-1225000;-1225000;-1225000;-1225000;-1225000;-1225000;-1225000;-1225000;-1225000;-1225000;-50225000; 
MEF;20190828;IT0003256820;20330201;-38000000;;0;1092500; ;1092500; ;1092500; ;1092500; ;1092500; ;1092500; ;1092500; ;1092500; ;1092500; ;1092500; ;1092500;1092500;39092500; ; ; ; ; ; ; ; ; ; ; ; ; ; 
MEF;20190828;IT0003535157;20340801;-4000000;;0;100000; ;100000; ;100000; ;100000; ;100000; ;100000; ;100000; ;100000; ;100000; ;100000; ;100000;100000;100000;100000;100000;4100000; ; ; ; ; ; ; ; ; ; ; 
MEF;20190828;IT0003934657;20370201;-1000000;;0;20000; ;20000; ;20000; ;20000; ;20000; ;20000; ;20000; ;20000; ;20000; ;20000; ;20000;20000;20000;20000;20000;20000;20000;20000;20000;20000;1020000; ; ; ; ; ; 
MEF;20190828;IT0004286966;20390801;36000000;;0;-900000; ;-900000; ;-900000; ;-900000; ;-900000; ;-900000; ;-900000; ;-900000; ;-900000; ;-900000; ;-900000;-900000;-900000;-900000;-900000;-900000;-900000;-900000;-900000;-900000;-900000;-900000;-900000;-900000;-900000;-36900000; 
MEF;20190829;IT0003256820;20330201;17000000;;0;-488750; ;-488750; ;-488750; ;-488750; ;-488750; ;-488750; ;-488750; ;-488750; ;-488750; ;-488750; ;-488750;-488750;-17488750; ; ; ; ; ; ; ; ; ; ; ; ; ; 
MEF;20190829;IT0003535157;20340801;1000000;;0;-25000; ;-25000; ;-25000; ;-25000; ;-25000; ;-25000; ;-25000; ;-25000; ;-25000; ;-25000; ;-25000;-25000;-25000;-25000;-25000;-1025000; ; ; ; ; ; ; ; ; ; ; 
MEF;20190830;IT0003535157;20340801;-1600000;;0;40000; ;40000; ;40000; ;40000; ;40000; ;40000; ;40000; ;40000; ;40000; ;40000; ;40000;40000;40000;40000;40000;1640000; ; ; ; ; ; ; ; ; ; ; 
MEF;20190830;IT0004286966;20390801;-20000000;;0;500000; ;500000; ;500000; ;500000; ;500000; ;500000; ;500000; ;500000; ;500000; ;500000; ;500000;500000;500000;500000;500000;500000;500000;500000;500000;500000;500000;500000;500000;500000;500000;20500000; 
MEF;20190830;IT0004286966;20390801;-34400000;;0;860000; ;860000; ;860000; ;860000; ;860000; ;860000; ;860000; ;860000; ;860000; ;860000; ;860000;860000;860000;860000;860000;860000;860000;860000;860000;860000;860000;860000;860000;860000;860000;35260000; 
MEF;20190905;IT0004286966;20390801;50000000;;0;-1250000; ;-1250000; ;-1250000; ;-1250000; ;-1250000; ;-1250000; ;-1250000; ;-1250000; ;-1250000; ;-1250000; ;-1250000;-1250000;-1250000;-1250000;-1250000;-1250000;-1250000;-1250000;-1250000;-1250000;-1250000;-1250000;-1250000;-1250000;-1250000;-51250000; 
MEF;20190906;IT0004286966;20390801;18000000;;0;-450000; ;-450000; ;-450000; ;-450000; ;-450000; ;-450000; ;-450000; ;-450000; ;-450000; ;-450000; ;-450000;-450000;-450000;-450000;-450000;-450000;-450000;-450000;-450000;-450000;-450000;-450000;-450000;-450000;-450000;-18450000; 
MEF;20190910;IT0004286966;20390801;4100000;;0;-102500; ;-102500; ;-102500; ;-102500; ;-102500; ;-102500; ;-102500; ;-102500; ;-102500; ;-102500; ;-102500;-102500;-102500;-102500;-102500;-102500;-102500;-102500;-102500;-102500;-102500;-102500;-102500;-102500;-102500;-4202500; 
MEF;20190911;IT0003535157;20340801;-15000000;;0;375000; ;375000; ;375000; ;375000; ;375000; ;375000; ;375000; ;375000; ;375000; ;375000; ;375000;375000;375000;375000;375000;15375000; ; ; ; ; ; ; ; ; ; ; 
MEF;20190912;IT0004286966;20390801;-1000000;;0;25000; ;25000; ;25000; ;25000; ;25000; ;25000; ;25000; ;25000; ;25000; ;25000; ;25000;25000;25000;25000;25000;25000;25000;25000;25000;25000;25000;25000;25000;25000;25000;1025000; 
MEF;20190913;IT0003535157;20340801;-53100000;;0;1327500; ;1327500; ;1327500; ;1327500; ;1327500; ;1327500; ;1327500; ;1327500; ;1327500; ;1327500; ;1327500;1327500;1327500;1327500;1327500;54427500; ; ; ; ; ; ; ; ; ; ; 
MEF;20190913;IT0003934657;20370201;-1300000;;0;26000; ;26000; ;26000; ;26000; ;26000; ;26000; ;26000; ;26000; ;26000; ;26000; ;26000;26000;26000;26000;26000;26000;26000;26000;26000;26000;1326000; ; ; ; ; ; 
MEF;20190919;IT0003256820;20330201;9000000;;0;-258750; ;-258750; ;-258750; ;-258750; ;-258750; ;-258750; ;-258750; ;-258750; ;-258750; ;-258750; ;-258750;-258750;-9258750; ; ; ; ; ; ; ; ; ; ; ; ; ; 
MEF;20191002;IT0004286966;20390801;-10000000;;0;250000; ;250000; ;250000; ;250000; ;250000; ;250000; ;250000; ;250000; ;250000; ;250000; ;250000;250000;250000;250000;250000;250000;250000;250000;250000;250000;250000;250000;250000;250000;250000;10250000; 
MEF;20191003;IT0004286966;20390801;34000000;;0;-850000; ;-850000; ;-850000; ;-850000; ;-850000; ;-850000; ;-850000; ;-850000; ;-850000; ;-850000; ;-850000;-850000;-850000;-850000;-850000;-850000;-850000;-850000;-850000;-850000;-850000;-850000;-850000;-850000;-850000;-34850000; 
MEF;20191004;IT0003256820;20330201;-15000000;;0;431250; ;431250; ;431250; ;431250; ;431250; ;431250; ;431250; ;431250; ;431250; ;431250; ;431250;431250;15431250; ; ; ; ; ; ; ; ; ; ; ; ; ; 
MEF;20191004;IT0003934657;20370201;-21000000;;0;420000; ;420000; ;420000; ;420000; ;420000; ;420000; ;420000; ;420000; ;420000; ;420000; ;420000;420000;420000;420000;420000;420000;420000;420000;420000;420000;21420000; ; ; ; ; ; 
MEF;20191025;IT0004286966;20390801;12000000;;0;-300000; ;-300000; ;-300000; ;-300000; ;-300000; ;-300000; ;-300000; ;-300000; ;-300000; ;-300000; ;-300000;-300000;-300000;-300000;-300000;-300000;-300000;-300000;-300000;-300000;-300000;-300000;-300000;-300000;-300000;-12300000; 
MEF;20191029;IT0004286966;20390801;12200000;;0;-305000; ;-305000; ;-305000; ;-305000; ;-305000; ;-305000; ;-305000; ;-305000; ;-305000; ;-305000; ;-305000;-305000;-305000;-305000;-305000;-305000;-305000;-305000;-305000;-305000;-305000;-305000;-305000;-305000;-305000;-12505000; 
MEF;20191031;IT0003535157;20340801;-12200000;;0;305000; ;305000; ;305000; ;305000; ;305000; ;305000; ;305000; ;305000; ;305000; ;305000; ;305000;305000;305000;305000;305000;12505000; ; ; ; ; ; ; ; ; ; ; 
MEF;20191031;IT0004286966;20390801;20000000;;0;-500000; ;-500000; ;-500000; ;-500000; ;-500000; ;-500000; ;-500000; ;-500000; ;-500000; ;-500000; ;-500000;-500000;-500000;-500000;-500000;-500000;-500000;-500000;-500000;-500000;-500000;-500000;-500000;-500000;-500000;-20500000; 
MEF;20191101;IT0003535157;20340801;-35000000;;0;875000; ;875000; ;875000; ;875000; ;875000; ;875000; ;875000; ;875000; ;875000; ;875000; ;875000;875000;875000;875000;875000;35875000; ; ; ; ; ; ; ; ; ; ; 
MEF;20191105;IT0004286966;20390801;1000000;;0;-25000; ;-25000; ;-25000; ;-25000; ;-25000; ;-25000; ;-25000; ;-25000; ;-25000; ;-25000; ;-25000;-25000;-25000;-25000;-25000;-25000;-25000;-25000;-25000;-25000;-25000;-25000;-25000;-25000;-25000;-1025000; 
MEF;20191108;IT0003535157;20340801;-1000000;;0;25000; ;25000; ;25000; ;25000; ;25000; ;25000; ;25000; ;25000; ;25000; ;25000; ;25000;25000;25000;25000;25000;1025000; ; ; ; ; ; ; ; ; ; ; 
MEF;20191108;IT0003535157;20340801;-14000000;;0;350000; ;350000; ;350000; ;350000; ;350000; ;350000; ;350000; ;350000; ;350000; ;350000; ;350000;350000;350000;350000;350000;14350000; ; ; ; ; ; ; ; ; ; ; 
MEF;20191114;IT0003256820;20330201;9000000;;0;-258750; ;-258750; ;-258750; ;-258750; ;-258750; ;-258750; ;-258750; ;-258750; ;-258750; ;-258750; ;-258750;-258750;-9258750; ; ; ; ; ; ; ; ; ; ; ; ; ; 
MEF;20191114;IT0003934657;20370201;1000000;;0;-20000; ;-20000; ;-20000; ;-20000; ;-20000; ;-20000; ;-20000; ;-20000; ;-20000; ;-20000; ;-20000;-20000;-20000;-20000;-20000;-20000;-20000;-20000;-20000;-20000;-1020000; ; ; ; ; ; 
MEF;20191115;IT0004286966;20390801;-11000000;;0;275000; ;275000; ;275000; ;275000; ;275000; ;275000; ;275000; ;275000; ;275000; ;275000; ;275000;275000;275000;275000;275000;275000;275000;275000;275000;275000;275000;275000;275000;275000;275000;11275000; 
MEF;20191121;IT0004286966;20390801;5800000;;0;-145000; ;-145000; ;-145000; ;-145000; ;-145000; ;-145000; ;-145000; ;-145000; ;-145000; ;-145000; ;-145000;-145000;-145000;-145000;-145000;-145000;-145000;-145000;-145000;-145000;-145000;-145000;-145000;-145000;-145000;-5945000; 
MEF;20191122;IT0003535157;20340801;-5800000;;0;145000; ;145000; ;145000; ;145000; ;145000; ;145000; ;145000; ;145000; ;145000; ;145000; ;145000;145000;145000;145000;145000;5945000; ; ; ; ; ; ; ; ; ; ; 
MEF;20200115;IT0004286966;20390801;1100000;;0;-27500; ;-27500; ;-27500; ;-27500; ;-27500; ;-27500; ;-27500; ;-27500; ;-27500; ;-27500; ;-27500;-27500;-27500;-27500;-27500;-27500;-27500;-27500;-27500;-27500;-27500;-27500;-27500;-27500;-27500;-1127500; 
MEF;20200117;IT0003535157;20340801;-1100000;;0;27500; ;27500; ;27500; ;27500; ;27500; ;27500; ;27500; ;27500; ;27500; ;27500; ;27500;27500;27500;27500;27500;1127500; ; ; ; ; ; ; ; ; ; ; 
MEF;20200214;IT0003256820;20330201;-13000000;;0;373750; ;373750; ;373750; ;373750; ;373750; ;373750; ;373750; ;373750; ;373750; ;373750; ;373750;373750;13373750; ; ; ; ; ; ; ; ; ; ; ; ; ; 
MEF;20200214;IT0004286966;20390801;-6000000;;0;150000; ;150000; ;150000; ;150000; ;150000; ;150000; ;150000; ;150000; ;150000; ;150000; ;150000;150000;150000;150000;150000;150000;150000;150000;150000;150000;150000;150000;150000;150000;150000;6150000; 
MEF;20200224;IT0003256820;20330201;17000000;;0;-488750; ;-488750; ;-488750; ;-488750; ;-488750; ;-488750; ;-488750; ;-488750; ;-488750; ;-488750; ;-488750;-488750;-17488750; ; ; ; ; ; ; ; ; ; ; ; ; ; 
MEF;20200228;IT0003256820;20330201;10000000;;0;-287500; ;-287500; ;-287500; ;-287500; ;-287500; ;-287500; ;-287500; ;-287500; ;-287500; ;-287500; ;-287500;-287500;-10287500; ; ; ; ; ; ; ; ; ; ; ; ; ; 
MEF;20200228;IT0003934657;20370201;-14000000;;0;280000; ;280000; ;280000; ;280000; ;280000; ;280000; ;280000; ;280000; ;280000; ;280000; ;280000;280000;280000;280000;280000;280000;280000;280000;280000;280000;14280000; ; ; ; ; ; 
MEF;20200408;IT0004286966;20390801;1000000;;0;-25000; ;-25000; ;-25000; ;-25000; ;-25000; ;-25000; ;-25000; ;-25000; ;-25000; ;-25000; ;-25000;-25000;-25000;-25000;-25000;-25000;-25000;-25000;-25000;-25000;-25000;-25000;-25000;-25000;-25000;-1025000; 
MEF;20200409;IT0003934657;20370201;-1200000;;0;24000; ;24000; ;24000; ;24000; ;24000; ;24000; ;24000; ;24000; ;24000; ;24000; ;24000;24000;24000;24000;24000;24000;24000;24000;24000;24000;1224000; ; ; ; ; ; 
MEF;20200417;IT0003256820;20330201;29000000;;0;-833750; ;-833750; ;-833750; ;-833750; ;-833750; ;-833750; ;-833750; ;-833750; ;-833750; ;-833750; ;-833750;-833750;-29833750; ; ; ; ; ; ; ; ; ; ; ; ; ; 
MEF;20200420;IT0003256820;20330201;-2000000;;0;57500; ;57500; ;57500; ;57500; ;57500; ;57500; ;57500; ;57500; ;57500; ;57500; ;57500;57500;2057500; ; ; ; ; ; ; ; ; ; ; ; ; ; 
MEF;20200420;IT0003535157;20340801;-3000000;;0;75000; ;75000; ;75000; ;75000; ;75000; ;75000; ;75000; ;75000; ;75000; ;75000; ;75000;75000;75000;75000;75000;3075000; ; ; ; ; ; ; ; ; ; ; 
MEF;20200420;IT0004286966;20390801;-28000000;;0;700000; ;700000; ;700000; ;700000; ;700000; ;700000; ;700000; ;700000; ;700000; ;700000; ;700000;700000;700000;700000;700000;700000;700000;700000;700000;700000;700000;700000;700000;700000;700000;28700000; 
MEF;20200421;IT0003256820;20330201;41000000;;0;-1178750; ;-1178750; ;-1178750; ;-1178750; ;-1178750; ;-1178750; ;-1178750; ;-1178750; ;-1178750; ;-1178750; ;-1178750;-1178750;-42178750; ; ; ; ; ; ; ; ; ; ; ; ; ; 
MEF;20200421;IT0003934657;20370201;-40000000;;0;800000; ;800000; ;800000; ;800000; ;800000; ;800000; ;800000; ;800000; ;800000; ;800000; ;800000;800000;800000;800000;800000;800000;800000;800000;800000;800000;40800000; ; ; ; ; ; 
MEF;20200421;IT0004286966;20390801;-14000000;;0;350000; ;350000; ;350000; ;350000; ;350000; ;350000; ;350000; ;350000; ;350000; ;350000; ;350000;350000;350000;350000;350000;350000;350000;350000;350000;350000;350000;350000;350000;350000;350000;14350000; 
MEF;20200422;IT0003256820;20330201;19400000;;0;-557750; ;-557750; ;-557750; ;-557750; ;-557750; ;-557750; ;-557750; ;-557750; ;-557750; ;-557750; ;-557750;-557750;-19957750; ; ; ; ; ; ; ; ; ; ; ; ; ; 
MEF;20200430;IT0003256820;20330201;19400000;;0;-557750; ;-557750; ;-557750; ;-557750; ;-557750; ;-557750; ;-557750; ;-557750; ;-557750; ;-557750; ;-557750;-557750;-19957750; ; ; ; ; ; ; ; ; ; ; ; ; ; 
MEF;20200430;IT0003256820;20330201;24000000;;0;-690000; ;-690000; ;-690000; ;-690000; ;-690000; ;-690000; ;-690000; ;-690000; ;-690000; ;-690000; ;-690000;-690000;-24690000; ; ; ; ; ; ; ; ; ; ; ; ; ; 
MEF;20200507;IT0003535157;20340801;-7000000;;0;175000; ;175000; ;175000; ;175000; ;175000; ;175000; ;175000; ;175000; ;175000; ;175000; ;175000;175000;175000;175000;175000;7175000; ; ; ; ; ; ; ; ; ; ; 
MEF;20200507;IT0003934657;20370201;-7000000;;0;140000; ;140000; ;140000; ;140000; ;140000; ;140000; ;140000; ;140000; ;140000; ;140000; ;140000;140000;140000;140000;140000;140000;140000;140000;140000;140000;7140000; ; ; ; ; ; 
MEF;20200508;IT0004286966;20390801;-16000000;;0;400000; ;400000; ;400000; ;400000; ;400000; ;400000; ;400000; ;400000; ;400000; ;400000; ;400000;400000;400000;400000;400000;400000;400000;400000;400000;400000;400000;400000;400000;400000;400000;16400000; 
MEF;20200512;IT0004286966;20390801;2200000;;0;-55000; ;-55000; ;-55000; ;-55000; ;-55000; ;-55000; ;-55000; ;-55000; ;-55000; ;-55000; ;-55000;-55000;-55000;-55000;-55000;-55000;-55000;-55000;-55000;-55000;-55000;-55000;-55000;-55000;-55000;-2255000; 
MEF;20200515;IT0003256820;20330201;-19400000;;0;557750; ;557750; ;557750; ;557750; ;557750; ;557750; ;557750; ;557750; ;557750; ;557750; ;557750;557750;19957750; ; ; ; ; ; ; ; ; ; ; ; ; ; 
MEF;20200515;IT0003934657;20370201;-2800000;;0;56000; ;56000; ;56000; ;56000; ;56000; ;56000; ;56000; ;56000; ;56000; ;56000; ;56000;56000;56000;56000;56000;56000;56000;56000;56000;56000;2856000; ; ; ; ; ; 
MEF;20200522;IT0004286966;20390801;1000000;;0;-25000; ;-25000; ;-25000; ;-25000; ;-25000; ;-25000; ;-25000; ;-25000; ;-25000; ;-25000; ;-25000;-25000;-25000;-25000;-25000;-25000;-25000;-25000;-25000;-25000;-25000;-25000;-25000;-25000;-25000;-1025000; 
MEF;20200528;IT0003256820;20330201;10000000;;0;-287500; ;-287500; ;-287500; ;-287500; ;-287500; ;-287500; ;-287500; ;-287500; ;-287500; ;-287500; ;-287500;-287500;-10287500; ; ; ; ; ; ; ; ; ; ; ; ; ; 
MEF;20200529;IT0003256820;20330201;-40100000;;0;1152875; ;1152875; ;1152875; ;1152875; ;1152875; ;1152875; ;1152875; ;1152875; ;1152875; ;1152875; ;1152875;1152875;41252875; ; ; ; ; ; ; ; ; ; ; ; ; ; 
MEF;20200529;IT0003535157;20340801;-2000000;;0;50000; ;50000; ;50000; ;50000; ;50000; ;50000; ;50000; ;50000; ;50000; ;50000; ;50000;50000;50000;50000;50000;2050000; ; ; ; ; ; ; ; ; ; ; 
MEF;20200529;IT0003934657;20370201;-1300000;;0;26000; ;26000; ;26000; ;26000; ;26000; ;26000; ;26000; ;26000; ;26000; ;26000; ;26000;26000;26000;26000;26000;26000;26000;26000;26000;26000;1326000; ; ; ; ; ; 
MEF;20200529;IT0003934657;20370201;-2000000;;0;40000; ;40000; ;40000; ;40000; ;40000; ;40000; ;40000; ;40000; ;40000; ;40000; ;40000;40000;40000;40000;40000;40000;40000;40000;40000;40000;2040000; ; ; ; ; ; 
MEF;20200529;IT0004286966;20390801;-8000000;;0;200000; ;200000; ;200000; ;200000; ;200000; ;200000; ;200000; ;200000; ;200000; ;200000; ;200000;200000;200000;200000;200000;200000;200000;200000;200000;200000;200000;200000;200000;200000;200000;8200000; 
MEF;20200616;IT0004286966;20390801;46000000;;0;-1150000; ;-1150000; ;-1150000; ;-1150000; ;-1150000; ;-1150000; ;-1150000; ;-1150000; ;-1150000; ;-1150000; ;-1150000;-1150000;-1150000;-1150000;-1150000;-1150000;-1150000;-1150000;-1150000;-1150000;-1150000;-1150000;-1150000;-1150000;-1150000;-47150000; 
MEF;20200619;IT0003934657;20370201;-57000000;;0;1140000; ;1140000; ;1140000; ;1140000; ;1140000; ;1140000; ;1140000; ;1140000; ;1140000; ;1140000; ;1140000;1140000;1140000;1140000;1140000;1140000;1140000;1140000;1140000;1140000;58140000; ; ; ; ; ; 
MEF;20200701;IT0004286966;20390801;1500000;;0;-37500; ;-37500; ;-37500; ;-37500; ;-37500; ;-37500; ;-37500; ;-37500; ;-37500; ;-37500; ;-37500;-37500;-37500;-37500;-37500;-37500;-37500;-37500;-37500;-37500;-37500;-37500;-37500;-37500;-37500;-1537500; 
MEF;20200702;IT0004286966;20390801;1000000;;0;-25000; ;-25000; ;-25000; ;-25000; ;-25000; ;-25000; ;-25000; ;-25000; ;-25000; ;-25000; ;-25000;-25000;-25000;-25000;-25000;-25000;-25000;-25000;-25000;-25000;-25000;-25000;-25000;-25000;-25000;-1025000; 
MEF;20200703;IT0004286966;20390801;73200000;;0;-1830000; ;-1830000; ;-1830000; ;-1830000; ;-1830000; ;-1830000; ;-1830000; ;-1830000; ;-1830000; ;-1830000; ;-1830000;-1830000;-1830000;-1830000;-1830000;-1830000;-1830000;-1830000;-1830000;-1830000;-1830000;-1830000;-1830000;-1830000;-1830000;-75030000; 
MEF;20200709;IT0004286966;20390801;1000000;;0;-25000; ;-25000; ;-25000; ;-25000; ;-25000; ;-25000; ;-25000; ;-25000; ;-25000; ;-25000; ;-25000;-25000;-25000;-25000;-25000;-25000;-25000;-25000;-25000;-25000;-25000;-25000;-25000;-25000;-25000;-1025000; 
MEF;20200710;IT0003256820;20330201;-7000000;;0;201250; ;201250; ;201250; ;201250; ;201250; ;201250; ;201250; ;201250; ;201250; ;201250; ;201250;201250;7201250; ; ; ; ; ; ; ; ; ; ; ; ; ; 
MEF;20200710;IT0003535157;20340801;-63300000;;0;1582500; ;1582500; ;1582500; ;1582500; ;1582500; ;1582500; ;1582500; ;1582500; ;1582500; ;1582500; ;1582500;1582500;1582500;1582500;1582500;64882500; ; ; ; ; ; ; ; ; ; ; 
MEF;20200710;IT0003535157;20340801;-8000000;;0;200000; ;200000; ;200000; ;200000; ;200000; ;200000; ;200000; ;200000; ;200000; ;200000; ;200000;200000;200000;200000;200000;8200000; ; ; ; ; ; ; ; ; ; ; 
MEF;20200710;IT0003934657;20370201;-14700000;;0;294000; ;294000; ;294000; ;294000; ;294000; ;294000; ;294000; ;294000; ;294000; ;294000; ;294000;294000;294000;294000;294000;294000;294000;294000;294000;294000;14994000; ; ; ; ; ; 
MEF;20200710;IT0003934657;20370201;-3000000;;0;60000; ;60000; ;60000; ;60000; ;60000; ;60000; ;60000; ;60000; ;60000; ;60000; ;60000;60000;60000;60000;60000;60000;60000;60000;60000;60000;3060000; ; ; ; ; ; 
MEF;20200714;IT0004286966;20390801;1000000;;0;-25000; ;-25000; ;-25000; ;-25000; ;-25000; ;-25000; ;-25000; ;-25000; ;-25000; ;-25000; ;-25000;-25000;-25000;-25000;-25000;-25000;-25000;-25000;-25000;-25000;-25000;-25000;-25000;-25000;-25000;-1025000; 
MEF;20200715;IT0003256820;20330201;-14000000;;0;402500; ;402500; ;402500; ;402500; ;402500; ;402500; ;402500; ;402500; ;402500; ;402500; ;402500;402500;14402500; ; ; ; ; ; ; ; ; ; ; ; ; ; 
MEF;20200715;IT0003934657;20370201;-1000000;;0;20000; ;20000; ;20000; ;20000; ;20000; ;20000; ;20000; ;20000; ;20000; ;20000; ;20000;20000;20000;20000;20000;20000;20000;20000;20000;20000;1020000; ; ; ; ; ; 
MEF;20200717;IT0003256820;20330201;15000000;;0;-431250; ;-431250; ;-431250; ;-431250; ;-431250; ;-431250; ;-431250; ;-431250; ;-431250; ;-431250; ;-431250;-431250;-15431250; ; ; ; ; ; ; ; ; ; ; ; ; ; 
MEF;20200717;IT0003934657;20370201;-22000000;;0;440000; ;440000; ;440000; ;440000; ;440000; ;440000; ;440000; ;440000; ;440000; ;440000; ;440000;440000;440000;440000;440000;440000;440000;440000;440000;440000;22440000; ; ; ; ; ; 
MEF;20200724;IT0003535157;20340801;-47800000;;0;1195000; ;1195000; ;1195000; ;1195000; ;1195000; ;1195000; ;1195000; ;1195000; ;1195000; ;1195000; ;1195000;1195000;1195000;1195000;1195000;48995000; ; ; ; ; ; ; ; ; ; ; 
MEF;20200724;IT0003934657;20370201;-1200000;;0;24000; ;24000; ;24000; ;24000; ;24000; ;24000; ;24000; ;24000; ;24000; ;24000; ;24000;24000;24000;24000;24000;24000;24000;24000;24000;24000;1224000; ; ; ; ; ; 
MEF;20200724;IT0004286966;20390801;118000000;;0;-2950000; ;-2950000; ;-2950000; ;-2950000; ;-2950000; ;-2950000; ;-2950000; ;-2950000; ;-2950000; ;-2950000; ;-2950000;-2950000;-2950000;-2950000;-2950000;-2950000;-2950000;-2950000;-2950000;-2950000;-2950000;-2950000;-2950000;-2950000;-2950000;-120950000; 
MEF;20200724;IT0004286966;20390801;48800000;;0;-1220000; ;-1220000; ;-1220000; ;-1220000; ;-1220000; ;-1220000; ;-1220000; ;-1220000; ;-1220000; ;-1220000; ;-1220000;-1220000;-1220000;-1220000;-1220000;-1220000;-1220000;-1220000;-1220000;-1220000;-1220000;-1220000;-1220000;-1220000;-1220000;-50020000; 
MEF;20200804;IT0003256820;20330201;-40000000;;0;1150000; ;1150000; ;1150000; ;1150000; ;1150000; ;1150000; ;1150000; ;1150000; ;1150000; ;1150000; ;1150000;1150000;41150000; ; ; ; ; ; ; ; ; ; ; ; ; ; 
MEF;20200804;IT0003535157;20340801;-1000000;;0;25000; ;25000; ;25000; ;25000; ;25000; ;25000; ;25000; ;25000; ;25000; ;25000; ;25000;25000;25000;25000;25000;1025000; ; ; ; ; ; ; ; ; ; ; 
MEF;20200804;IT0003934657;20370201;-87000000;;0;1740000; ;1740000; ;1740000; ;1740000; ;1740000; ;1740000; ;1740000; ;1740000; ;1740000; ;1740000; ;1740000;1740000;1740000;1740000;1740000;1740000;1740000;1740000;1740000;1740000;88740000; ; ; ; ; ; 
MEF;20200804;IT0004286966;20390801;-1000000;;0;25000; ;25000; ;25000; ;25000; ;25000; ;25000; ;25000; ;25000; ;25000; ;25000; ;25000;25000;25000;25000;25000;25000;25000;25000;25000;25000;25000;25000;25000;25000;25000;1025000; 
MEF;20200807;IT0004286966;20390801;1000000;;0;-25000; ;-25000; ;-25000; ;-25000; ;-25000; ;-25000; ;-25000; ;-25000; ;-25000; ;-25000; ;-25000;-25000;-25000;-25000;-25000;-25000;-25000;-25000;-25000;-25000;-25000;-25000;-25000;-25000;-25000;-1025000; 
MEF;20200814;IT0003535157;20340801;-1000000;;0;25000; ;25000; ;25000; ;25000; ;25000; ;25000; ;25000; ;25000; ;25000; ;25000; ;25000;25000;25000;25000;25000;1025000; ; ; ; ; ; ; ; ; ; ; 
MEF;20200914;IT0003256820;20330201;-6000000;;0;172500; ;172500; ;172500; ;172500; ;172500; ;172500; ;172500; ;172500; ;172500; ;172500; ;172500;172500;6172500; ; ; ; ; ; ; ; ; ; ; ; ; ; 
MEF;20200918;IT0003256820;20330201;-2100000;;0;60375; ;60375; ;60375; ;60375; ;60375; ;60375; ;60375; ;60375; ;60375; ;60375; ;60375;60375;2160375; ; ; ; ; ; ; ; ; ; ; ; ; ; 
MEF;20201001;IT0003535157;20340801;12000000;;0;-300000; ;-300000; ;-300000; ;-300000; ;-300000; ;-300000; ;-300000; ;-300000; ;-300000; ;-300000; ;-300000;-300000;-300000;-300000;-300000;-12300000; ; ; ; ; ; ; ; ; ; ; 
MEF;20201001;IT0003934657;20370201;2000000;;0;-40000; ;-40000; ;-40000; ;-40000; ;-40000; ;-40000; ;-40000; ;-40000; ;-40000; ;-40000; ;-40000;-40000;-40000;-40000;-40000;-40000;-40000;-40000;-40000;-40000;-2040000; ; ; ; ; ; 
MEF;20201001;IT0004286966;20390801;-13000000;;0;325000; ;325000; ;325000; ;325000; ;325000; ;325000; ;325000; ;325000; ;325000; ;325000; ;325000;325000;325000;325000;325000;325000;325000;325000;325000;325000;325000;325000;325000;325000;325000;13325000; 
MEF;20201012;IT0003256820;20330201;19000000;;0;-546250; ;-546250; ;-546250; ;-546250; ;-546250; ;-546250; ;-546250; ;-546250; ;-546250; ;-546250; ;-546250;-546250;-19546250; ; ; ; ; ; ; ; ; ; ; ; ; ; 
MEF;20201014;IT0003535157;20340801;-5000000;;0;125000; ;125000; ;125000; ;125000; ;125000; ;125000; ;125000; ;125000; ;125000; ;125000; ;125000;125000;125000;125000;125000;5125000; ; ; ; ; ; ; ; ; ; ; 
MEF;20201014;IT0003934657;20370201;-14000000;;0;280000; ;280000; ;280000; ;280000; ;280000; ;280000; ;280000; ;280000; ;280000; ;280000; ;280000;280000;280000;280000;280000;280000;280000;280000;280000;280000;14280000; ; ; ; ; ; 
MEF;20201014;IT0004286966;20390801;-6000000;;0;150000; ;150000; ;150000; ;150000; ;150000; ;150000; ;150000; ;150000; ;150000; ;150000; ;150000;150000;150000;150000;150000;150000;150000;150000;150000;150000;150000;150000;150000;150000;150000;6150000; 
MEF;20201117;IT0003256820;20330201;7000000;;0;-201250; ;-201250; ;-201250; ;-201250; ;-201250; ;-201250; ;-201250; ;-201250; ;-201250; ;-201250; ;-201250;-201250;-7201250; ; ; ; ; ; ; ; ; ; ; ; ; ; 
MEF;20201118;IT0004286966;20390801;-8000000;;0;200000; ;200000; ;200000; ;200000; ;200000; ;200000; ;200000; ;200000; ;200000; ;200000; ;200000;200000;200000;200000;200000;200000;200000;200000;200000;200000;200000;200000;200000;200000;200000;8200000; 
MEF;20201204;IT0004286966;20390801;-1000000;;0;25000; ;25000; ;25000; ;25000; ;25000; ;25000; ;25000; ;25000; ;25000; ;25000; ;25000;25000;25000;25000;25000;25000;25000;25000;25000;25000;25000;25000;25000;25000;25000;1025000; 
MEF;20201223;IT0004286966;20390801;2000000;;0;-50000; ;-50000; ;-50000; ;-50000; ;-50000; ;-50000; ;-50000; ;-50000; ;-50000; ;-50000; ;-50000;-50000;-50000;-50000;-50000;-50000;-50000;-50000;-50000;-50000;-50000;-50000;-50000;-50000;-50000;-2050000; 
MEF;20201224;IT0003535157;20340801;-2000000;;0;50000; ;50000; ;50000; ;50000; ;50000; ;50000; ;50000; ;50000; ;50000; ;50000; ;50000;50000;50000;50000;50000;2050000; ; ; ; ; ; ; ; ; ; ; 
MEF;20210119;IT0003535157;20340801;9000000;;0;-225000; ;-225000; ;-225000; ;-225000; ;-225000; ;-225000; ;-225000; ;-225000; ;-225000; ;-225000; ;-225000;-225000;-225000;-225000;-225000;-9225000; ; ; ; ; ; ; ; ; ; ; 
MEF;20210120;IT0003535157;20340801;5000000;;0;-125000; ;-125000; ;-125000; ;-125000; ;-125000; ;-125000; ;-125000; ;-125000; ;-125000; ;-125000; ;-125000;-125000;-125000;-125000;-125000;-5125000; ; ; ; ; ; ; ; ; ; ; 
MEF;20210121;IT0003256820;20330201;-12000000;;0;345000; ;345000; ;345000; ;345000; ;345000; ;345000; ;345000; ;345000; ;345000; ;345000; ;345000;345000;12345000; ; ; ; ; ; ; ; ; ; ; ; ; ; 
MEF;20210209;IT0003256820;20330201;30000000;;0;-862500; ;-862500; ;-862500; ;-862500; ;-862500; ;-862500; ;-862500; ;-862500; ;-862500; ;-862500; ;-862500;-862500;-30862500; ; ; ; ; ; ; ; ; ; ; ; ; ; 
MEF;20210212;IT0003256820;20330201;97000000;;0;-2788750; ;-2788750; ;-2788750; ;-2788750; ;-2788750; ;-2788750; ;-2788750; ;-2788750; ;-2788750; ;-2788750; ;-2788750;-2788750;-99788750; ; ; ; ; ; ; ; ; ; ; ; ; ; 
MEF;20210216;IT0003256820;20330201;15000000;;0;-431250; ;-431250; ;-431250; ;-431250; ;-431250; ;-431250; ;-431250; ;-431250; ;-431250; ;-431250; ;-431250;-431250;-15431250; ; ; ; ; ; ; ; ; ; ; ; ; ; 
MEF;20210329;IT0003934657;20370201;1000000;;0;-20000; ;-20000; ;-20000; ;-20000; ;-20000; ;-20000; ;-20000; ;-20000; ;-20000; ;-20000; ;-20000;-20000;-20000;-20000;-20000;-20000;-20000;-20000;-20000;-20000;-1020000; ; ; ; ; ; 
MEF;20210416;IT0003535157;20340801;-2000000;;0;50000; ;50000; ;50000; ;50000; ;50000; ;50000; ;50000; ;50000; ;50000; ;50000; ;50000;50000;50000;50000;50000;2050000; ; ; ; ; ; ; ; ; ; ; 
MEF;20210519;IT0003535157;20340801;-1000000;;0;25000; ;25000; ;25000; ;25000; ;25000; ;25000; ;25000; ;25000; ;25000; ;25000; ;25000;25000;25000;25000;25000;1025000; ; ; ; ; ; ; ; ; ; ; 
MEF;20210519;IT0003934657;20370201;-1000000;;0;20000; ;20000; ;20000; ;20000; ;20000; ;20000; ;20000; ;20000; ;20000; ;20000; ;20000;20000;20000;20000;20000;20000;20000;20000;20000;20000;1020000; ; ; ; ; ; 
MEF;20210519;IT0004286966;20390801;-1000000;;0;25000; ;25000; ;25000; ;25000; ;25000; ;25000; ;25000; ;25000; ;25000; ;25000; ;25000;25000;25000;25000;25000;25000;25000;25000;25000;25000;25000;25000;25000;25000;25000;1025000; 
MEF;20211112;IT0004286966;20390801;-1000000;;0;25000; ;25000; ;25000; ;25000; ;25000; ;25000; ;25000; ;25000; ;25000; ;25000; ;25000;25000;25000;25000;25000;25000;25000;25000;25000;25000;25000;25000;25000;25000;25000;1025000; 
MEF;20220113;IT0004286966;20390801;-1200000;;0;30000; ;30000; ;30000; ;30000; ;30000; ;30000; ;30000; ;30000; ;30000; ;30000; ;30000;30000;30000;30000;30000;30000;30000;30000;30000;30000;30000;30000;30000;30000;30000;1230000; 
MEF;20220209;IT0004286966;20390801;-8000000;;0;200000; ;200000; ;200000; ;200000; ;200000; ;200000; ;200000; ;200000; ;200000; ;200000; ;200000;200000;200000;200000;200000;200000;200000;200000;200000;200000;200000;200000;200000;200000;200000;8200000; 
MEF;20220216;IT0003535157;20340801;-26000000;;0;650000; ;650000; ;650000; ;650000; ;650000; ;650000; ;650000; ;650000; ;650000; ;650000; ;650000;650000;650000;650000;650000;26650000; ; ; ; ; ; ; ; ; ; ; 
MEF;20220217;IT0003256820;20330201;-10000000;;0;287500; ;287500; ;287500; ;287500; ;287500; ;287500; ;287500; ;287500; ;287500; ;287500; ;287500;287500;10287500; ; ; ; ; ; ; ; ; ; ; ; ; ; 
MEF;20220302;IT0003256820;20330201;1000000;;0;-28750; ;-28750; ;-28750; ;-28750; ;-28750; ;-28750; ;-28750; ;-28750; ;-28750; ;-28750; ;-28750;-28750;-1028750; ; ; ; ; ; ; ; ; ; ; ; ; ; 
MEF;20220308;IT0003535157;20340801;-25000000;;0;625000; ;625000; ;625000; ;625000; ;625000; ;625000; ;625000; ;625000; ;625000; ;625000; ;625000;625000;625000;625000;625000;25625000; ; ; ; ; ; ; ; ; ; ; 
MEF;20220408;IT0003535157;20340801;19000000;;0;-475000; ;-475000; ;-475000; ;-475000; ;-475000; ;-475000; ;-475000; ;-475000; ;-475000; ;-475000; ;-475000;-475000;-475000;-475000;-475000;-19475000; ; ; ; ; ; ; ; ; ; ; 
MEF;20220503;IT0003535157;20340801;7000000;;0;-175000; ;-175000; ;-175000; ;-175000; ;-175000; ;-175000; ;-175000; ;-175000; ;-175000; ;-175000; ;-175000;-175000;-175000;-175000;-175000;-7175000; ; ; ; ; ; ; ; ; ; ; 
MEF;20220509;IT0003256820;20330201;-8000000;;0;230000; ;230000; ;230000; ;230000; ;230000; ;230000; ;230000; ;230000; ;230000; ;230000; ;230000;230000;8230000; ; ; ; ; ; ; ; ; ; ; ; ; ; 
MEF;20220531;IT0003256820;20330201;-39000000;;0;1121250; ;1121250; ;1121250; ;1121250; ;1121250; ;1121250; ;1121250; ;1121250; ;1121250; ;1121250; ;1121250;1121250;40121250; ; ; ; ; ; ; ; ; ; ; ; ; ; 
MEF;20221025;IT0003535157;20340801;-1000000;;0;25000; ;25000; ;25000; ;25000; ;25000; ;25000; ;25000; ;25000; ;25000; ;25000; ;25000;25000;25000;25000;25000;1025000; ; ; ; ; ; ; ; ; ; ; 
MEF;20221206;IT0003256820;20330201;5000000;;0;-143750; ;-143750; ;-143750; ;-143750; ;-143750; ;-143750; ;-143750; ;-143750; ;-143750; ;-143750; ;-143750;-143750;-5143750; ; ; ; ; ; ; ; ; ; ; ; ; ; 
MEF;20221220;IT0003256820;20330201;14000000;;0;-402500; ;-402500; ;-402500; ;-402500; ;-402500; ;-402500; ;-402500; ;-402500; ;-402500; ;-402500; ;-402500;-402500;-14402500; ; ; ; ; ; ; ; ; ; ; ; ; ; 
MEF;20221222;IT0003256820;20330201;8000000;;0;-230000; ;-230000; ;-230000; ;-230000; ;-230000; ;-230000; ;-230000; ;-230000; ;-230000; ;-230000; ;-230000;-230000;-8230000; ; ; ; ; ; ; ; ; ; ; ; ; ; 
MEF;20221223;IT0003256820;20330201;1000000;;0;-28750; ;-28750; ;-28750; ;-28750; ;-28750; ;-28750; ;-28750; ;-28750; ;-28750; ;-28750; ;-28750;-28750;-1028750; ; ; ; ; ; ; ; ; ; ; ; ; ; 
MEF;20221228;IT0003256820;20330201;27000000;;0;-776250; ;-776250; ;-776250; ;-776250; ;-776250; ;-776250; ;-776250; ;-776250; ;-776250; ;-776250; ;-776250;-776250;-27776250; ; ; ; ; ; ; ; ; ; ; ; ; ; 
MEF;20221229;IT0003256820;20330201;1000000;;0;-28750; ;-28750; ;-28750; ;-28750; ;-28750; ;-28750; ;-28750; ;-28750; ;-28750; ;-28750; ;-28750;-28750;-1028750; ; ; ; ; ; ; ; ; ; ; ; ; ; 
MEF;20230105;IT0003256820;20330201;1000000;;0;-28750; ;-28750; ;-28750; ;-28750; ;-28750; ;-28750; ;-28750; ;-28750; ;-28750; ;-28750; ;-28750;-28750;-1028750; ; ; ; ; ; ; ; ; ; ; ; ; ; 
MEF;20230203;IT0003535157;20340801;-26000000;;0;650000; ;650000; ;650000; ;650000; ;650000; ;650000; ;650000; ;650000; ;650000; ;650000; ;650000;650000;650000;650000;650000;26650000; ; ; ; ; ; ; ; ; ; ; 
MEF;20230203;IT0005274805;20270801;10000000;;0;-102500; ;-10102500; ; ; ; ; ; ; ; ; ; ; ; ; ; ; ; ; ; ; ; ; ; ; ; ; ; ; ; ; ; ; ; ; ; 
MEF;20230208;IT0003256820;20330201;1000000;;0;-28750; ;-28750; ;-28750; ;-28750; ;-28750; ;-28750; ;-28750; ;-28750; ;-28750; ;-28750; ;-28750;-28750;-1028750; ; ; ; ; ; ; ; ; ; ; ; ; ; 
MEF;20230214;IT0005274805;20270801;-10000000;;0;102500; ;10102500; ; ; ; ; ; ; ; ; ; ; ; ; ; ; ; ; ; ; ; ; ; ; ; ; ; ; ; ; ; ; ; ; ; 
MEF;20230215;IT0003535157;20340801;-23600000;;0;590000; ;590000; ;590000; ;590000; ;590000; ;590000; ;590000; ;590000; ;590000; ;590000; ;590000;590000;590000;590000;590000;24190000; ; ; ; ; ; ; ; ; ; ; 
MEF;20230215;IT0005274805;20270801;49000000;;0;-502250; ;-49502250; ; ; ; ; ; ; ; ; ; ; ; ; ; ; ; ; ; ; ; ; ; ; ; ; ; ; ; ; ; ; ; ; ; 
MEF;20230223;IT0003535157;20340801;4000000;;0;-100000; ;-100000; ;-100000; ;-100000; ;-100000; ;-100000; ;-100000; ;-100000; ;-100000; ;-100000; ;-100000;-100000;-100000;-100000;-100000;-4100000; ; ; ; ; ; ; ; ; ; ; 
MEF;20230303;IT0003256820;20330201;7000000;;0;-201250; ;-201250; ;-201250; ;-201250; ;-201250; ;-201250; ;-201250; ;-201250; ;-201250; ;-201250; ;-201250;-201250;-7201250; ; ; ; ; ; ; ; ; ; ; ; ; ; 
MEF;20230306;IT0003256820;20330201;8000000;;0;-230000; ;-230000; ;-230000; ;-230000; ;-230000; ;-230000; ;-230000; ;-230000; ;-230000; ;-230000; ;-230000;-230000;-8230000; ; ; ; ; ; ; ; ; ; ; ; ; ; 
MEF;20230306;IT0005274805;20270801;-12000000;;0;123000; ;12123000; ; ; ; ; ; ; ; ; ; ; ; ; ; ; ; ; ; ; ; ; ; ; ; ; ; ; ; ; ; ; ; ; ; 
MEF;20230307;IT0003256820;20330201;5000000;;0;-143750; ;-143750; ;-143750; ;-143750; ;-143750; ;-143750; ;-143750; ;-143750; ;-143750; ;-143750; ;-143750;-143750;-5143750; ; ; ; ; ; ; ; ; ; ; ; ; ; 
MEF;20230308;IT0003256820;20330201;4000000;;0;-115000; ;-115000; ;-115000; ;-115000; ;-115000; ;-115000; ;-115000; ;-115000; ;-115000; ;-115000; ;-115000;-115000;-4115000; ; ; ; ; ; ; ; ; ; ; ; ; ; 
MEF;20230316;IT0003256820;20330201;4000000;;0;-115000; ;-115000; ;-115000; ;-115000; ;-115000; ;-115000; ;-115000; ;-115000; ;-115000; ;-115000; ;-115000;-115000;-4115000; ; ; ; ; ; ; ; ; ; ; ; ; ; 
MEF;20230317;IT0003256820;20330201;-20000000;;0;575000; ;575000; ;575000; ;575000; ;575000; ;575000; ;575000; ;575000; ;575000; ;575000; ;575000;575000;20575000; ; ; ; ; ; ; ; ; ; ; ; ; ; 
MEF;20230321;IT0003256820;20330201;3850000;;0;-110687.5; ;-110687.5; ;-110687.5; ;-110687.5; ;-110687.5; ;-110687.5; ;-110687.5; ;-110687.5; ;-110687.5; ;-110687.5; ;-110687.5;-110687.5;-3960687.5; ; ; ; ; ; ; ; ; ; ; ; ; ; 
MEF;20230321;IT0003256820;20330201;4000000;;0;-115000; ;-115000; ;-115000; ;-115000; ;-115000; ;-115000; ;-115000; ;-115000; ;-115000; ;-115000; ;-115000;-115000;-4115000; ; ; ; ; ; ; ; ; ; ; ; ; ; 
MEF;20230324;IT0003256820;20330201;2700000;;0;-77625; ;-77625; ;-77625; ;-77625; ;-77625; ;-77625; ;-77625; ;-77625; ;-77625; ;-77625; ;-77625;-77625;-2777625; ; ; ; ; ; ; ; ; ; ; ; ; ; 
MEF;20230412;IT0003535157;20340801;-1000000;;0;25000; ;25000; ;25000; ;25000; ;25000; ;25000; ;25000; ;25000; ;25000; ;25000; ;25000;25000;25000;25000;25000;1025000; ; ; ; ; ; ; ; ; ; ; 
MEF;20230412;IT0004286966;20390801;200000;;0;-5000; ;-5000; ;-5000; ;-5000; ;-5000; ;-5000; ;-5000; ;-5000; ;-5000; ;-5000; ;-5000;-5000;-5000;-5000;-5000;-5000;-5000;-5000;-5000;-5000;-5000;-5000;-5000;-5000;-5000;-205000; 
MEF;20230414;IT0004286966;20390801;1800000;;0;-45000; ;-45000; ;-45000; ;-45000; ;-45000; ;-45000; ;-45000; ;-45000; ;-45000; ;-45000; ;-45000;-45000;-45000;-45000;-45000;-45000;-45000;-45000;-45000;-45000;-45000;-45000;-45000;-45000;-45000;-1845000; 
MEF;20230418;IT0004286966;20390801;1000000;;0;-25000; ;-25000; ;-25000; ;-25000; ;-25000; ;-25000; ;-25000; ;-25000; ;-25000; ;-25000; ;-25000;-25000;-25000;-25000;-25000;-25000;-25000;-25000;-25000;-25000;-25000;-25000;-25000;-25000;-25000;-1025000; 
MEF;20230419;IT0003256820;20330201;8000000;;0;-230000; ;-230000; ;-230000; ;-230000; ;-230000; ;-230000; ;-230000; ;-230000; ;-230000; ;-230000; ;-230000;-230000;-8230000; ; ; ; ; ; ; ; ; ; ; ; ; ; 
MEF;20230420;IT0003934657;20370201;19000000;;0;-380000; ;-380000; ;-380000; ;-380000; ;-380000; ;-380000; ;-380000; ;-380000; ;-380000; ;-380000; ;-380000;-380000;-380000;-380000;-380000;-380000;-380000;-380000;-380000;-380000;-19380000; ; ; ; ; ; 
MEF;20230420;IT0004286966;20390801;1000000;;0;-25000; ;-25000; ;-25000; ;-25000; ;-25000; ;-25000; ;-25000; ;-25000; ;-25000; ;-25000; ;-25000;-25000;-25000;-25000;-25000;-25000;-25000;-25000;-25000;-25000;-25000;-25000;-25000;-25000;-25000;-1025000; 
MEF;20230421;IT0003256820;20330201;5000000;;0;-143750; ;-143750; ;-143750; ;-143750; ;-143750; ;-143750; ;-143750; ;-143750; ;-143750; ;-143750; ;-143750;-143750;-5143750; ; ; ; ; ; ; ; ; ; ; ; ; ; 
MEF;20230424;IT0003256820;20330201;3000000;;0;-86250; ;-86250; ;-86250; ;-86250; ;-86250; ;-86250; ;-86250; ;-86250; ;-86250; ;-86250; ;-86250;-86250;-3086250; ; ; ; ; ; ; ; ; ; ; ; ; ; 
MEF;20230425;IT0004286966;20390801;-9000000;;0;225000; ;225000; ;225000; ;225000; ;225000; ;225000; ;225000; ;225000; ;225000; ;225000; ;225000;225000;225000;225000;225000;225000;225000;225000;225000;225000;225000;225000;225000;225000;225000;9225000; 
MEF;20230502;IT0003535157;20340801;5900000;;0;-147500; ;-147500; ;-147500; ;-147500; ;-147500; ;-147500; ;-147500; ;-147500; ;-147500; ;-147500; ;-147500;-147500;-147500;-147500;-147500;-6047500; ; ; ; ; ; ; ; ; ; ; 
MEF;20230503;IT0003256820;20330201;-75000000;;0;2156250; ;2156250; ;2156250; ;2156250; ;2156250; ;2156250; ;2156250; ;2156250; ;2156250; ;2156250; ;2156250;2156250;77156250; ; ; ; ; ; ; ; ; ; ; ; ; ; 
MEF;20230503;IT0003256820;20330201;5000000;;0;-143750; ;-143750; ;-143750; ;-143750; ;-143750; ;-143750; ;-143750; ;-143750; ;-143750; ;-143750; ;-143750;-143750;-5143750; ; ; ; ; ; ; ; ; ; ; ; ; ; 
MEF;20230503;IT0004286966;20390801;2000000;;0;-50000; ;-50000; ;-50000; ;-50000; ;-50000; ;-50000; ;-50000; ;-50000; ;-50000; ;-50000; ;-50000;-50000;-50000;-50000;-50000;-50000;-50000;-50000;-50000;-50000;-50000;-50000;-50000;-50000;-50000;-2050000; 
MEF;20230508;IT0003256820;20330201;3000000;;0;-86250; ;-86250; ;-86250; ;-86250; ;-86250; ;-86250; ;-86250; ;-86250; ;-86250; ;-86250; ;-86250;-86250;-3086250; ; ; ; ; ; ; ; ; ; ; ; ; ; 
MEF;20230516;IT0003256820;20330201;-16000000;;0;460000; ;460000; ;460000; ;460000; ;460000; ;460000; ;460000; ;460000; ;460000; ;460000; ;460000;460000;16460000; ; ; ; ; ; ; ; ; ; ; ; ; ; 
MEF;20230522;IT0003256820;20330201;-5000000;;0;143750; ;143750; ;143750; ;143750; ;143750; ;143750; ;143750; ;143750; ;143750; ;143750; ;143750;143750;5143750; ; ; ; ; ; ; ; ; ; ; ; ; ; 
MEF;20230522;IT0003256820;20330201;180000;;0;-5175; ;-5175; ;-5175; ;-5175; ;-5175; ;-5175; ;-5175; ;-5175; ;-5175; ;-5175; ;-5175;-5175;-185175; ; ; ; ; ; ; ; ; ; ; ; ; ; 
MEF;20230522;IT0003934657;20370201;-7000000;;0;140000; ;140000; ;140000; ;140000; ;140000; ;140000; ;140000; ;140000; ;140000; ;140000; ;140000;140000;140000;140000;140000;140000;140000;140000;140000;140000;7140000; ; ; ; ; ; 
MEF;20230523;IT0003256820;20330201;1250000;;0;-35937.5; ;-35937.5; ;-35937.5; ;-35937.5; ;-35937.5; ;-35937.5; ;-35937.5; ;-35937.5; ;-35937.5; ;-35937.5; ;-35937.5;-35937.5;-1285937.5; ; ; ; ; ; ; ; ; ; ; ; ; ; 
MEF;20230526;IT0003256820;20330201;250000;;0;-7187.5; ;-7187.5; ;-7187.5; ;-7187.5; ;-7187.5; ;-7187.5; ;-7187.5; ;-7187.5; ;-7187.5; ;-7187.5; ;-7187.5;-7187.5;-257187.5; ; ; ; ; ; ; ; ; ; ; ; ; ; 
MEF;20230612;IT0003535157;20340801;1000000;;0;-25000; ;-25000; ;-25000; ;-25000; ;-25000; ;-25000; ;-25000; ;-25000; ;-25000; ;-25000; ;-25000;-25000;-25000;-25000;-25000;-1025000; ; ; ; ; ; ; ; ; ; ; 
MEF;20230619;IT0003256820;20330201;500000;;0;-14375; ;-14375; ;-14375; ;-14375; ;-14375; ;-14375; ;-14375; ;-14375; ;-14375; ;-14375; ;-14375;-14375;-514375; ; ; ; ; ; ; ; ; ; ; ; ; ; 
MEF;20230622;IT0004286966;20390801;3000000;;0;-75000; ;-75000; ;-75000; ;-75000; ;-75000; ;-75000; ;-75000; ;-75000; ;-75000; ;-75000; ;-75000;-75000;-75000;-75000;-75000;-75000;-75000;-75000;-75000;-75000;-75000;-75000;-75000;-75000;-75000;-3075000; 
MEF;20230627;IT0003256820;20330201;-7000000;;0;201250; ;201250; ;201250; ;201250; ;201250; ;201250; ;201250; ;201250; ;201250; ;201250; ;201250;201250;7201250; ; ; ; ; ; ; ; ; ; ; ; ; ; 
MEF;20230627;IT0003934657;20370201;-1000000;;0;20000; ;20000; ;20000; ;20000; ;20000; ;20000; ;20000; ;20000; ;20000; ;20000; ;20000;20000;20000;20000;20000;20000;20000;20000;20000;20000;1020000; ; ; ; ; ; 
MEF;20230713;IT0004286966;20390801;5000000;;0;-125000; ;-125000; ;-125000; ;-125000; ;-125000; ;-125000; ;-125000; ;-125000; ;-125000; ;-125000; ;-125000;-125000;-125000;-125000;-125000;-125000;-125000;-125000;-125000;-125000;-125000;-125000;-125000;-125000;-125000;-5125000; 
MEF;20230802;IT0004286966;20390801;5000000;;0;-125000; ;-125000; ;-125000; ;-125000; ;-125000; ;-125000; ;-125000; ;-125000; ;-125000; ;-125000; ;-125000;-125000;-125000;-125000;-125000;-125000;-125000;-125000;-125000;-125000;-125000;-125000;-125000;-125000;-125000;-5125000; 
MEF;20230803;IT0003934657;20370201;-1550000;;0;31000; ;31000; ;31000; ;31000; ;31000; ;31000; ;31000; ;31000; ;31000; ;31000; ;31000;31000;31000;31000;31000;31000;31000;31000;31000;31000;1581000; ; ; ; ; ; 
MEF;20230817;IT0003535157;20340801;-29000000;;0;725000; ;725000; ;725000; ;725000; ;725000; ;725000; ;725000; ;725000; ;725000; ;725000; ;725000;725000;725000;725000;725000;29725000; ; ; ; ; ; ; ; ; ; ; 
MEF;20230817;IT0004286966;20390801;5000000;;0;-125000; ;-125000; ;-125000; ;-125000; ;-125000; ;-125000; ;-125000; ;-125000; ;-125000; ;-125000; ;-125000;-125000;-125000;-125000;-125000;-125000;-125000;-125000;-125000;-125000;-125000;-125000;-125000;-125000;-125000;-5125000; 
MEF;20230818;IT0004286966;20390801;2000000;;0;-50000; ;-50000; ;-50000; ;-50000; ;-50000; ;-50000; ;-50000; ;-50000; ;-50000; ;-50000; ;-50000;-50000;-50000;-50000;-50000;-50000;-50000;-50000;-50000;-50000;-50000;-50000;-50000;-50000;-50000;-2050000; 
MEF;20230828;IT0004286966;20390801;3000000;;0;-75000; ;-75000; ;-75000; ;-75000; ;-75000; ;-75000; ;-75000; ;-75000; ;-75000; ;-75000; ;-75000;-75000;-75000;-75000;-75000;-75000;-75000;-75000;-75000;-75000;-75000;-75000;-75000;-75000;-75000;-3075000; 
MEF;20230912;IT0005548315;20280801;1000000;;0;-19000; ;-19000; ;-19000; ;-1019000; ; ; ; ; ; ; ; ; ; ; ; ; ; ; ; ; ; ; ; ; ; ; ; ; ; ; ; ; ; 
MEF;20230913;IT0003256820;20330201;100000;;0;-2875; ;-2875; ;-2875; ;-2875; ;-2875; ;-2875; ;-2875; ;-2875; ;-2875; ;-2875; ;-2875;-2875;-102875; ; ; ; ; ; ; ; ; ; ; ; ; ; 
MEF;20230918;IT0004286966;20390801;3000000;;0;-75000; ;-75000; ;-75000; ;-75000; ;-75000; ;-75000; ;-75000; ;-75000; ;-75000; ;-75000; ;-75000;-75000;-75000;-75000;-75000;-75000;-75000;-75000;-75000;-75000;-75000;-75000;-75000;-75000;-75000;-3075000; 
MEF;20230921;IT0003256820;20330201;-1000000;;0;28750; ;28750; ;28750; ;28750; ;28750; ;28750; ;28750; ;28750; ;28750; ;28750; ;28750;28750;1028750; ; ; ; ; ; ; ; ; ; ; ; ; ; 
MEF;20230921;IT0003535157;20340801;-1000000;;0;25000; ;25000; ;25000; ;25000; ;25000; ;25000; ;25000; ;25000; ;25000; ;25000; ;25000;25000;25000;25000;25000;1025000; ; ; ; ; ; ; ; ; ; ; 
MEF;20230921;IT0003535157;20340801;1000000;;0;-25000; ;-25000; ;-25000; ;-25000; ;-25000; ;-25000; ;-25000; ;-25000; ;-25000; ;-25000; ;-25000;-25000;-25000;-25000;-25000;-1025000; ; ; ; ; ; ; ; ; ; ; 
MEF;20230921;IT0004286966;20390801;2000000;;0;-50000; ;-50000; ;-50000; ;-50000; ;-50000; ;-50000; ;-50000; ;-50000; ;-50000; ;-50000; ;-50000;-50000;-50000;-50000;-50000;-50000;-50000;-50000;-50000;-50000;-50000;-50000;-50000;-50000;-50000;-2050000; 
MEF;20230921;IT0005274805;20270801;-4000000;;0;41000; ;4041000; ; ; ; ; ; ; ; ; ; ; ; ; ; ; ; ; ; ; ; ; ; ; ; ; ; ; ; ; ; ; ; ; ; 
MEF;20230927;IT0003256820;20330201;150000;;0;-4312.5; ;-4312.5; ;-4312.5; ;-4312.5; ;-4312.5; ;-4312.5; ;-4312.5; ;-4312.5; ;-4312.5; ;-4312.5; ;-4312.5;-4312.5;-154312.5; ; ; ; ; ; ; ; ; ; ; ; ; ; 
MEF;20230927;IT0004286966;20390801;3000000;;0;-75000; ;-75000; ;-75000; ;-75000; ;-75000; ;-75000; ;-75000; ;-75000; ;-75000; ;-75000; ;-75000;-75000;-75000;-75000;-75000;-75000;-75000;-75000;-75000;-75000;-75000;-75000;-75000;-75000;-75000;-3075000; 
MEF;20231004;IT0003256820;20330201;100000;;0;-2875; ;-2875; ;-2875; ;-2875; ;-2875; ;-2875; ;-2875; ;-2875; ;-2875; ;-2875; ;-2875;-2875;-102875; ; ; ; ; ; ; ; ; ; ; ; ; ; 
MEF;20231005;IT0003256820;20330201;100000;;0;-2875; ;-2875; ;-2875; ;-2875; ;-2875; ;-2875; ;-2875; ;-2875; ;-2875; ;-2875; ;-2875;-2875;-102875; ; ; ; ; ; ; ; ; ; ; ; ; ; 
MEF;20231006;IT0004286966;20390801;-9725000;;0;243125; ;243125; ;243125; ;243125; ;243125; ;243125; ;243125; ;243125; ;243125; ;243125; ;243125;243125;243125;243125;243125;243125;243125;243125;243125;243125;243125;243125;243125;243125;243125;9968125; 
MEF;20231009;IT0003256820;20330201;1000000;;0;-28750; ;-28750; ;-28750; ;-28750; ;-28750; ;-28750; ;-28750; ;-28750; ;-28750; ;-28750; ;-28750;-28750;-1028750; ; ; ; ; ; ; ; ; ; ; ; ; ; 
MEF;20231019;IT0003256820;20330201;1000000;;0;-28750; ;-28750; ;-28750; ;-28750; ;-28750; ;-28750; ;-28750; ;-28750; ;-28750; ;-28750; ;-28750;-28750;-1028750; ; ; ; ; ; ; ; ; ; ; ; ; ; 
MEF;20231020;IT0004286966;20390801;5000000;;0;-125000; ;-125000; ;-125000; ;-125000; ;-125000; ;-125000; ;-125000; ;-125000; ;-125000; ;-125000; ;-125000;-125000;-125000;-125000;-125000;-125000;-125000;-125000;-125000;-125000;-125000;-125000;-125000;-125000;-125000;-5125000; 
MEF;20231023;IT0003535157;20340801;-3200000;;0;80000; ;80000; ;80000; ;80000; ;80000; ;80000; ;80000; ;80000; ;80000; ;80000; ;80000;80000;80000;80000;80000;3280000; ; ; ; ; ; ; ; ; ; ; 
MEF;20231025;IT0003535157;20340801;1000000;;0;-25000; ;-25000; ;-25000; ;-25000; ;-25000; ;-25000; ;-25000; ;-25000; ;-25000; ;-25000; ;-25000;-25000;-25000;-25000;-25000;-1025000; ; ; ; ; ; ; ; ; ; ; 
MEF;20231026;IT0004286966;20390801;-24000000;;0;600000; ;600000; ;600000; ;600000; ;600000; ;600000; ;600000; ;600000; ;600000; ;600000; ;600000;600000;600000;600000;600000;600000;600000;600000;600000;600000;600000;600000;600000;600000;600000;24600000; 
MEF;20231026;IT0005274805;20270801;-1000000;;0;10250; ;1010250; ; ; ; ; ; ; ; ; ; ; ; ; ; ; ; ; ; ; ; ; ; ; ; ; ; ; ; ; ; ; ; ; ; 
MEF;20231030;IT0004286966;20390801;2500000;;0;-62500; ;-62500; ;-62500; ;-62500; ;-62500; ;-62500; ;-62500; ;-62500; ;-62500; ;-62500; ;-62500;-62500;-62500;-62500;-62500;-62500;-62500;-62500;-62500;-62500;-62500;-62500;-62500;-62500;-62500;-2562500; 
MEF;20231102;IT0003256820;20330201;350000;;0;-10062.5; ;-10062.5; ;-10062.5; ;-10062.5; ;-10062.5; ;-10062.5; ;-10062.5; ;-10062.5; ;-10062.5; ;-10062.5; ;-10062.5;-10062.5;-360062.5; ; ; ; ; ; ; ; ; ; ; ; ; ; 
MEF;20231106;IT0003256820;20330201;500000;;0;-14375; ;-14375; ;-14375; ;-14375; ;-14375; ;-14375; ;-14375; ;-14375; ;-14375; ;-14375; ;-14375;-14375;-514375; ; ; ; ; ; ; ; ; ; ; ; ; ; 
MEF;20231109;IT0003256820;20330201;1000000;;0;-28750; ;-28750; ;-28750; ;-28750; ;-28750; ;-28750; ;-28750; ;-28750; ;-28750; ;-28750; ;-28750;-28750;-1028750; ; ; ; ; ; ; ; ; ; ; ; ; ; 
MEF;20231110;IT0003934657;20370201;-3000000;;0;60000; ;60000; ;60000; ;60000; ;60000; ;60000; ;60000; ;60000; ;60000; ;60000; ;60000;60000;60000;60000;60000;60000;60000;60000;60000;60000;3060000; ; ; ; ; ; 
MEF;20231110;IT0004286966;20390801;-14000000;;0;350000; ;350000; ;350000; ;350000; ;350000; ;350000; ;350000; ;350000; ;350000; ;350000; ;350000;350000;350000;350000;350000;350000;350000;350000;350000;350000;350000;350000;350000;350000;350000;14350000; 
MEF;20231113;IT0003256820;20330201;225000;;0;-6468.75; ;-6468.75; ;-6468.75; ;-6468.75; ;-6468.75; ;-6468.75; ;-6468.75; ;-6468.75; ;-6468.75; ;-6468.75; ;-6468.75;-6468.75;-231468.75; ; ; ; ; ; ; ; ; ; ; ; ; ; 
MEF;20231116;IT0003256820;20330201;100000;;0;-2875; ;-2875; ;-2875; ;-2875; ;-2875; ;-2875; ;-2875; ;-2875; ;-2875; ;-2875; ;-2875;-2875;-102875; ; ; ; ; ; ; ; ; ; ; ; ; ; 
MEF;20231116;IT0005548315;20280801;10000000;;0;-190000; ;-190000; ;-190000; ;-10190000; ; ; ; ; ; ; ; ; ; ; ; ; ; ; ; ; ; ; ; ; ; ; ; ; ; ; ; ; ; 
MEF;20231117;IT0004286966;20390801;2000000;;0;-50000; ;-50000; ;-50000; ;-50000; ;-50000; ;-50000; ;-50000; ;-50000; ;-50000; ;-50000; ;-50000;-50000;-50000;-50000;-50000;-50000;-50000;-50000;-50000;-50000;-50000;-50000;-50000;-50000;-50000;-2050000; 
MEF;20231117;IT0005548315;20280801;3500000;;0;-66500; ;-66500; ;-66500; ;-3566500; ; ; ; ; ; ; ; ; ; ; ; ; ; ; ; ; ; ; ; ; ; ; ; ; ; ; ; ; ; 
MEF;20231120;IT0004286966;20390801;2000000;;0;-50000; ;-50000; ;-50000; ;-50000; ;-50000; ;-50000; ;-50000; ;-50000; ;-50000; ;-50000; ;-50000;-50000;-50000;-50000;-50000;-50000;-50000;-50000;-50000;-50000;-50000;-50000;-50000;-50000;-50000;-2050000; 
MEF;20231120;IT0005548315;20280801;1000000;;0;-19000; ;-19000; ;-19000; ;-1019000; ; ; ; ; ; ; ; ; ; ; ; ; ; ; ; ; ; ; ; ; ; ; ; ; ; ; ; ; ; 
MEF;20231122;IT0005548315;20280801;18000000;;0;-342000; ;-342000; ;-342000; ;-18342000; ; ; ; ; ; ; ; ; ; ; ; ; ; ; ; ; ; ; ; ; ; ; ; ; ; ; ; ; ; 
MEF;20231123;IT0005548315;20280801;7000000;;0;-133000; ;-133000; ;-133000; ;-7133000; ; ; ; ; ; ; ; ; ; ; ; ; ; ; ; ; ; ; ; ; ; ; ; ; ; ; ; ; ; 
MEF;20231124;IT0005548315;20280801;5200000;;0;-98800; ;-98800; ;-98800; ;-5298800; ; ; ; ; ; ; ; ; ; ; ; ; ; ; ; ; ; ; ; ; ; ; ; ; ; ; ; ; ; 
MEF;20231127;IT0004286966;20390801;2000000;;0;-50000; ;-50000; ;-50000; ;-50000; ;-50000; ;-50000; ;-50000; ;-50000; ;-50000; ;-50000; ;-50000;-50000;-50000;-50000;-50000;-50000;-50000;-50000;-50000;-50000;-50000;-50000;-50000;-50000;-50000;-2050000; 
MEF;20231128;IT0003256820;20330201;200000;;0;-5750; ;-5750; ;-5750; ;-5750; ;-5750; ;-5750; ;-5750; ;-5750; ;-5750; ;-5750; ;-5750;-5750;-205750; ; ; ; ; ; ; ; ; ; ; ; ; ; 
MEF;20231129;IT0005548315;20280801;11800000;;0;-224200; ;-224200; ;-224200; ;-12024200; ; ; ; ; ; ; ; ; ; ; ; ; ; ; ; ; ; ; ; ; ; ; ; ; ; ; ; ; ; 
MEF;20231129;IT0005548315;20280801;16000000;;0;-304000; ;-304000; ;-304000; ;-16304000; ; ; ; ; ; ; ; ; ; ; ; ; ; ; ; ; ; ; ; ; ; ; ; ; ; ; ; ; ; 
MEF;20231130;IT0003256820;20330201;100000;;0;-2875; ;-2875; ;-2875; ;-2875; ;-2875; ;-2875; ;-2875; ;-2875; ;-2875; ;-2875; ;-2875;-2875;-102875; ; ; ; ; ; ; ; ; ; ; ; ; ; 
MEF;20231130;IT0005548315;20280801;6000000;;0;-114000; ;-114000; ;-114000; ;-6114000; ; ; ; ; ; ; ; ; ; ; ; ; ; ; ; ; ; ; ; ; ; ; ; ; ; ; ; ; ; 
MEF;20231204;IT0004286966;20390801;1500000;;0;-37500; ;-37500; ;-37500; ;-37500; ;-37500; ;-37500; ;-37500; ;-37500; ;-37500; ;-37500; ;-37500;-37500;-37500;-37500;-37500;-37500;-37500;-37500;-37500;-37500;-37500;-37500;-37500;-37500;-37500;-1537500; 
MEF;20231206;IT0003535157;20340801;1000000;;0;-25000; ;-25000; ;-25000; ;-25000; ;-25000; ;-25000; ;-25000; ;-25000; ;-25000; ;-25000; ;-25000;-25000;-25000;-25000;-25000;-1025000; ; ; ; ; ; ; ; ; ; ; 
MEF;20231207;IT0003256820;20330201;1000000;;0;-28750; ;-28750; ;-28750; ;-28750; ;-28750; ;-28750; ;-28750; ;-28750; ;-28750; ;-28750; ;-28750;-28750;-1028750; ; ; ; ; ; ; ; ; ; ; ; ; ; 
MEF;20231208;IT0003256820;20330201;500000;;0;-14375; ;-14375; ;-14375; ;-14375; ;-14375; ;-14375; ;-14375; ;-14375; ;-14375; ;-14375; ;-14375;-14375;-514375; ; ; ; ; ; ; ; ; ; ; ; ; ; 
MEF;20231208;IT0004286966;20390801;5000000;;0;-125000; ;-125000; ;-125000; ;-125000; ;-125000; ;-125000; ;-125000; ;-125000; ;-125000; ;-125000; ;-125000;-125000;-125000;-125000;-125000;-125000;-125000;-125000;-125000;-125000;-125000;-125000;-125000;-125000;-125000;-5125000; 
MEF;20231211;IT0005274805;20270801;-1200000;;0;12300; ;1212300; ; ; ; ; ; ; ; ; ; ; ; ; ; ; ; ; ; ; ; ; ; ; ; ; ; ; ; ; ; ; ; ; ; 
MEF;20231212;IT0003256820;20330201;-3500000;;0;100625; ;100625; ;100625; ;100625; ;100625; ;100625; ;100625; ;100625; ;100625; ;100625; ;100625;100625;3600625; ; ; ; ; ; ; ; ; ; ; ; ; ; 
MEF;20231212;IT0003934657;20370201;-2000000;;0;40000; ;40000; ;40000; ;40000; ;40000; ;40000; ;40000; ;40000; ;40000; ;40000; ;40000;40000;40000;40000;40000;40000;40000;40000;40000;40000;2040000; ; ; ; ; ; 
MEF;20231220;IT0004286966;20390801;1000000;;0;-25000; ;-25000; ;-25000; ;-25000; ;-25000; ;-25000; ;-25000; ;-25000; ;-25000; ;-25000; ;-25000;-25000;-25000;-25000;-25000;-25000;-25000;-25000;-25000;-25000;-25000;-25000;-25000;-25000;-25000;-1025000; 
MEF;20231227;IT0003535157;20340801;-2000000;;0;50000; ;50000; ;50000; ;50000; ;50000; ;50000; ;50000; ;50000; ;50000; ;50000; ;50000;50000;50000;50000;50000;2050000; ; ; ; ; ; ; ; ; ; ; 
MEF;20231227;IT0004286966;20390801;1000000;;0;-25000; ;-25000; ;-25000; ;-25000; ;-25000; ;-25000; ;-25000; ;-25000; ;-25000; ;-25000; ;-25000;-25000;-25000;-25000;-25000;-25000;-25000;-25000;-25000;-25000;-25000;-25000;-25000;-25000;-25000;-1025000; 
MEF;20240116;IT0005274805;20270801;-3000000;;0;30750; ;3030750; ; ; ; ; ; ; ; ; ; ; ; ; ; ; ; ; ; ; ; ; ; ; ; ; ; ; ; ; ; ; ; ; ; 
MEF;20240119;IT0004286966;20390801;1800000;;0;-45000; ;-45000; ;-45000; ;-45000; ;-45000; ;-45000; ;-45000; ;-45000; ;-45000; ;-45000; ;-45000;-45000;-45000;-45000;-45000;-45000;-45000;-45000;-45000;-45000;-45000;-45000;-45000;-45000;-45000;-1845000; 
MEF;20240124;IT0004286966;20390801;650000;;0;-16250; ;-16250; ;-16250; ;-16250; ;-16250; ;-16250; ;-16250; ;-16250; ;-16250; ;-16250; ;-16250;-16250;-16250;-16250;-16250;-16250;-16250;-16250;-16250;-16250;-16250;-16250;-16250;-16250;-16250;-666250; 
MEF;20240202;IT0003934657;20370201;-17000000;;0;340000; ;340000; ;340000; ;340000; ;340000; ;340000; ;340000; ;340000; ;340000; ;340000; ;340000;340000;340000;340000;340000;340000;340000;340000;340000;340000;17340000; ; ; ; ; ; 
MEF;20240202;IT0003934657;20370201;1000000;;0;-20000; ;-20000; ;-20000; ;-20000; ;-20000; ;-20000; ;-20000; ;-20000; ;-20000; ;-20000; ;-20000;-20000;-20000;-20000;-20000;-20000;-20000;-20000;-20000;-20000;-1020000; ; ; ; ; ; 
MEF;20240202;IT0004286966;20390801;1000000;;0;-25000; ;-25000; ;-25000; ;-25000; ;-25000; ;-25000; ;-25000; ;-25000; ;-25000; ;-25000; ;-25000;-25000;-25000;-25000;-25000;-25000;-25000;-25000;-25000;-25000;-25000;-25000;-25000;-25000;-25000;-1025000; 
MEF;20240202;IT0004286966;20390801;1500000;;0;-37500; ;-37500; ;-37500; ;-37500; ;-37500; ;-37500; ;-37500; ;-37500; ;-37500; ;-37500; ;-37500;-37500;-37500;-37500;-37500;-37500;-37500;-37500;-37500;-37500;-37500;-37500;-37500;-37500;-37500;-1537500; 
MEF;20240202;IT0004286966;20390801;2000000;;0;-50000; ;-50000; ;-50000; ;-50000; ;-50000; ;-50000; ;-50000; ;-50000; ;-50000; ;-50000; ;-50000;-50000;-50000;-50000;-50000;-50000;-50000;-50000;-50000;-50000;-50000;-50000;-50000;-50000;-50000;-2050000; 
MEF;20240202;IT0004286966;20390801;29000000;;0;-725000; ;-725000; ;-725000; ;-725000; ;-725000; ;-725000; ;-725000; ;-725000; ;-725000; ;-725000; ;-725000;-725000;-725000;-725000;-725000;-725000;-725000;-725000;-725000;-725000;-725000;-725000;-725000;-725000;-725000;-29725000; 
MEF;20240205;IT0003256820;20330201;1000000;;0;-28750; ;-28750; ;-28750; ;-28750; ;-28750; ;-28750; ;-28750; ;-28750; ;-28750; ;-28750; ;-28750;-28750;-1028750; ; ; ; ; ; ; ; ; ; ; ; ; ; 
MEF;20240205;IT0003535157;20340801;1000000;;0;-25000; ;-25000; ;-25000; ;-25000; ;-25000; ;-25000; ;-25000; ;-25000; ;-25000; ;-25000; ;-25000;-25000;-25000;-25000;-25000;-1025000; ; ; ; ; ; ; ; ; ; ; 
MEF;20240205;IT0003934657;20370201;1000000;;0;-20000; ;-20000; ;-20000; ;-20000; ;-20000; ;-20000; ;-20000; ;-20000; ;-20000; ;-20000; ;-20000;-20000;-20000;-20000;-20000;-20000;-20000;-20000;-20000;-20000;-1020000; ; ; ; ; ; 
MEF;20240209;IT0003256820;20330201;-1200000;;0;34500; ;34500; ;34500; ;34500; ;34500; ;34500; ;34500; ;34500; ;34500; ;34500; ;34500;34500;1234500; ; ; ; ; ; ; ; ; ; ; ; ; ; 
MEF;20240209;IT0003256820;20330201;-900000;;0;25875; ;25875; ;25875; ;25875; ;25875; ;25875; ;25875; ;25875; ;25875; ;25875; ;25875;25875;925875; ; ; ; ; ; ; ; ; ; ; ; ; ; 
MEF;20240209;IT0003535157;20340801;-4000000;;0;100000; ;100000; ;100000; ;100000; ;100000; ;100000; ;100000; ;100000; ;100000; ;100000; ;100000;100000;100000;100000;100000;4100000; ; ; ; ; ; ; ; ; ; ; 
MEF;20240209;IT0003934657;20370201;-3300000;;0;66000; ;66000; ;66000; ;66000; ;66000; ;66000; ;66000; ;66000; ;66000; ;66000; ;66000;66000;66000;66000;66000;66000;66000;66000;66000;66000;3366000; ; ; ; ; ; 
MEF;20240212;IT0004286966;20390801;-9700000;;0;242500; ;242500; ;242500; ;242500; ;242500; ;242500; ;242500; ;242500; ;242500; ;242500; ;242500;242500;242500;242500;242500;242500;242500;242500;242500;242500;242500;242500;242500;242500;242500;9942500; 
MEF;20240226;IT0004286966;20390801;-1000000;;0;25000; ;25000; ;25000; ;25000; ;25000; ;25000; ;25000; ;25000; ;25000; ;25000; ;25000;25000;25000;25000;25000;25000;25000;25000;25000;25000;25000;25000;25000;25000;25000;1025000; 
MEF;20240226;IT0004286966;20390801;1000000;;0;-25000; ;-25000; ;-25000; ;-25000; ;-25000; ;-25000; ;-25000; ;-25000; ;-25000; ;-25000; ;-25000;-25000;-25000;-25000;-25000;-25000;-25000;-25000;-25000;-25000;-25000;-25000;-25000;-25000;-25000;-1025000; 
MEF;20240228;IT0004286966;20390801;2000000;;0;-50000; ;-50000; ;-50000; ;-50000; ;-50000; ;-50000; ;-50000; ;-50000; ;-50000; ;-50000; ;-50000;-50000;-50000;-50000;-50000;-50000;-50000;-50000;-50000;-50000;-50000;-50000;-50000;-50000;-50000;-2050000; 
MEF;20240228;IT0005566408;20290201;1000000;;0;-20500; ;-20500; ;-20500; ;-20500; ;-1020500; ; ; ; ; ; ; ; ; ; ; ; ; ; ; ; ; ; ; ; ; ; ; ; ; ; ; ; 
MEF;20240229;IT0004286966;20390801;1900000;;0;-47500; ;-47500; ;-47500; ;-47500; ;-47500; ;-47500; ;-47500; ;-47500; ;-47500; ;-47500; ;-47500;-47500;-47500;-47500;-47500;-47500;-47500;-47500;-47500;-47500;-47500;-47500;-47500;-47500;-47500;-1947500; 
MEF;20240305;IT0004286966;20390801;2000000;;0;-50000; ;-50000; ;-50000; ;-50000; ;-50000; ;-50000; ;-50000; ;-50000; ;-50000; ;-50000; ;-50000;-50000;-50000;-50000;-50000;-50000;-50000;-50000;-50000;-50000;-50000;-50000;-50000;-50000;-50000;-2050000; 
MEF;20240306;IT0004286966;20390801;1000000;;0;-25000; ;-25000; ;-25000; ;-25000; ;-25000; ;-25000; ;-25000; ;-25000; ;-25000; ;-25000; ;-25000;-25000;-25000;-25000;-25000;-25000;-25000;-25000;-25000;-25000;-25000;-25000;-25000;-25000;-25000;-1025000; 
MEF;20240315;IT0004286966;20390801;7000000;;0;-175000; ;-175000; ;-175000; ;-175000; ;-175000; ;-175000; ;-175000; ;-175000; ;-175000; ;-175000; ;-175000;-175000;-175000;-175000;-175000;-175000;-175000;-175000;-175000;-175000;-175000;-175000;-175000;-175000;-175000;-7175000; 
MEF;20240315;IT0005274805;20270801;-4000000;;0;41000; ;4041000; ; ; ; ; ; ; ; ; ; ; ; ; ; ; ; ; ; ; ; ; ; ; ; ; ; ; ; ; ; ; ; ; ; 
MEF;20240315;IT0005274805;20270801;-900000;;0;9225; ;909225; ; ; ; ; ; ; ; ; ; ; ; ; ; ; ; ; ; ; ; ; ; ; ; ; ; ; ; ; ; ; ; ; ; 
MEF;20240319;IT0003256820;20330201;-7000000;;0;201250; ;201250; ;201250; ;201250; ;201250; ;201250; ;201250; ;201250; ;201250; ;201250; ;201250;201250;7201250; ; ; ; ; ; ; ; ; ; ; ; ; ; 
MEF;20240320;IT0003535157;20340801;3000000;;0;-75000; ;-75000; ;-75000; ;-75000; ;-75000; ;-75000; ;-75000; ;-75000; ;-75000; ;-75000; ;-75000;-75000;-75000;-75000;-75000;-3075000; ; ; ; ; ; ; ; ; ; ; 
MEF;20240320;IT0004286966;20390801;1000000;;0;-25000; ;-25000; ;-25000; ;-25000; ;-25000; ;-25000; ;-25000; ;-25000; ;-25000; ;-25000; ;-25000;-25000;-25000;-25000;-25000;-25000;-25000;-25000;-25000;-25000;-25000;-25000;-25000;-25000;-25000;-1025000; 
MEF;20240322;IT0003256820;20330201;-900000;;0;25875; ;25875; ;25875; ;25875; ;25875; ;25875; ;25875; ;25875; ;25875; ;25875; ;25875;25875;925875; ; ; ; ; ; ; ; ; ; ; ; ; ; 
MEF;20240325;IT0003535157;20340801;-900000;;0;22500; ;22500; ;22500; ;22500; ;22500; ;22500; ;22500; ;22500; ;22500; ;22500; ;22500;22500;22500;22500;22500;922500; ; ; ; ; ; ; ; ; ; ; 
MEF;20240325;IT0003535157;20340801;3200000;;0;-80000; ;-80000; ;-80000; ;-80000; ;-80000; ;-80000; ;-80000; ;-80000; ;-80000; ;-80000; ;-80000;-80000;-80000;-80000;-80000;-3280000; ; ; ; ; ; ; ; ; ; ; 
MEF;20240325;IT0003934657;20370201;-1100000;;0;22000; ;22000; ;22000; ;22000; ;22000; ;22000; ;22000; ;22000; ;22000; ;22000; ;22000;22000;22000;22000;22000;22000;22000;22000;22000;22000;1122000; ; ; ; ; ; 
MEF;20240327;IT0003535157;20340801;3200000;;0;-80000; ;-80000; ;-80000; ;-80000; ;-80000; ;-80000; ;-80000; ;-80000; ;-80000; ;-80000; ;-80000;-80000;-80000;-80000;-80000;-3280000; ; ; ; ; ; ; ; ; ; ; 
MEF;20240327;IT0004286966;20390801;2000000;;0;-50000; ;-50000; ;-50000; ;-50000; ;-50000; ;-50000; ;-50000; ;-50000; ;-50000; ;-50000; ;-50000;-50000;-50000;-50000;-50000;-50000;-50000;-50000;-50000;-50000;-50000;-50000;-50000;-50000;-50000;-2050000; 
MEF;20240328;IT0004286966;20390801;1000000;;0;-25000; ;-25000; ;-25000; ;-25000; ;-25000; ;-25000; ;-25000; ;-25000; ;-25000; ;-25000; ;-25000;-25000;-25000;-25000;-25000;-25000;-25000;-25000;-25000;-25000;-25000;-25000;-25000;-25000;-25000;-1025000; 
MEF;20240402;IT0004286966;20390801;1000000;;0;-25000; ;-25000; ;-25000; ;-25000; ;-25000; ;-25000; ;-25000; ;-25000; ;-25000; ;-25000; ;-25000;-25000;-25000;-25000;-25000;-25000;-25000;-25000;-25000;-25000;-25000;-25000;-25000;-25000;-25000;-1025000; 
MEF;20240402;IT0004286966;20390801;5000000;;0;-125000; ;-125000; ;-125000; ;-125000; ;-125000; ;-125000; ;-125000; ;-125000; ;-125000; ;-125000; ;-125000;-125000;-125000;-125000;-125000;-125000;-125000;-125000;-125000;-125000;-125000;-125000;-125000;-125000;-125000;-5125000; 
MEF;20240404;IT0003535157;20340801;3000000;;0;-75000; ;-75000; ;-75000; ;-75000; ;-75000; ;-75000; ;-75000; ;-75000; ;-75000; ;-75000; ;-75000;-75000;-75000;-75000;-75000;-3075000; ; ; ; ; ; ; ; ; ; ; 
MEF;20240411;IT0005566408;20290201;-1000000;;0;20500; ;20500; ;20500; ;20500; ;1020500; ; ; ; ; ; ; ; ; ; ; ; ; ; ; ; ; ; ; ; ; ; ; ; ; ; ; ; 
MEF;20240412;IT0003535157;20340801;3100000;;0;-77500; ;-77500; ;-77500; ;-77500; ;-77500; ;-77500; ;-77500; ;-77500; ;-77500; ;-77500; ;-77500;-77500;-77500;-77500;-77500;-3177500; ; ; ; ; ; ; ; ; ; ; 
MEF;20240415;IT0003535157;20340801;117500000;;0;-2937500; ;-2937500; ;-2937500; ;-2937500; ;-2937500; ;-2937500; ;-2937500; ;-2937500; ;-2937500; ;-2937500; ;-2937500;-2937500;-2937500;-2937500;-2937500;-120437500; ; ; ; ; ; ; ; ; ; ; 
MEF;20240416;IT0004286966;20390801;1000000;;0;-25000; ;-25000; ;-25000; ;-25000; ;-25000; ;-25000; ;-25000; ;-25000; ;-25000; ;-25000; ;-25000;-25000;-25000;-25000;-25000;-25000;-25000;-25000;-25000;-25000;-25000;-25000;-25000;-25000;-25000;-1025000; 
MEF;20240416;IT0004286966;20390801;5000000;;0;-125000; ;-125000; ;-125000; ;-125000; ;-125000; ;-125000; ;-125000; ;-125000; ;-125000; ;-125000; ;-125000;-125000;-125000;-125000;-125000;-125000;-125000;-125000;-125000;-125000;-125000;-125000;-125000;-125000;-125000;-5125000; 
MEF;20240417;IT0003535157;20340801;3000000;;0;-75000; ;-75000; ;-75000; ;-75000; ;-75000; ;-75000; ;-75000; ;-75000; ;-75000; ;-75000; ;-75000;-75000;-75000;-75000;-75000;-3075000; ; ; ; ; ; ; ; ; ; ; 
MEF;20240417;IT0005566408;20290201;500000;;0;-10250; ;-10250; ;-10250; ;-10250; ;-510250; ; ; ; ; ; ; ; ; ; ; ; ; ; ; ; ; ; ; ; ; ; ; ; ; ; ; ; 
MEF;20240417;IT0005566408;20290201;8000000;;0;-164000; ;-164000; ;-164000; ;-164000; ;-8164000; ; ; ; ; ; ; ; ; ; ; ; ; ; ; ; ; ; ; ; ; ; ; ; ; ; ; ; 
MEF;20240418;IT0003535157;20340801;-990000;;0;24750; ;24750; ;24750; ;24750; ;24750; ;24750; ;24750; ;24750; ;24750; ;24750; ;24750;24750;24750;24750;24750;1014750; ; ; ; ; ; ; ; ; ; ; 
MEF;20240422;IT0004286966;20390801;2000000;;0;-50000; ;-50000; ;-50000; ;-50000; ;-50000; ;-50000; ;-50000; ;-50000; ;-50000; ;-50000; ;-50000;-50000;-50000;-50000;-50000;-50000;-50000;-50000;-50000;-50000;-50000;-50000;-50000;-50000;-50000;-2050000; 
MEF;20240422;IT0005274805;20270801;-1100000;;0;11275; ;1111275; ; ; ; ; ; ; ; ; ; ; ; ; ; ; ; ; ; ; ; ; ; ; ; ; ; ; ; ; ; ; ; ; ; 
MEF;20240423;IT0003256820;20330201;-3300000;;0;94875; ;94875; ;94875; ;94875; ;94875; ;94875; ;94875; ;94875; ;94875; ;94875; ;94875;94875;3394875; ; ; ; ; ; ; ; ; ; ; ; ; ; 
MEF;20240423;IT0003535157;20340801;3200000;;0;-80000; ;-80000; ;-80000; ;-80000; ;-80000; ;-80000; ;-80000; ;-80000; ;-80000; ;-80000; ;-80000;-80000;-80000;-80000;-80000;-3280000; ; ; ; ; ; ; ; ; ; ; 
MEF;20240426;IT0003256820;20330201;-900000;;0;25875; ;25875; ;25875; ;25875; ;25875; ;25875; ;25875; ;25875; ;25875; ;25875; ;25875;25875;925875; ; ; ; ; ; ; ; ; ; ; ; ; ; 
MEF;20240426;IT0003535157;20340801;-900000;;0;22500; ;22500; ;22500; ;22500; ;22500; ;22500; ;22500; ;22500; ;22500; ;22500; ;22500;22500;22500;22500;22500;922500; ; ; ; ; ; ; ; ; ; ; 
MEF;20240426;IT0005274805;20270801;1000000;;0;-10250; ;-1010250; ; ; ; ; ; ; ; ; ; ; ; ; ; ; ; ; ; ; ; ; ; ; ; ; ; ; ; ; ; ; ; ; ; 
MEF;20240426;IT0005548315;20280801;-6000000;;0;114000; ;114000; ;114000; ;6114000; ; ; ; ; ; ; ; ; ; ; ; ; ; ; ; ; ; ; ; ; ; ; ; ; ; ; ; ; ; 
MEF;20240429;IT0005274805;20270801;-2000000;;0;20500; ;2020500; ; ; ; ; ; ; ; ; ; ; ; ; ; ; ; ; ; ; ; ; ; ; ; ; ; ; ; ; ; ; ; ; ; 
MEF;20240509;IT0003535157;20340801;3000000;;0;-75000; ;-75000; ;-75000; ;-75000; ;-75000; ;-75000; ;-75000; ;-75000; ;-75000; ;-75000; ;-75000;-75000;-75000;-75000;-75000;-3075000; ; ; ; ; ; ; ; ; ; ; 
MEF;20240510;IT0005548315;20280801;-900000;;0;17100; ;17100; ;17100; ;917100; ; ; ; ; ; ; ; ; ; ; ; ; ; ; ; ; ; ; ; ; ; ; ; ; ; ; ; ; ; 
MEF;20240513;IT0004286966;20390801;-2000000;;0;50000; ;50000; ;50000; ;50000; ;50000; ;50000; ;50000; ;50000; ;50000; ;50000; ;50000;50000;50000;50000;50000;50000;50000;50000;50000;50000;50000;50000;50000;50000;50000;2050000; 
MEF;20240522;IT0004286966;20390801;1000000;;0;-25000; ;-25000; ;-25000; ;-25000; ;-25000; ;-25000; ;-25000; ;-25000; ;-25000; ;-25000; ;-25000;-25000;-25000;-25000;-25000;-25000;-25000;-25000;-25000;-25000;-25000;-25000;-25000;-25000;-25000;-1025000; 
MEF;20240524;IT0003535157;20340801;6000000;;0;-150000; ;-150000; ;-150000; ;-150000; ;-150000; ;-150000; ;-150000; ;-150000; ;-150000; ;-150000; ;-150000;-150000;-150000;-150000;-150000;-6150000; ; ; ; ; ; ; ; ; ; ; 
MEF;20240527;IT0003535157;20340801;7000000;;0;-175000; ;-175000; ;-175000; ;-175000; ;-175000; ;-175000; ;-175000; ;-175000; ;-175000; ;-175000; ;-175000;-175000;-175000;-175000;-175000;-7175000; ; ; ; ; ; ; ; ; ; ; 
MEF;20240531;IT0003535157;20340801;3000000;;0;-75000; ;-75000; ;-75000; ;-75000; ;-75000; ;-75000; ;-75000; ;-75000; ;-75000; ;-75000; ;-75000;-75000;-75000;-75000;-75000;-3075000; ; ; ; ; ; ; ; ; ; ; 
MEF;20240603;IT0005274805;20270801;-2000000;;0;20500; ;2020500; ; ; ; ; ; ; ; ; ; ; ; ; ; ; ; ; ; ; ; ; ; ; ; ; ; ; ; ; ; ; ; ; ; 
MEF;20240604;IT0003535157;20340801;3000000;;0;-75000; ;-75000; ;-75000; ;-75000; ;-75000; ;-75000; ;-75000; ;-75000; ;-75000; ;-75000; ;-75000;-75000;-75000;-75000;-75000;-3075000; ; ; ; ; ; ; ; ; ; ; 
MEF;20240611;IT0003535157;20340801;3000000;;0;-75000; ;-75000; ;-75000; ;-75000; ;-75000; ;-75000; ;-75000; ;-75000; ;-75000; ;-75000; ;-75000;-75000;-75000;-75000;-75000;-3075000; ; ; ; ; ; ; ; ; ; ; 
MEF;20240612;IT0003535157;20340801;3000000;;0;-75000; ;-75000; ;-75000; ;-75000; ;-75000; ;-75000; ;-75000; ;-75000; ;-75000; ;-75000; ;-75000;-75000;-75000;-75000;-75000;-3075000; ; ; ; ; ; ; ; ; ; ; 
MEF;20240613;IT0003535157;20340801;3000000;;0;-75000; ;-75000; ;-75000; ;-75000; ;-75000; ;-75000; ;-75000; ;-75000; ;-75000; ;-75000; ;-75000;-75000;-75000;-75000;-75000;-3075000; ; ; ; ; ; ; ; ; ; ; 
MEF;20240614;IT0003256820;20330201;-900000;;0;25875; ;25875; ;25875; ;25875; ;25875; ;25875; ;25875; ;25875; ;25875; ;25875; ;25875;25875;925875; ; ; ; ; ; ; ; ; ; ; ; ; ; 
MEF;20240620;IT0004286966;20390801;-3000000;;0;75000; ;75000; ;75000; ;75000; ;75000; ;75000; ;75000; ;75000; ;75000; ;75000; ;75000;75000;75000;75000;75000;75000;75000;75000;75000;75000;75000;75000;75000;75000;75000;3075000; 
MEF;20240624;IT0003934657;20370201;2800000;;0;-56000; ;-56000; ;-56000; ;-56000; ;-56000; ;-56000; ;-56000; ;-56000; ;-56000; ;-56000; ;-56000;-56000;-56000;-56000;-56000;-56000;-56000;-56000;-56000;-56000;-2856000; ; ; ; ; ; 
MEF;20240627;IT0003256820;20330201;-4000000;;0;115000; ;115000; ;115000; ;115000; ;115000; ;115000; ;115000; ;115000; ;115000; ;115000; ;115000;115000;4115000; ; ; ; ; ; ; ; ; ; ; ; ; ; 
MEF;20240628;IT0003535157;20340801;2800000;;0;-70000; ;-70000; ;-70000; ;-70000; ;-70000; ;-70000; ;-70000; ;-70000; ;-70000; ;-70000; ;-70000;-70000;-70000;-70000;-70000;-2870000; ; ; ; ; ; ; ; ; ; ; 
MEF;20240628;IT0005274805;20270801;-1400000;;0;14350; ;1414350; ; ; ; ; ; ; ; ; ; ; ; ; ; ; ; ; ; ; ; ; ; ; ; ; ; ; ; ; ; ; ; ; ; 
MEF;20240702;IT0003535157;20340801;3100000;;0;-77500; ;-77500; ;-77500; ;-77500; ;-77500; ;-77500; ;-77500; ;-77500; ;-77500; ;-77500; ;-77500;-77500;-77500;-77500;-77500;-3177500; ; ; ; ; ; ; ; ; ; ; 
MEF;20240703;IT0003535157;20340801;3000000;;0;-75000; ;-75000; ;-75000; ;-75000; ;-75000; ;-75000; ;-75000; ;-75000; ;-75000; ;-75000; ;-75000;-75000;-75000;-75000;-75000;-3075000; ; ; ; ; ; ; ; ; ; ; 
MEF;20240716;IT0005274805;20270801;-2000000;;0;20500; ;2020500; ; ; ; ; ; ; ; ; ; ; ; ; ; ; ; ; ; ; ; ; ; ; ; ; ; ; ; ; ; ; ; ; ; 
MEF;20240722;IT0003535157;20340801;2177000;;0;-54425; ;-54425; ;-54425; ;-54425; ;-54425; ;-54425; ;-54425; ;-54425; ;-54425; ;-54425; ;-54425;-54425;-54425;-54425;-54425;-2231425; ; ; ; ; ; ; ; ; ; ; 
MEF;20240802;IT0003535157;20340801;1000000;;0;-25000; ;-25000; ;-25000; ;-25000; ;-25000; ;-25000; ;-25000; ;-25000; ;-25000; ;-25000; ;-25000;-25000;-25000;-25000;-25000;-1025000; ; ; ; ; ; ; ; ; ; ; 
MEF;20240809;IT0003256820;20330201;-900000;;0;25875; ;25875; ;25875; ;25875; ;25875; ;25875; ;25875; ;25875; ;25875; ;25875; ;25875;25875;925875; ; ; ; ; ; ; ; ; ; ; ; ; ; 
MEF;20240809;IT0003535157;20340801;1600000;;0;-40000; ;-40000; ;-40000; ;-40000; ;-40000; ;-40000; ;-40000; ;-40000; ;-40000; ;-40000; ;-40000;-40000;-40000;-40000;-40000;-1640000; ; ; ; ; ; ; ; ; ; ; 
MEF;20240820;IT0003535157;20340801;2500000;;0;-62500; ;-62500; ;-62500; ;-62500; ;-62500; ;-62500; ;-62500; ;-62500; ;-62500; ;-62500; ;-62500;-62500;-62500;-62500;-62500;-2562500; ; ; ; ; ; ; ; ; ; ; 
MEF;20240826;IT0003535157;20340801;2200000;;0;-55000; ;-55000; ;-55000; ;-55000; ;-55000; ;-55000; ;-55000; ;-55000; ;-55000; ;-55000; ;-55000;-55000;-55000;-55000;-55000;-2255000; ; ; ; ; ; ; ; ; ; ; 
MEF;20240828;IT0003535157;20340801;3000000;;0;-75000; ;-75000; ;-75000; ;-75000; ;-75000; ;-75000; ;-75000; ;-75000; ;-75000; ;-75000; ;-75000;-75000;-75000;-75000;-75000;-3075000; ; ; ; ; ; ; ; ; ; ; 
MEF;20240902;IT0003535157;20340801;2500000;;0;-62500; ;-62500; ;-62500; ;-62500; ;-62500; ;-62500; ;-62500; ;-62500; ;-62500; ;-62500; ;-62500;-62500;-62500;-62500;-62500;-2562500; ; ; ; ; ; ; ; ; ; ; 
MEF;20240905;IT0003256820;20330201;-1000000;;0;28750; ;28750; ;28750; ;28750; ;28750; ;28750; ;28750; ;28750; ;28750; ;28750; ;28750;28750;1028750; ; ; ; ; ; ; ; ; ; ; ; ; ; 
MEF;20240905;IT0003934657;20370201;-1000000;;0;20000; ;20000; ;20000; ;20000; ;20000; ;20000; ;20000; ;20000; ;20000; ;20000; ;20000;20000;20000;20000;20000;20000;20000;20000;20000;20000;1020000; ; ; ; ; ; 
MEF;20240905;IT0005274805;20270801;-1000000;;0;10250; ;1010250; ; ; ; ; ; ; ; ; ; ; ; ; ; ; ; ; ; ; ; ; ; ; ; ; ; ; ; ; ; ; ; ; ; 
MEF;20240911;IT0003535157;20340801;2000000;;0;-50000; ;-50000; ;-50000; ;-50000; ;-50000; ;-50000; ;-50000; ;-50000; ;-50000; ;-50000; ;-50000;-50000;-50000;-50000;-50000;-2050000; ; ; ; ; ; ; ; ; ; ; 
MEF;20240917;IT0003535157;20340801;2600000;;0;-65000; ;-65000; ;-65000; ;-65000; ;-65000; ;-65000; ;-65000; ;-65000; ;-65000; ;-65000; ;-65000;-65000;-65000;-65000;-65000;-2665000; ; ; ; ; ; ; ; ; ; ; 
MEF;20240920;IT0003535157;20340801;2400000;;0;-60000; ;-60000; ;-60000; ;-60000; ;-60000; ;-60000; ;-60000; ;-60000; ;-60000; ;-60000; ;-60000;-60000;-60000;-60000;-60000;-2460000; ; ; ; ; ; ; ; ; ; ; 
MEF;20240923;IT0005274805;20270801;-1000000;;0;10250; ;1010250; ; ; ; ; ; ; ; ; ; ; ; ; ; ; ; ; ; ; ; ; ; ; ; ; ; ; ; ; ; ; ; ; ; 
MEF;20240925;IT0003535157;20340801;3000000;;0;-75000; ;-75000; ;-75000; ;-75000; ;-75000; ;-75000; ;-75000; ;-75000; ;-75000; ;-75000; ;-75000;-75000;-75000;-75000;-75000;-3075000; ; ; ; ; ; ; ; ; ; ; 
MEF;20240927;IT0003256820;20330201;-8000000;;0;230000; ;230000; ;230000; ;230000; ;230000; ;230000; ;230000; ;230000; ;230000; ;230000; ;230000;230000;8230000; ; ; ; ; ; ; ; ; ; ; ; ; ; 
MEF;20240930;IT0003256820;20330201;-900000;;0;25875; ;25875; ;25875; ;25875; ;25875; ;25875; ;25875; ;25875; ;25875; ;25875; ;25875;25875;925875; ; ; ; ; ; ; ; ; ; ; ; ; ; 
MEF;20241008;IT0004286966;20390801;3000000;;0;-75000; ;-75000; ;-75000; ;-75000; ;-75000; ;-75000; ;-75000; ;-75000; ;-75000; ;-75000; ;-75000;-75000;-75000;-75000;-75000;-75000;-75000;-75000;-75000;-75000;-75000;-75000;-75000;-75000;-75000;-3075000; 
MEF;20241016;IT0004286966;20390801;-2000000;;0;50000; ;50000; ;50000; ;50000; ;50000; ;50000; ;50000; ;50000; ;50000; ;50000; ;50000;50000;50000;50000;50000;50000;50000;50000;50000;50000;50000;50000;50000;50000;50000;2050000; 
MEF;20241021;IT0004286966;20390801;48800000;;0;-1220000; ;-1220000; ;-1220000; ;-1220000; ;-1220000; ;-1220000; ;-1220000; ;-1220000; ;-1220000; ;-1220000; ;-1220000;-1220000;-1220000;-1220000;-1220000;-1220000;-1220000;-1220000;-1220000;-1220000;-1220000;-1220000;-1220000;-1220000;-1220000;-50020000; 
MEF;20241021;IT0004286966;20390801;49000000;;0;-1225000; ;-1225000; ;-1225000; ;-1225000; ;-1225000; ;-1225000; ;-1225000; ;-1225000; ;-1225000; ;-1225000; ;-1225000;-1225000;-1225000;-1225000;-1225000;-1225000;-1225000;-1225000;-1225000;-1225000;-1225000;-1225000;-1225000;-1225000;-1225000;-50225000; 
MEF;20241022;IT0003256820;20330201;-1000000;;0;28750; ;28750; ;28750; ;28750; ;28750; ;28750; ;28750; ;28750; ;28750; ;28750; ;28750;28750;1028750; ; ; ; ; ; ; ; ; ; ; ; ; ; 
MEF;20241022;IT0003535157;20340801;-1000000;;0;25000; ;25000; ;25000; ;25000; ;25000; ;25000; ;25000; ;25000; ;25000; ;25000; ;25000;25000;25000;25000;25000;1025000; ; ; ; ; ; ; ; ; ; ; 
MEF;20241022;IT0003934657;20370201;-4000000;;0;80000; ;80000; ;80000; ;80000; ;80000; ;80000; ;80000; ;80000; ;80000; ;80000; ;80000;80000;80000;80000;80000;80000;80000;80000;80000;80000;4080000; ; ; ; ; ; 
MEF;20241022;IT0004286966;20390801;-4000000;;0;100000; ;100000; ;100000; ;100000; ;100000; ;100000; ;100000; ;100000; ;100000; ;100000; ;100000;100000;100000;100000;100000;100000;100000;100000;100000;100000;100000;100000;100000;100000;100000;4100000; 
MEF;20241031;IT0005566408;20290201;-1100000;;0;22550; ;22550; ;22550; ;22550; ;1122550; ; ; ; ; ; ; ; ; ; ; ; ; ; ; ; ; ; ; ; ; ; ; ; ; ; ; ; 
MEF;20241111;IT0005274805;20270801;-1000000;;0;10250; ;1010250; ; ; ; ; ; ; ; ; ; ; ; ; ; ; ; ; ; ; ; ; ; ; ; ; ; ; ; ; ; ; ; ; ; 
MEF;20241129;IT0003256820;20330201;-900000;;0;25875; ;25875; ;25875; ;25875; ;25875; ;25875; ;25875; ;25875; ;25875; ;25875; ;25875;25875;925875; ; ; ; ; ; ; ; ; ; ; ; ; ; 
MEF;20241209;IT0003535157;20340801;-84000000;;0;2100000; ;2100000; ;2100000; ;2100000; ;2100000; ;2100000; ;2100000; ;2100000; ;2100000; ;2100000; ;2100000;2100000;2100000;2100000;2100000;86100000; ; ; ; ; ; ; ; ; ; ; 
MEF;20241209;IT0004286966;20390801;1000000;;0;-25000; ;-25000; ;-25000; ;-25000; ;-25000; ;-25000; ;-25000; ;-25000; ;-25000; ;-25000; ;-25000;-25000;-25000;-25000;-25000;-25000;-25000;-25000;-25000;-25000;-25000;-25000;-25000;-25000;-25000;-1025000; 
MEF;20241218;IT0004286966;20390801;-4500000;;0;112500; ;112500; ;112500; ;112500; ;112500; ;112500; ;112500; ;112500; ;112500; ;112500; ;112500;112500;112500;112500;112500;112500;112500;112500;112500;112500;112500;112500;112500;112500;112500;4612500; 
MEF;20241219;IT0004286966;20390801;45000000;;0;-1125000; ;-1125000; ;-1125000; ;-1125000; ;-1125000; ;-1125000; ;-1125000; ;-1125000; ;-1125000; ;-1125000; ;-1125000;-1125000;-1125000;-1125000;-1125000;-1125000;-1125000;-1125000;-1125000;-1125000;-1125000;-1125000;-1125000;-1125000;-1125000;-46125000; 
MEF;20241220;IT0003535157;20340801;1000000;;0;-25000; ;-25000; ;-25000; ;-25000; ;-25000; ;-25000; ;-25000; ;-25000; ;-25000; ;-25000; ;-25000;-25000;-25000;-25000;-25000;-1025000; ; ; ; ; ; ; ; ; ; ; 
MEF;20241220;IT0004286966;20390801;6200000;;0;-155000; ;-155000; ;-155000; ;-155000; ;-155000; ;-155000; ;-155000; ;-155000; ;-155000; ;-155000; ;-155000;-155000;-155000;-155000;-155000;-155000;-155000;-155000;-155000;-155000;-155000;-155000;-155000;-155000;-155000;-6355000; 
MEF;20250110;IT0003256820;20330201;-900000;;0;25875; ;25875; ;25875; ;25875; ;25875; ;25875; ;25875; ;25875; ;25875; ;25875; ;25875;25875;925875; ; ; ; ; ; ; ; ; ; ; ; ; ; 
MEF;20250110;IT0003535157;20340801;-35000000;;0;875000; ;875000; ;875000; ;875000; ;875000; ;875000; ;875000; ;875000; ;875000; ;875000; ;875000;875000;875000;875000;875000;35875000; ; ; ; ; ; ; ; ; ; ; 
MEF;20250122;IT0004286966;20390801;-3000000;;0;75000; ;75000; ;75000; ;75000; ;75000; ;75000; ;75000; ;75000; ;75000; ;75000; ;75000;75000;75000;75000;75000;75000;75000;75000;75000;75000;75000;75000;75000;75000;75000;3075000; 
MEF;20250207;IT0003256820;20330201;-900000;;0;25875; ;25875; ;25875; ;25875; ;25875; ;25875; ;25875; ;25875; ;25875; ;25875; ;25875;25875;925875; ; ; ; ; ; ; ; ; ; ; ; ; ; 
MEF;20250221;IT0005274805;20270801;-10700000;;0;109675; ;10809675; ; ; ; ; ; ; ; ; ; ; ; ; ; ; ; ; ; ; ; ; ; ; ; ; ; ; ; ; ; ; ; ; ; 
MEF;20250228;IT0003256820;20330201;-900000;;0;25875; ;25875; ;25875; ;25875; ;25875; ;25875; ;25875; ;25875; ;25875; ;25875; ;25875;25875;925875; ; ; ; ; ; ; ; ; ; ; ; ; ; 
MEF;20250313;IT0004286966;20390801;1000000;;0;-25000; ;-25000; ;-25000; ;-25000; ;-25000; ;-25000; ;-25000; ;-25000; ;-25000; ;-25000; ;-25000;-25000;-25000;-25000;-25000;-25000;-25000;-25000;-25000;-25000;-25000;-25000;-25000;-25000;-25000;-1025000; 
MEF;20250317;IT0005274805;20270801;-2000000;;0;20500; ;2020500; ; ; ; ; ; ; ; ; ; ; ; ; ; ; ; ; ; ; ; ; ; ; ; ; ; ; ; ; ; ; ; ; ; 
MEF;20250318;IT0005566408;20290201;-1100000;;0;22550; ;22550; ;22550; ;22550; ;1122550; ; ; ; ; ; ; ; ; ; ; ; ; ; ; ; ; ; ; ; ; ; ; ; ; ; ; ; 
MEF;20250319;IT0003535157;20340801;18600000;;0;-465000; ;-465000; ;-465000; ;-465000; ;-465000; ;-465000; ;-465000; ;-465000; ;-465000; ;-465000; ;-465000;-465000;-465000;-465000;-465000;-19065000; ; ; ; ; ; ; ; ; ; ; 
MEF;20250320;IT0003535157;20340801;1000000;;0;-25000; ;-25000; ;-25000; ;-25000; ;-25000; ;-25000; ;-25000; ;-25000; ;-25000; ;-25000; ;-25000;-25000;-25000;-25000;-25000;-1025000; ; ; ; ; ; ; ; ; ; ; 
MEF;20250326;IT0005631590;20350801;50000000;;0;-912500; ;-912500; ;-912500; ;-912500; ;-912500; ;-912500; ;-912500; ;-912500; ;-912500; ;-912500; ;-912500;-912500;-912500;-912500;-912500;-912500;-912500;-50912500; ; ; ; ; ; ; ; ; 
MEF;20250328;IT0003256820;20330201;-1200000;;0;34500; ;34500; ;34500; ;34500; ;34500; ;34500; ;34500; ;34500; ;34500; ;34500; ;34500;34500;1234500; ; ; ; ; ; ; ; ; ; ; ; ; ; 
MEF;20250403;IT0003256820;20330201;-3000000;;0;86250; ;86250; ;86250; ;86250; ;86250; ;86250; ;86250; ;86250; ;86250; ;86250; ;86250;86250;3086250; ; ; ; ; ; ; ; ; ; ; ; ; ; 
MEF;20250403;IT0003934657;20370201;-1000000;;0;20000; ;20000; ;20000; ;20000; ;20000; ;20000; ;20000; ;20000; ;20000; ;20000; ;20000;20000;20000;20000;20000;20000;20000;20000;20000;20000;1020000; ; ; ; ; ; 
MEF;20250403;IT0004286966;20390801;-1000000;;0;25000; ;25000; ;25000; ;25000; ;25000; ;25000; ;25000; ;25000; ;25000; ;25000; ;25000;25000;25000;25000;25000;25000;25000;25000;25000;25000;25000;25000;25000;25000;25000;1025000; 
MEF;20250403;IT0005631590;20350801;3200000;;0;-58400; ;-58400; ;-58400; ;-58400; ;-58400; ;-58400; ;-58400; ;-58400; ;-58400; ;-58400; ;-58400;-58400;-58400;-58400;-58400;-58400;-58400;-3258400; ; ; ; ; ; ; ; ; 
MEF;20250404;IT0003535157;20340801;-1000000;;0;25000; ;25000; ;25000; ;25000; ;25000; ;25000; ;25000; ;25000; ;25000; ;25000; ;25000;25000;25000;25000;25000;1025000; ; ; ; ; ; ; ; ; ; ; 
MEF;20250404;IT0005548315;20280801;-900000;;0;17100; ;17100; ;17100; ;917100; ; ; ; ; ; ; ; ; ; ; ; ; ; ; ; ; ; ; ; ; ; ; ; ; ; ; ; ; ; 
MEF;20250407;IT0005631590;20350801;2300000;;0;-41975; ;-41975; ;-41975; ;-41975; ;-41975; ;-41975; ;-41975; ;-41975; ;-41975; ;-41975; ;-41975;-41975;-41975;-41975;-41975;-41975;-41975;-2341975; ; ; ; ; ; ; ; ; 
MEF;20250409;IT0005631590;20350801;2400000;;0;-43800; ;-43800; ;-43800; ;-43800; ;-43800; ;-43800; ;-43800; ;-43800; ;-43800; ;-43800; ;-43800;-43800;-43800;-43800;-43800;-43800;-43800;-2443800; ; ; ; ; ; ; ; ; 
MEF;20250411;IT0003256820;20330201;-900000;;0;25875; ;25875; ;25875; ;25875; ;25875; ;25875; ;25875; ;25875; ;25875; ;25875; ;25875;25875;925875; ; ; ; ; ; ; ; ; ; ; ; ; ; 
MEF;20250411;IT0003535157;20340801;-900000;;0;22500; ;22500; ;22500; ;22500; ;22500; ;22500; ;22500; ;22500; ;22500; ;22500; ;22500;22500;22500;22500;22500;922500; ; ; ; ; ; ; ; ; ; ; 
MEF;20250411;IT0005274805;20270801;-900000;;0;9225; ;909225; ; ; ; ; ; ; ; ; ; ; ; ; ; ; ; ; ; ; ; ; ; ; ; ; ; ; ; ; ; ; ; ; ; 
MEF;20250411;IT0005566408;20290201;-900000;;0;18450; ;18450; ;18450; ;18450; ;918450; ; ; ; ; ; ; ; ; ; ; ; ; ; ; ; ; ; ; ; ; ; ; ; ; ; ; ; 
MEF;20250411;IT0005607970;20350201;-900000;;0;17325; ;17325; ;17325; ;17325; ;17325; ;17325; ;17325; ;17325; ;17325; ;17325; ;17325;17325;17325;17325;17325;17325;917325; ; ; ; ; ; ; ; ; ; 
MEF;20250411;IT0005631590;20350801;2300000;;0;-41975; ;-41975; ;-41975; ;-41975; ;-41975; ;-41975; ;-41975; ;-41975; ;-41975; ;-41975; ;-41975;-41975;-41975;-41975;-41975;-41975;-41975;-2341975; ; ; ; ; ; ; ; ; 
MEF;20250417;IT0003535157;20340801;-13000000;;0;325000; ;325000; ;325000; ;325000; ;325000; ;325000; ;325000; ;325000; ;325000; ;325000; ;325000;325000;325000;325000;325000;13325000; ; ; ; ; ; ; ; ; ; ; 
MEF;20250417;IT0005631590;20350801;2400000;;0;-43800; ;-43800; ;-43800; ;-43800; ;-43800; ;-43800; ;-43800; ;-43800; ;-43800; ;-43800; ;-43800;-43800;-43800;-43800;-43800;-43800;-43800;-2443800; ; ; ; ; ; ; ; ; 
MEF;20250425;IT0003535157;20340801;-4200000;;0;105000; ;105000; ;105000; ;105000; ;105000; ;105000; ;105000; ;105000; ;105000; ;105000; ;105000;105000;105000;105000;105000;4305000; ; ; ; ; ; ; ; ; ; ; 
MEF;20250505;IT0005631590;20350801;2300000;;0;-41975; ;-41975; ;-41975; ;-41975; ;-41975; ;-41975; ;-41975; ;-41975; ;-41975; ;-41975; ;-41975;-41975;-41975;-41975;-41975;-41975;-41975;-2341975; ; ; ; ; ; ; ; ; 
MEF;20250512;IT0005631590;20350801;2300000;;0;-41975; ;-41975; ;-41975; ;-41975; ;-41975; ;-41975; ;-41975; ;-41975; ;-41975; ;-41975; ;-41975;-41975;-41975;-41975;-41975;-41975;-41975;-2341975; ; ; ; ; ; ; ; ; 
MEF;20250514;IT0005631590;20350801;2400000;;0;-43800; ;-43800; ;-43800; ;-43800; ;-43800; ;-43800; ;-43800; ;-43800; ;-43800; ;-43800; ;-43800;-43800;-43800;-43800;-43800;-43800;-43800;-2443800; ; ; ; ; ; ; ; ; 
MEF;20250519;IT0003535157;20340801;-19000000;;0;475000; ;475000; ;475000; ;475000; ;475000; ;475000; ;475000; ;475000; ;475000; ;475000; ;475000;475000;475000;475000;475000;19475000; ; ; ; ; ; ; ; ; ; ; 
MEF;20250523;IT0003256820;20330201;-900000;;0;25875; ;25875; ;25875; ;25875; ;25875; ;25875; ;25875; ;25875; ;25875; ;25875; ;25875;25875;925875; ; ; ; ; ; ; ; ; ; ; ; ; ; 
MEF;20250523;IT0003535157;20340801;-1000000;;0;25000; ;25000; ;25000; ;25000; ;25000; ;25000; ;25000; ;25000; ;25000; ;25000; ;25000;25000;25000;25000;25000;1025000; ; ; ; ; ; ; ; ; ; ; 
MEF;20250605;IT0005631590;20350801;1100000;;0;-20075; ;-20075; ;-20075; ;-20075; ;-20075; ;-20075; ;-20075; ;-20075; ;-20075; ;-20075; ;-20075;-20075;-20075;-20075;-20075;-20075;-20075;-1120075; ; ; ; ; ; ; ; ; 
MEF;20250609;IT0005631590;20350801;1200000;;0;-21900; ;-21900; ;-21900; ;-21900; ;-21900; ;-21900; ;-21900; ;-21900; ;-21900; ;-21900; ;-21900;-21900;-21900;-21900;-21900;-21900;-21900;-1221900; ; ; ; ; ; ; ; ; 
MEF;20250610;IT0004286966;20390801;1000000;;0;-25000; ;-25000; ;-25000; ;-25000; ;-25000; ;-25000; ;-25000; ;-25000; ;-25000; ;-25000; ;-25000;-25000;-25000;-25000;-25000;-25000;-25000;-25000;-25000;-25000;-25000;-25000;-25000;-25000;-25000;-1025000; 
MEF;20250611;IT0005631590;20350801;1100000;;0;-20075; ;-20075; ;-20075; ;-20075; ;-20075; ;-20075; ;-20075; ;-20075; ;-20075; ;-20075; ;-20075;-20075;-20075;-20075;-20075;-20075;-20075;-1120075; ; ; ; ; ; ; ; ; 
MEF;20250617;IT0005631590;20350801;1200000;;0;-21900; ;-21900; ;-21900; ;-21900; ;-21900; ;-21900; ;-21900; ;-21900; ;-21900; ;-21900; ;-21900;-21900;-21900;-21900;-21900;-21900;-21900;-1221900; ; ; ; ; ; ; ; ; 
MEF;20250620;IT0005631590;20350801;1000000;;0;-18250; ;-18250; ;-18250; ;-18250; ;-18250; ;-18250; ;-18250; ;-18250; ;-18250; ;-18250; ;-18250;-18250;-18250;-18250;-18250;-18250;-18250;-1018250; ; ; ; ; ; ; ; ; 
MEF;20250624;IT0005631590;20350801;1000000;;0;-18250; ;-18250; ;-18250; ;-18250; ;-18250; ;-18250; ;-18250; ;-18250; ;-18250; ;-18250; ;-18250;-18250;-18250;-18250;-18250;-18250;-18250;-1018250; ; ; ; ; ; ; ; ; 
MEF;20250630;IT0003256820;20330201;-1200000;;0;34500; ;34500; ;34500; ;34500; ;34500; ;34500; ;34500; ;34500; ;34500; ;34500; ;34500;34500;1234500; ; ; ; ; ; ; ; ; ; ; ; ; ; 
MEF;20250702;IT0005631590;20350801;1200000;;0;-21900; ;-21900; ;-21900; ;-21900; ;-21900; ;-21900; ;-21900; ;-21900; ;-21900; ;-21900; ;-21900;-21900;-21900;-21900;-21900;-21900;-21900;-1221900; ; ; ; ; ; ; ; ; 
MEF;20250704;IT0005631590;20350801;1100000;;0;-20075; ;-20075; ;-20075; ;-20075; ;-20075; ;-20075; ;-20075; ;-20075; ;-20075; ;-20075; ;-20075;-20075;-20075;-20075;-20075;-20075;-20075;-1120075; ; ; ; ; ; ; ; ; 
MEF;20250710;IT0005631590;20350801;1200000;;0;-21900; ;-21900; ;-21900; ;-21900; ;-21900; ;-21900; ;-21900; ;-21900; ;-21900; ;-21900; ;-21900;-21900;-21900;-21900;-21900;-21900;-21900;-1221900; ; ; ; ; ; ; ; ; 
MEF;20250714;IT0005631590;20350801;2800000;;0;-51100; ;-51100; ;-51100; ;-51100; ;-51100; ;-51100; ;-51100; ;-51100; ;-51100; ;-51100; ;-51100;-51100;-51100;-51100;-51100;-51100;-51100;-2851100; ; ; ; ; ; ; ; ; 
MEF;20250715;IT0005631590;20350801;1200000;;0;-21900; ;-21900; ;-21900; ;-21900; ;-21900; ;-21900; ;-21900; ;-21900; ;-21900; ;-21900; ;-21900;-21900;-21900;-21900;-21900;-21900;-21900;-1221900; ; ; ; ; ; ; ; ; 
MEF;20250716;IT0003535157;20340801;5000000;;0;-125000; ;-125000; ;-125000; ;-125000; ;-125000; ;-125000; ;-125000; ;-125000; ;-125000; ;-125000; ;-125000;-125000;-125000;-125000;-125000;-5125000; ; ; ; ; ; ; ; ; ; ; 
MEF;20250718;IT0003535157;20340801;-1000000;;0;25000; ;25000; ;25000; ;25000; ;25000; ;25000; ;25000; ;25000; ;25000; ;25000; ;25000;25000;25000;25000;25000;1025000; ; ; ; ; ; ; ; ; ; ; 
MEF;20250718;IT0003535157;20340801;-4900000;;0;122500; ;122500; ;122500; ;122500; ;122500; ;122500; ;122500; ;122500; ;122500; ;122500; ;122500;122500;122500;122500;122500;5022500; ; ; ; ; ; ; ; ; ; ; 
MEF;20250718;IT0005566408;20290201;-1200000;;0;24600; ;24600; ;24600; ;24600; ;1224600; ; ; ; ; ; ; ; ; ; ; ; ; ; ; ; ; ; ; ; ; ; ; ; ; ; ; ; 
MEF;20250808;IT0003256820;20330201;-1200000;;0;34500; ;34500; ;34500; ;34500; ;34500; ;34500; ;34500; ;34500; ;34500; ;34500; ;34500;34500;1234500; ; ; ; ; ; ; ; ; ; ; ; ; ; 
MEF;20250814;IT0004286966;20390801;49000000;;0;-1225000; ;-1225000; ;-1225000; ;-1225000; ;-1225000; ;-1225000; ;-1225000; ;-1225000; ;-1225000; ;-1225000; ;-1225000;-1225000;-1225000;-1225000;-1225000;-1225000;-1225000;-1225000;-1225000;-1225000;-1225000;-1225000;-1225000;-1225000;-1225000;-50225000; 
MEF;20250819;IT0003535157;20340801;-37000000;;0;925000; ;925000; ;925000; ;925000; ;925000; ;925000; ;925000; ;925000; ;925000; ;925000; ;925000;925000;925000;925000;925000;37925000; ; ; ; ; ; ; ; ; ; ; 
MEF;20250819;IT0003934657;20370201;-1000000;;0;20000; ;20000; ;20000; ;20000; ;20000; ;20000; ;20000; ;20000; ;20000; ;20000; ;20000;20000;20000;20000;20000;20000;20000;20000;20000;20000;1020000; ; ; ; ; ; 
MEF;20250825;IT0003535157;20340801;25000000;;0;-625000; ;-625000; ;-625000; ;-625000; ;-625000; ;-625000; ;-625000; ;-625000; ;-625000; ;-625000; ;-625000;-625000;-625000;-625000;-625000;-25625000; ; ; ; ; ; ; ; ; ; ; 
MEF;20250825;IT0005607970;20350201;23900000;;0;-460075; ;-460075; ;-460075; ;-460075; ;-460075; ;-460075; ;-460075; ;-460075; ;-460075; ;-460075; ;-460075;-460075;-460075;-460075;-460075;-460075;-24360075; ; ; ; ; ; ; ; ; ; 
MEF;20250826;IT0005607970;20350201;1000000;;0;-19250; ;-19250; ;-19250; ;-19250; ;-19250; ;-19250; ;-19250; ;-19250; ;-19250; ;-19250; ;-19250;-19250;-19250;-19250;-19250;-19250;-1019250; ; ; ; ; ; ; ; ; ; 
MEF;20250829;IT0005274805;20270801;-900000;;0;9225; ;909225; ; ; ; ; ; ; ; ; ; ; ; ; ; ; ; ; ; ; ; ; ; ; ; ; ; ; ; ; ; ; ; ; ; 
MEF;20250829;IT0005548315;20280801;-900000;;0;17100; ;17100; ;17100; ;917100; ; ; ; ; ; ; ; ; ; ; ; ; ; ; ; ; ; ; ; ; ; ; ; ; ; ; ; ; ; 
MEF;20250904;IT0003256820;20330201;200000;;0;-5750; ;-5750; ;-5750; ;-5750; ;-5750; ;-5750; ;-5750; ;-5750; ;-5750; ;-5750; ;-5750;-5750;-205750; ; ; ; ; ; ; ; ; ; ; ; ; ; 
MEF;20250904;IT0003934657;20370201;200000;;0;-4000; ;-4000; ;-4000; ;-4000; ;-4000; ;-4000; ;-4000; ;-4000; ;-4000; ;-4000; ;-4000;-4000;-4000;-4000;-4000;-4000;-4000;-4000;-4000;-4000;-204000; ; ; ; ; ; 
MEF;20250905;IT0003256820;20330201;13000000;;0;-373750; ;-373750; ;-373750; ;-373750; ;-373750; ;-373750; ;-373750; ;-373750; ;-373750; ;-373750; ;-373750;-373750;-13373750; ; ; ; ; ; ; ; ; ; ; ; ; ; 
MEF;20250905;IT0003535157;20340801;1000000;;0;-25000; ;-25000; ;-25000; ;-25000; ;-25000; ;-25000; ;-25000; ;-25000; ;-25000; ;-25000; ;-25000;-25000;-25000;-25000;-25000;-1025000; ; ; ; ; ; ; ; ; ; ; 
MEF;20250905;IT0003934657;20370201;2000000;;0;-40000; ;-40000; ;-40000; ;-40000; ;-40000; ;-40000; ;-40000; ;-40000; ;-40000; ;-40000; ;-40000;-40000;-40000;-40000;-40000;-40000;-40000;-40000;-40000;-40000;-2040000; ; ; ; ; ; 
MEF;20250905;IT0005657348;20310815;331000000;IT0005667859;-331000000; ;-142156961.11; ;-142156961.11; ;-142156961.11; ;-142156961.11; ;-142156961.11; ;-142156961.11; ;-142156961.11; ;-142156961.11; ;-142156961.11; ;-142156961.11; ; ; ; ; ; ; ; ; ; ; ; ; ; ; ; ; 
MEF;20250908;IT0004286966;20390801;-54000000;;0;1350000; ;1350000; ;1350000; ;1350000; ;1350000; ;1350000; ;1350000; ;1350000; ;1350000; ;1350000; ;1350000;1350000;1350000;1350000;1350000;1350000;1350000;1350000;1350000;1350000;1350000;1350000;1350000;1350000;1350000;55350000; 
MEF;20250908;IT0004286966;20390801;200000;;0;-5000; ;-5000; ;-5000; ;-5000; ;-5000; ;-5000; ;-5000; ;-5000; ;-5000; ;-5000; ;-5000;-5000;-5000;-5000;-5000;-5000;-5000;-5000;-5000;-5000;-5000;-5000;-5000;-5000;-5000;-205000; 
MEF;20250912;IT0003256820;20330201;-1100000;;0;31625; ;31625; ;31625; ;31625; ;31625; ;31625; ;31625; ;31625; ;31625; ;31625; ;31625;31625;1131625; ; ; ; ; ; ; ; ; ; ; ; ; ; 
MEF;20250924;IT0003256820;20330201;-8000000;;0;230000; ;230000; ;230000; ;230000; ;230000; ;230000; ;230000; ;230000; ;230000; ;230000; ;230000;230000;8230000; ; ; ; ; ; ; ; ; ; ; ; ; ; 
MEF;20250924;IT0003535157;20340801;-5000000;;0;125000; ;125000; ;125000; ;125000; ;125000; ;125000; ;125000; ;125000; ;125000; ;125000; ;125000;125000;125000;125000;125000;5125000; ; ; ; ; ; ; ; ; ; ; 
MEF;20250924;IT0003934657;20370201;-1000000;;0;20000; ;20000; ;20000; ;20000; ;20000; ;20000; ;20000; ;20000; ;20000; ;20000; ;20000;20000;20000;20000;20000;20000;20000;20000;20000;20000;1020000; ; ; ; ; ; 
MEF;20250926;IT0005566408;20290201;-900000;;0;18450; ;18450; ;18450; ;18450; ;918450; ; ; ; ; ; ; ; ; ; ; ; ; ; ; ; ; ; ; ; ; ; ; ; ; ; ; ; 
MEF;20250930;IT0003256820;20330201;-900000;;0;25875; ;25875; ;25875; ;25875; ;25875; ;25875; ;25875; ;25875; ;25875; ;25875; ;25875;25875;925875; ; ; ; ; ; ; ; ; ; ; ; ; ; 
MEF;20251008;IT0003535157;20340801;1000000;;0;-25000; ;-25000; ;-25000; ;-25000; ;-25000; ;-25000; ;-25000; ;-25000; ;-25000; ;-25000; ;-25000;-25000;-25000;-25000;-25000;-1025000; ; ; ; ; ; ; ; ; ; ; 
MEF;20251009;IT0004286966;20390801;200000;;0;-5000; ;-5000; ;-5000; ;-5000; ;-5000; ;-5000; ;-5000; ;-5000; ;-5000; ;-5000; ;-5000;-5000;-5000;-5000;-5000;-5000;-5000;-5000;-5000;-5000;-5000;-5000;-5000;-5000;-5000;-205000; 
MEF;20251021;IT0004286966;20390801;-10000000;;0;250000; ;250000; ;250000; ;250000; ;250000; ;250000; ;250000; ;250000; ;250000; ;250000; ;250000;250000;250000;250000;250000;250000;250000;250000;250000;250000;250000;250000;250000;250000;250000;10250000; 
MEF;20251022;IT0004286966;20390801;200000;;0;-5000; ;-5000; ;-5000; ;-5000; ;-5000; ;-5000; ;-5000; ;-5000; ;-5000; ;-5000; ;-5000;-5000;-5000;-5000;-5000;-5000;-5000;-5000;-5000;-5000;-5000;-5000;-5000;-5000;-5000;-205000; 
MEF;20251024;IT0003256820;20330201;-2800000;;0;80500; ;80500; ;80500; ;80500; ;80500; ;80500; ;80500; ;80500; ;80500; ;80500; ;80500;80500;2880500; ; ; ; ; ; ; ; ; ; ; ; ; ; 
MEF;20251030;IT0004286966;20390801;400000;;0;-10000; ;-10000; ;-10000; ;-10000; ;-10000; ;-10000; ;-10000; ;-10000; ;-10000; ;-10000; ;-10000;-10000;-10000;-10000;-10000;-10000;-10000;-10000;-10000;-10000;-10000;-10000;-10000;-10000;-10000;-410000; 
MEF;20251128;IT0005657348;20310815;-4000000;IT0005667859;4000000; ;17179.09; ;17179.09; ;17179.09; ;17179.09; ;17179.09; ;17179.09; ;17179.09; ;17179.09; ;17179.09; ;17179.09; ; ; ; ; ; ; ; ; ; ; ; ; ; ; ; ; 
MEF;20251202;IT0003256820;20330201;-1000000;;0;28750; ;28750; ;28750; ;28750; ;28750; ;28750; ;28750; ;28750; ;28750; ;28750; ;28750;28750;1028750; ; ; ; ; ; ; ; ; ; ; ; ; ; 
MEF;20251202;IT0003535157;20340801;-1000000;;0;25000; ;25000; ;25000; ;25000; ;25000; ;25000; ;25000; ;25000; ;25000; ;25000; ;25000;25000;25000;25000;25000;1025000; ; ; ; ; ; ; ; ; ; ; 
MEF;20251222;IT0005657348;20310815;-5000000;IT0005667859;5000000; ;21473.86; ;21473.86; ;21473.86; ;21473.86; ;21473.86; ;21473.86; ;21473.86; ;21473.86; ;21473.86; ;21473.86; ; ; ; ; ; ; ; ; ; ; ; ; ; ; ; ; 
MEF;20251230;IT0003256820;20330201;-1700000;;0;48875; ;48875; ;48875; ;48875; ;48875; ;48875; ;48875; ;48875; ;48875; ;48875; ;48875;48875;1748875; ; ; ; ; ; ; ; ; ; ; ; ; ; 
MEF;20251230;IT0005566408;20290201;-900000;;0;18450; ;18450; ;18450; ;18450; ;918450; ; ; ; ; ; ; ; ; ; ; ; ; ; ; ; ; ; ; ; ; ; ; ; ; ; ; ; 
MEF;20260106;IT0003535157;20340801;200000;;0;-5000; ;-5000; ;-5000; ;-5000; ;-5000; ;-5000; ;-5000; ;-5000; ;-5000; ;-5000; ;-5000;-5000;-5000;-5000;-5000;-205000; ; ; ; ; ; ; ; ; ; ; 
MEF;20260106;IT0004286966;20390801;200000;;0;-5000; ;-5000; ;-5000; ;-5000; ;-5000; ;-5000; ;-5000; ;-5000; ;-5000; ;-5000; ;-5000;-5000;-5000;-5000;-5000;-5000;-5000;-5000;-5000;-5000;-5000;-5000;-5000;-5000;-5000;-205000; 
MEF;20260109;IT0005631590;20350801;-1100000;;0;20075; ;20075; ;20075; ;20075; ;20075; ;20075; ;20075; ;20075; ;20075; ;20075; ;20075;20075;20075;20075;20075;20075;20075;1120075; ; ; ; ; ; ; ; ; 
MEF;20260130;IT0005657348;20310815;13000000;IT0005667859;-13000000; ;-55832.04; ;-55832.04; ;-55832.04; ;-55832.04; ;-55832.04; ;-55832.04; ;-55832.04; ;-55832.04; ;-55832.04; ;-55832.04; ; ; ; ; ; ; ; ; ; ; ; ; ; ; ; ; 
MEF;20260130;IT0005657348;20310815;42000000;IT0005667859;-42000000; ;-180380.43; ;-180380.43; ;-180380.43; ;-180380.43; ;-180380.43; ;-180380.43; ;-180380.43; ;-180380.43; ;-180380.43; ;-180380.43; ; ; ; ; ; ; ; ; ; ; ; ; ; ; ; ; 
MEF;20260203;IT0003256820;20330201;8000000;;0;-230000; ;-230000; ;-230000; ;-230000; ;-230000; ;-230000; ;-230000; ;-230000; ;-230000; ;-230000; ;-230000;-230000;-8230000; ; ; ; ; ; ; ; ; ; ; ; ; ; 
MEF;20260203;IT0003535157;20340801;2200000;;0;-55000; ;-55000; ;-55000; ;-55000; ;-55000; ;-55000; ;-55000; ;-55000; ;-55000; ;-55000; ;-55000;-55000;-55000;-55000;-55000;-2255000; ; ; ; ; ; ; ; ; ; ; 
MEF;20260203;IT0003934657;20370201;2500000;;0;-50000; ;-50000; ;-50000; ;-50000; ;-50000; ;-50000; ;-50000; ;-50000; ;-50000; ;-50000; ;-50000;-50000;-50000;-50000;-50000;-50000;-50000;-50000;-50000;-50000;-2550000; ; ; ; ; ; 
MEF;20260203;IT0004286966;20390801;3000000;;0;-75000; ;-75000; ;-75000; ;-75000; ;-75000; ;-75000; ;-75000; ;-75000; ;-75000; ;-75000; ;-75000;-75000;-75000;-75000;-75000;-75000;-75000;-75000;-75000;-75000;-75000;-75000;-75000;-75000;-75000;-3075000; 
MEF;20260216;IT0003256820;20330201;-1500000;;0;43125; ;43125; ;43125; ;43125; ;43125; ;43125; ;43125; ;43125; ;43125; ;43125; ;43125;43125;1543125; ; ; ; ; ; ; ; ; ; ; ; ; ; 
MEF;20260219;IT0003934657;20370201;1000000;;0;-20000; ;-20000; ;-20000; ;-20000; ;-20000; ;-20000; ;-20000; ;-20000; ;-20000; ;-20000; ;-20000;-20000;-20000;-20000;-20000;-20000;-20000;-20000;-20000;-20000;-1020000; ; ; ; ; ; 
MEF;20260220;IT0003256820;20330201;-67000000;;0;1926250; ;1926250; ;1926250; ;1926250; ;1926250; ;1926250; ;1926250; ;1926250; ;1926250; ;1926250; ;1926250;1926250;68926250; ; ; ; ; ; ; ; ; ; ; ; ; ; 
MEF;20260220;IT0003535157;20340801;-2000000;;0;50000; ;50000; ;50000; ;50000; ;50000; ;50000; ;50000; ;50000; ;50000; ;50000; ;50000;50000;50000;50000;50000;2050000; ; ; ; ; ; ; ; ; ; ; 
MEF;20260224;IT0005631590;20350801;200000;;0;-3650; ;-3650; ;-3650; ;-3650; ;-3650; ;-3650; ;-3650; ;-3650; ;-3650; ;-3650; ;-3650;-3650;-3650;-3650;-3650;-3650;-3650;-203650; ; ; ; ; ; ; ; ; 
MEF;20260226;IT0005274805;20270801;1000000;;0;-10250; ;-1010250; ; ; ; ; ; ; ; ; ; ; ; ; ; ; ; ; ; ; ; ; ; ; ; ; ; ; ; ; ; ; ; ; ; 
MEF;20260226;IT0005548315;20280801;1000000;;0;-19000; ;-19000; ;-19000; ;-1019000; ; ; ; ; ; ; ; ; ; ; ; ; ; ; ; ; ; ; ; ; ; ; ; ; ; ; ; ; ; 
MEF;20260226;IT0005607970;20350201;-24500000;;0;471625; ;471625; ;471625; ;471625; ;471625; ;471625; ;471625; ;471625; ;471625; ;471625; ;471625;471625;471625;471625;471625;471625;24971625; ; ; ; ; ; ; ; ; ; 
MEF;20260227;IT0003934657;20370201;-900000;;0;18000; ;18000; ;18000; ;18000; ;18000; ;18000; ;18000; ;18000; ;18000; ;18000; ;18000;18000;18000;18000;18000;18000;18000;18000;18000;18000;918000; ; ; ; ; ; 
MEF;20260309;IT0003934657;20370201;1000000;;0;-20000; ;-20000; ;-20000; ;-20000; ;-20000; ;-20000; ;-20000; ;-20000; ;-20000; ;-20000; ;-20000;-20000;-20000;-20000;-20000;-20000;-20000;-20000;-20000;-20000;-1020000; ; ; ; ; ; 
MEF;20260309;IT0005676504;20360201;200000;;0;-3450; ;-3450; ;-3450; ;-3450; ;-3450; ;-3450; ;-3450; ;-3450; ;-3450; ;-3450; ;-3450;-3450;-3450;-3450;-3450;-3450;-3450;-3450;-203450; ; ; ; ; ; ; ; 
MEF;20260324;IT0003535157;20340801;-56000000;;0;1400000; ;1400000; ;1400000; ;1400000; ;1400000; ;1400000; ;1400000; ;1400000; ;1400000; ;1400000; ;1400000;1400000;1400000;1400000;1400000;57400000; ; ; ; ; ; ; ; ; ; ; 
MEF;20260325;IT0005657348;20310815;112000000;IT0005667859;-112000000; ;-616220.63; ;-616220.63; ;-616220.63; ;-616220.63; ;-616220.63; ;-616220.63; ;-616220.63; ;-616220.63; ;-616220.63; ;-616220.63; ; ; ; ; ; ; ; ; ; ; ; ; ; ; ; ; 
MEF;20260413;IT0005274805;20270801;200000;;0;-2050; ;-202050; ; ; ; ; ; ; ; ; ; ; ; ; ; ; ; ; ; ; ; ; ; ; ; ; ; ; ; ; ; ; ; ; ; 
MEF;20260416;IT0003256820;20330201;52000000;;0;-1495000; ;-1495000; ;-1495000; ;-1495000; ;-1495000; ;-1495000; ;-1495000; ;-1495000; ;-1495000; ;-1495000; ;-1495000;-1495000;-53495000; ; ; ; ; ; ; ; ; ; ; ; ; ; 
MEF;20260416;IT0003934657;20370201;1000000;;0;-20000; ;-20000; ;-20000; ;-20000; ;-20000; ;-20000; ;-20000; ;-20000; ;-20000; ;-20000; ;-20000;-20000;-20000;-20000;-20000;-20000;-20000;-20000;-20000;-20000;-1020000; ; ; ; ; ; 
MEF;20260417;IT0004286966;20390801;-60000000;;0;1500000; ;1500000; ;1500000; ;1500000; ;1500000; ;1500000; ;1500000; ;1500000; ;1500000; ;1500000; ;1500000;1500000;1500000;1500000;1500000;1500000;1500000;1500000;1500000;1500000;1500000;1500000;1500000;1500000;1500000;61500000; 
MEF;20260420;IT0005607970;20350201;200000;;0;-3850; ;-3850; ;-3850; ;-3850; ;-3850; ;-3850; ;-3850; ;-3850; ;-3850; ;-3850; ;-3850;-3850;-3850;-3850;-3850;-3850;-203850; ; ; ; ; ; ; ; ; ; 
MEF;20260421;IT0003256820;20330201;-53000000;;0;1523750; ;1523750; ;1523750; ;1523750; ;1523750; ;1523750; ;1523750; ;1523750; ;1523750; ;1523750; ;1523750;1523750;54523750; ; ; ; ; ; ; ; ; ; ; ; ; ; 
MEF;20260421;IT0003535157;20340801;-85000000;;0;2125000; ;2125000; ;2125000; ;2125000; ;2125000; ;2125000; ;2125000; ;2125000; ;2125000; ;2125000; ;2125000;2125000;2125000;2125000;2125000;87125000; ; ; ; ; ; ; ; ; ; ; 
MEF;20260424;IT0003934657;20370201;-2300000;;0;46000; ;46000; ;46000; ;46000; ;46000; ;46000; ;46000; ;46000; ;46000; ;46000; ;46000;46000;46000;46000;46000;46000;46000;46000;46000;46000;2346000; ; ; ; ; ; 
MEF;20260424;IT0005657348;20310815;13000000;IT0005667859;-13000000; ;-71525.61; ;-71525.61; ;-71525.61; ;-71525.61; ;-71525.61; ;-71525.61; ;-71525.61; ;-71525.61; ;-71525.61; ;-71525.61; ; ; ; ; ; ; ; ; ; ; ; ; ; ; ; ; 
MEF;20260428;IT0003256820;20330201;-57000000;;0;1638750; ;1638750; ;1638750; ;1638750; ;1638750; ;1638750; ;1638750; ;1638750; ;1638750; ;1638750; ;1638750;1638750;58638750; ; ; ; ; ; ; ; ; ; ; ; ; ; 
MEF;20260428;IT0003535157;20340801;-22000000;;0;550000; ;550000; ;550000; ;550000; ;550000; ;550000; ;550000; ;550000; ;550000; ;550000; ;550000;550000;550000;550000;550000;22550000; ; ; ; ; ; ; ; ; ; ; 
MEF;20260428;IT0004286966;20390801;92000000;;0;-2300000; ;-2300000; ;-2300000; ;-2300000; ;-2300000; ;-2300000; ;-2300000; ;-2300000; ;-2300000; ;-2300000; ;-2300000;-2300000;-2300000;-2300000;-2300000;-2300000;-2300000;-2300000;-2300000;-2300000;-2300000;-2300000;-2300000;-2300000;-2300000;-94300000; 
MEF;20260430;IT0003934657;20370201;-5600000;;0;112000; ;112000; ;112000; ;112000; ;112000; ;112000; ;112000; ;112000; ;112000; ;112000; ;112000;112000;112000;112000;112000;112000;112000;112000;112000;112000;5712000; ; ; ; ; ; 
MEF;20260505;IT0005657348;20310815;-2000000;IT0005667859;2000000; ;11003.94; ;11003.94; ;11003.94; ;11003.94; ;11003.94; ;11003.94; ;11003.94; ;11003.94; ;11003.94; ;11003.94; ; ; ; ; ; ; ; ; ; ; ; ; ; ; ; ; 
MEF;20260507;IT0005657348;20310815;20000000;IT0005667859;-20000000; ;-110039.39; ;-110039.39; ;-110039.39; ;-110039.39; ;-110039.39; ;-110039.39; ;-110039.39; ;-110039.39; ;-110039.39; ;-110039.39; ; ; ; ; ; ; ; ; ; ; ; ; ; ; ; ; 
MEF;20260518;IT0003256820;20330201;1000000;;0;-28750; ;-28750; ;-28750; ;-28750; ;-28750; ;-28750; ;-28750; ;-28750; ;-28750; ;-28750; ;-28750;-28750;-1028750; ; ; ; ; ; ; ; ; ; ; ; ; ; 
MEF;20260520;IT0003256820;20330201;600000;;0;-17250; ;-17250; ;-17250; ;-17250; ;-17250; ;-17250; ;-17250; ;-17250; ;-17250; ;-17250; ;-17250;-17250;-617250; ; ; ; ; ; ; ; ; ; ; ; ; ; 
MEF;20260529;IT0003256820;20330201;41000000;;0;-1178750; ;-1178750; ;-1178750; ;-1178750; ;-1178750; ;-1178750; ;-1178750; ;-1178750; ;-1178750; ;-1178750; ;-1178750;-1178750;-42178750; ; ; ; ; ; ; ; ; ; ; ; ; ; 
MEF;20260529;IT0003934657;20370201;-58000000;;0;1160000; ;1160000; ;1160000; ;1160000; ;1160000; ;1160000; ;1160000; ;1160000; ;1160000; ;1160000; ;1160000;1160000;1160000;1160000;1160000;1160000;1160000;1160000;1160000;1160000;59160000; ; ; ; ; ; 
MEF;20260529;IT0005403396;20300801;-1400000;;0;6650; ;6650; ;6650; ;6650; ;6650; ;6650; ;6650; ;1406650; ; ; ; ; ; ; ; ; ; ; ; ; ; ; ; ; ; ; ; ; ; 
MEF;20260529;IT0005436693;20310801;-1400000;;0;4200; ;4200; ;4200; ;4200; ;4200; ;4200; ;4200; ;4200; ;4200; ;1404200; ; ; ; ; ; ; ; ; ; ; ; ; ; ; ; ; ; 
MEF;20260529;IT0005671273;20310201;-1400000;;0;19950; ;19950; ;19950; ;19950; ;19950; ;19950; ;19950; ;19950; ;1419950; ; ; ; ; ; ; ; ; ; ; ; ; ; ; ; ; ; ; ; 
MEF;20260604;IT0005671273;20310201;15000000;;0;-213750; ;-213750; ;-213750; ;-213750; ;-213750; ;-213750; ;-213750; ;-213750; ;-15213750; ; ; ; ; ; ; ; ; ; ; ; ; ; ; ; ; ; ; ; 
MEF;20260605;IT0003535157;20340801;-1100000;;0;27500; ;27500; ;27500; ;27500; ;27500; ;27500; ;27500; ;27500; ;27500; ;27500; ;27500;27500;27500;27500;27500;1127500; ; ; ; ; ; ; ; ; ; ; 
MEF;20260605;IT0005323032;20280201;-1900000;;0;19000; ;19000; ;1919000; ; ; ; ; ; ; ; ; ; ; ; ; ; ; ; ; ; ; ; ; ; ; ; ; ; ; ; ; ; ; ; 
MEF;20260609;IT0005274805;20270801;500000;;0;-5125; ;-505125; ; ; ; ; ; ; ; ; ; ; ; ; ; ; ; ; ; ; ; ; ; ; ; ; ; ; ; ; ; ; ; ; ; 
MEF;20260609;IT0005566408;20290201;500000;;0;-10250; ;-10250; ;-10250; ;-10250; ;-510250; ; ; ; ; ; ; ; ; ; ; ; ; ; ; ; ; ; ; ; ; ; ; ; ; ; ; ; 
MEF;20260609;IT0005657348;20310815;-2000000;IT0005667859;2000000; ;11003.94; ;11003.94; ;11003.94; ;11003.94; ;11003.94; ;11003.94; ;11003.94; ;11003.94; ;11003.94; ;11003.94; ; ; ; ; ; ; ; ; ; ; ; ; ; ; ; ; 
MEF;20260624;IT0005657348;20310815;78000000;IT0005667859;-78000000; ;-429153.64; ;-429153.64; ;-429153.64; ;-429153.64; ;-429153.64; ;-429153.64; ;-429153.64; ;-429153.64; ;-429153.64; ;-429153.64; ; ; ; ; ; ; ; ; ; ; ; ; ; ; ; ; 
MEF;20260626;IT0003256820;20330201;36000000;;0;-1035000; ;-1035000; ;-1035000; ;-1035000; ;-1035000; ;-1035000; ;-1035000; ;-1035000; ;-1035000; ;-1035000; ;-1035000;-1035000;-37035000; ; ; ; ; ; ; ; ; ; ; ; ; ; 
MEF;20260626;IT0003535157;20340801;42000000;;0;-1050000; ;-1050000; ;-1050000; ;-1050000; ;-1050000; ;-1050000; ;-1050000; ;-1050000; ;-1050000; ;-1050000; ;-1050000;-1050000;-1050000;-1050000;-1050000;-43050000; ; ; ; ; ; ; ; ; ; ; 
MEF;20260629;IT0003934657;20370201;-11000000;;0;220000; ;220000; ;220000; ;220000; ;220000; ;220000; ;220000; ;220000; ;220000; ;220000; ;220000;220000;220000;220000;220000;220000;220000;220000;220000;220000;11220000; ; ; ; ; ; 
MEF;20260629;IT0004286966;20390801;-74000000;;0;1850000; ;1850000; ;1850000; ;1850000; ;1850000; ;1850000; ;1850000; ;1850000; ;1850000; ;1850000; ;1850000;1850000;1850000;1850000;1850000;1850000;1850000;1850000;1850000;1850000;1850000;1850000;1850000;1850000;1850000;75850000; 
MEF;20260703;IT0005671273;20310201;21000000;;0;-299250; ;-299250; ;-299250; ;-299250; ;-299250; ;-299250; ;-299250; ;-299250; ;-21299250; ; ; ; ; ; ; ; ; ; ; ; ; ; ; ; ; ; ; ; 
MEF;20260709;IT0003256820;20330201;-2000000;;0;57500; ;57500; ;57500; ;57500; ;57500; ;57500; ;57500; ;57500; ;57500; ;57500; ;57500;57500;2057500; ; ; ; ; ; ; ; ; ; ; ; ; ; 
MEF;20260709;IT0003535157;20340801;-3000000;;0;75000; ;75000; ;75000; ;75000; ;75000; ;75000; ;75000; ;75000; ;75000; ;75000; ;75000;75000;75000;75000;75000;3075000; ; ; ; ; ; ; ; ; ; ; 
MEF;20260710;IT0005566408;20290201;-900000;;0;18450; ;18450; ;18450; ;18450; ;918450; ; ; ; ; ; ; ; ; ; ; ; ; ; ; ; ; ; ; ; ; ; ; ; ; ; ; ; 
MEF;20260713;IT0003256820;20330201;-33000000;;0;948750; ;948750; ;948750; ;948750; ;948750; ;948750; ;948750; ;948750; ;948750; ;948750; ;948750;948750;33948750; ; ; ; ; ; ; ; ; ; ; ; ; ; 
MEF;20260717;IT0005657348;20310815;-2000000;IT0005667859;2000000; ;11003.94; ;11003.94; ;11003.94; ;11003.94; ;11003.94; ;11003.94; ;11003.94; ;11003.94; ;11003.94; ;11003.94; ; ; ; ; ; ; ; ; ; ; ; ; ; ; ; ; 
MEF;20260721;IT0004286966;20390801;74000000;;0;-1850000; ;-1850000; ;-1850000; ;-1850000; ;-1850000; ;-1850000; ;-1850000; ;-1850000; ;-1850000; ;-1850000; ;-1850000;-1850000;-1850000;-1850000;-1850000;-1850000;-1850000;-1850000;-1850000;-1850000;-1850000;-1850000;-1850000;-1850000;-1850000;-75850000; 
MEF;20260722;IT0003535157;20340801;-72000000;;0;1800000; ;1800000; ;1800000; ;1800000; ;1800000; ;1800000; ;1800000; ;1800000; ;1800000; ;1800000; ;1800000;1800000;1800000;1800000;1800000;73800000; ; ; ; ; ; ; ; ; ; ; 
MEF;20260727;IT0005657348;20310815;70000000;IT0005667859;-70000000; ;-385137.88; ;-385137.88; ;-385137.88; ;-385137.88; ;-385137.88; ;-385137.88; ;-385137.88; ;-385137.88; ;-385137.88; ;-385137.88; ; ; ; ; ; ; ; ; ; ; ; ; ; ; ; ; 
MEF;20260803;IT0005657348;20310815;23000000;IT0005667859;-23000000; ;-126545.3; ;-126545.3; ;-126545.3; ;-126545.3; ;-126545.3; ;-126545.3; ;-126545.3; ;-126545.3; ;-126545.3; ;-126545.3; ; ; ; ; ; ; ; ; ; ; ; ; ; ; ; ; 
MEF;20260817;IT0003256820;20330201;400000;;0;-11500; ;-11500; ;-11500; ;-11500; ;-11500; ;-11500; ;-11500; ;-11500; ;-11500; ;-11500; ;-11500;-11500;-411500; ; ; ; ; ; ; ; ; ; ; ; ; ; 
MEF;20260817;IT0003535157;20340801;400000;;0;-10000; ;-10000; ;-10000; ;-10000; ;-10000; ;-10000; ;-10000; ;-10000; ;-10000; ;-10000; ;-10000;-10000;-10000;-10000;-10000;-410000; ; ; ; ; ; ; ; ; ; ; 
MEF;20260817;IT0005566408;20290201;-1000000;;0;20500; ;20500; ;20500; ;20500; ;1020500; ; ; ; ; ; ; ; ; ; ; ; ; ; ; ; ; ; ; ; ; ; ; ; ; ; ; ; 
MEF;20260821;IT0003256820;20330201;200000;;0;-5750; ;-5750; ;-5750; ;-5750; ;-5750; ;-5750; ;-5750; ;-5750; ;-5750; ;-5750; ;-5750;-5750;-205750; ; ; ; ; ; ; ; ; ; ; ; ; ; 
MEF;20260828;IT0003256820;20330201;-4000000;;0;115000; ;115000; ;115000; ;115000; ;115000; ;115000; ;115000; ;115000; ;115000; ;115000; ;115000;115000;4115000; ; ; ; ; ; ; ; ; ; ; ; ; ; 
MEF;20260828;IT0005657348;20310815;-1000000;IT0005667859;1000000; ;5501.97; ;5501.97; ;5501.97; ;5501.97; ;5501.97; ;5501.97; ;5501.97; ;5501.97; ;5501.97; ;5501.97; ; ; ; ; ; ; ; ; ; ; ; ; ; ; ; ; 
