"Issuer Code";"Accounting Date";"Original Bond ISIN Code";"Original Bond Maturity Date";"Stripped Bond Quantity";"Principal ISIN Code";"Principal Stripped Quantity";"Coupon Stripped Movement";"Coupon Stripped Movement";"Coupon Stripped Movement";"Coupon Stripped Movement";"Coupon Stripped Movement";"Coupon Stripped Movement";"Coupon Stripped Movement";"Coupon Stripped Movement";"Coupon Stripped Movement";"Coupon Stripped Movement";"Coupon Stripped Movement";"Coupon Stripped Movement";"Coupon Stripped Movement";"Coupon Stripped Movement";"Coupon Stripped Movement";"Coupon Stripped Movement";"Coupon Stripped Movement";"Coupon Stripped Movement";"Coupon Stripped Movement";"Coupon Stripped Movement";"Coupon Stripped Movement";"Coupon Stripped Movement";"Coupon Stripped Movement";"Coupon Stripped Movement";"Coupon Stripped Movement";"Coupon Stripped Movement";"Coupon Stripped Movement";"Coupon Stripped Movement";"Coupon Stripped Movement";"Coupon Stripped Movement";"Coupon Stripped Movement";"Coupon Stripped Movement";"Coupon Stripped Movement";"Coupon Stripped Movement";"Coupon Stripped Movement";"Coupon Stripped Movement";"Coupon Stripped Movement";"Coupon Stripped Movement";"Coupon Stripped Movement";"Coupon Stripped Movement";"Coupon Stripped Movement";"Coupon Stripped Movement";"Coupon Stripped Movement";"Coupon Stripped Movement";"Coupon Stripped Movement";"Coupon Stripped Movement";"Coupon Stripped Movement";"Coupon Stripped Movement";"Coupon Stripped Movement";"Coupon Stripped Movement";"Coupon Stripped Movement";"Coupon Stripped Movement";"Coupon Stripped Movement";"Coupon Stripped Movement";"Coupon Stripped Movement";"Coupon Stripped Movement";"Coupon Stripped Movement";"Coupon Stripped Movement";"Coupon Stripped Movement";"Coupon Stripped Movement";"Coupon Stripped Movement";"Coupon Stripped Movement";"Coupon Stripped Movement";"Coupon Stripped Movement";"Coupon Stripped Movement";"Coupon Stripped Movement";"Coupon Stripped Movement";"Coupon Stripped Movement";"Coupon Stripped Movement";"Coupon Stripped Movement";"Coupon Stripped Movement";"Coupon Stripped Movement";"Coupon Stripped Movement";"Coupon Stripped Movement";"Coupon Stripped Movement";"Coupon Stripped Movement";"Coupon Stripped Movement";"Coupon Stripped Movement";"Coupon Stripped Movement";"Coupon Stripped Movement";"Coupon Stripped Movement";"Coupon Stripped Movement";"Coupon Stripped Movement";"Coupon Stripped Movement";"Coupon Stripped Movement";"Coupon Stripped Movement";"Coupon Stripped Movement";"Coupon Stripped Movement";"Coupon Stripped Movement";"Coupon Stripped Movement";"Coupon Stripped Movement";"Coupon Stripped Movement";"Coupon Stripped Movement";"Coupon Stripped Movement";"Coupon Stripped Movement";"Coupon Stripped Movement";"Coupon Stripped Movement";"Coupon Stripped Movement";"Coupon Stripped Movement";"Coupon Stripped Movement";"Coupon Stripped Movement";"Coupon Stripped Movement";"Coupon Stripped Movement";"Coupon Stripped Movement";"Coupon Stripped Movement";"Coupon Stripped Movement";"Coupon Stripped Movement";"Coupon Stripped Movement";"Coupon Stripped Movement";"Coupon Stripped Movement";"Coupon Stripped Movement";"Coupon Stripped Movement";"Coupon Stripped Movement"; 
;;;;;;;20260901;20260915;20270301;20270315;20270901;20270915;20280301;20280315;20280901;20280915;20290301;20290315;20290901;20290915;20300301;20300315;20300901;20300915;20310301;20310315;20310901;20310915;20320301;20320315;20320901;20320915;20330301;20330315;20330901;20330915;20340301;20340315;20340901;20340915;20350301;20350315;20350901;20350915;20360301;20360315;20360901;20360915;20370301;20370315;20370901;20370915;20380301;20380315;20380901;20380915;20390301;20390315;20390901;20390915;20400301;20400315;20400901;20400915;20410301;20410315;20410901;20410915;20420301;20420901;20430301;20430901;20440301;20440901;20450301;20450901;20460301;20460901;20470301;20470901;20480301;20480901;20490301;20490901;20500301;20500901;20510301;20510901;20520301;20520901;20530301;20530901;20540301;20540901;20550301;20550901;20560301;20560901;20570301;20570901;20580301;20580901;20590301;20590901;20600301;20600901;20610301;20610901;20620301;20620901;20630301;20630901;20640301;20640901;20650301;20650901;20660301;20660901;20670301; 
;;;;;;;IT0004976483;IT0005155301;IT0004976491;IT0005155319;IT0004976509;IT0005155327;IT0004976517;IT0005155335;IT0004976525;IT0005155343;IT0004976533;IT0005155350;IT0004976541;IT0005155368;IT0004976558;IT0005155376;IT0004976566;IT0005155384;IT0004976574;IT0005155392;IT0004976582;IT0005155400;IT0004976590;IT0005155418;IT0004976608;IT0005155426;IT0004976616;IT0003748883;IT0004976624;IT0003748891;IT0004976632;IT0003748909;IT0004976640;IT0003748917;IT0004976657;IT0003748925;IT0004976665;IT0003748933;IT0004976673;IT0004548282;IT0004976681;IT0004548308;IT0004976699;IT0004548316;IT0004976707;IT0004548324;IT0004976715;IT0004548332;IT0004976723;IT0004548340;IT0004976731;IT0004548357;IT0004976749;IT0004548365;IT0004976756;IT0004548373;IT0004976764;IT0004548381;IT0004976772;IT0004548399;IT0004976780;IT0004548407;IT0004976798;IT0004976806;IT0004976814;IT0004976822;IT0004976830;IT0004976848;IT0005093288;IT0005093296;IT0005093304;IT0005093312;IT0005177628;IT0005247876;IT0005247884;IT0005247892;IT0005247900;IT0005247918;IT0005247926;IT0005247934;IT0005247942;IT0005247959;IT0005247967;IT0005247975;IT0005247983;IT0005247991;IT0005248007;IT0005248015;IT0005248023;IT0005248031;IT0005248049;IT0005248056;IT0005248064;IT0005248072;IT0005248080;IT0005248098;IT0005248106;IT0005248114;IT0005248122;IT0005248130;IT0005248148;IT0005248155;IT0005248163;IT0005248171;IT0005248189;IT0005248197;IT0005248205;IT0005248213;IT0005248221;IT0005248239;IT0005248247;IT0005248254;IT0005248262; 
MEF;20150907;IT0004923998;20440901;5000000;;0;-118750; ;-118750; ;-118750; ;-118750; ;-118750; ;-118750; ;-118750; ;-118750; ;-118750; ;-118750; ;-118750; ;-118750; ;-118750; ;-118750; ;-118750; ;-118750; ;-118750; ;-118750; ;-118750; ;-118750; ;-118750; ;-118750; ;-118750; ;-118750; ;-118750; ;-118750; ;-118750; ;-118750; ;-118750; ;-118750; ;-118750; ;-118750;-118750;-118750;-118750;-118750;-5118750; ; ; ; ; ; ; ; ; ; ; ; ; ; ; ; ; ; ; ; ; ; ; ; ; ; ; ; ; ; ; ; ; ; ; ; ; ; ; ; ; ; ; ; ; ; 
MEF;20151111;IT0004923998;20440901;5000000;;0;-118750; ;-118750; ;-118750; ;-118750; ;-118750; ;-118750; ;-118750; ;-118750; ;-118750; ;-118750; ;-118750; ;-118750; ;-118750; ;-118750; ;-118750; ;-118750; ;-118750; ;-118750; ;-118750; ;-118750; ;-118750; ;-118750; ;-118750; ;-118750; ;-118750; ;-118750; ;-118750; ;-118750; ;-118750; ;-118750; ;-118750; ;-118750;-118750;-118750;-118750;-118750;-5118750; ; ; ; ; ; ; ; ; ; ; ; ; ; ; ; ; ; ; ; ; ; ; ; ; ; ; ; ; ; ; ; ; ; ; ; ; ; ; ; ; ; ; ; ; ; 
MEF;20160211;IT0005138828;20320915;25000000;IT0005155442;-25000000; ;-133119.25; ;-133119.25; ;-133119.25; ;-133119.25; ;-133119.25; ;-133119.25; ;-133119.25; ;-133119.25; ;-133119.25; ;-133119.25; ;-133119.25; ;-133119.25; ;-133119.25; ; ; ; ; ; ; ; ; ; ; ; ; ; ; ; ; ; ; ; ; ; ; ; ; ; ; ; ; ; ; ; ; ; ; ; ; ; ; ; ; ; ; ; ; ; ; ; ; ; ; ; ; ; ; ; ; ; ; ; ; ; ; ; ; ; ; ; ; ; ; ; ; ; ; ; ; ; ; ; ; ; ; ; ; ; ; ; 
MEF;20160211;IT0005138828;20320915;50000000;IT0005155442;-50000000; ;-266238.5; ;-266238.5; ;-266238.5; ;-266238.5; ;-266238.5; ;-266238.5; ;-266238.5; ;-266238.5; ;-266238.5; ;-266238.5; ;-266238.5; ;-266238.5; ;-266238.5; ; ; ; ; ; ; ; ; ; ; ; ; ; ; ; ; ; ; ; ; ; ; ; ; ; ; ; ; ; ; ; ; ; ; ; ; ; ; ; ; ; ; ; ; ; ; ; ; ; ; ; ; ; ; ; ; ; ; ; ; ; ; ; ; ; ; ; ; ; ; ; ; ; ; ; ; ; ; ; ; ; ; ; ; ; ; ; 
MEF;20160212;IT0004545890;20410915;25000000;IT0004548290;-25000000; ;-295370.5; ;-295370.5; ;-295370.5; ;-295370.5; ;-295370.5; ;-295370.5; ;-295370.5; ;-295370.5; ;-295370.5; ;-295370.5; ;-295370.5; ;-295370.5; ;-295370.5; ;-295370.5; ;-295370.5; ;-295370.5; ;-295370.5; ;-295370.5; ;-295370.5; ;-295370.5; ;-295370.5; ;-295370.5; ;-295370.5; ;-295370.5; ;-295370.5; ;-295370.5; ;-295370.5; ;-295370.5; ;-295370.5; ;-295370.5; ;-295370.5; ; ; ; ; ; ; ; ; ; ; ; ; ; ; ; ; ; ; ; ; ; ; ; ; ; ; ; ; ; ; ; ; ; ; ; ; ; ; ; ; ; ; ; ; ; ; ; ; ; ; ; 
MEF;20160225;IT0004545890;20410915;1000000;IT0004548290;-1000000; ;-11814.82; ;-11814.82; ;-11814.82; ;-11814.82; ;-11814.82; ;-11814.82; ;-11814.82; ;-11814.82; ;-11814.82; ;-11814.82; ;-11814.82; ;-11814.82; ;-11814.82; ;-11814.82; ;-11814.82; ;-11814.82; ;-11814.82; ;-11814.82; ;-11814.82; ;-11814.82; ;-11814.82; ;-11814.82; ;-11814.82; ;-11814.82; ;-11814.82; ;-11814.82; ;-11814.82; ;-11814.82; ;-11814.82; ;-11814.82; ;-11814.82; ; ; ; ; ; ; ; ; ; ; ; ; ; ; ; ; ; ; ; ; ; ; ; ; ; ; ; ; ; ; ; ; ; ; ; ; ; ; ; ; ; ; ; ; ; ; ; ; ; ; ; 
MEF;20160401;IT0004923998;20440901;14000000;;0;-332500; ;-332500; ;-332500; ;-332500; ;-332500; ;-332500; ;-332500; ;-332500; ;-332500; ;-332500; ;-332500; ;-332500; ;-332500; ;-332500; ;-332500; ;-332500; ;-332500; ;-332500; ;-332500; ;-332500; ;-332500; ;-332500; ;-332500; ;-332500; ;-332500; ;-332500; ;-332500; ;-332500; ;-332500; ;-332500; ;-332500; ;-332500;-332500;-332500;-332500;-332500;-14332500; ; ; ; ; ; ; ; ; ; ; ; ; ; ; ; ; ; ; ; ; ; ; ; ; ; ; ; ; ; ; ; ; ; ; ; ; ; ; ; ; ; ; ; ; ; 
MEF;20160401;IT0004923998;20440901;24000000;;0;-570000; ;-570000; ;-570000; ;-570000; ;-570000; ;-570000; ;-570000; ;-570000; ;-570000; ;-570000; ;-570000; ;-570000; ;-570000; ;-570000; ;-570000; ;-570000; ;-570000; ;-570000; ;-570000; ;-570000; ;-570000; ;-570000; ;-570000; ;-570000; ;-570000; ;-570000; ;-570000; ;-570000; ;-570000; ;-570000; ;-570000; ;-570000;-570000;-570000;-570000;-570000;-24570000; ; ; ; ; ; ; ; ; ; ; ; ; ; ; ; ; ; ; ; ; ; ; ; ; ; ; ; ; ; ; ; ; ; ; ; ; ; ; ; ; ; ; ; ; ; 
MEF;20160429;IT0004923998;20440901;49000000;;0;-1163750; ;-1163750; ;-1163750; ;-1163750; ;-1163750; ;-1163750; ;-1163750; ;-1163750; ;-1163750; ;-1163750; ;-1163750; ;-1163750; ;-1163750; ;-1163750; ;-1163750; ;-1163750; ;-1163750; ;-1163750; ;-1163750; ;-1163750; ;-1163750; ;-1163750; ;-1163750; ;-1163750; ;-1163750; ;-1163750; ;-1163750; ;-1163750; ;-1163750; ;-1163750; ;-1163750; ;-1163750;-1163750;-1163750;-1163750;-1163750;-50163750; ; ; ; ; ; ; ; ; ; ; ; ; ; ; ; ; ; ; ; ; ; ; ; ; ; ; ; ; ; ; ; ; ; ; ; ; ; ; ; ; ; ; ; ; ; 
MEF;20160504;IT0004545890;20410915;-437000000;IT0004548290;437000000; ;6041973.87; ;6041973.87; ;6041973.87; ;6041973.87; ;6041973.87; ;6041973.87; ;6041973.87; ;6041973.87; ;6041973.87; ;6041973.87; ;6041973.87; ;6041973.87; ;6041973.87; ;6041973.87; ;6041973.87; ;6041973.87; ;6041973.87; ;6041973.87; ;6041973.87; ;6041973.87; ;6041973.87; ;6041973.87; ;6041973.87; ;6041973.87; ;6041973.87; ;6041973.87; ;6041973.87; ;6041973.87; ;6041973.87; ;6041973.87; ;6041973.87; ; ; ; ; ; ; ; ; ; ; ; ; ; ; ; ; ; ; ; ; ; ; ; ; ; ; ; ; ; ; ; ; ; ; ; ; ; ; ; ; ; ; ; ; ; ; ; ; ; ; ; 
MEF;20160504;IT0004735152;20260915;-97000000;IT0004967904;97000000; ;1591391.43; ; ; ; ; ; ; ; ; ; ; ; ; ; ; ; ; ; ; ; ; ; ; ; ; ; ; ; ; ; ; ; ; ; ; ; ; ; ; ; ; ; ; ; ; ; ; ; ; ; ; ; ; ; ; ; ; ; ; ; ; ; ; ; ; ; ; ; ; ; ; ; ; ; ; ; ; ; ; ; ; ; ; ; ; ; ; ; ; ; ; ; ; ; ; ; ; ; ; ; ; ; ; ; ; ; ; ; ; ; ; ; 
MEF;20160509;IT0004923998;20440901;10000000;;0;-237500; ;-237500; ;-237500; ;-237500; ;-237500; ;-237500; ;-237500; ;-237500; ;-237500; ;-237500; ;-237500; ;-237500; ;-237500; ;-237500; ;-237500; ;-237500; ;-237500; ;-237500; ;-237500; ;-237500; ;-237500; ;-237500; ;-237500; ;-237500; ;-237500; ;-237500; ;-237500; ;-237500; ;-237500; ;-237500; ;-237500; ;-237500;-237500;-237500;-237500;-237500;-10237500; ; ; ; ; ; ; ; ; ; ; ; ; ; ; ; ; ; ; ; ; ; ; ; ; ; ; ; ; ; ; ; ; ; ; ; ; ; ; ; ; ; ; ; ; ; 
MEF;20160526;IT0004923998;20440901;-5000000;;0;118750; ;118750; ;118750; ;118750; ;118750; ;118750; ;118750; ;118750; ;118750; ;118750; ;118750; ;118750; ;118750; ;118750; ;118750; ;118750; ;118750; ;118750; ;118750; ;118750; ;118750; ;118750; ;118750; ;118750; ;118750; ;118750; ;118750; ;118750; ;118750; ;118750; ;118750; ;118750;118750;118750;118750;118750;5118750; ; ; ; ; ; ; ; ; ; ; ; ; ; ; ; ; ; ; ; ; ; ; ; ; ; ; ; ; ; ; ; ; ; ; ; ; ; ; ; ; ; ; ; ; ; 
MEF;20160621;IT0004923998;20440901;44000000;;0;-1045000; ;-1045000; ;-1045000; ;-1045000; ;-1045000; ;-1045000; ;-1045000; ;-1045000; ;-1045000; ;-1045000; ;-1045000; ;-1045000; ;-1045000; ;-1045000; ;-1045000; ;-1045000; ;-1045000; ;-1045000; ;-1045000; ;-1045000; ;-1045000; ;-1045000; ;-1045000; ;-1045000; ;-1045000; ;-1045000; ;-1045000; ;-1045000; ;-1045000; ;-1045000; ;-1045000; ;-1045000;-1045000;-1045000;-1045000;-1045000;-45045000; ; ; ; ; ; ; ; ; ; ; ; ; ; ; ; ; ; ; ; ; ; ; ; ; ; ; ; ; ; ; ; ; ; ; ; ; ; ; ; ; ; ; ; ; ; 
MEF;20160621;IT0004923998;20440901;50000000;;0;-1187500; ;-1187500; ;-1187500; ;-1187500; ;-1187500; ;-1187500; ;-1187500; ;-1187500; ;-1187500; ;-1187500; ;-1187500; ;-1187500; ;-1187500; ;-1187500; ;-1187500; ;-1187500; ;-1187500; ;-1187500; ;-1187500; ;-1187500; ;-1187500; ;-1187500; ;-1187500; ;-1187500; ;-1187500; ;-1187500; ;-1187500; ;-1187500; ;-1187500; ;-1187500; ;-1187500; ;-1187500;-1187500;-1187500;-1187500;-1187500;-51187500; ; ; ; ; ; ; ; ; ; ; ; ; ; ; ; ; ; ; ; ; ; ; ; ; ; ; ; ; ; ; ; ; ; ; ; ; ; ; ; ; ; ; ; ; ; 
MEF;20160701;IT0004923998;20440901;98000000;;0;-2327500; ;-2327500; ;-2327500; ;-2327500; ;-2327500; ;-2327500; ;-2327500; ;-2327500; ;-2327500; ;-2327500; ;-2327500; ;-2327500; ;-2327500; ;-2327500; ;-2327500; ;-2327500; ;-2327500; ;-2327500; ;-2327500; ;-2327500; ;-2327500; ;-2327500; ;-2327500; ;-2327500; ;-2327500; ;-2327500; ;-2327500; ;-2327500; ;-2327500; ;-2327500; ;-2327500; ;-2327500;-2327500;-2327500;-2327500;-2327500;-100327500; ; ; ; ; ; ; ; ; ; ; ; ; ; ; ; ; ; ; ; ; ; ; ; ; ; ; ; ; ; ; ; ; ; ; ; ; ; ; ; ; ; ; ; ; ; 
MEF;20160705;IT0004889033;20280901;5900000;;0;-140125; ;-140125; ;-140125; ;-140125; ;-6040125; ; ; ; ; ; ; ; ; ; ; ; ; ; ; ; ; ; ; ; ; ; ; ; ; ; ; ; ; ; ; ; ; ; ; ; ; ; ; ; ; ; ; ; ; ; ; ; ; ; ; ; ; ; ; ; ; ; ; ; ; ; ; ; ; ; ; ; ; ; ; ; ; ; ; ; ; ; ; ; ; ; ; ; ; ; ; ; ; ; ; ; ; ; ; ; ; ; ; ; ; ; ; ; ; 
MEF;20160719;IT0004923998;20440901;28000000;;0;-665000; ;-665000; ;-665000; ;-665000; ;-665000; ;-665000; ;-665000; ;-665000; ;-665000; ;-665000; ;-665000; ;-665000; ;-665000; ;-665000; ;-665000; ;-665000; ;-665000; ;-665000; ;-665000; ;-665000; ;-665000; ;-665000; ;-665000; ;-665000; ;-665000; ;-665000; ;-665000; ;-665000; ;-665000; ;-665000; ;-665000; ;-665000;-665000;-665000;-665000;-665000;-28665000; ; ; ; ; ; ; ; ; ; ; ; ; ; ; ; ; ; ; ; ; ; ; ; ; ; ; ; ; ; ; ; ; ; ; ; ; ; ; ; ; ; ; ; ; ; 
MEF;20160719;IT0004923998;20440901;31000000;;0;-736250; ;-736250; ;-736250; ;-736250; ;-736250; ;-736250; ;-736250; ;-736250; ;-736250; ;-736250; ;-736250; ;-736250; ;-736250; ;-736250; ;-736250; ;-736250; ;-736250; ;-736250; ;-736250; ;-736250; ;-736250; ;-736250; ;-736250; ;-736250; ;-736250; ;-736250; ;-736250; ;-736250; ;-736250; ;-736250; ;-736250; ;-736250;-736250;-736250;-736250;-736250;-31736250; ; ; ; ; ; ; ; ; ; ; ; ; ; ; ; ; ; ; ; ; ; ; ; ; ; ; ; ; ; ; ; ; ; ; ; ; ; ; ; ; ; ; ; ; ; 
MEF;20160721;IT0004889033;20280901;1000000;;0;-23750; ;-23750; ;-23750; ;-23750; ;-1023750; ; ; ; ; ; ; ; ; ; ; ; ; ; ; ; ; ; ; ; ; ; ; ; ; ; ; ; ; ; ; ; ; ; ; ; ; ; ; ; ; ; ; ; ; ; ; ; ; ; ; ; ; ; ; ; ; ; ; ; ; ; ; ; ; ; ; ; ; ; ; ; ; ; ; ; ; ; ; ; ; ; ; ; ; ; ; ; ; ; ; ; ; ; ; ; ; ; ; ; ; ; ; ; ; 
MEF;20160805;IT0004923998;20440901;9000000;;0;-213750; ;-213750; ;-213750; ;-213750; ;-213750; ;-213750; ;-213750; ;-213750; ;-213750; ;-213750; ;-213750; ;-213750; ;-213750; ;-213750; ;-213750; ;-213750; ;-213750; ;-213750; ;-213750; ;-213750; ;-213750; ;-213750; ;-213750; ;-213750; ;-213750; ;-213750; ;-213750; ;-213750; ;-213750; ;-213750; ;-213750; ;-213750;-213750;-213750;-213750;-213750;-9213750; ; ; ; ; ; ; ; ; ; ; ; ; ; ; ; ; ; ; ; ; ; ; ; ; ; ; ; ; ; ; ; ; ; ; ; ; ; ; ; ; ; ; ; ; ; 
MEF;20160815;IT0004923998;20440901;18000000;;0;-427500; ;-427500; ;-427500; ;-427500; ;-427500; ;-427500; ;-427500; ;-427500; ;-427500; ;-427500; ;-427500; ;-427500; ;-427500; ;-427500; ;-427500; ;-427500; ;-427500; ;-427500; ;-427500; ;-427500; ;-427500; ;-427500; ;-427500; ;-427500; ;-427500; ;-427500; ;-427500; ;-427500; ;-427500; ;-427500; ;-427500; ;-427500;-427500;-427500;-427500;-427500;-18427500; ; ; ; ; ; ; ; ; ; ; ; ; ; ; ; ; ; ; ; ; ; ; ; ; ; ; ; ; ; ; ; ; ; ; ; ; ; ; ; ; ; ; ; ; ; 
MEF;20160815;IT0004923998;20440901;5000000;;0;-118750; ;-118750; ;-118750; ;-118750; ;-118750; ;-118750; ;-118750; ;-118750; ;-118750; ;-118750; ;-118750; ;-118750; ;-118750; ;-118750; ;-118750; ;-118750; ;-118750; ;-118750; ;-118750; ;-118750; ;-118750; ;-118750; ;-118750; ;-118750; ;-118750; ;-118750; ;-118750; ;-118750; ;-118750; ;-118750; ;-118750; ;-118750;-118750;-118750;-118750;-118750;-5118750; ; ; ; ; ; ; ; ; ; ; ; ; ; ; ; ; ; ; ; ; ; ; ; ; ; ; ; ; ; ; ; ; ; ; ; ; ; ; ; ; ; ; ; ; ; 
MEF;20160825;IT0004545890;20410915;-1000000;IT0004548290;1000000; ;13826.03; ;13826.03; ;13826.03; ;13826.03; ;13826.03; ;13826.03; ;13826.03; ;13826.03; ;13826.03; ;13826.03; ;13826.03; ;13826.03; ;13826.03; ;13826.03; ;13826.03; ;13826.03; ;13826.03; ;13826.03; ;13826.03; ;13826.03; ;13826.03; ;13826.03; ;13826.03; ;13826.03; ;13826.03; ;13826.03; ;13826.03; ;13826.03; ;13826.03; ;13826.03; ;13826.03; ; ; ; ; ; ; ; ; ; ; ; ; ; ; ; ; ; ; ; ; ; ; ; ; ; ; ; ; ; ; ; ; ; ; ; ; ; ; ; ; ; ; ; ; ; ; ; ; ; ; ; 
MEF;20160902;IT0004923998;20440901;10000000;;0;-237500; ;-237500; ;-237500; ;-237500; ;-237500; ;-237500; ;-237500; ;-237500; ;-237500; ;-237500; ;-237500; ;-237500; ;-237500; ;-237500; ;-237500; ;-237500; ;-237500; ;-237500; ;-237500; ;-237500; ;-237500; ;-237500; ;-237500; ;-237500; ;-237500; ;-237500; ;-237500; ;-237500; ;-237500; ;-237500; ;-237500; ;-237500;-237500;-237500;-237500;-237500;-10237500; ; ; ; ; ; ; ; ; ; ; ; ; ; ; ; ; ; ; ; ; ; ; ; ; ; ; ; ; ; ; ; ; ; ; ; ; ; ; ; ; ; ; ; ; ; 
MEF;20160923;IT0004923998;20440901;28500000;;0;-676875; ;-676875; ;-676875; ;-676875; ;-676875; ;-676875; ;-676875; ;-676875; ;-676875; ;-676875; ;-676875; ;-676875; ;-676875; ;-676875; ;-676875; ;-676875; ;-676875; ;-676875; ;-676875; ;-676875; ;-676875; ;-676875; ;-676875; ;-676875; ;-676875; ;-676875; ;-676875; ;-676875; ;-676875; ;-676875; ;-676875; ;-676875;-676875;-676875;-676875;-676875;-29176875; ; ; ; ; ; ; ; ; ; ; ; ; ; ; ; ; ; ; ; ; ; ; ; ; ; ; ; ; ; ; ; ; ; ; ; ; ; ; ; ; ; ; ; ; ; 
MEF;20160929;IT0004923998;20440901;13000000;;0;-308750; ;-308750; ;-308750; ;-308750; ;-308750; ;-308750; ;-308750; ;-308750; ;-308750; ;-308750; ;-308750; ;-308750; ;-308750; ;-308750; ;-308750; ;-308750; ;-308750; ;-308750; ;-308750; ;-308750; ;-308750; ;-308750; ;-308750; ;-308750; ;-308750; ;-308750; ;-308750; ;-308750; ;-308750; ;-308750; ;-308750; ;-308750;-308750;-308750;-308750;-308750;-13308750; ; ; ; ; ; ; ; ; ; ; ; ; ; ; ; ; ; ; ; ; ; ; ; ; ; ; ; ; ; ; ; ; ; ; ; ; ; ; ; ; ; ; ; ; ; 
MEF;20160929;IT0004923998;20440901;20000000;;0;-475000; ;-475000; ;-475000; ;-475000; ;-475000; ;-475000; ;-475000; ;-475000; ;-475000; ;-475000; ;-475000; ;-475000; ;-475000; ;-475000; ;-475000; ;-475000; ;-475000; ;-475000; ;-475000; ;-475000; ;-475000; ;-475000; ;-475000; ;-475000; ;-475000; ;-475000; ;-475000; ;-475000; ;-475000; ;-475000; ;-475000; ;-475000;-475000;-475000;-475000;-475000;-20475000; ; ; ; ; ; ; ; ; ; ; ; ; ; ; ; ; ; ; ; ; ; ; ; ; ; ; ; ; ; ; ; ; ; ; ; ; ; ; ; ; ; ; ; ; ; 
MEF;20160929;IT0004923998;20440901;6000000;;0;-142500; ;-142500; ;-142500; ;-142500; ;-142500; ;-142500; ;-142500; ;-142500; ;-142500; ;-142500; ;-142500; ;-142500; ;-142500; ;-142500; ;-142500; ;-142500; ;-142500; ;-142500; ;-142500; ;-142500; ;-142500; ;-142500; ;-142500; ;-142500; ;-142500; ;-142500; ;-142500; ;-142500; ;-142500; ;-142500; ;-142500; ;-142500;-142500;-142500;-142500;-142500;-6142500; ; ; ; ; ; ; ; ; ; ; ; ; ; ; ; ; ; ; ; ; ; ; ; ; ; ; ; ; ; ; ; ; ; ; ; ; ; ; ; ; ; ; ; ; ; 
MEF;20160929;IT0005162828;20470301;7000000;;0;-94500; ;-94500; ;-94500; ;-94500; ;-94500; ;-94500; ;-94500; ;-94500; ;-94500; ;-94500; ;-94500; ;-94500; ;-94500; ;-94500; ;-94500; ;-94500; ;-94500; ;-94500; ;-94500; ;-94500; ;-94500; ;-94500; ;-94500; ;-94500; ;-94500; ;-94500; ;-94500; ;-94500; ;-94500; ;-94500; ;-94500; ;-94500;-94500;-94500;-94500;-94500;-94500;-94500;-94500;-94500;-94500;-7094500; ; ; ; ; ; ; ; ; ; ; ; ; ; ; ; ; ; ; ; ; ; ; ; ; ; ; ; ; ; ; ; ; ; ; ; ; ; ; ; ; 
MEF;20160930;IT0004923998;20440901;13000000;;0;-308750; ;-308750; ;-308750; ;-308750; ;-308750; ;-308750; ;-308750; ;-308750; ;-308750; ;-308750; ;-308750; ;-308750; ;-308750; ;-308750; ;-308750; ;-308750; ;-308750; ;-308750; ;-308750; ;-308750; ;-308750; ;-308750; ;-308750; ;-308750; ;-308750; ;-308750; ;-308750; ;-308750; ;-308750; ;-308750; ;-308750; ;-308750;-308750;-308750;-308750;-308750;-13308750; ; ; ; ; ; ; ; ; ; ; ; ; ; ; ; ; ; ; ; ; ; ; ; ; ; ; ; ; ; ; ; ; ; ; ; ; ; ; ; ; ; ; ; ; ; 
MEF;20160930;IT0004923998;20440901;19000000;;0;-451250; ;-451250; ;-451250; ;-451250; ;-451250; ;-451250; ;-451250; ;-451250; ;-451250; ;-451250; ;-451250; ;-451250; ;-451250; ;-451250; ;-451250; ;-451250; ;-451250; ;-451250; ;-451250; ;-451250; ;-451250; ;-451250; ;-451250; ;-451250; ;-451250; ;-451250; ;-451250; ;-451250; ;-451250; ;-451250; ;-451250; ;-451250;-451250;-451250;-451250;-451250;-19451250; ; ; ; ; ; ; ; ; ; ; ; ; ; ; ; ; ; ; ; ; ; ; ; ; ; ; ; ; ; ; ; ; ; ; ; ; ; ; ; ; ; ; ; ; ; 
MEF;20161005;IT0004923998;20440901;-12000000;;0;285000; ;285000; ;285000; ;285000; ;285000; ;285000; ;285000; ;285000; ;285000; ;285000; ;285000; ;285000; ;285000; ;285000; ;285000; ;285000; ;285000; ;285000; ;285000; ;285000; ;285000; ;285000; ;285000; ;285000; ;285000; ;285000; ;285000; ;285000; ;285000; ;285000; ;285000; ;285000;285000;285000;285000;285000;12285000; ; ; ; ; ; ; ; ; ; ; ; ; ; ; ; ; ; ; ; ; ; ; ; ; ; ; ; ; ; ; ; ; ; ; ; ; ; ; ; ; ; ; ; ; ; 
MEF;20161006;IT0004923998;20440901;-20000000;;0;475000; ;475000; ;475000; ;475000; ;475000; ;475000; ;475000; ;475000; ;475000; ;475000; ;475000; ;475000; ;475000; ;475000; ;475000; ;475000; ;475000; ;475000; ;475000; ;475000; ;475000; ;475000; ;475000; ;475000; ;475000; ;475000; ;475000; ;475000; ;475000; ;475000; ;475000; ;475000;475000;475000;475000;475000;20475000; ; ; ; ; ; ; ; ; ; ; ; ; ; ; ; ; ; ; ; ; ; ; ; ; ; ; ; ; ; ; ; ; ; ; ; ; ; ; ; ; ; ; ; ; ; 
MEF;20161018;IT0004923998;20440901;-2000000;;0;47500; ;47500; ;47500; ;47500; ;47500; ;47500; ;47500; ;47500; ;47500; ;47500; ;47500; ;47500; ;47500; ;47500; ;47500; ;47500; ;47500; ;47500; ;47500; ;47500; ;47500; ;47500; ;47500; ;47500; ;47500; ;47500; ;47500; ;47500; ;47500; ;47500; ;47500; ;47500;47500;47500;47500;47500;2047500; ; ; ; ; ; ; ; ; ; ; ; ; ; ; ; ; ; ; ; ; ; ; ; ; ; ; ; ; ; ; ; ; ; ; ; ; ; ; ; ; ; ; ; ; ; 
MEF;20161018;IT0005162828;20470301;-2000000;;0;27000; ;27000; ;27000; ;27000; ;27000; ;27000; ;27000; ;27000; ;27000; ;27000; ;27000; ;27000; ;27000; ;27000; ;27000; ;27000; ;27000; ;27000; ;27000; ;27000; ;27000; ;27000; ;27000; ;27000; ;27000; ;27000; ;27000; ;27000; ;27000; ;27000; ;27000; ;27000;27000;27000;27000;27000;27000;27000;27000;27000;27000;2027000; ; ; ; ; ; ; ; ; ; ; ; ; ; ; ; ; ; ; ; ; ; ; ; ; ; ; ; ; ; ; ; ; ; ; ; ; ; ; ; ; 
MEF;20161031;IT0004923998;20440901;2000000;;0;-47500; ;-47500; ;-47500; ;-47500; ;-47500; ;-47500; ;-47500; ;-47500; ;-47500; ;-47500; ;-47500; ;-47500; ;-47500; ;-47500; ;-47500; ;-47500; ;-47500; ;-47500; ;-47500; ;-47500; ;-47500; ;-47500; ;-47500; ;-47500; ;-47500; ;-47500; ;-47500; ;-47500; ;-47500; ;-47500; ;-47500; ;-47500;-47500;-47500;-47500;-47500;-2047500; ; ; ; ; ; ; ; ; ; ; ; ; ; ; ; ; ; ; ; ; ; ; ; ; ; ; ; ; ; ; ; ; ; ; ; ; ; ; ; ; ; ; ; ; ; 
MEF;20161101;IT0004889033;20280901;-9000000;;0;213750; ;213750; ;213750; ;213750; ;9213750; ; ; ; ; ; ; ; ; ; ; ; ; ; ; ; ; ; ; ; ; ; ; ; ; ; ; ; ; ; ; ; ; ; ; ; ; ; ; ; ; ; ; ; ; ; ; ; ; ; ; ; ; ; ; ; ; ; ; ; ; ; ; ; ; ; ; ; ; ; ; ; ; ; ; ; ; ; ; ; ; ; ; ; ; ; ; ; ; ; ; ; ; ; ; ; ; ; ; ; ; ; ; ; ; 
MEF;20161101;IT0004923998;20440901;13000000;;0;-308750; ;-308750; ;-308750; ;-308750; ;-308750; ;-308750; ;-308750; ;-308750; ;-308750; ;-308750; ;-308750; ;-308750; ;-308750; ;-308750; ;-308750; ;-308750; ;-308750; ;-308750; ;-308750; ;-308750; ;-308750; ;-308750; ;-308750; ;-308750; ;-308750; ;-308750; ;-308750; ;-308750; ;-308750; ;-308750; ;-308750; ;-308750;-308750;-308750;-308750;-308750;-13308750; ; ; ; ; ; ; ; ; ; ; ; ; ; ; ; ; ; ; ; ; ; ; ; ; ; ; ; ; ; ; ; ; ; ; ; ; ; ; ; ; ; ; ; ; ; 
MEF;20161109;IT0004889033;20280901;-6000000;;0;142500; ;142500; ;142500; ;142500; ;6142500; ; ; ; ; ; ; ; ; ; ; ; ; ; ; ; ; ; ; ; ; ; ; ; ; ; ; ; ; ; ; ; ; ; ; ; ; ; ; ; ; ; ; ; ; ; ; ; ; ; ; ; ; ; ; ; ; ; ; ; ; ; ; ; ; ; ; ; ; ; ; ; ; ; ; ; ; ; ; ; ; ; ; ; ; ; ; ; ; ; ; ; ; ; ; ; ; ; ; ; ; ; ; ; ; 
MEF;20161111;IT0004923998;20440901;9000000;;0;-213750; ;-213750; ;-213750; ;-213750; ;-213750; ;-213750; ;-213750; ;-213750; ;-213750; ;-213750; ;-213750; ;-213750; ;-213750; ;-213750; ;-213750; ;-213750; ;-213750; ;-213750; ;-213750; ;-213750; ;-213750; ;-213750; ;-213750; ;-213750; ;-213750; ;-213750; ;-213750; ;-213750; ;-213750; ;-213750; ;-213750; ;-213750;-213750;-213750;-213750;-213750;-9213750; ; ; ; ; ; ; ; ; ; ; ; ; ; ; ; ; ; ; ; ; ; ; ; ; ; ; ; ; ; ; ; ; ; ; ; ; ; ; ; ; ; ; ; ; ; 
MEF;20161114;IT0004923998;20440901;15000000;;0;-356250; ;-356250; ;-356250; ;-356250; ;-356250; ;-356250; ;-356250; ;-356250; ;-356250; ;-356250; ;-356250; ;-356250; ;-356250; ;-356250; ;-356250; ;-356250; ;-356250; ;-356250; ;-356250; ;-356250; ;-356250; ;-356250; ;-356250; ;-356250; ;-356250; ;-356250; ;-356250; ;-356250; ;-356250; ;-356250; ;-356250; ;-356250;-356250;-356250;-356250;-356250;-15356250; ; ; ; ; ; ; ; ; ; ; ; ; ; ; ; ; ; ; ; ; ; ; ; ; ; ; ; ; ; ; ; ; ; ; ; ; ; ; ; ; ; ; ; ; ; 
MEF;20161114;IT0004923998;20440901;9000000;;0;-213750; ;-213750; ;-213750; ;-213750; ;-213750; ;-213750; ;-213750; ;-213750; ;-213750; ;-213750; ;-213750; ;-213750; ;-213750; ;-213750; ;-213750; ;-213750; ;-213750; ;-213750; ;-213750; ;-213750; ;-213750; ;-213750; ;-213750; ;-213750; ;-213750; ;-213750; ;-213750; ;-213750; ;-213750; ;-213750; ;-213750; ;-213750;-213750;-213750;-213750;-213750;-9213750; ; ; ; ; ; ; ; ; ; ; ; ; ; ; ; ; ; ; ; ; ; ; ; ; ; ; ; ; ; ; ; ; ; ; ; ; ; ; ; ; ; ; ; ; ; 
MEF;20161115;IT0004889033;20280901;1000000;;0;-23750; ;-23750; ;-23750; ;-23750; ;-1023750; ; ; ; ; ; ; ; ; ; ; ; ; ; ; ; ; ; ; ; ; ; ; ; ; ; ; ; ; ; ; ; ; ; ; ; ; ; ; ; ; ; ; ; ; ; ; ; ; ; ; ; ; ; ; ; ; ; ; ; ; ; ; ; ; ; ; ; ; ; ; ; ; ; ; ; ; ; ; ; ; ; ; ; ; ; ; ; ; ; ; ; ; ; ; ; ; ; ; ; ; ; ; ; ; 
MEF;20161115;IT0004923998;20440901;-56000000;;0;1330000; ;1330000; ;1330000; ;1330000; ;1330000; ;1330000; ;1330000; ;1330000; ;1330000; ;1330000; ;1330000; ;1330000; ;1330000; ;1330000; ;1330000; ;1330000; ;1330000; ;1330000; ;1330000; ;1330000; ;1330000; ;1330000; ;1330000; ;1330000; ;1330000; ;1330000; ;1330000; ;1330000; ;1330000; ;1330000; ;1330000; ;1330000;1330000;1330000;1330000;1330000;57330000; ; ; ; ; ; ; ; ; ; ; ; ; ; ; ; ; ; ; ; ; ; ; ; ; ; ; ; ; ; ; ; ; ; ; ; ; ; ; ; ; ; ; ; ; ; 
MEF;20161116;IT0004889033;20280901;-4000000;;0;95000; ;95000; ;95000; ;95000; ;4095000; ; ; ; ; ; ; ; ; ; ; ; ; ; ; ; ; ; ; ; ; ; ; ; ; ; ; ; ; ; ; ; ; ; ; ; ; ; ; ; ; ; ; ; ; ; ; ; ; ; ; ; ; ; ; ; ; ; ; ; ; ; ; ; ; ; ; ; ; ; ; ; ; ; ; ; ; ; ; ; ; ; ; ; ; ; ; ; ; ; ; ; ; ; ; ; ; ; ; ; ; ; ; ; ; 
MEF;20161116;IT0005024234;20300301;-4000000;;0;70000; ;70000; ;70000; ;70000; ;70000; ;70000; ;70000; ;4070000; ; ; ; ; ; ; ; ; ; ; ; ; ; ; ; ; ; ; ; ; ; ; ; ; ; ; ; ; ; ; ; ; ; ; ; ; ; ; ; ; ; ; ; ; ; ; ; ; ; ; ; ; ; ; ; ; ; ; ; ; ; ; ; ; ; ; ; ; ; ; ; ; ; ; ; ; ; ; ; ; ; ; ; ; ; ; ; ; ; ; ; ; ; ; ; ; ; ; 
MEF;20161116;IT0005024234;20300301;-8000000;;0;140000; ;140000; ;140000; ;140000; ;140000; ;140000; ;140000; ;8140000; ; ; ; ; ; ; ; ; ; ; ; ; ; ; ; ; ; ; ; ; ; ; ; ; ; ; ; ; ; ; ; ; ; ; ; ; ; ; ; ; ; ; ; ; ; ; ; ; ; ; ; ; ; ; ; ; ; ; ; ; ; ; ; ; ; ; ; ; ; ; ; ; ; ; ; ; ; ; ; ; ; ; ; ; ; ; ; ; ; ; ; ; ; ; ; ; ; ; 
MEF;20161116;IT0005094088;20320301;-4000000;;0;33000; ;33000; ;33000; ;33000; ;33000; ;33000; ;33000; ;33000; ;33000; ;33000; ;33000; ;4033000; ; ; ; ; ; ; ; ; ; ; ; ; ; ; ; ; ; ; ; ; ; ; ; ; ; ; ; ; ; ; ; ; ; ; ; ; ; ; ; ; ; ; ; ; ; ; ; ; ; ; ; ; ; ; ; ; ; ; ; ; ; ; ; ; ; ; ; ; ; ; ; ; ; ; ; ; ; ; ; ; ; ; ; ; ; ; ; ; ; ; 
MEF;20161116;IT0005094088;20320301;-8000000;;0;66000; ;66000; ;66000; ;66000; ;66000; ;66000; ;66000; ;66000; ;66000; ;66000; ;66000; ;8066000; ; ; ; ; ; ; ; ; ; ; ; ; ; ; ; ; ; ; ; ; ; ; ; ; ; ; ; ; ; ; ; ; ; ; ; ; ; ; ; ; ; ; ; ; ; ; ; ; ; ; ; ; ; ; ; ; ; ; ; ; ; ; ; ; ; ; ; ; ; ; ; ; ; ; ; ; ; ; ; ; ; ; ; ; ; ; ; ; ; ; 
MEF;20161116;IT0005177909;20360901;-4000000;;0;45000; ;45000; ;45000; ;45000; ;45000; ;45000; ;45000; ;45000; ;45000; ;45000; ;45000; ;45000; ;45000; ;45000; ;45000; ;45000; ;45000; ;45000; ;45000; ;45000; ;4045000; ; ; ; ; ; ; ; ; ; ; ; ; ; ; ; ; ; ; ; ; ; ; ; ; ; ; ; ; ; ; ; ; ; ; ; ; ; ; ; ; ; ; ; ; ; ; ; ; ; ; ; ; ; ; ; ; ; ; ; ; ; ; ; ; ; ; ; ; ; ; ; ; 
MEF;20161117;IT0004923998;20440901;2000000;;0;-47500; ;-47500; ;-47500; ;-47500; ;-47500; ;-47500; ;-47500; ;-47500; ;-47500; ;-47500; ;-47500; ;-47500; ;-47500; ;-47500; ;-47500; ;-47500; ;-47500; ;-47500; ;-47500; ;-47500; ;-47500; ;-47500; ;-47500; ;-47500; ;-47500; ;-47500; ;-47500; ;-47500; ;-47500; ;-47500; ;-47500; ;-47500;-47500;-47500;-47500;-47500;-2047500; ; ; ; ; ; ; ; ; ; ; ; ; ; ; ; ; ; ; ; ; ; ; ; ; ; ; ; ; ; ; ; ; ; ; ; ; ; ; ; ; ; ; ; ; ; 
MEF;20161124;IT0004923998;20440901;48000000;;0;-1140000; ;-1140000; ;-1140000; ;-1140000; ;-1140000; ;-1140000; ;-1140000; ;-1140000; ;-1140000; ;-1140000; ;-1140000; ;-1140000; ;-1140000; ;-1140000; ;-1140000; ;-1140000; ;-1140000; ;-1140000; ;-1140000; ;-1140000; ;-1140000; ;-1140000; ;-1140000; ;-1140000; ;-1140000; ;-1140000; ;-1140000; ;-1140000; ;-1140000; ;-1140000; ;-1140000; ;-1140000;-1140000;-1140000;-1140000;-1140000;-49140000; ; ; ; ; ; ; ; ; ; ; ; ; ; ; ; ; ; ; ; ; ; ; ; ; ; ; ; ; ; ; ; ; ; ; ; ; ; ; ; ; ; ; ; ; ; 
MEF;20161125;IT0005177909;20360901;5000000;;0;-56250; ;-56250; ;-56250; ;-56250; ;-56250; ;-56250; ;-56250; ;-56250; ;-56250; ;-56250; ;-56250; ;-56250; ;-56250; ;-56250; ;-56250; ;-56250; ;-56250; ;-56250; ;-56250; ;-56250; ;-5056250; ; ; ; ; ; ; ; ; ; ; ; ; ; ; ; ; ; ; ; ; ; ; ; ; ; ; ; ; ; ; ; ; ; ; ; ; ; ; ; ; ; ; ; ; ; ; ; ; ; ; ; ; ; ; ; ; ; ; ; ; ; ; ; ; ; ; ; ; ; ; ; ; 
MEF;20161125;IT0005177909;20360901;7000000;;0;-78750; ;-78750; ;-78750; ;-78750; ;-78750; ;-78750; ;-78750; ;-78750; ;-78750; ;-78750; ;-78750; ;-78750; ;-78750; ;-78750; ;-78750; ;-78750; ;-78750; ;-78750; ;-78750; ;-78750; ;-7078750; ; ; ; ; ; ; ; ; ; ; ; ; ; ; ; ; ; ; ; ; ; ; ; ; ; ; ; ; ; ; ; ; ; ; ; ; ; ; ; ; ; ; ; ; ; ; ; ; ; ; ; ; ; ; ; ; ; ; ; ; ; ; ; ; ; ; ; ; ; ; ; ; 
MEF;20161129;IT0004889033;20280901;2000000;;0;-47500; ;-47500; ;-47500; ;-47500; ;-2047500; ; ; ; ; ; ; ; ; ; ; ; ; ; ; ; ; ; ; ; ; ; ; ; ; ; ; ; ; ; ; ; ; ; ; ; ; ; ; ; ; ; ; ; ; ; ; ; ; ; ; ; ; ; ; ; ; ; ; ; ; ; ; ; ; ; ; ; ; ; ; ; ; ; ; ; ; ; ; ; ; ; ; ; ; ; ; ; ; ; ; ; ; ; ; ; ; ; ; ; ; ; ; ; ; 
MEF;20161129;IT0004889033;20280901;2500000;;0;-59375; ;-59375; ;-59375; ;-59375; ;-2559375; ; ; ; ; ; ; ; ; ; ; ; ; ; ; ; ; ; ; ; ; ; ; ; ; ; ; ; ; ; ; ; ; ; ; ; ; ; ; ; ; ; ; ; ; ; ; ; ; ; ; ; ; ; ; ; ; ; ; ; ; ; ; ; ; ; ; ; ; ; ; ; ; ; ; ; ; ; ; ; ; ; ; ; ; ; ; ; ; ; ; ; ; ; ; ; ; ; ; ; ; ; ; ; ; 
MEF;20161130;IT0004889033;20280901;1200000;;0;-28500; ;-28500; ;-28500; ;-28500; ;-1228500; ; ; ; ; ; ; ; ; ; ; ; ; ; ; ; ; ; ; ; ; ; ; ; ; ; ; ; ; ; ; ; ; ; ; ; ; ; ; ; ; ; ; ; ; ; ; ; ; ; ; ; ; ; ; ; ; ; ; ; ; ; ; ; ; ; ; ; ; ; ; ; ; ; ; ; ; ; ; ; ; ; ; ; ; ; ; ; ; ; ; ; ; ; ; ; ; ; ; ; ; ; ; ; ; 
MEF;20161130;IT0004923998;20440901;-24395000;;0;579381.25; ;579381.25; ;579381.25; ;579381.25; ;579381.25; ;579381.25; ;579381.25; ;579381.25; ;579381.25; ;579381.25; ;579381.25; ;579381.25; ;579381.25; ;579381.25; ;579381.25; ;579381.25; ;579381.25; ;579381.25; ;579381.25; ;579381.25; ;579381.25; ;579381.25; ;579381.25; ;579381.25; ;579381.25; ;579381.25; ;579381.25; ;579381.25; ;579381.25; ;579381.25; ;579381.25; ;579381.25;579381.25;579381.25;579381.25;579381.25;24974381.25; ; ; ; ; ; ; ; ; ; ; ; ; ; ; ; ; ; ; ; ; ; ; ; ; ; ; ; ; ; ; ; ; ; ; ; ; ; ; ; ; ; ; ; ; ; 
MEF;20161201;IT0005177909;20360901;3000000;;0;-33750; ;-33750; ;-33750; ;-33750; ;-33750; ;-33750; ;-33750; ;-33750; ;-33750; ;-33750; ;-33750; ;-33750; ;-33750; ;-33750; ;-33750; ;-33750; ;-33750; ;-33750; ;-33750; ;-33750; ;-3033750; ; ; ; ; ; ; ; ; ; ; ; ; ; ; ; ; ; ; ; ; ; ; ; ; ; ; ; ; ; ; ; ; ; ; ; ; ; ; ; ; ; ; ; ; ; ; ; ; ; ; ; ; ; ; ; ; ; ; ; ; ; ; ; ; ; ; ; ; ; ; ; ; 
MEF;20161202;IT0005024234;20300301;4000000;;0;-70000; ;-70000; ;-70000; ;-70000; ;-70000; ;-70000; ;-70000; ;-4070000; ; ; ; ; ; ; ; ; ; ; ; ; ; ; ; ; ; ; ; ; ; ; ; ; ; ; ; ; ; ; ; ; ; ; ; ; ; ; ; ; ; ; ; ; ; ; ; ; ; ; ; ; ; ; ; ; ; ; ; ; ; ; ; ; ; ; ; ; ; ; ; ; ; ; ; ; ; ; ; ; ; ; ; ; ; ; ; ; ; ; ; ; ; ; ; ; ; ; 
MEF;20161205;IT0004889033;20280901;5000000;;0;-118750; ;-118750; ;-118750; ;-118750; ;-5118750; ; ; ; ; ; ; ; ; ; ; ; ; ; ; ; ; ; ; ; ; ; ; ; ; ; ; ; ; ; ; ; ; ; ; ; ; ; ; ; ; ; ; ; ; ; ; ; ; ; ; ; ; ; ; ; ; ; ; ; ; ; ; ; ; ; ; ; ; ; ; ; ; ; ; ; ; ; ; ; ; ; ; ; ; ; ; ; ; ; ; ; ; ; ; ; ; ; ; ; ; ; ; ; ; 
MEF;20161208;IT0004889033;20280901;5000000;;0;-118750; ;-118750; ;-118750; ;-118750; ;-5118750; ; ; ; ; ; ; ; ; ; ; ; ; ; ; ; ; ; ; ; ; ; ; ; ; ; ; ; ; ; ; ; ; ; ; ; ; ; ; ; ; ; ; ; ; ; ; ; ; ; ; ; ; ; ; ; ; ; ; ; ; ; ; ; ; ; ; ; ; ; ; ; ; ; ; ; ; ; ; ; ; ; ; ; ; ; ; ; ; ; ; ; ; ; ; ; ; ; ; ; ; ; ; ; ; 
MEF;20161208;IT0005024234;20300301;5000000;;0;-87500; ;-87500; ;-87500; ;-87500; ;-87500; ;-87500; ;-87500; ;-5087500; ; ; ; ; ; ; ; ; ; ; ; ; ; ; ; ; ; ; ; ; ; ; ; ; ; ; ; ; ; ; ; ; ; ; ; ; ; ; ; ; ; ; ; ; ; ; ; ; ; ; ; ; ; ; ; ; ; ; ; ; ; ; ; ; ; ; ; ; ; ; ; ; ; ; ; ; ; ; ; ; ; ; ; ; ; ; ; ; ; ; ; ; ; ; ; ; ; ; 
MEF;20161208;IT0005177909;20360901;5000000;;0;-56250; ;-56250; ;-56250; ;-56250; ;-56250; ;-56250; ;-56250; ;-56250; ;-56250; ;-56250; ;-56250; ;-56250; ;-56250; ;-56250; ;-56250; ;-56250; ;-56250; ;-56250; ;-56250; ;-56250; ;-5056250; ; ; ; ; ; ; ; ; ; ; ; ; ; ; ; ; ; ; ; ; ; ; ; ; ; ; ; ; ; ; ; ; ; ; ; ; ; ; ; ; ; ; ; ; ; ; ; ; ; ; ; ; ; ; ; ; ; ; ; ; ; ; ; ; ; ; ; ; ; ; ; ; 
MEF;20161209;IT0004923998;20440901;12000000;;0;-285000; ;-285000; ;-285000; ;-285000; ;-285000; ;-285000; ;-285000; ;-285000; ;-285000; ;-285000; ;-285000; ;-285000; ;-285000; ;-285000; ;-285000; ;-285000; ;-285000; ;-285000; ;-285000; ;-285000; ;-285000; ;-285000; ;-285000; ;-285000; ;-285000; ;-285000; ;-285000; ;-285000; ;-285000; ;-285000; ;-285000; ;-285000;-285000;-285000;-285000;-285000;-12285000; ; ; ; ; ; ; ; ; ; ; ; ; ; ; ; ; ; ; ; ; ; ; ; ; ; ; ; ; ; ; ; ; ; ; ; ; ; ; ; ; ; ; ; ; ; 
MEF;20161209;IT0004923998;20440901;22000000;;0;-522500; ;-522500; ;-522500; ;-522500; ;-522500; ;-522500; ;-522500; ;-522500; ;-522500; ;-522500; ;-522500; ;-522500; ;-522500; ;-522500; ;-522500; ;-522500; ;-522500; ;-522500; ;-522500; ;-522500; ;-522500; ;-522500; ;-522500; ;-522500; ;-522500; ;-522500; ;-522500; ;-522500; ;-522500; ;-522500; ;-522500; ;-522500;-522500;-522500;-522500;-522500;-22522500; ; ; ; ; ; ; ; ; ; ; ; ; ; ; ; ; ; ; ; ; ; ; ; ; ; ; ; ; ; ; ; ; ; ; ; ; ; ; ; ; ; ; ; ; ; 
MEF;20161209;IT0005177909;20360901;1000000;;0;-11250; ;-11250; ;-11250; ;-11250; ;-11250; ;-11250; ;-11250; ;-11250; ;-11250; ;-11250; ;-11250; ;-11250; ;-11250; ;-11250; ;-11250; ;-11250; ;-11250; ;-11250; ;-11250; ;-11250; ;-1011250; ; ; ; ; ; ; ; ; ; ; ; ; ; ; ; ; ; ; ; ; ; ; ; ; ; ; ; ; ; ; ; ; ; ; ; ; ; ; ; ; ; ; ; ; ; ; ; ; ; ; ; ; ; ; ; ; ; ; ; ; ; ; ; ; ; ; ; ; ; ; ; ; 
MEF;20161213;IT0004889033;20280901;7100000;;0;-168625; ;-168625; ;-168625; ;-168625; ;-7268625; ; ; ; ; ; ; ; ; ; ; ; ; ; ; ; ; ; ; ; ; ; ; ; ; ; ; ; ; ; ; ; ; ; ; ; ; ; ; ; ; ; ; ; ; ; ; ; ; ; ; ; ; ; ; ; ; ; ; ; ; ; ; ; ; ; ; ; ; ; ; ; ; ; ; ; ; ; ; ; ; ; ; ; ; ; ; ; ; ; ; ; ; ; ; ; ; ; ; ; ; ; ; ; ; 
MEF;20161213;IT0004923998;20440901;14200000;;0;-337250; ;-337250; ;-337250; ;-337250; ;-337250; ;-337250; ;-337250; ;-337250; ;-337250; ;-337250; ;-337250; ;-337250; ;-337250; ;-337250; ;-337250; ;-337250; ;-337250; ;-337250; ;-337250; ;-337250; ;-337250; ;-337250; ;-337250; ;-337250; ;-337250; ;-337250; ;-337250; ;-337250; ;-337250; ;-337250; ;-337250; ;-337250;-337250;-337250;-337250;-337250;-14537250; ; ; ; ; ; ; ; ; ; ; ; ; ; ; ; ; ; ; ; ; ; ; ; ; ; ; ; ; ; ; ; ; ; ; ; ; ; ; ; ; ; ; ; ; ; 
MEF;20161213;IT0004923998;20440901;16000000;;0;-380000; ;-380000; ;-380000; ;-380000; ;-380000; ;-380000; ;-380000; ;-380000; ;-380000; ;-380000; ;-380000; ;-380000; ;-380000; ;-380000; ;-380000; ;-380000; ;-380000; ;-380000; ;-380000; ;-380000; ;-380000; ;-380000; ;-380000; ;-380000; ;-380000; ;-380000; ;-380000; ;-380000; ;-380000; ;-380000; ;-380000; ;-380000;-380000;-380000;-380000;-380000;-16380000; ; ; ; ; ; ; ; ; ; ; ; ; ; ; ; ; ; ; ; ; ; ; ; ; ; ; ; ; ; ; ; ; ; ; ; ; ; ; ; ; ; ; ; ; ; 
MEF;20161213;IT0004923998;20440901;23000000;;0;-546250; ;-546250; ;-546250; ;-546250; ;-546250; ;-546250; ;-546250; ;-546250; ;-546250; ;-546250; ;-546250; ;-546250; ;-546250; ;-546250; ;-546250; ;-546250; ;-546250; ;-546250; ;-546250; ;-546250; ;-546250; ;-546250; ;-546250; ;-546250; ;-546250; ;-546250; ;-546250; ;-546250; ;-546250; ;-546250; ;-546250; ;-546250;-546250;-546250;-546250;-546250;-23546250; ; ; ; ; ; ; ; ; ; ; ; ; ; ; ; ; ; ; ; ; ; ; ; ; ; ; ; ; ; ; ; ; ; ; ; ; ; ; ; ; ; ; ; ; ; 
MEF;20161213;IT0004923998;20440901;34000000;;0;-807500; ;-807500; ;-807500; ;-807500; ;-807500; ;-807500; ;-807500; ;-807500; ;-807500; ;-807500; ;-807500; ;-807500; ;-807500; ;-807500; ;-807500; ;-807500; ;-807500; ;-807500; ;-807500; ;-807500; ;-807500; ;-807500; ;-807500; ;-807500; ;-807500; ;-807500; ;-807500; ;-807500; ;-807500; ;-807500; ;-807500; ;-807500;-807500;-807500;-807500;-807500;-34807500; ; ; ; ; ; ; ; ; ; ; ; ; ; ; ; ; ; ; ; ; ; ; ; ; ; ; ; ; ; ; ; ; ; ; ; ; ; ; ; ; ; ; ; ; ; 
MEF;20161213;IT0004923998;20440901;39000000;;0;-926250; ;-926250; ;-926250; ;-926250; ;-926250; ;-926250; ;-926250; ;-926250; ;-926250; ;-926250; ;-926250; ;-926250; ;-926250; ;-926250; ;-926250; ;-926250; ;-926250; ;-926250; ;-926250; ;-926250; ;-926250; ;-926250; ;-926250; ;-926250; ;-926250; ;-926250; ;-926250; ;-926250; ;-926250; ;-926250; ;-926250; ;-926250;-926250;-926250;-926250;-926250;-39926250; ; ; ; ; ; ; ; ; ; ; ; ; ; ; ; ; ; ; ; ; ; ; ; ; ; ; ; ; ; ; ; ; ; ; ; ; ; ; ; ; ; ; ; ; ; 
MEF;20161213;IT0004923998;20440901;84000000;;0;-1995000; ;-1995000; ;-1995000; ;-1995000; ;-1995000; ;-1995000; ;-1995000; ;-1995000; ;-1995000; ;-1995000; ;-1995000; ;-1995000; ;-1995000; ;-1995000; ;-1995000; ;-1995000; ;-1995000; ;-1995000; ;-1995000; ;-1995000; ;-1995000; ;-1995000; ;-1995000; ;-1995000; ;-1995000; ;-1995000; ;-1995000; ;-1995000; ;-1995000; ;-1995000; ;-1995000; ;-1995000;-1995000;-1995000;-1995000;-1995000;-85995000; ; ; ; ; ; ; ; ; ; ; ; ; ; ; ; ; ; ; ; ; ; ; ; ; ; ; ; ; ; ; ; ; ; ; ; ; ; ; ; ; ; ; ; ; ; 
MEF;20161213;IT0004923998;20440901;98000000;;0;-2327500; ;-2327500; ;-2327500; ;-2327500; ;-2327500; ;-2327500; ;-2327500; ;-2327500; ;-2327500; ;-2327500; ;-2327500; ;-2327500; ;-2327500; ;-2327500; ;-2327500; ;-2327500; ;-2327500; ;-2327500; ;-2327500; ;-2327500; ;-2327500; ;-2327500; ;-2327500; ;-2327500; ;-2327500; ;-2327500; ;-2327500; ;-2327500; ;-2327500; ;-2327500; ;-2327500; ;-2327500;-2327500;-2327500;-2327500;-2327500;-100327500; ; ; ; ; ; ; ; ; ; ; ; ; ; ; ; ; ; ; ; ; ; ; ; ; ; ; ; ; ; ; ; ; ; ; ; ; ; ; ; ; ; ; ; ; ; 
MEF;20161214;IT0004889033;20280901;-4000000;;0;95000; ;95000; ;95000; ;95000; ;4095000; ; ; ; ; ; ; ; ; ; ; ; ; ; ; ; ; ; ; ; ; ; ; ; ; ; ; ; ; ; ; ; ; ; ; ; ; ; ; ; ; ; ; ; ; ; ; ; ; ; ; ; ; ; ; ; ; ; ; ; ; ; ; ; ; ; ; ; ; ; ; ; ; ; ; ; ; ; ; ; ; ; ; ; ; ; ; ; ; ; ; ; ; ; ; ; ; ; ; ; ; ; ; ; ; 
MEF;20161214;IT0005024234;20300301;-5000000;;0;87500; ;87500; ;87500; ;87500; ;87500; ;87500; ;87500; ;5087500; ; ; ; ; ; ; ; ; ; ; ; ; ; ; ; ; ; ; ; ; ; ; ; ; ; ; ; ; ; ; ; ; ; ; ; ; ; ; ; ; ; ; ; ; ; ; ; ; ; ; ; ; ; ; ; ; ; ; ; ; ; ; ; ; ; ; ; ; ; ; ; ; ; ; ; ; ; ; ; ; ; ; ; ; ; ; ; ; ; ; ; ; ; ; ; ; ; ; 
MEF;20161214;IT0005094088;20320301;-5000000;;0;41250; ;41250; ;41250; ;41250; ;41250; ;41250; ;41250; ;41250; ;41250; ;41250; ;41250; ;5041250; ; ; ; ; ; ; ; ; ; ; ; ; ; ; ; ; ; ; ; ; ; ; ; ; ; ; ; ; ; ; ; ; ; ; ; ; ; ; ; ; ; ; ; ; ; ; ; ; ; ; ; ; ; ; ; ; ; ; ; ; ; ; ; ; ; ; ; ; ; ; ; ; ; ; ; ; ; ; ; ; ; ; ; ; ; ; ; ; ; ; 
MEF;20161214;IT0005177909;20360901;-4000000;;0;45000; ;45000; ;45000; ;45000; ;45000; ;45000; ;45000; ;45000; ;45000; ;45000; ;45000; ;45000; ;45000; ;45000; ;45000; ;45000; ;45000; ;45000; ;45000; ;45000; ;4045000; ; ; ; ; ; ; ; ; ; ; ; ; ; ; ; ; ; ; ; ; ; ; ; ; ; ; ; ; ; ; ; ; ; ; ; ; ; ; ; ; ; ; ; ; ; ; ; ; ; ; ; ; ; ; ; ; ; ; ; ; ; ; ; ; ; ; ; ; ; ; ; ; 
MEF;20161214;IT0005177909;20360901;-5000000;;0;56250; ;56250; ;56250; ;56250; ;56250; ;56250; ;56250; ;56250; ;56250; ;56250; ;56250; ;56250; ;56250; ;56250; ;56250; ;56250; ;56250; ;56250; ;56250; ;56250; ;5056250; ; ; ; ; ; ; ; ; ; ; ; ; ; ; ; ; ; ; ; ; ; ; ; ; ; ; ; ; ; ; ; ; ; ; ; ; ; ; ; ; ; ; ; ; ; ; ; ; ; ; ; ; ; ; ; ; ; ; ; ; ; ; ; ; ; ; ; ; ; ; ; ; 
MEF;20161216;IT0005177909;20360901;12000000;;0;-135000; ;-135000; ;-135000; ;-135000; ;-135000; ;-135000; ;-135000; ;-135000; ;-135000; ;-135000; ;-135000; ;-135000; ;-135000; ;-135000; ;-135000; ;-135000; ;-135000; ;-135000; ;-135000; ;-135000; ;-12135000; ; ; ; ; ; ; ; ; ; ; ; ; ; ; ; ; ; ; ; ; ; ; ; ; ; ; ; ; ; ; ; ; ; ; ; ; ; ; ; ; ; ; ; ; ; ; ; ; ; ; ; ; ; ; ; ; ; ; ; ; ; ; ; ; ; ; ; ; ; ; ; ; 
MEF;20161219;IT0004889033;20280901;2000000;;0;-47500; ;-47500; ;-47500; ;-47500; ;-2047500; ; ; ; ; ; ; ; ; ; ; ; ; ; ; ; ; ; ; ; ; ; ; ; ; ; ; ; ; ; ; ; ; ; ; ; ; ; ; ; ; ; ; ; ; ; ; ; ; ; ; ; ; ; ; ; ; ; ; ; ; ; ; ; ; ; ; ; ; ; ; ; ; ; ; ; ; ; ; ; ; ; ; ; ; ; ; ; ; ; ; ; ; ; ; ; ; ; ; ; ; ; ; ; ; 
MEF;20161220;IT0004889033;20280901;1000000;;0;-23750; ;-23750; ;-23750; ;-23750; ;-1023750; ; ; ; ; ; ; ; ; ; ; ; ; ; ; ; ; ; ; ; ; ; ; ; ; ; ; ; ; ; ; ; ; ; ; ; ; ; ; ; ; ; ; ; ; ; ; ; ; ; ; ; ; ; ; ; ; ; ; ; ; ; ; ; ; ; ; ; ; ; ; ; ; ; ; ; ; ; ; ; ; ; ; ; ; ; ; ; ; ; ; ; ; ; ; ; ; ; ; ; ; ; ; ; ; 
MEF;20161221;IT0004889033;20280901;1000000;;0;-23750; ;-23750; ;-23750; ;-23750; ;-1023750; ; ; ; ; ; ; ; ; ; ; ; ; ; ; ; ; ; ; ; ; ; ; ; ; ; ; ; ; ; ; ; ; ; ; ; ; ; ; ; ; ; ; ; ; ; ; ; ; ; ; ; ; ; ; ; ; ; ; ; ; ; ; ; ; ; ; ; ; ; ; ; ; ; ; ; ; ; ; ; ; ; ; ; ; ; ; ; ; ; ; ; ; ; ; ; ; ; ; ; ; ; ; ; ; 
MEF;20170120;IT0004889033;20280901;2000000;;0;-47500; ;-47500; ;-47500; ;-47500; ;-2047500; ; ; ; ; ; ; ; ; ; ; ; ; ; ; ; ; ; ; ; ; ; ; ; ; ; ; ; ; ; ; ; ; ; ; ; ; ; ; ; ; ; ; ; ; ; ; ; ; ; ; ; ; ; ; ; ; ; ; ; ; ; ; ; ; ; ; ; ; ; ; ; ; ; ; ; ; ; ; ; ; ; ; ; ; ; ; ; ; ; ; ; ; ; ; ; ; ; ; ; ; ; ; ; ; 
MEF;20170120;IT0004923998;20440901;3000000;;0;-71250; ;-71250; ;-71250; ;-71250; ;-71250; ;-71250; ;-71250; ;-71250; ;-71250; ;-71250; ;-71250; ;-71250; ;-71250; ;-71250; ;-71250; ;-71250; ;-71250; ;-71250; ;-71250; ;-71250; ;-71250; ;-71250; ;-71250; ;-71250; ;-71250; ;-71250; ;-71250; ;-71250; ;-71250; ;-71250; ;-71250; ;-71250;-71250;-71250;-71250;-71250;-3071250; ; ; ; ; ; ; ; ; ; ; ; ; ; ; ; ; ; ; ; ; ; ; ; ; ; ; ; ; ; ; ; ; ; ; ; ; ; ; ; ; ; ; ; ; ; 
MEF;20170123;IT0004889033;20280901;2500000;;0;-59375; ;-59375; ;-59375; ;-59375; ;-2559375; ; ; ; ; ; ; ; ; ; ; ; ; ; ; ; ; ; ; ; ; ; ; ; ; ; ; ; ; ; ; ; ; ; ; ; ; ; ; ; ; ; ; ; ; ; ; ; ; ; ; ; ; ; ; ; ; ; ; ; ; ; ; ; ; ; ; ; ; ; ; ; ; ; ; ; ; ; ; ; ; ; ; ; ; ; ; ; ; ; ; ; ; ; ; ; ; ; ; ; ; ; ; ; ; 
MEF;20170123;IT0004923998;20440901;10000000;;0;-237500; ;-237500; ;-237500; ;-237500; ;-237500; ;-237500; ;-237500; ;-237500; ;-237500; ;-237500; ;-237500; ;-237500; ;-237500; ;-237500; ;-237500; ;-237500; ;-237500; ;-237500; ;-237500; ;-237500; ;-237500; ;-237500; ;-237500; ;-237500; ;-237500; ;-237500; ;-237500; ;-237500; ;-237500; ;-237500; ;-237500; ;-237500;-237500;-237500;-237500;-237500;-10237500; ; ; ; ; ; ; ; ; ; ; ; ; ; ; ; ; ; ; ; ; ; ; ; ; ; ; ; ; ; ; ; ; ; ; ; ; ; ; ; ; ; ; ; ; ; 
MEF;20170123;IT0004923998;20440901;7000000;;0;-166250; ;-166250; ;-166250; ;-166250; ;-166250; ;-166250; ;-166250; ;-166250; ;-166250; ;-166250; ;-166250; ;-166250; ;-166250; ;-166250; ;-166250; ;-166250; ;-166250; ;-166250; ;-166250; ;-166250; ;-166250; ;-166250; ;-166250; ;-166250; ;-166250; ;-166250; ;-166250; ;-166250; ;-166250; ;-166250; ;-166250; ;-166250;-166250;-166250;-166250;-166250;-7166250; ; ; ; ; ; ; ; ; ; ; ; ; ; ; ; ; ; ; ; ; ; ; ; ; ; ; ; ; ; ; ; ; ; ; ; ; ; ; ; ; ; ; ; ; ; 
MEF;20170130;IT0004923998;20440901;5000000;;0;-118750; ;-118750; ;-118750; ;-118750; ;-118750; ;-118750; ;-118750; ;-118750; ;-118750; ;-118750; ;-118750; ;-118750; ;-118750; ;-118750; ;-118750; ;-118750; ;-118750; ;-118750; ;-118750; ;-118750; ;-118750; ;-118750; ;-118750; ;-118750; ;-118750; ;-118750; ;-118750; ;-118750; ;-118750; ;-118750; ;-118750; ;-118750;-118750;-118750;-118750;-118750;-5118750; ; ; ; ; ; ; ; ; ; ; ; ; ; ; ; ; ; ; ; ; ; ; ; ; ; ; ; ; ; ; ; ; ; ; ; ; ; ; ; ; ; ; ; ; ; 
MEF;20170131;IT0004889033;20280901;2100000;;0;-49875; ;-49875; ;-49875; ;-49875; ;-2149875; ; ; ; ; ; ; ; ; ; ; ; ; ; ; ; ; ; ; ; ; ; ; ; ; ; ; ; ; ; ; ; ; ; ; ; ; ; ; ; ; ; ; ; ; ; ; ; ; ; ; ; ; ; ; ; ; ; ; ; ; ; ; ; ; ; ; ; ; ; ; ; ; ; ; ; ; ; ; ; ; ; ; ; ; ; ; ; ; ; ; ; ; ; ; ; ; ; ; ; ; ; ; ; ; 
MEF;20170201;IT0004923998;20440901;20000000;;0;-475000; ;-475000; ;-475000; ;-475000; ;-475000; ;-475000; ;-475000; ;-475000; ;-475000; ;-475000; ;-475000; ;-475000; ;-475000; ;-475000; ;-475000; ;-475000; ;-475000; ;-475000; ;-475000; ;-475000; ;-475000; ;-475000; ;-475000; ;-475000; ;-475000; ;-475000; ;-475000; ;-475000; ;-475000; ;-475000; ;-475000; ;-475000;-475000;-475000;-475000;-475000;-20475000; ; ; ; ; ; ; ; ; ; ; ; ; ; ; ; ; ; ; ; ; ; ; ; ; ; ; ; ; ; ; ; ; ; ; ; ; ; ; ; ; ; ; ; ; ; 
MEF;20170206;IT0004923998;20440901;14000000;;0;-332500; ;-332500; ;-332500; ;-332500; ;-332500; ;-332500; ;-332500; ;-332500; ;-332500; ;-332500; ;-332500; ;-332500; ;-332500; ;-332500; ;-332500; ;-332500; ;-332500; ;-332500; ;-332500; ;-332500; ;-332500; ;-332500; ;-332500; ;-332500; ;-332500; ;-332500; ;-332500; ;-332500; ;-332500; ;-332500; ;-332500; ;-332500;-332500;-332500;-332500;-332500;-14332500; ; ; ; ; ; ; ; ; ; ; ; ; ; ; ; ; ; ; ; ; ; ; ; ; ; ; ; ; ; ; ; ; ; ; ; ; ; ; ; ; ; ; ; ; ; 
MEF;20170302;IT0004889033;20280901;3000000;;0;-71250; ;-71250; ;-71250; ;-71250; ;-3071250; ; ; ; ; ; ; ; ; ; ; ; ; ; ; ; ; ; ; ; ; ; ; ; ; ; ; ; ; ; ; ; ; ; ; ; ; ; ; ; ; ; ; ; ; ; ; ; ; ; ; ; ; ; ; ; ; ; ; ; ; ; ; ; ; ; ; ; ; ; ; ; ; ; ; ; ; ; ; ; ; ; ; ; ; ; ; ; ; ; ; ; ; ; ; ; ; ; ; ; ; ; ; ; ; 
MEF;20170306;IT0004545890;20410915;100000000;IT0004548290;-100000000; ;-1382602.72; ;-1382602.72; ;-1382602.72; ;-1382602.72; ;-1382602.72; ;-1382602.72; ;-1382602.72; ;-1382602.72; ;-1382602.72; ;-1382602.72; ;-1382602.72; ;-1382602.72; ;-1382602.72; ;-1382602.72; ;-1382602.72; ;-1382602.72; ;-1382602.72; ;-1382602.72; ;-1382602.72; ;-1382602.72; ;-1382602.72; ;-1382602.72; ;-1382602.72; ;-1382602.72; ;-1382602.72; ;-1382602.72; ;-1382602.72; ;-1382602.72; ;-1382602.72; ;-1382602.72; ;-1382602.72; ; ; ; ; ; ; ; ; ; ; ; ; ; ; ; ; ; ; ; ; ; ; ; ; ; ; ; ; ; ; ; ; ; ; ; ; ; ; ; ; ; ; ; ; ; ; ; ; ; ; ; 
MEF;20170309;IT0004889033;20280901;3000000;;0;-71250; ;-71250; ;-71250; ;-71250; ;-3071250; ; ; ; ; ; ; ; ; ; ; ; ; ; ; ; ; ; ; ; ; ; ; ; ; ; ; ; ; ; ; ; ; ; ; ; ; ; ; ; ; ; ; ; ; ; ; ; ; ; ; ; ; ; ; ; ; ; ; ; ; ; ; ; ; ; ; ; ; ; ; ; ; ; ; ; ; ; ; ; ; ; ; ; ; ; ; ; ; ; ; ; ; ; ; ; ; ; ; ; ; ; ; ; ; 
MEF;20170313;IT0005094088;20320301;-4000000;;0;33000; ;33000; ;33000; ;33000; ;33000; ;33000; ;33000; ;33000; ;33000; ;33000; ;33000; ;4033000; ; ; ; ; ; ; ; ; ; ; ; ; ; ; ; ; ; ; ; ; ; ; ; ; ; ; ; ; ; ; ; ; ; ; ; ; ; ; ; ; ; ; ; ; ; ; ; ; ; ; ; ; ; ; ; ; ; ; ; ; ; ; ; ; ; ; ; ; ; ; ; ; ; ; ; ; ; ; ; ; ; ; ; ; ; ; ; ; ; ; 
MEF;20170321;IT0004923998;20440901;5000000;;0;-118750; ;-118750; ;-118750; ;-118750; ;-118750; ;-118750; ;-118750; ;-118750; ;-118750; ;-118750; ;-118750; ;-118750; ;-118750; ;-118750; ;-118750; ;-118750; ;-118750; ;-118750; ;-118750; ;-118750; ;-118750; ;-118750; ;-118750; ;-118750; ;-118750; ;-118750; ;-118750; ;-118750; ;-118750; ;-118750; ;-118750; ;-118750;-118750;-118750;-118750;-118750;-5118750; ; ; ; ; ; ; ; ; ; ; ; ; ; ; ; ; ; ; ; ; ; ; ; ; ; ; ; ; ; ; ; ; ; ; ; ; ; ; ; ; ; ; ; ; ; 
MEF;20170322;IT0004889033;20280901;1000000;;0;-23750; ;-23750; ;-23750; ;-23750; ;-1023750; ; ; ; ; ; ; ; ; ; ; ; ; ; ; ; ; ; ; ; ; ; ; ; ; ; ; ; ; ; ; ; ; ; ; ; ; ; ; ; ; ; ; ; ; ; ; ; ; ; ; ; ; ; ; ; ; ; ; ; ; ; ; ; ; ; ; ; ; ; ; ; ; ; ; ; ; ; ; ; ; ; ; ; ; ; ; ; ; ; ; ; ; ; ; ; ; ; ; ; ; ; ; ; ; 
MEF;20170322;IT0004923998;20440901;-5000000;;0;118750; ;118750; ;118750; ;118750; ;118750; ;118750; ;118750; ;118750; ;118750; ;118750; ;118750; ;118750; ;118750; ;118750; ;118750; ;118750; ;118750; ;118750; ;118750; ;118750; ;118750; ;118750; ;118750; ;118750; ;118750; ;118750; ;118750; ;118750; ;118750; ;118750; ;118750; ;118750;118750;118750;118750;118750;5118750; ; ; ; ; ; ; ; ; ; ; ; ; ; ; ; ; ; ; ; ; ; ; ; ; ; ; ; ; ; ; ; ; ; ; ; ; ; ; ; ; ; ; ; ; ; 
MEF;20170322;IT0005240350;20330901;-15000000;;0;183750; ;183750; ;183750; ;183750; ;183750; ;183750; ;183750; ;183750; ;183750; ;183750; ;183750; ;183750; ;183750; ;183750; ;15183750; ; ; ; ; ; ; ; ; ; ; ; ; ; ; ; ; ; ; ; ; ; ; ; ; ; ; ; ; ; ; ; ; ; ; ; ; ; ; ; ; ; ; ; ; ; ; ; ; ; ; ; ; ; ; ; ; ; ; ; ; ; ; ; ; ; ; ; ; ; ; ; ; ; ; ; ; ; ; ; ; ; ; ; ; 
MEF;20170322;IT0005240350;20330901;-8400000;;0;102900; ;102900; ;102900; ;102900; ;102900; ;102900; ;102900; ;102900; ;102900; ;102900; ;102900; ;102900; ;102900; ;102900; ;8502900; ; ; ; ; ; ; ; ; ; ; ; ; ; ; ; ; ; ; ; ; ; ; ; ; ; ; ; ; ; ; ; ; ; ; ; ; ; ; ; ; ; ; ; ; ; ; ; ; ; ; ; ; ; ; ; ; ; ; ; ; ; ; ; ; ; ; ; ; ; ; ; ; ; ; ; ; ; ; ; ; ; ; ; ; 
MEF;20170323;IT0004889033;20280901;1000000;;0;-23750; ;-23750; ;-23750; ;-23750; ;-1023750; ; ; ; ; ; ; ; ; ; ; ; ; ; ; ; ; ; ; ; ; ; ; ; ; ; ; ; ; ; ; ; ; ; ; ; ; ; ; ; ; ; ; ; ; ; ; ; ; ; ; ; ; ; ; ; ; ; ; ; ; ; ; ; ; ; ; ; ; ; ; ; ; ; ; ; ; ; ; ; ; ; ; ; ; ; ; ; ; ; ; ; ; ; ; ; ; ; ; ; ; ; ; ; ; 
MEF;20170323;IT0004923998;20440901;-20000000;;0;475000; ;475000; ;475000; ;475000; ;475000; ;475000; ;475000; ;475000; ;475000; ;475000; ;475000; ;475000; ;475000; ;475000; ;475000; ;475000; ;475000; ;475000; ;475000; ;475000; ;475000; ;475000; ;475000; ;475000; ;475000; ;475000; ;475000; ;475000; ;475000; ;475000; ;475000; ;475000;475000;475000;475000;475000;20475000; ; ; ; ; ; ; ; ; ; ; ; ; ; ; ; ; ; ; ; ; ; ; ; ; ; ; ; ; ; ; ; ; ; ; ; ; ; ; ; ; ; ; ; ; ; 
MEF;20170323;IT0005240350;20330901;1000000;;0;-12250; ;-12250; ;-12250; ;-12250; ;-12250; ;-12250; ;-12250; ;-12250; ;-12250; ;-12250; ;-12250; ;-12250; ;-12250; ;-12250; ;-1012250; ; ; ; ; ; ; ; ; ; ; ; ; ; ; ; ; ; ; ; ; ; ; ; ; ; ; ; ; ; ; ; ; ; ; ; ; ; ; ; ; ; ; ; ; ; ; ; ; ; ; ; ; ; ; ; ; ; ; ; ; ; ; ; ; ; ; ; ; ; ; ; ; ; ; ; ; ; ; ; ; ; ; ; ; 
MEF;20170427;IT0004923998;20440901;-5000000;;0;118750; ;118750; ;118750; ;118750; ;118750; ;118750; ;118750; ;118750; ;118750; ;118750; ;118750; ;118750; ;118750; ;118750; ;118750; ;118750; ;118750; ;118750; ;118750; ;118750; ;118750; ;118750; ;118750; ;118750; ;118750; ;118750; ;118750; ;118750; ;118750; ;118750; ;118750; ;118750;118750;118750;118750;118750;5118750; ; ; ; ; ; ; ; ; ; ; ; ; ; ; ; ; ; ; ; ; ; ; ; ; ; ; ; ; ; ; ; ; ; ; ; ; ; ; ; ; ; ; ; ; ; 
MEF;20170427;IT0005217390;20670301;24700000;;0;-345800; ;-345800; ;-345800; ;-345800; ;-345800; ;-345800; ;-345800; ;-345800; ;-345800; ;-345800; ;-345800; ;-345800; ;-345800; ;-345800; ;-345800; ;-345800; ;-345800; ;-345800; ;-345800; ;-345800; ;-345800; ;-345800; ;-345800; ;-345800; ;-345800; ;-345800; ;-345800; ;-345800; ;-345800; ;-345800; ;-345800; ;-345800;-345800;-345800;-345800;-345800;-345800;-345800;-345800;-345800;-345800;-345800;-345800;-345800;-345800;-345800;-345800;-345800;-345800;-345800;-345800;-345800;-345800;-345800;-345800;-345800;-345800;-345800;-345800;-345800;-345800;-345800;-345800;-345800;-345800;-345800;-345800;-345800;-345800;-345800;-345800;-345800;-345800;-345800;-345800;-345800;-345800;-345800;-345800;-345800;-345800;-25045800; 
MEF;20170428;IT0005217390;20670301;48600000;;0;-680400; ;-680400; ;-680400; ;-680400; ;-680400; ;-680400; ;-680400; ;-680400; ;-680400; ;-680400; ;-680400; ;-680400; ;-680400; ;-680400; ;-680400; ;-680400; ;-680400; ;-680400; ;-680400; ;-680400; ;-680400; ;-680400; ;-680400; ;-680400; ;-680400; ;-680400; ;-680400; ;-680400; ;-680400; ;-680400; ;-680400; ;-680400;-680400;-680400;-680400;-680400;-680400;-680400;-680400;-680400;-680400;-680400;-680400;-680400;-680400;-680400;-680400;-680400;-680400;-680400;-680400;-680400;-680400;-680400;-680400;-680400;-680400;-680400;-680400;-680400;-680400;-680400;-680400;-680400;-680400;-680400;-680400;-680400;-680400;-680400;-680400;-680400;-680400;-680400;-680400;-680400;-680400;-680400;-680400;-680400;-680400;-49280400; 
MEF;20170428;IT0005217390;20670301;700000;;0;-9800; ;-9800; ;-9800; ;-9800; ;-9800; ;-9800; ;-9800; ;-9800; ;-9800; ;-9800; ;-9800; ;-9800; ;-9800; ;-9800; ;-9800; ;-9800; ;-9800; ;-9800; ;-9800; ;-9800; ;-9800; ;-9800; ;-9800; ;-9800; ;-9800; ;-9800; ;-9800; ;-9800; ;-9800; ;-9800; ;-9800; ;-9800;-9800;-9800;-9800;-9800;-9800;-9800;-9800;-9800;-9800;-9800;-9800;-9800;-9800;-9800;-9800;-9800;-9800;-9800;-9800;-9800;-9800;-9800;-9800;-9800;-9800;-9800;-9800;-9800;-9800;-9800;-9800;-9800;-9800;-9800;-9800;-9800;-9800;-9800;-9800;-9800;-9800;-9800;-9800;-9800;-9800;-9800;-9800;-9800;-9800;-709800; 
MEF;20170502;IT0004923998;20440901;49000000;;0;-1163750; ;-1163750; ;-1163750; ;-1163750; ;-1163750; ;-1163750; ;-1163750; ;-1163750; ;-1163750; ;-1163750; ;-1163750; ;-1163750; ;-1163750; ;-1163750; ;-1163750; ;-1163750; ;-1163750; ;-1163750; ;-1163750; ;-1163750; ;-1163750; ;-1163750; ;-1163750; ;-1163750; ;-1163750; ;-1163750; ;-1163750; ;-1163750; ;-1163750; ;-1163750; ;-1163750; ;-1163750;-1163750;-1163750;-1163750;-1163750;-50163750; ; ; ; ; ; ; ; ; ; ; ; ; ; ; ; ; ; ; ; ; ; ; ; ; ; ; ; ; ; ; ; ; ; ; ; ; ; ; ; ; ; ; ; ; ; 
MEF;20170502;IT0004923998;20440901;73000000;;0;-1733750; ;-1733750; ;-1733750; ;-1733750; ;-1733750; ;-1733750; ;-1733750; ;-1733750; ;-1733750; ;-1733750; ;-1733750; ;-1733750; ;-1733750; ;-1733750; ;-1733750; ;-1733750; ;-1733750; ;-1733750; ;-1733750; ;-1733750; ;-1733750; ;-1733750; ;-1733750; ;-1733750; ;-1733750; ;-1733750; ;-1733750; ;-1733750; ;-1733750; ;-1733750; ;-1733750; ;-1733750;-1733750;-1733750;-1733750;-1733750;-74733750; ; ; ; ; ; ; ; ; ; ; ; ; ; ; ; ; ; ; ; ; ; ; ; ; ; ; ; ; ; ; ; ; ; ; ; ; ; ; ; ; ; ; ; ; ; 
MEF;20170502;IT0005217390;20670301;25000000;;0;-350000; ;-350000; ;-350000; ;-350000; ;-350000; ;-350000; ;-350000; ;-350000; ;-350000; ;-350000; ;-350000; ;-350000; ;-350000; ;-350000; ;-350000; ;-350000; ;-350000; ;-350000; ;-350000; ;-350000; ;-350000; ;-350000; ;-350000; ;-350000; ;-350000; ;-350000; ;-350000; ;-350000; ;-350000; ;-350000; ;-350000; ;-350000;-350000;-350000;-350000;-350000;-350000;-350000;-350000;-350000;-350000;-350000;-350000;-350000;-350000;-350000;-350000;-350000;-350000;-350000;-350000;-350000;-350000;-350000;-350000;-350000;-350000;-350000;-350000;-350000;-350000;-350000;-350000;-350000;-350000;-350000;-350000;-350000;-350000;-350000;-350000;-350000;-350000;-350000;-350000;-350000;-350000;-350000;-350000;-350000;-350000;-25350000; 
MEF;20170503;IT0004923998;20440901;-25000000;;0;593750; ;593750; ;593750; ;593750; ;593750; ;593750; ;593750; ;593750; ;593750; ;593750; ;593750; ;593750; ;593750; ;593750; ;593750; ;593750; ;593750; ;593750; ;593750; ;593750; ;593750; ;593750; ;593750; ;593750; ;593750; ;593750; ;593750; ;593750; ;593750; ;593750; ;593750; ;593750;593750;593750;593750;593750;25593750; ; ; ; ; ; ; ; ; ; ; ; ; ; ; ; ; ; ; ; ; ; ; ; ; ; ; ; ; ; ; ; ; ; ; ; ; ; ; ; ; ; ; ; ; ; 
MEF;20170503;IT0004923998;20440901;-44000000;;0;1045000; ;1045000; ;1045000; ;1045000; ;1045000; ;1045000; ;1045000; ;1045000; ;1045000; ;1045000; ;1045000; ;1045000; ;1045000; ;1045000; ;1045000; ;1045000; ;1045000; ;1045000; ;1045000; ;1045000; ;1045000; ;1045000; ;1045000; ;1045000; ;1045000; ;1045000; ;1045000; ;1045000; ;1045000; ;1045000; ;1045000; ;1045000;1045000;1045000;1045000;1045000;45045000; ; ; ; ; ; ; ; ; ; ; ; ; ; ; ; ; ; ; ; ; ; ; ; ; ; ; ; ; ; ; ; ; ; ; ; ; ; ; ; ; ; ; ; ; ; 
MEF;20170503;IT0004923998;20440901;-5000000;;0;118750; ;118750; ;118750; ;118750; ;118750; ;118750; ;118750; ;118750; ;118750; ;118750; ;118750; ;118750; ;118750; ;118750; ;118750; ;118750; ;118750; ;118750; ;118750; ;118750; ;118750; ;118750; ;118750; ;118750; ;118750; ;118750; ;118750; ;118750; ;118750; ;118750; ;118750; ;118750;118750;118750;118750;118750;5118750; ; ; ; ; ; ; ; ; ; ; ; ; ; ; ; ; ; ; ; ; ; ; ; ; ; ; ; ; ; ; ; ; ; ; ; ; ; ; ; ; ; ; ; ; ; 
MEF;20170503;IT0004923998;20440901;20000000;;0;-475000; ;-475000; ;-475000; ;-475000; ;-475000; ;-475000; ;-475000; ;-475000; ;-475000; ;-475000; ;-475000; ;-475000; ;-475000; ;-475000; ;-475000; ;-475000; ;-475000; ;-475000; ;-475000; ;-475000; ;-475000; ;-475000; ;-475000; ;-475000; ;-475000; ;-475000; ;-475000; ;-475000; ;-475000; ;-475000; ;-475000; ;-475000;-475000;-475000;-475000;-475000;-20475000; ; ; ; ; ; ; ; ; ; ; ; ; ; ; ; ; ; ; ; ; ; ; ; ; ; ; ; ; ; ; ; ; ; ; ; ; ; ; ; ; ; ; ; ; ; 
MEF;20170503;IT0004923998;20440901;500000;;0;-11875; ;-11875; ;-11875; ;-11875; ;-11875; ;-11875; ;-11875; ;-11875; ;-11875; ;-11875; ;-11875; ;-11875; ;-11875; ;-11875; ;-11875; ;-11875; ;-11875; ;-11875; ;-11875; ;-11875; ;-11875; ;-11875; ;-11875; ;-11875; ;-11875; ;-11875; ;-11875; ;-11875; ;-11875; ;-11875; ;-11875; ;-11875;-11875;-11875;-11875;-11875;-511875; ; ; ; ; ; ; ; ; ; ; ; ; ; ; ; ; ; ; ; ; ; ; ; ; ; ; ; ; ; ; ; ; ; ; ; ; ; ; ; ; ; ; ; ; ; 
MEF;20170503;IT0004923998;20440901;63000000;;0;-1496250; ;-1496250; ;-1496250; ;-1496250; ;-1496250; ;-1496250; ;-1496250; ;-1496250; ;-1496250; ;-1496250; ;-1496250; ;-1496250; ;-1496250; ;-1496250; ;-1496250; ;-1496250; ;-1496250; ;-1496250; ;-1496250; ;-1496250; ;-1496250; ;-1496250; ;-1496250; ;-1496250; ;-1496250; ;-1496250; ;-1496250; ;-1496250; ;-1496250; ;-1496250; ;-1496250; ;-1496250;-1496250;-1496250;-1496250;-1496250;-64496250; ; ; ; ; ; ; ; ; ; ; ; ; ; ; ; ; ; ; ; ; ; ; ; ; ; ; ; ; ; ; ; ; ; ; ; ; ; ; ; ; ; ; ; ; ; 
MEF;20170504;IT0004889033;20280901;-5000000;;0;118750; ;118750; ;118750; ;118750; ;5118750; ; ; ; ; ; ; ; ; ; ; ; ; ; ; ; ; ; ; ; ; ; ; ; ; ; ; ; ; ; ; ; ; ; ; ; ; ; ; ; ; ; ; ; ; ; ; ; ; ; ; ; ; ; ; ; ; ; ; ; ; ; ; ; ; ; ; ; ; ; ; ; ; ; ; ; ; ; ; ; ; ; ; ; ; ; ; ; ; ; ; ; ; ; ; ; ; ; ; ; ; ; ; ; ; 
MEF;20170504;IT0004923998;20440901;-14000000;;0;332500; ;332500; ;332500; ;332500; ;332500; ;332500; ;332500; ;332500; ;332500; ;332500; ;332500; ;332500; ;332500; ;332500; ;332500; ;332500; ;332500; ;332500; ;332500; ;332500; ;332500; ;332500; ;332500; ;332500; ;332500; ;332500; ;332500; ;332500; ;332500; ;332500; ;332500; ;332500;332500;332500;332500;332500;14332500; ; ; ; ; ; ; ; ; ; ; ; ; ; ; ; ; ; ; ; ; ; ; ; ; ; ; ; ; ; ; ; ; ; ; ; ; ; ; ; ; ; ; ; ; ; 
MEF;20170504;IT0004923998;20440901;-15000000;;0;356250; ;356250; ;356250; ;356250; ;356250; ;356250; ;356250; ;356250; ;356250; ;356250; ;356250; ;356250; ;356250; ;356250; ;356250; ;356250; ;356250; ;356250; ;356250; ;356250; ;356250; ;356250; ;356250; ;356250; ;356250; ;356250; ;356250; ;356250; ;356250; ;356250; ;356250; ;356250;356250;356250;356250;356250;15356250; ; ; ; ; ; ; ; ; ; ; ; ; ; ; ; ; ; ; ; ; ; ; ; ; ; ; ; ; ; ; ; ; ; ; ; ; ; ; ; ; ; ; ; ; ; 
MEF;20170504;IT0005024234;20300301;-5000000;;0;87500; ;87500; ;87500; ;87500; ;87500; ;87500; ;87500; ;5087500; ; ; ; ; ; ; ; ; ; ; ; ; ; ; ; ; ; ; ; ; ; ; ; ; ; ; ; ; ; ; ; ; ; ; ; ; ; ; ; ; ; ; ; ; ; ; ; ; ; ; ; ; ; ; ; ; ; ; ; ; ; ; ; ; ; ; ; ; ; ; ; ; ; ; ; ; ; ; ; ; ; ; ; ; ; ; ; ; ; ; ; ; ; ; ; ; ; ; 
MEF;20170504;IT0005094088;20320301;-5000000;;0;41250; ;41250; ;41250; ;41250; ;41250; ;41250; ;41250; ;41250; ;41250; ;41250; ;41250; ;5041250; ; ; ; ; ; ; ; ; ; ; ; ; ; ; ; ; ; ; ; ; ; ; ; ; ; ; ; ; ; ; ; ; ; ; ; ; ; ; ; ; ; ; ; ; ; ; ; ; ; ; ; ; ; ; ; ; ; ; ; ; ; ; ; ; ; ; ; ; ; ; ; ; ; ; ; ; ; ; ; ; ; ; ; ; ; ; ; ; ; ; 
MEF;20170504;IT0005177909;20360901;-6000000;;0;67500; ;67500; ;67500; ;67500; ;67500; ;67500; ;67500; ;67500; ;67500; ;67500; ;67500; ;67500; ;67500; ;67500; ;67500; ;67500; ;67500; ;67500; ;67500; ;67500; ;6067500; ; ; ; ; ; ; ; ; ; ; ; ; ; ; ; ; ; ; ; ; ; ; ; ; ; ; ; ; ; ; ; ; ; ; ; ; ; ; ; ; ; ; ; ; ; ; ; ; ; ; ; ; ; ; ; ; ; ; ; ; ; ; ; ; ; ; ; ; ; ; ; ; 
MEF;20170504;IT0005217390;20670301;24600000;;0;-344400; ;-344400; ;-344400; ;-344400; ;-344400; ;-344400; ;-344400; ;-344400; ;-344400; ;-344400; ;-344400; ;-344400; ;-344400; ;-344400; ;-344400; ;-344400; ;-344400; ;-344400; ;-344400; ;-344400; ;-344400; ;-344400; ;-344400; ;-344400; ;-344400; ;-344400; ;-344400; ;-344400; ;-344400; ;-344400; ;-344400; ;-344400;-344400;-344400;-344400;-344400;-344400;-344400;-344400;-344400;-344400;-344400;-344400;-344400;-344400;-344400;-344400;-344400;-344400;-344400;-344400;-344400;-344400;-344400;-344400;-344400;-344400;-344400;-344400;-344400;-344400;-344400;-344400;-344400;-344400;-344400;-344400;-344400;-344400;-344400;-344400;-344400;-344400;-344400;-344400;-344400;-344400;-344400;-344400;-344400;-344400;-24944400; 
MEF;20170504;IT0005217390;20670301;25000000;;0;-350000; ;-350000; ;-350000; ;-350000; ;-350000; ;-350000; ;-350000; ;-350000; ;-350000; ;-350000; ;-350000; ;-350000; ;-350000; ;-350000; ;-350000; ;-350000; ;-350000; ;-350000; ;-350000; ;-350000; ;-350000; ;-350000; ;-350000; ;-350000; ;-350000; ;-350000; ;-350000; ;-350000; ;-350000; ;-350000; ;-350000; ;-350000;-350000;-350000;-350000;-350000;-350000;-350000;-350000;-350000;-350000;-350000;-350000;-350000;-350000;-350000;-350000;-350000;-350000;-350000;-350000;-350000;-350000;-350000;-350000;-350000;-350000;-350000;-350000;-350000;-350000;-350000;-350000;-350000;-350000;-350000;-350000;-350000;-350000;-350000;-350000;-350000;-350000;-350000;-350000;-350000;-350000;-350000;-350000;-350000;-350000;-25350000; 
MEF;20170504;IT0005240350;20330901;-5000000;;0;61250; ;61250; ;61250; ;61250; ;61250; ;61250; ;61250; ;61250; ;61250; ;61250; ;61250; ;61250; ;61250; ;61250; ;5061250; ; ; ; ; ; ; ; ; ; ; ; ; ; ; ; ; ; ; ; ; ; ; ; ; ; ; ; ; ; ; ; ; ; ; ; ; ; ; ; ; ; ; ; ; ; ; ; ; ; ; ; ; ; ; ; ; ; ; ; ; ; ; ; ; ; ; ; ; ; ; ; ; ; ; ; ; ; ; ; ; ; ; ; ; 
MEF;20170505;IT0004923998;20440901;-12400000;;0;294500; ;294500; ;294500; ;294500; ;294500; ;294500; ;294500; ;294500; ;294500; ;294500; ;294500; ;294500; ;294500; ;294500; ;294500; ;294500; ;294500; ;294500; ;294500; ;294500; ;294500; ;294500; ;294500; ;294500; ;294500; ;294500; ;294500; ;294500; ;294500; ;294500; ;294500; ;294500;294500;294500;294500;294500;12694500; ; ; ; ; ; ; ; ; ; ; ; ; ; ; ; ; ; ; ; ; ; ; ; ; ; ; ; ; ; ; ; ; ; ; ; ; ; ; ; ; ; ; ; ; ; 
MEF;20170505;IT0004923998;20440901;-15200000;;0;361000; ;361000; ;361000; ;361000; ;361000; ;361000; ;361000; ;361000; ;361000; ;361000; ;361000; ;361000; ;361000; ;361000; ;361000; ;361000; ;361000; ;361000; ;361000; ;361000; ;361000; ;361000; ;361000; ;361000; ;361000; ;361000; ;361000; ;361000; ;361000; ;361000; ;361000; ;361000;361000;361000;361000;361000;15561000; ; ; ; ; ; ; ; ; ; ; ; ; ; ; ; ; ; ; ; ; ; ; ; ; ; ; ; ; ; ; ; ; ; ; ; ; ; ; ; ; ; ; ; ; ; 
MEF;20170505;IT0004923998;20440901;-28500000;;0;676875; ;676875; ;676875; ;676875; ;676875; ;676875; ;676875; ;676875; ;676875; ;676875; ;676875; ;676875; ;676875; ;676875; ;676875; ;676875; ;676875; ;676875; ;676875; ;676875; ;676875; ;676875; ;676875; ;676875; ;676875; ;676875; ;676875; ;676875; ;676875; ;676875; ;676875; ;676875;676875;676875;676875;676875;29176875; ; ; ; ; ; ; ; ; ; ; ; ; ; ; ; ; ; ; ; ; ; ; ; ; ; ; ; ; ; ; ; ; ; ; ; ; ; ; ; ; ; ; ; ; ; 
MEF;20170505;IT0004923998;20440901;28500000;;0;-676875; ;-676875; ;-676875; ;-676875; ;-676875; ;-676875; ;-676875; ;-676875; ;-676875; ;-676875; ;-676875; ;-676875; ;-676875; ;-676875; ;-676875; ;-676875; ;-676875; ;-676875; ;-676875; ;-676875; ;-676875; ;-676875; ;-676875; ;-676875; ;-676875; ;-676875; ;-676875; ;-676875; ;-676875; ;-676875; ;-676875; ;-676875;-676875;-676875;-676875;-676875;-29176875; ; ; ; ; ; ; ; ; ; ; ; ; ; ; ; ; ; ; ; ; ; ; ; ; ; ; ; ; ; ; ; ; ; ; ; ; ; ; ; ; ; ; ; ; ; 
MEF;20170505;IT0005083057;20460901;-1600000;;0;26000; ;26000; ;26000; ;26000; ;26000; ;26000; ;26000; ;26000; ;26000; ;26000; ;26000; ;26000; ;26000; ;26000; ;26000; ;26000; ;26000; ;26000; ;26000; ;26000; ;26000; ;26000; ;26000; ;26000; ;26000; ;26000; ;26000; ;26000; ;26000; ;26000; ;26000; ;26000;26000;26000;26000;26000;26000;26000;26000;26000;1626000; ; ; ; ; ; ; ; ; ; ; ; ; ; ; ; ; ; ; ; ; ; ; ; ; ; ; ; ; ; ; ; ; ; ; ; ; ; ; ; ; ; 
MEF;20170505;IT0005162828;20470301;-1700000;;0;22950; ;22950; ;22950; ;22950; ;22950; ;22950; ;22950; ;22950; ;22950; ;22950; ;22950; ;22950; ;22950; ;22950; ;22950; ;22950; ;22950; ;22950; ;22950; ;22950; ;22950; ;22950; ;22950; ;22950; ;22950; ;22950; ;22950; ;22950; ;22950; ;22950; ;22950; ;22950;22950;22950;22950;22950;22950;22950;22950;22950;22950;1722950; ; ; ; ; ; ; ; ; ; ; ; ; ; ; ; ; ; ; ; ; ; ; ; ; ; ; ; ; ; ; ; ; ; ; ; ; ; ; ; ; 
MEF;20170505;IT0005217390;20670301;24700000;;0;-345800; ;-345800; ;-345800; ;-345800; ;-345800; ;-345800; ;-345800; ;-345800; ;-345800; ;-345800; ;-345800; ;-345800; ;-345800; ;-345800; ;-345800; ;-345800; ;-345800; ;-345800; ;-345800; ;-345800; ;-345800; ;-345800; ;-345800; ;-345800; ;-345800; ;-345800; ;-345800; ;-345800; ;-345800; ;-345800; ;-345800; ;-345800;-345800;-345800;-345800;-345800;-345800;-345800;-345800;-345800;-345800;-345800;-345800;-345800;-345800;-345800;-345800;-345800;-345800;-345800;-345800;-345800;-345800;-345800;-345800;-345800;-345800;-345800;-345800;-345800;-345800;-345800;-345800;-345800;-345800;-345800;-345800;-345800;-345800;-345800;-345800;-345800;-345800;-345800;-345800;-345800;-345800;-345800;-345800;-345800;-345800;-25045800; 
MEF;20170512;IT0004889033;20280901;600000;;0;-14250; ;-14250; ;-14250; ;-14250; ;-614250; ; ; ; ; ; ; ; ; ; ; ; ; ; ; ; ; ; ; ; ; ; ; ; ; ; ; ; ; ; ; ; ; ; ; ; ; ; ; ; ; ; ; ; ; ; ; ; ; ; ; ; ; ; ; ; ; ; ; ; ; ; ; ; ; ; ; ; ; ; ; ; ; ; ; ; ; ; ; ; ; ; ; ; ; ; ; ; ; ; ; ; ; ; ; ; ; ; ; ; ; ; ; ; ; 
MEF;20170512;IT0005217390;20670301;50000000;;0;-700000; ;-700000; ;-700000; ;-700000; ;-700000; ;-700000; ;-700000; ;-700000; ;-700000; ;-700000; ;-700000; ;-700000; ;-700000; ;-700000; ;-700000; ;-700000; ;-700000; ;-700000; ;-700000; ;-700000; ;-700000; ;-700000; ;-700000; ;-700000; ;-700000; ;-700000; ;-700000; ;-700000; ;-700000; ;-700000; ;-700000; ;-700000;-700000;-700000;-700000;-700000;-700000;-700000;-700000;-700000;-700000;-700000;-700000;-700000;-700000;-700000;-700000;-700000;-700000;-700000;-700000;-700000;-700000;-700000;-700000;-700000;-700000;-700000;-700000;-700000;-700000;-700000;-700000;-700000;-700000;-700000;-700000;-700000;-700000;-700000;-700000;-700000;-700000;-700000;-700000;-700000;-700000;-700000;-700000;-700000;-700000;-50700000; 
MEF;20170515;IT0004889033;20280901;100000;;0;-2375; ;-2375; ;-2375; ;-2375; ;-102375; ; ; ; ; ; ; ; ; ; ; ; ; ; ; ; ; ; ; ; ; ; ; ; ; ; ; ; ; ; ; ; ; ; ; ; ; ; ; ; ; ; ; ; ; ; ; ; ; ; ; ; ; ; ; ; ; ; ; ; ; ; ; ; ; ; ; ; ; ; ; ; ; ; ; ; ; ; ; ; ; ; ; ; ; ; ; ; ; ; ; ; ; ; ; ; ; ; ; ; ; ; ; ; ; 
MEF;20170515;IT0004889033;20280901;7300000;;0;-173375; ;-173375; ;-173375; ;-173375; ;-7473375; ; ; ; ; ; ; ; ; ; ; ; ; ; ; ; ; ; ; ; ; ; ; ; ; ; ; ; ; ; ; ; ; ; ; ; ; ; ; ; ; ; ; ; ; ; ; ; ; ; ; ; ; ; ; ; ; ; ; ; ; ; ; ; ; ; ; ; ; ; ; ; ; ; ; ; ; ; ; ; ; ; ; ; ; ; ; ; ; ; ; ; ; ; ; ; ; ; ; ; ; ; ; ; ; 
MEF;20170517;IT0005217390;20670301;25000000;;0;-350000; ;-350000; ;-350000; ;-350000; ;-350000; ;-350000; ;-350000; ;-350000; ;-350000; ;-350000; ;-350000; ;-350000; ;-350000; ;-350000; ;-350000; ;-350000; ;-350000; ;-350000; ;-350000; ;-350000; ;-350000; ;-350000; ;-350000; ;-350000; ;-350000; ;-350000; ;-350000; ;-350000; ;-350000; ;-350000; ;-350000; ;-350000;-350000;-350000;-350000;-350000;-350000;-350000;-350000;-350000;-350000;-350000;-350000;-350000;-350000;-350000;-350000;-350000;-350000;-350000;-350000;-350000;-350000;-350000;-350000;-350000;-350000;-350000;-350000;-350000;-350000;-350000;-350000;-350000;-350000;-350000;-350000;-350000;-350000;-350000;-350000;-350000;-350000;-350000;-350000;-350000;-350000;-350000;-350000;-350000;-350000;-25350000; 
MEF;20170519;IT0004923998;20440901;-14700000;;0;349125; ;349125; ;349125; ;349125; ;349125; ;349125; ;349125; ;349125; ;349125; ;349125; ;349125; ;349125; ;349125; ;349125; ;349125; ;349125; ;349125; ;349125; ;349125; ;349125; ;349125; ;349125; ;349125; ;349125; ;349125; ;349125; ;349125; ;349125; ;349125; ;349125; ;349125; ;349125;349125;349125;349125;349125;15049125; ; ; ; ; ; ; ; ; ; ; ; ; ; ; ; ; ; ; ; ; ; ; ; ; ; ; ; ; ; ; ; ; ; ; ; ; ; ; ; ; ; ; ; ; ; 
MEF;20170519;IT0004923998;20440901;-29900000;;0;710125; ;710125; ;710125; ;710125; ;710125; ;710125; ;710125; ;710125; ;710125; ;710125; ;710125; ;710125; ;710125; ;710125; ;710125; ;710125; ;710125; ;710125; ;710125; ;710125; ;710125; ;710125; ;710125; ;710125; ;710125; ;710125; ;710125; ;710125; ;710125; ;710125; ;710125; ;710125;710125;710125;710125;710125;30610125; ; ; ; ; ; ; ; ; ; ; ; ; ; ; ; ; ; ; ; ; ; ; ; ; ; ; ; ; ; ; ; ; ; ; ; ; ; ; ; ; ; ; ; ; ; 
MEF;20170524;IT0004889033;20280901;550000;;0;-13062.5; ;-13062.5; ;-13062.5; ;-13062.5; ;-563062.5; ; ; ; ; ; ; ; ; ; ; ; ; ; ; ; ; ; ; ; ; ; ; ; ; ; ; ; ; ; ; ; ; ; ; ; ; ; ; ; ; ; ; ; ; ; ; ; ; ; ; ; ; ; ; ; ; ; ; ; ; ; ; ; ; ; ; ; ; ; ; ; ; ; ; ; ; ; ; ; ; ; ; ; ; ; ; ; ; ; ; ; ; ; ; ; ; ; ; ; ; ; ; ; ; 
MEF;20170526;IT0004889033;20280901;-1200000;;0;28500; ;28500; ;28500; ;28500; ;1228500; ; ; ; ; ; ; ; ; ; ; ; ; ; ; ; ; ; ; ; ; ; ; ; ; ; ; ; ; ; ; ; ; ; ; ; ; ; ; ; ; ; ; ; ; ; ; ; ; ; ; ; ; ; ; ; ; ; ; ; ; ; ; ; ; ; ; ; ; ; ; ; ; ; ; ; ; ; ; ; ; ; ; ; ; ; ; ; ; ; ; ; ; ; ; ; ; ; ; ; ; ; ; ; ; 
MEF;20170616;IT0004889033;20280901;-7000000;;0;166250; ;166250; ;166250; ;166250; ;7166250; ; ; ; ; ; ; ; ; ; ; ; ; ; ; ; ; ; ; ; ; ; ; ; ; ; ; ; ; ; ; ; ; ; ; ; ; ; ; ; ; ; ; ; ; ; ; ; ; ; ; ; ; ; ; ; ; ; ; ; ; ; ; ; ; ; ; ; ; ; ; ; ; ; ; ; ; ; ; ; ; ; ; ; ; ; ; ; ; ; ; ; ; ; ; ; ; ; ; ; ; ; ; ; ; 
MEF;20170616;IT0004923998;20440901;-4000000;;0;95000; ;95000; ;95000; ;95000; ;95000; ;95000; ;95000; ;95000; ;95000; ;95000; ;95000; ;95000; ;95000; ;95000; ;95000; ;95000; ;95000; ;95000; ;95000; ;95000; ;95000; ;95000; ;95000; ;95000; ;95000; ;95000; ;95000; ;95000; ;95000; ;95000; ;95000; ;95000;95000;95000;95000;95000;4095000; ; ; ; ; ; ; ; ; ; ; ; ; ; ; ; ; ; ; ; ; ; ; ; ; ; ; ; ; ; ; ; ; ; ; ; ; ; ; ; ; ; ; ; ; ; 
MEF;20170616;IT0005162828;20470301;1500000;;0;-20250; ;-20250; ;-20250; ;-20250; ;-20250; ;-20250; ;-20250; ;-20250; ;-20250; ;-20250; ;-20250; ;-20250; ;-20250; ;-20250; ;-20250; ;-20250; ;-20250; ;-20250; ;-20250; ;-20250; ;-20250; ;-20250; ;-20250; ;-20250; ;-20250; ;-20250; ;-20250; ;-20250; ;-20250; ;-20250; ;-20250; ;-20250;-20250;-20250;-20250;-20250;-20250;-20250;-20250;-20250;-20250;-1520250; ; ; ; ; ; ; ; ; ; ; ; ; ; ; ; ; ; ; ; ; ; ; ; ; ; ; ; ; ; ; ; ; ; ; ; ; ; ; ; ; 
MEF;20170623;IT0004923998;20440901;25000000;;0;-593750; ;-593750; ;-593750; ;-593750; ;-593750; ;-593750; ;-593750; ;-593750; ;-593750; ;-593750; ;-593750; ;-593750; ;-593750; ;-593750; ;-593750; ;-593750; ;-593750; ;-593750; ;-593750; ;-593750; ;-593750; ;-593750; ;-593750; ;-593750; ;-593750; ;-593750; ;-593750; ;-593750; ;-593750; ;-593750; ;-593750; ;-593750;-593750;-593750;-593750;-593750;-25593750; ; ; ; ; ; ; ; ; ; ; ; ; ; ; ; ; ; ; ; ; ; ; ; ; ; ; ; ; ; ; ; ; ; ; ; ; ; ; ; ; ; ; ; ; ; 
MEF;20170623;IT0005162828;20470301;5000000;;0;-67500; ;-67500; ;-67500; ;-67500; ;-67500; ;-67500; ;-67500; ;-67500; ;-67500; ;-67500; ;-67500; ;-67500; ;-67500; ;-67500; ;-67500; ;-67500; ;-67500; ;-67500; ;-67500; ;-67500; ;-67500; ;-67500; ;-67500; ;-67500; ;-67500; ;-67500; ;-67500; ;-67500; ;-67500; ;-67500; ;-67500; ;-67500;-67500;-67500;-67500;-67500;-67500;-67500;-67500;-67500;-67500;-5067500; ; ; ; ; ; ; ; ; ; ; ; ; ; ; ; ; ; ; ; ; ; ; ; ; ; ; ; ; ; ; ; ; ; ; ; ; ; ; ; ; 
MEF;20170627;IT0004923998;20440901;2000000;;0;-47500; ;-47500; ;-47500; ;-47500; ;-47500; ;-47500; ;-47500; ;-47500; ;-47500; ;-47500; ;-47500; ;-47500; ;-47500; ;-47500; ;-47500; ;-47500; ;-47500; ;-47500; ;-47500; ;-47500; ;-47500; ;-47500; ;-47500; ;-47500; ;-47500; ;-47500; ;-47500; ;-47500; ;-47500; ;-47500; ;-47500; ;-47500;-47500;-47500;-47500;-47500;-2047500; ; ; ; ; ; ; ; ; ; ; ; ; ; ; ; ; ; ; ; ; ; ; ; ; ; ; ; ; ; ; ; ; ; ; ; ; ; ; ; ; ; ; ; ; ; 
MEF;20170630;IT0004923998;20440901;-25000000;;0;593750; ;593750; ;593750; ;593750; ;593750; ;593750; ;593750; ;593750; ;593750; ;593750; ;593750; ;593750; ;593750; ;593750; ;593750; ;593750; ;593750; ;593750; ;593750; ;593750; ;593750; ;593750; ;593750; ;593750; ;593750; ;593750; ;593750; ;593750; ;593750; ;593750; ;593750; ;593750;593750;593750;593750;593750;25593750; ; ; ; ; ; ; ; ; ; ; ; ; ; ; ; ; ; ; ; ; ; ; ; ; ; ; ; ; ; ; ; ; ; ; ; ; ; ; ; ; ; ; ; ; ; 
MEF;20170704;IT0004923998;20440901;1400000;;0;-33250; ;-33250; ;-33250; ;-33250; ;-33250; ;-33250; ;-33250; ;-33250; ;-33250; ;-33250; ;-33250; ;-33250; ;-33250; ;-33250; ;-33250; ;-33250; ;-33250; ;-33250; ;-33250; ;-33250; ;-33250; ;-33250; ;-33250; ;-33250; ;-33250; ;-33250; ;-33250; ;-33250; ;-33250; ;-33250; ;-33250; ;-33250;-33250;-33250;-33250;-33250;-1433250; ; ; ; ; ; ; ; ; ; ; ; ; ; ; ; ; ; ; ; ; ; ; ; ; ; ; ; ; ; ; ; ; ; ; ; ; ; ; ; ; ; ; ; ; ; 
MEF;20170704;IT0004923998;20440901;400000;;0;-9500; ;-9500; ;-9500; ;-9500; ;-9500; ;-9500; ;-9500; ;-9500; ;-9500; ;-9500; ;-9500; ;-9500; ;-9500; ;-9500; ;-9500; ;-9500; ;-9500; ;-9500; ;-9500; ;-9500; ;-9500; ;-9500; ;-9500; ;-9500; ;-9500; ;-9500; ;-9500; ;-9500; ;-9500; ;-9500; ;-9500; ;-9500;-9500;-9500;-9500;-9500;-409500; ; ; ; ; ; ; ; ; ; ; ; ; ; ; ; ; ; ; ; ; ; ; ; ; ; ; ; ; ; ; ; ; ; ; ; ; ; ; ; ; ; ; ; ; ; 
MEF;20170707;IT0005083057;20460901;-1000000;;0;16250; ;16250; ;16250; ;16250; ;16250; ;16250; ;16250; ;16250; ;16250; ;16250; ;16250; ;16250; ;16250; ;16250; ;16250; ;16250; ;16250; ;16250; ;16250; ;16250; ;16250; ;16250; ;16250; ;16250; ;16250; ;16250; ;16250; ;16250; ;16250; ;16250; ;16250; ;16250;16250;16250;16250;16250;16250;16250;16250;16250;1016250; ; ; ; ; ; ; ; ; ; ; ; ; ; ; ; ; ; ; ; ; ; ; ; ; ; ; ; ; ; ; ; ; ; ; ; ; ; ; ; ; ; 
MEF;20170707;IT0005162828;20470301;-1000000;;0;13500; ;13500; ;13500; ;13500; ;13500; ;13500; ;13500; ;13500; ;13500; ;13500; ;13500; ;13500; ;13500; ;13500; ;13500; ;13500; ;13500; ;13500; ;13500; ;13500; ;13500; ;13500; ;13500; ;13500; ;13500; ;13500; ;13500; ;13500; ;13500; ;13500; ;13500; ;13500;13500;13500;13500;13500;13500;13500;13500;13500;13500;1013500; ; ; ; ; ; ; ; ; ; ; ; ; ; ; ; ; ; ; ; ; ; ; ; ; ; ; ; ; ; ; ; ; ; ; ; ; ; ; ; ; 
MEF;20170707;IT0005217390;20670301;-1000000;;0;14000; ;14000; ;14000; ;14000; ;14000; ;14000; ;14000; ;14000; ;14000; ;14000; ;14000; ;14000; ;14000; ;14000; ;14000; ;14000; ;14000; ;14000; ;14000; ;14000; ;14000; ;14000; ;14000; ;14000; ;14000; ;14000; ;14000; ;14000; ;14000; ;14000; ;14000; ;14000;14000;14000;14000;14000;14000;14000;14000;14000;14000;14000;14000;14000;14000;14000;14000;14000;14000;14000;14000;14000;14000;14000;14000;14000;14000;14000;14000;14000;14000;14000;14000;14000;14000;14000;14000;14000;14000;14000;14000;14000;14000;14000;14000;14000;14000;14000;14000;14000;14000;1014000; 
MEF;20170712;IT0004923998;20440901;5000000;;0;-118750; ;-118750; ;-118750; ;-118750; ;-118750; ;-118750; ;-118750; ;-118750; ;-118750; ;-118750; ;-118750; ;-118750; ;-118750; ;-118750; ;-118750; ;-118750; ;-118750; ;-118750; ;-118750; ;-118750; ;-118750; ;-118750; ;-118750; ;-118750; ;-118750; ;-118750; ;-118750; ;-118750; ;-118750; ;-118750; ;-118750; ;-118750;-118750;-118750;-118750;-118750;-5118750; ; ; ; ; ; ; ; ; ; ; ; ; ; ; ; ; ; ; ; ; ; ; ; ; ; ; ; ; ; ; ; ; ; ; ; ; ; ; ; ; ; ; ; ; ; 
MEF;20170719;IT0004923998;20440901;3000000;;0;-71250; ;-71250; ;-71250; ;-71250; ;-71250; ;-71250; ;-71250; ;-71250; ;-71250; ;-71250; ;-71250; ;-71250; ;-71250; ;-71250; ;-71250; ;-71250; ;-71250; ;-71250; ;-71250; ;-71250; ;-71250; ;-71250; ;-71250; ;-71250; ;-71250; ;-71250; ;-71250; ;-71250; ;-71250; ;-71250; ;-71250; ;-71250;-71250;-71250;-71250;-71250;-3071250; ; ; ; ; ; ; ; ; ; ; ; ; ; ; ; ; ; ; ; ; ; ; ; ; ; ; ; ; ; ; ; ; ; ; ; ; ; ; ; ; ; ; ; ; ; 
MEF;20170728;IT0004923998;20440901;-5000000;;0;118750; ;118750; ;118750; ;118750; ;118750; ;118750; ;118750; ;118750; ;118750; ;118750; ;118750; ;118750; ;118750; ;118750; ;118750; ;118750; ;118750; ;118750; ;118750; ;118750; ;118750; ;118750; ;118750; ;118750; ;118750; ;118750; ;118750; ;118750; ;118750; ;118750; ;118750; ;118750;118750;118750;118750;118750;5118750; ; ; ; ; ; ; ; ; ; ; ; ; ; ; ; ; ; ; ; ; ; ; ; ; ; ; ; ; ; ; ; ; ; ; ; ; ; ; ; ; ; ; ; ; ; 
MEF;20170802;IT0005162828;20470301;9400000;;0;-126900; ;-126900; ;-126900; ;-126900; ;-126900; ;-126900; ;-126900; ;-126900; ;-126900; ;-126900; ;-126900; ;-126900; ;-126900; ;-126900; ;-126900; ;-126900; ;-126900; ;-126900; ;-126900; ;-126900; ;-126900; ;-126900; ;-126900; ;-126900; ;-126900; ;-126900; ;-126900; ;-126900; ;-126900; ;-126900; ;-126900; ;-126900;-126900;-126900;-126900;-126900;-126900;-126900;-126900;-126900;-126900;-9526900; ; ; ; ; ; ; ; ; ; ; ; ; ; ; ; ; ; ; ; ; ; ; ; ; ; ; ; ; ; ; ; ; ; ; ; ; ; ; ; ; 
MEF;20170804;IT0005162828;20470301;-4700000;;0;63450; ;63450; ;63450; ;63450; ;63450; ;63450; ;63450; ;63450; ;63450; ;63450; ;63450; ;63450; ;63450; ;63450; ;63450; ;63450; ;63450; ;63450; ;63450; ;63450; ;63450; ;63450; ;63450; ;63450; ;63450; ;63450; ;63450; ;63450; ;63450; ;63450; ;63450; ;63450;63450;63450;63450;63450;63450;63450;63450;63450;63450;4763450; ; ; ; ; ; ; ; ; ; ; ; ; ; ; ; ; ; ; ; ; ; ; ; ; ; ; ; ; ; ; ; ; ; ; ; ; ; ; ; ; 
MEF;20170908;IT0004923998;20440901;-3000000;;0;71250; ;71250; ;71250; ;71250; ;71250; ;71250; ;71250; ;71250; ;71250; ;71250; ;71250; ;71250; ;71250; ;71250; ;71250; ;71250; ;71250; ;71250; ;71250; ;71250; ;71250; ;71250; ;71250; ;71250; ;71250; ;71250; ;71250; ;71250; ;71250; ;71250; ;71250; ;71250;71250;71250;71250;71250;3071250; ; ; ; ; ; ; ; ; ; ; ; ; ; ; ; ; ; ; ; ; ; ; ; ; ; ; ; ; ; ; ; ; ; ; ; ; ; ; ; ; ; ; ; ; ; 
MEF;20170928;IT0004923998;20440901;1000000;;0;-23750; ;-23750; ;-23750; ;-23750; ;-23750; ;-23750; ;-23750; ;-23750; ;-23750; ;-23750; ;-23750; ;-23750; ;-23750; ;-23750; ;-23750; ;-23750; ;-23750; ;-23750; ;-23750; ;-23750; ;-23750; ;-23750; ;-23750; ;-23750; ;-23750; ;-23750; ;-23750; ;-23750; ;-23750; ;-23750; ;-23750; ;-23750;-23750;-23750;-23750;-23750;-1023750; ; ; ; ; ; ; ; ; ; ; ; ; ; ; ; ; ; ; ; ; ; ; ; ; ; ; ; ; ; ; ; ; ; ; ; ; ; ; ; ; ; ; ; ; ; 
MEF;20170928;IT0005217390;20670301;5000000;;0;-70000; ;-70000; ;-70000; ;-70000; ;-70000; ;-70000; ;-70000; ;-70000; ;-70000; ;-70000; ;-70000; ;-70000; ;-70000; ;-70000; ;-70000; ;-70000; ;-70000; ;-70000; ;-70000; ;-70000; ;-70000; ;-70000; ;-70000; ;-70000; ;-70000; ;-70000; ;-70000; ;-70000; ;-70000; ;-70000; ;-70000; ;-70000;-70000;-70000;-70000;-70000;-70000;-70000;-70000;-70000;-70000;-70000;-70000;-70000;-70000;-70000;-70000;-70000;-70000;-70000;-70000;-70000;-70000;-70000;-70000;-70000;-70000;-70000;-70000;-70000;-70000;-70000;-70000;-70000;-70000;-70000;-70000;-70000;-70000;-70000;-70000;-70000;-70000;-70000;-70000;-70000;-70000;-70000;-70000;-70000;-70000;-5070000; 
MEF;20171106;IT0005217390;20670301;20000000;;0;-280000; ;-280000; ;-280000; ;-280000; ;-280000; ;-280000; ;-280000; ;-280000; ;-280000; ;-280000; ;-280000; ;-280000; ;-280000; ;-280000; ;-280000; ;-280000; ;-280000; ;-280000; ;-280000; ;-280000; ;-280000; ;-280000; ;-280000; ;-280000; ;-280000; ;-280000; ;-280000; ;-280000; ;-280000; ;-280000; ;-280000; ;-280000;-280000;-280000;-280000;-280000;-280000;-280000;-280000;-280000;-280000;-280000;-280000;-280000;-280000;-280000;-280000;-280000;-280000;-280000;-280000;-280000;-280000;-280000;-280000;-280000;-280000;-280000;-280000;-280000;-280000;-280000;-280000;-280000;-280000;-280000;-280000;-280000;-280000;-280000;-280000;-280000;-280000;-280000;-280000;-280000;-280000;-280000;-280000;-280000;-280000;-20280000; 
MEF;20171107;IT0004923998;20440901;2000000;;0;-47500; ;-47500; ;-47500; ;-47500; ;-47500; ;-47500; ;-47500; ;-47500; ;-47500; ;-47500; ;-47500; ;-47500; ;-47500; ;-47500; ;-47500; ;-47500; ;-47500; ;-47500; ;-47500; ;-47500; ;-47500; ;-47500; ;-47500; ;-47500; ;-47500; ;-47500; ;-47500; ;-47500; ;-47500; ;-47500; ;-47500; ;-47500;-47500;-47500;-47500;-47500;-2047500; ; ; ; ; ; ; ; ; ; ; ; ; ; ; ; ; ; ; ; ; ; ; ; ; ; ; ; ; ; ; ; ; ; ; ; ; ; ; ; ; ; ; ; ; ; 
MEF;20171107;IT0005217390;20670301;-5000000;;0;70000; ;70000; ;70000; ;70000; ;70000; ;70000; ;70000; ;70000; ;70000; ;70000; ;70000; ;70000; ;70000; ;70000; ;70000; ;70000; ;70000; ;70000; ;70000; ;70000; ;70000; ;70000; ;70000; ;70000; ;70000; ;70000; ;70000; ;70000; ;70000; ;70000; ;70000; ;70000;70000;70000;70000;70000;70000;70000;70000;70000;70000;70000;70000;70000;70000;70000;70000;70000;70000;70000;70000;70000;70000;70000;70000;70000;70000;70000;70000;70000;70000;70000;70000;70000;70000;70000;70000;70000;70000;70000;70000;70000;70000;70000;70000;70000;70000;70000;70000;70000;70000;5070000; 
MEF;20171110;IT0004923998;20440901;-15000000;;0;356250; ;356250; ;356250; ;356250; ;356250; ;356250; ;356250; ;356250; ;356250; ;356250; ;356250; ;356250; ;356250; ;356250; ;356250; ;356250; ;356250; ;356250; ;356250; ;356250; ;356250; ;356250; ;356250; ;356250; ;356250; ;356250; ;356250; ;356250; ;356250; ;356250; ;356250; ;356250;356250;356250;356250;356250;15356250; ; ; ; ; ; ; ; ; ; ; ; ; ; ; ; ; ; ; ; ; ; ; ; ; ; ; ; ; ; ; ; ; ; ; ; ; ; ; ; ; ; ; ; ; ; 
MEF;20171128;IT0005162828;20470301;5000000;;0;-67500; ;-67500; ;-67500; ;-67500; ;-67500; ;-67500; ;-67500; ;-67500; ;-67500; ;-67500; ;-67500; ;-67500; ;-67500; ;-67500; ;-67500; ;-67500; ;-67500; ;-67500; ;-67500; ;-67500; ;-67500; ;-67500; ;-67500; ;-67500; ;-67500; ;-67500; ;-67500; ;-67500; ;-67500; ;-67500; ;-67500; ;-67500;-67500;-67500;-67500;-67500;-67500;-67500;-67500;-67500;-67500;-5067500; ; ; ; ; ; ; ; ; ; ; ; ; ; ; ; ; ; ; ; ; ; ; ; ; ; ; ; ; ; ; ; ; ; ; ; ; ; ; ; ; 
MEF;20171129;IT0004923998;20440901;-2000000;;0;47500; ;47500; ;47500; ;47500; ;47500; ;47500; ;47500; ;47500; ;47500; ;47500; ;47500; ;47500; ;47500; ;47500; ;47500; ;47500; ;47500; ;47500; ;47500; ;47500; ;47500; ;47500; ;47500; ;47500; ;47500; ;47500; ;47500; ;47500; ;47500; ;47500; ;47500; ;47500;47500;47500;47500;47500;2047500; ; ; ; ; ; ; ; ; ; ; ; ; ; ; ; ; ; ; ; ; ; ; ; ; ; ; ; ; ; ; ; ; ; ; ; ; ; ; ; ; ; ; ; ; ; 
MEF;20180109;IT0004923998;20440901;1000000;;0;-23750; ;-23750; ;-23750; ;-23750; ;-23750; ;-23750; ;-23750; ;-23750; ;-23750; ;-23750; ;-23750; ;-23750; ;-23750; ;-23750; ;-23750; ;-23750; ;-23750; ;-23750; ;-23750; ;-23750; ;-23750; ;-23750; ;-23750; ;-23750; ;-23750; ;-23750; ;-23750; ;-23750; ;-23750; ;-23750; ;-23750; ;-23750;-23750;-23750;-23750;-23750;-1023750; ; ; ; ; ; ; ; ; ; ; ; ; ; ; ; ; ; ; ; ; ; ; ; ; ; ; ; ; ; ; ; ; ; ; ; ; ; ; ; ; ; ; ; ; ; 
MEF;20180129;IT0004923998;20440901;5000000;;0;-118750; ;-118750; ;-118750; ;-118750; ;-118750; ;-118750; ;-118750; ;-118750; ;-118750; ;-118750; ;-118750; ;-118750; ;-118750; ;-118750; ;-118750; ;-118750; ;-118750; ;-118750; ;-118750; ;-118750; ;-118750; ;-118750; ;-118750; ;-118750; ;-118750; ;-118750; ;-118750; ;-118750; ;-118750; ;-118750; ;-118750; ;-118750;-118750;-118750;-118750;-118750;-5118750; ; ; ; ; ; ; ; ; ; ; ; ; ; ; ; ; ; ; ; ; ; ; ; ; ; ; ; ; ; ; ; ; ; ; ; ; ; ; ; ; ; ; ; ; ; 
MEF;20180131;IT0005273013;20480301;2000000;;0;-34500; ;-34500; ;-34500; ;-34500; ;-34500; ;-34500; ;-34500; ;-34500; ;-34500; ;-34500; ;-34500; ;-34500; ;-34500; ;-34500; ;-34500; ;-34500; ;-34500; ;-34500; ;-34500; ;-34500; ;-34500; ;-34500; ;-34500; ;-34500; ;-34500; ;-34500; ;-34500; ;-34500; ;-34500; ;-34500; ;-34500; ;-34500;-34500;-34500;-34500;-34500;-34500;-34500;-34500;-34500;-34500;-34500;-34500;-2034500; ; ; ; ; ; ; ; ; ; ; ; ; ; ; ; ; ; ; ; ; ; ; ; ; ; ; ; ; ; ; ; ; ; ; ; ; ; ; 
MEF;20180316;IT0004923998;20440901;3000000;;0;-71250; ;-71250; ;-71250; ;-71250; ;-71250; ;-71250; ;-71250; ;-71250; ;-71250; ;-71250; ;-71250; ;-71250; ;-71250; ;-71250; ;-71250; ;-71250; ;-71250; ;-71250; ;-71250; ;-71250; ;-71250; ;-71250; ;-71250; ;-71250; ;-71250; ;-71250; ;-71250; ;-71250; ;-71250; ;-71250; ;-71250; ;-71250;-71250;-71250;-71250;-71250;-3071250; ; ; ; ; ; ; ; ; ; ; ; ; ; ; ; ; ; ; ; ; ; ; ; ; ; ; ; ; ; ; ; ; ; ; ; ; ; ; ; ; ; ; ; ; ; 
MEF;20180321;IT0004923998;20440901;3000000;;0;-71250; ;-71250; ;-71250; ;-71250; ;-71250; ;-71250; ;-71250; ;-71250; ;-71250; ;-71250; ;-71250; ;-71250; ;-71250; ;-71250; ;-71250; ;-71250; ;-71250; ;-71250; ;-71250; ;-71250; ;-71250; ;-71250; ;-71250; ;-71250; ;-71250; ;-71250; ;-71250; ;-71250; ;-71250; ;-71250; ;-71250; ;-71250;-71250;-71250;-71250;-71250;-3071250; ; ; ; ; ; ; ; ; ; ; ; ; ; ; ; ; ; ; ; ; ; ; ; ; ; ; ; ; ; ; ; ; ; ; ; ; ; ; ; ; ; ; ; ; ; 
MEF;20180329;IT0004923998;20440901;4000000;;0;-95000; ;-95000; ;-95000; ;-95000; ;-95000; ;-95000; ;-95000; ;-95000; ;-95000; ;-95000; ;-95000; ;-95000; ;-95000; ;-95000; ;-95000; ;-95000; ;-95000; ;-95000; ;-95000; ;-95000; ;-95000; ;-95000; ;-95000; ;-95000; ;-95000; ;-95000; ;-95000; ;-95000; ;-95000; ;-95000; ;-95000; ;-95000;-95000;-95000;-95000;-95000;-4095000; ; ; ; ; ; ; ; ; ; ; ; ; ; ; ; ; ; ; ; ; ; ; ; ; ; ; ; ; ; ; ; ; ; ; ; ; ; ; ; ; ; ; ; ; ; 
MEF;20180410;IT0004923998;20440901;-10500000;;0;249375; ;249375; ;249375; ;249375; ;249375; ;249375; ;249375; ;249375; ;249375; ;249375; ;249375; ;249375; ;249375; ;249375; ;249375; ;249375; ;249375; ;249375; ;249375; ;249375; ;249375; ;249375; ;249375; ;249375; ;249375; ;249375; ;249375; ;249375; ;249375; ;249375; ;249375; ;249375;249375;249375;249375;249375;10749375; ; ; ; ; ; ; ; ; ; ; ; ; ; ; ; ; ; ; ; ; ; ; ; ; ; ; ; ; ; ; ; ; ; ; ; ; ; ; ; ; ; ; ; ; ; 
MEF;20180411;IT0004923998;20440901;-12000000;;0;285000; ;285000; ;285000; ;285000; ;285000; ;285000; ;285000; ;285000; ;285000; ;285000; ;285000; ;285000; ;285000; ;285000; ;285000; ;285000; ;285000; ;285000; ;285000; ;285000; ;285000; ;285000; ;285000; ;285000; ;285000; ;285000; ;285000; ;285000; ;285000; ;285000; ;285000; ;285000;285000;285000;285000;285000;12285000; ; ; ; ; ; ; ; ; ; ; ; ; ; ; ; ; ; ; ; ; ; ; ; ; ; ; ; ; ; ; ; ; ; ; ; ; ; ; ; ; ; ; ; ; ; 
MEF;20180420;IT0004889033;20280901;25000000;;0;-593750; ;-593750; ;-593750; ;-593750; ;-25593750; ; ; ; ; ; ; ; ; ; ; ; ; ; ; ; ; ; ; ; ; ; ; ; ; ; ; ; ; ; ; ; ; ; ; ; ; ; ; ; ; ; ; ; ; ; ; ; ; ; ; ; ; ; ; ; ; ; ; ; ; ; ; ; ; ; ; ; ; ; ; ; ; ; ; ; ; ; ; ; ; ; ; ; ; ; ; ; ; ; ; ; ; ; ; ; ; ; ; ; ; ; ; ; ; 
MEF;20180420;IT0005321325;20380901;-6000000;;0;88500; ;88500; ;88500; ;88500; ;88500; ;88500; ;88500; ;88500; ;88500; ;88500; ;88500; ;88500; ;88500; ;88500; ;88500; ;88500; ;88500; ;88500; ;88500; ;88500; ;88500; ;88500; ;88500; ;88500; ;6088500; ; ; ; ; ; ; ; ; ; ; ; ; ; ; ; ; ; ; ; ; ; ; ; ; ; ; ; ; ; ; ; ; ; ; ; ; ; ; ; ; ; ; ; ; ; ; ; ; ; ; ; ; ; ; ; ; ; ; ; ; ; ; ; ; 
MEF;20180426;IT0005321325;20380901;-7500000;;0;110625; ;110625; ;110625; ;110625; ;110625; ;110625; ;110625; ;110625; ;110625; ;110625; ;110625; ;110625; ;110625; ;110625; ;110625; ;110625; ;110625; ;110625; ;110625; ;110625; ;110625; ;110625; ;110625; ;110625; ;7610625; ; ; ; ; ; ; ; ; ; ; ; ; ; ; ; ; ; ; ; ; ; ; ; ; ; ; ; ; ; ; ; ; ; ; ; ; ; ; ; ; ; ; ; ; ; ; ; ; ; ; ; ; ; ; ; ; ; ; ; ; ; ; ; ; 
MEF;20180518;IT0004923998;20440901;9000000;;0;-213750; ;-213750; ;-213750; ;-213750; ;-213750; ;-213750; ;-213750; ;-213750; ;-213750; ;-213750; ;-213750; ;-213750; ;-213750; ;-213750; ;-213750; ;-213750; ;-213750; ;-213750; ;-213750; ;-213750; ;-213750; ;-213750; ;-213750; ;-213750; ;-213750; ;-213750; ;-213750; ;-213750; ;-213750; ;-213750; ;-213750; ;-213750;-213750;-213750;-213750;-213750;-9213750; ; ; ; ; ; ; ; ; ; ; ; ; ; ; ; ; ; ; ; ; ; ; ; ; ; ; ; ; ; ; ; ; ; ; ; ; ; ; ; ; ; ; ; ; ; 
MEF;20180521;IT0004923998;20440901;9000000;;0;-213750; ;-213750; ;-213750; ;-213750; ;-213750; ;-213750; ;-213750; ;-213750; ;-213750; ;-213750; ;-213750; ;-213750; ;-213750; ;-213750; ;-213750; ;-213750; ;-213750; ;-213750; ;-213750; ;-213750; ;-213750; ;-213750; ;-213750; ;-213750; ;-213750; ;-213750; ;-213750; ;-213750; ;-213750; ;-213750; ;-213750; ;-213750;-213750;-213750;-213750;-213750;-9213750; ; ; ; ; ; ; ; ; ; ; ; ; ; ; ; ; ; ; ; ; ; ; ; ; ; ; ; ; ; ; ; ; ; ; ; ; ; ; ; ; ; ; ; ; ; 
MEF;20180523;IT0004923998;20440901;1000000;;0;-23750; ;-23750; ;-23750; ;-23750; ;-23750; ;-23750; ;-23750; ;-23750; ;-23750; ;-23750; ;-23750; ;-23750; ;-23750; ;-23750; ;-23750; ;-23750; ;-23750; ;-23750; ;-23750; ;-23750; ;-23750; ;-23750; ;-23750; ;-23750; ;-23750; ;-23750; ;-23750; ;-23750; ;-23750; ;-23750; ;-23750; ;-23750;-23750;-23750;-23750;-23750;-1023750; ; ; ; ; ; ; ; ; ; ; ; ; ; ; ; ; ; ; ; ; ; ; ; ; ; ; ; ; ; ; ; ; ; ; ; ; ; ; ; ; ; ; ; ; ; 
MEF;20180524;IT0004923998;20440901;7000000;;0;-166250; ;-166250; ;-166250; ;-166250; ;-166250; ;-166250; ;-166250; ;-166250; ;-166250; ;-166250; ;-166250; ;-166250; ;-166250; ;-166250; ;-166250; ;-166250; ;-166250; ;-166250; ;-166250; ;-166250; ;-166250; ;-166250; ;-166250; ;-166250; ;-166250; ;-166250; ;-166250; ;-166250; ;-166250; ;-166250; ;-166250; ;-166250;-166250;-166250;-166250;-166250;-7166250; ; ; ; ; ; ; ; ; ; ; ; ; ; ; ; ; ; ; ; ; ; ; ; ; ; ; ; ; ; ; ; ; ; ; ; ; ; ; ; ; ; ; ; ; ; 
MEF;20180525;IT0004923998;20440901;9000000;;0;-213750; ;-213750; ;-213750; ;-213750; ;-213750; ;-213750; ;-213750; ;-213750; ;-213750; ;-213750; ;-213750; ;-213750; ;-213750; ;-213750; ;-213750; ;-213750; ;-213750; ;-213750; ;-213750; ;-213750; ;-213750; ;-213750; ;-213750; ;-213750; ;-213750; ;-213750; ;-213750; ;-213750; ;-213750; ;-213750; ;-213750; ;-213750;-213750;-213750;-213750;-213750;-9213750; ; ; ; ; ; ; ; ; ; ; ; ; ; ; ; ; ; ; ; ; ; ; ; ; ; ; ; ; ; ; ; ; ; ; ; ; ; ; ; ; ; ; ; ; ; 
MEF;20180604;IT0004923998;20440901;-16000000;;0;380000; ;380000; ;380000; ;380000; ;380000; ;380000; ;380000; ;380000; ;380000; ;380000; ;380000; ;380000; ;380000; ;380000; ;380000; ;380000; ;380000; ;380000; ;380000; ;380000; ;380000; ;380000; ;380000; ;380000; ;380000; ;380000; ;380000; ;380000; ;380000; ;380000; ;380000; ;380000;380000;380000;380000;380000;16380000; ; ; ; ; ; ; ; ; ; ; ; ; ; ; ; ; ; ; ; ; ; ; ; ; ; ; ; ; ; ; ; ; ; ; ; ; ; ; ; ; ; ; ; ; ; 
MEF;20180604;IT0004923998;20440901;9000000;;0;-213750; ;-213750; ;-213750; ;-213750; ;-213750; ;-213750; ;-213750; ;-213750; ;-213750; ;-213750; ;-213750; ;-213750; ;-213750; ;-213750; ;-213750; ;-213750; ;-213750; ;-213750; ;-213750; ;-213750; ;-213750; ;-213750; ;-213750; ;-213750; ;-213750; ;-213750; ;-213750; ;-213750; ;-213750; ;-213750; ;-213750; ;-213750;-213750;-213750;-213750;-213750;-9213750; ; ; ; ; ; ; ; ; ; ; ; ; ; ; ; ; ; ; ; ; ; ; ; ; ; ; ; ; ; ; ; ; ; ; ; ; ; ; ; ; ; ; ; ; ; 
MEF;20180612;IT0004889033;20280901;-13000000;;0;308750; ;308750; ;308750; ;308750; ;13308750; ; ; ; ; ; ; ; ; ; ; ; ; ; ; ; ; ; ; ; ; ; ; ; ; ; ; ; ; ; ; ; ; ; ; ; ; ; ; ; ; ; ; ; ; ; ; ; ; ; ; ; ; ; ; ; ; ; ; ; ; ; ; ; ; ; ; ; ; ; ; ; ; ; ; ; ; ; ; ; ; ; ; ; ; ; ; ; ; ; ; ; ; ; ; ; ; ; ; ; ; ; ; ; ; 
MEF;20180612;IT0004923998;20440901;1000000;;0;-23750; ;-23750; ;-23750; ;-23750; ;-23750; ;-23750; ;-23750; ;-23750; ;-23750; ;-23750; ;-23750; ;-23750; ;-23750; ;-23750; ;-23750; ;-23750; ;-23750; ;-23750; ;-23750; ;-23750; ;-23750; ;-23750; ;-23750; ;-23750; ;-23750; ;-23750; ;-23750; ;-23750; ;-23750; ;-23750; ;-23750; ;-23750;-23750;-23750;-23750;-23750;-1023750; ; ; ; ; ; ; ; ; ; ; ; ; ; ; ; ; ; ; ; ; ; ; ; ; ; ; ; ; ; ; ; ; ; ; ; ; ; ; ; ; ; ; ; ; ; 
MEF;20180612;IT0005217390;20670301;-10000000;;0;140000; ;140000; ;140000; ;140000; ;140000; ;140000; ;140000; ;140000; ;140000; ;140000; ;140000; ;140000; ;140000; ;140000; ;140000; ;140000; ;140000; ;140000; ;140000; ;140000; ;140000; ;140000; ;140000; ;140000; ;140000; ;140000; ;140000; ;140000; ;140000; ;140000; ;140000; ;140000;140000;140000;140000;140000;140000;140000;140000;140000;140000;140000;140000;140000;140000;140000;140000;140000;140000;140000;140000;140000;140000;140000;140000;140000;140000;140000;140000;140000;140000;140000;140000;140000;140000;140000;140000;140000;140000;140000;140000;140000;140000;140000;140000;140000;140000;140000;140000;140000;140000;10140000; 
MEF;20180615;IT0004923998;20440901;26000000;;0;-617500; ;-617500; ;-617500; ;-617500; ;-617500; ;-617500; ;-617500; ;-617500; ;-617500; ;-617500; ;-617500; ;-617500; ;-617500; ;-617500; ;-617500; ;-617500; ;-617500; ;-617500; ;-617500; ;-617500; ;-617500; ;-617500; ;-617500; ;-617500; ;-617500; ;-617500; ;-617500; ;-617500; ;-617500; ;-617500; ;-617500; ;-617500;-617500;-617500;-617500;-617500;-26617500; ; ; ; ; ; ; ; ; ; ; ; ; ; ; ; ; ; ; ; ; ; ; ; ; ; ; ; ; ; ; ; ; ; ; ; ; ; ; ; ; ; ; ; ; ; 
MEF;20180618;IT0004889033;20280901;-13000000;;0;308750; ;308750; ;308750; ;308750; ;13308750; ; ; ; ; ; ; ; ; ; ; ; ; ; ; ; ; ; ; ; ; ; ; ; ; ; ; ; ; ; ; ; ; ; ; ; ; ; ; ; ; ; ; ; ; ; ; ; ; ; ; ; ; ; ; ; ; ; ; ; ; ; ; ; ; ; ; ; ; ; ; ; ; ; ; ; ; ; ; ; ; ; ; ; ; ; ; ; ; ; ; ; ; ; ; ; ; ; ; ; ; ; ; ; ; 
MEF;20180619;IT0004889033;20280901;1900000;;0;-45125; ;-45125; ;-45125; ;-45125; ;-1945125; ; ; ; ; ; ; ; ; ; ; ; ; ; ; ; ; ; ; ; ; ; ; ; ; ; ; ; ; ; ; ; ; ; ; ; ; ; ; ; ; ; ; ; ; ; ; ; ; ; ; ; ; ; ; ; ; ; ; ; ; ; ; ; ; ; ; ; ; ; ; ; ; ; ; ; ; ; ; ; ; ; ; ; ; ; ; ; ; ; ; ; ; ; ; ; ; ; ; ; ; ; ; ; ; 
MEF;20180628;IT0005024234;20300301;-1000000;;0;17500; ;17500; ;17500; ;17500; ;17500; ;17500; ;17500; ;1017500; ; ; ; ; ; ; ; ; ; ; ; ; ; ; ; ; ; ; ; ; ; ; ; ; ; ; ; ; ; ; ; ; ; ; ; ; ; ; ; ; ; ; ; ; ; ; ; ; ; ; ; ; ; ; ; ; ; ; ; ; ; ; ; ; ; ; ; ; ; ; ; ; ; ; ; ; ; ; ; ; ; ; ; ; ; ; ; ; ; ; ; ; ; ; ; ; ; ; 
MEF;20180628;IT0005094088;20320301;-1000000;;0;8250; ;8250; ;8250; ;8250; ;8250; ;8250; ;8250; ;8250; ;8250; ;8250; ;8250; ;1008250; ; ; ; ; ; ; ; ; ; ; ; ; ; ; ; ; ; ; ; ; ; ; ; ; ; ; ; ; ; ; ; ; ; ; ; ; ; ; ; ; ; ; ; ; ; ; ; ; ; ; ; ; ; ; ; ; ; ; ; ; ; ; ; ; ; ; ; ; ; ; ; ; ; ; ; ; ; ; ; ; ; ; ; ; ; ; ; ; ; ; 
MEF;20180628;IT0005177909;20360901;-1000000;;0;11250; ;11250; ;11250; ;11250; ;11250; ;11250; ;11250; ;11250; ;11250; ;11250; ;11250; ;11250; ;11250; ;11250; ;11250; ;11250; ;11250; ;11250; ;11250; ;11250; ;1011250; ; ; ; ; ; ; ; ; ; ; ; ; ; ; ; ; ; ; ; ; ; ; ; ; ; ; ; ; ; ; ; ; ; ; ; ; ; ; ; ; ; ; ; ; ; ; ; ; ; ; ; ; ; ; ; ; ; ; ; ; ; ; ; ; ; ; ; ; ; ; ; ; 
MEF;20180628;IT0005240350;20330901;-1000000;;0;12250; ;12250; ;12250; ;12250; ;12250; ;12250; ;12250; ;12250; ;12250; ;12250; ;12250; ;12250; ;12250; ;12250; ;1012250; ; ; ; ; ; ; ; ; ; ; ; ; ; ; ; ; ; ; ; ; ; ; ; ; ; ; ; ; ; ; ; ; ; ; ; ; ; ; ; ; ; ; ; ; ; ; ; ; ; ; ; ; ; ; ; ; ; ; ; ; ; ; ; ; ; ; ; ; ; ; ; ; ; ; ; ; ; ; ; ; ; ; ; ; 
MEF;20180628;IT0005321325;20380901;-1000000;;0;14750; ;14750; ;14750; ;14750; ;14750; ;14750; ;14750; ;14750; ;14750; ;14750; ;14750; ;14750; ;14750; ;14750; ;14750; ;14750; ;14750; ;14750; ;14750; ;14750; ;14750; ;14750; ;14750; ;14750; ;1014750; ; ; ; ; ; ; ; ; ; ; ; ; ; ; ; ; ; ; ; ; ; ; ; ; ; ; ; ; ; ; ; ; ; ; ; ; ; ; ; ; ; ; ; ; ; ; ; ; ; ; ; ; ; ; ; ; ; ; ; ; ; ; ; ; 
MEF;20180906;IT0004923998;20440901;1000000;;0;-23750; ;-23750; ;-23750; ;-23750; ;-23750; ;-23750; ;-23750; ;-23750; ;-23750; ;-23750; ;-23750; ;-23750; ;-23750; ;-23750; ;-23750; ;-23750; ;-23750; ;-23750; ;-23750; ;-23750; ;-23750; ;-23750; ;-23750; ;-23750; ;-23750; ;-23750; ;-23750; ;-23750; ;-23750; ;-23750; ;-23750; ;-23750;-23750;-23750;-23750;-23750;-1023750; ; ; ; ; ; ; ; ; ; ; ; ; ; ; ; ; ; ; ; ; ; ; ; ; ; ; ; ; ; ; ; ; ; ; ; ; ; ; ; ; ; ; ; ; ; 
MEF;20180914;IT0005273013;20480301;-1600000;;0;27600; ;27600; ;27600; ;27600; ;27600; ;27600; ;27600; ;27600; ;27600; ;27600; ;27600; ;27600; ;27600; ;27600; ;27600; ;27600; ;27600; ;27600; ;27600; ;27600; ;27600; ;27600; ;27600; ;27600; ;27600; ;27600; ;27600; ;27600; ;27600; ;27600; ;27600; ;27600;27600;27600;27600;27600;27600;27600;27600;27600;27600;27600;27600;1627600; ; ; ; ; ; ; ; ; ; ; ; ; ; ; ; ; ; ; ; ; ; ; ; ; ; ; ; ; ; ; ; ; ; ; ; ; ; ; 
MEF;20181010;IT0004923998;20440901;29100000;;0;-691125; ;-691125; ;-691125; ;-691125; ;-691125; ;-691125; ;-691125; ;-691125; ;-691125; ;-691125; ;-691125; ;-691125; ;-691125; ;-691125; ;-691125; ;-691125; ;-691125; ;-691125; ;-691125; ;-691125; ;-691125; ;-691125; ;-691125; ;-691125; ;-691125; ;-691125; ;-691125; ;-691125; ;-691125; ;-691125; ;-691125; ;-691125;-691125;-691125;-691125;-691125;-29791125; ; ; ; ; ; ; ; ; ; ; ; ; ; ; ; ; ; ; ; ; ; ; ; ; ; ; ; ; ; ; ; ; ; ; ; ; ; ; ; ; ; ; ; ; ; 
MEF;20181010;IT0005321325;20380901;24000000;;0;-354000; ;-354000; ;-354000; ;-354000; ;-354000; ;-354000; ;-354000; ;-354000; ;-354000; ;-354000; ;-354000; ;-354000; ;-354000; ;-354000; ;-354000; ;-354000; ;-354000; ;-354000; ;-354000; ;-354000; ;-354000; ;-354000; ;-354000; ;-354000; ;-24354000; ; ; ; ; ; ; ; ; ; ; ; ; ; ; ; ; ; ; ; ; ; ; ; ; ; ; ; ; ; ; ; ; ; ; ; ; ; ; ; ; ; ; ; ; ; ; ; ; ; ; ; ; ; ; ; ; ; ; ; ; ; ; ; ; 
MEF;20181012;IT0005024234;20300301;-1000000;;0;17500; ;17500; ;17500; ;17500; ;17500; ;17500; ;17500; ;1017500; ; ; ; ; ; ; ; ; ; ; ; ; ; ; ; ; ; ; ; ; ; ; ; ; ; ; ; ; ; ; ; ; ; ; ; ; ; ; ; ; ; ; ; ; ; ; ; ; ; ; ; ; ; ; ; ; ; ; ; ; ; ; ; ; ; ; ; ; ; ; ; ; ; ; ; ; ; ; ; ; ; ; ; ; ; ; ; ; ; ; ; ; ; ; ; ; ; ; 
MEF;20181012;IT0005094088;20320301;-1000000;;0;8250; ;8250; ;8250; ;8250; ;8250; ;8250; ;8250; ;8250; ;8250; ;8250; ;8250; ;1008250; ; ; ; ; ; ; ; ; ; ; ; ; ; ; ; ; ; ; ; ; ; ; ; ; ; ; ; ; ; ; ; ; ; ; ; ; ; ; ; ; ; ; ; ; ; ; ; ; ; ; ; ; ; ; ; ; ; ; ; ; ; ; ; ; ; ; ; ; ; ; ; ; ; ; ; ; ; ; ; ; ; ; ; ; ; ; ; ; ; ; 
MEF;20181012;IT0005177909;20360901;-1000000;;0;11250; ;11250; ;11250; ;11250; ;11250; ;11250; ;11250; ;11250; ;11250; ;11250; ;11250; ;11250; ;11250; ;11250; ;11250; ;11250; ;11250; ;11250; ;11250; ;11250; ;1011250; ; ; ; ; ; ; ; ; ; ; ; ; ; ; ; ; ; ; ; ; ; ; ; ; ; ; ; ; ; ; ; ; ; ; ; ; ; ; ; ; ; ; ; ; ; ; ; ; ; ; ; ; ; ; ; ; ; ; ; ; ; ; ; ; ; ; ; ; ; ; ; ; 
MEF;20181012;IT0005240350;20330901;-1000000;;0;12250; ;12250; ;12250; ;12250; ;12250; ;12250; ;12250; ;12250; ;12250; ;12250; ;12250; ;12250; ;12250; ;12250; ;1012250; ; ; ; ; ; ; ; ; ; ; ; ; ; ; ; ; ; ; ; ; ; ; ; ; ; ; ; ; ; ; ; ; ; ; ; ; ; ; ; ; ; ; ; ; ; ; ; ; ; ; ; ; ; ; ; ; ; ; ; ; ; ; ; ; ; ; ; ; ; ; ; ; ; ; ; ; ; ; ; ; ; ; ; ; 
MEF;20181012;IT0005321325;20380901;-1000000;;0;14750; ;14750; ;14750; ;14750; ;14750; ;14750; ;14750; ;14750; ;14750; ;14750; ;14750; ;14750; ;14750; ;14750; ;14750; ;14750; ;14750; ;14750; ;14750; ;14750; ;14750; ;14750; ;14750; ;14750; ;1014750; ; ; ; ; ; ; ; ; ; ; ; ; ; ; ; ; ; ; ; ; ; ; ; ; ; ; ; ; ; ; ; ; ; ; ; ; ; ; ; ; ; ; ; ; ; ; ; ; ; ; ; ; ; ; ; ; ; ; ; ; ; ; ; ; 
MEF;20181015;IT0004923998;20440901;16600000;;0;-394250; ;-394250; ;-394250; ;-394250; ;-394250; ;-394250; ;-394250; ;-394250; ;-394250; ;-394250; ;-394250; ;-394250; ;-394250; ;-394250; ;-394250; ;-394250; ;-394250; ;-394250; ;-394250; ;-394250; ;-394250; ;-394250; ;-394250; ;-394250; ;-394250; ;-394250; ;-394250; ;-394250; ;-394250; ;-394250; ;-394250; ;-394250;-394250;-394250;-394250;-394250;-16994250; ; ; ; ; ; ; ; ; ; ; ; ; ; ; ; ; ; ; ; ; ; ; ; ; ; ; ; ; ; ; ; ; ; ; ; ; ; ; ; ; ; ; ; ; ; 
MEF;20181015;IT0005321325;20380901;17000000;;0;-250750; ;-250750; ;-250750; ;-250750; ;-250750; ;-250750; ;-250750; ;-250750; ;-250750; ;-250750; ;-250750; ;-250750; ;-250750; ;-250750; ;-250750; ;-250750; ;-250750; ;-250750; ;-250750; ;-250750; ;-250750; ;-250750; ;-250750; ;-250750; ;-17250750; ; ; ; ; ; ; ; ; ; ; ; ; ; ; ; ; ; ; ; ; ; ; ; ; ; ; ; ; ; ; ; ; ; ; ; ; ; ; ; ; ; ; ; ; ; ; ; ; ; ; ; ; ; ; ; ; ; ; ; ; ; ; ; ; 
MEF;20181019;IT0004889033;20280901;-1000000;;0;23750; ;23750; ;23750; ;23750; ;1023750; ; ; ; ; ; ; ; ; ; ; ; ; ; ; ; ; ; ; ; ; ; ; ; ; ; ; ; ; ; ; ; ; ; ; ; ; ; ; ; ; ; ; ; ; ; ; ; ; ; ; ; ; ; ; ; ; ; ; ; ; ; ; ; ; ; ; ; ; ; ; ; ; ; ; ; ; ; ; ; ; ; ; ; ; ; ; ; ; ; ; ; ; ; ; ; ; ; ; ; ; ; ; ; ; 
MEF;20181019;IT0005273013;20480301;-1000000;;0;17250; ;17250; ;17250; ;17250; ;17250; ;17250; ;17250; ;17250; ;17250; ;17250; ;17250; ;17250; ;17250; ;17250; ;17250; ;17250; ;17250; ;17250; ;17250; ;17250; ;17250; ;17250; ;17250; ;17250; ;17250; ;17250; ;17250; ;17250; ;17250; ;17250; ;17250; ;17250;17250;17250;17250;17250;17250;17250;17250;17250;17250;17250;17250;1017250; ; ; ; ; ; ; ; ; ; ; ; ; ; ; ; ; ; ; ; ; ; ; ; ; ; ; ; ; ; ; ; ; ; ; ; ; ; ; 
MEF;20181022;IT0004923998;20440901;-8500000;;0;201875; ;201875; ;201875; ;201875; ;201875; ;201875; ;201875; ;201875; ;201875; ;201875; ;201875; ;201875; ;201875; ;201875; ;201875; ;201875; ;201875; ;201875; ;201875; ;201875; ;201875; ;201875; ;201875; ;201875; ;201875; ;201875; ;201875; ;201875; ;201875; ;201875; ;201875; ;201875;201875;201875;201875;201875;8701875; ; ; ; ; ; ; ; ; ; ; ; ; ; ; ; ; ; ; ; ; ; ; ; ; ; ; ; ; ; ; ; ; ; ; ; ; ; ; ; ; ; ; ; ; ; 
MEF;20181030;IT0005321325;20380901;-18000000;;0;265500; ;265500; ;265500; ;265500; ;265500; ;265500; ;265500; ;265500; ;265500; ;265500; ;265500; ;265500; ;265500; ;265500; ;265500; ;265500; ;265500; ;265500; ;265500; ;265500; ;265500; ;265500; ;265500; ;265500; ;18265500; ; ; ; ; ; ; ; ; ; ; ; ; ; ; ; ; ; ; ; ; ; ; ; ; ; ; ; ; ; ; ; ; ; ; ; ; ; ; ; ; ; ; ; ; ; ; ; ; ; ; ; ; ; ; ; ; ; ; ; ; ; ; ; ; 
MEF;20181031;IT0004923998;20440901;1000000;;0;-23750; ;-23750; ;-23750; ;-23750; ;-23750; ;-23750; ;-23750; ;-23750; ;-23750; ;-23750; ;-23750; ;-23750; ;-23750; ;-23750; ;-23750; ;-23750; ;-23750; ;-23750; ;-23750; ;-23750; ;-23750; ;-23750; ;-23750; ;-23750; ;-23750; ;-23750; ;-23750; ;-23750; ;-23750; ;-23750; ;-23750; ;-23750;-23750;-23750;-23750;-23750;-1023750; ; ; ; ; ; ; ; ; ; ; ; ; ; ; ; ; ; ; ; ; ; ; ; ; ; ; ; ; ; ; ; ; ; ; ; ; ; ; ; ; ; ; ; ; ; 
MEF;20181119;IT0004889033;20280901;1000000;;0;-23750; ;-23750; ;-23750; ;-23750; ;-1023750; ; ; ; ; ; ; ; ; ; ; ; ; ; ; ; ; ; ; ; ; ; ; ; ; ; ; ; ; ; ; ; ; ; ; ; ; ; ; ; ; ; ; ; ; ; ; ; ; ; ; ; ; ; ; ; ; ; ; ; ; ; ; ; ; ; ; ; ; ; ; ; ; ; ; ; ; ; ; ; ; ; ; ; ; ; ; ; ; ; ; ; ; ; ; ; ; ; ; ; ; ; ; ; ; 
MEF;20181122;IT0004889033;20280901;9000000;;0;-213750; ;-213750; ;-213750; ;-213750; ;-9213750; ; ; ; ; ; ; ; ; ; ; ; ; ; ; ; ; ; ; ; ; ; ; ; ; ; ; ; ; ; ; ; ; ; ; ; ; ; ; ; ; ; ; ; ; ; ; ; ; ; ; ; ; ; ; ; ; ; ; ; ; ; ; ; ; ; ; ; ; ; ; ; ; ; ; ; ; ; ; ; ; ; ; ; ; ; ; ; ; ; ; ; ; ; ; ; ; ; ; ; ; ; ; ; ; 
MEF;20181123;IT0005177909;20360901;-3600000;;0;40500; ;40500; ;40500; ;40500; ;40500; ;40500; ;40500; ;40500; ;40500; ;40500; ;40500; ;40500; ;40500; ;40500; ;40500; ;40500; ;40500; ;40500; ;40500; ;40500; ;3640500; ; ; ; ; ; ; ; ; ; ; ; ; ; ; ; ; ; ; ; ; ; ; ; ; ; ; ; ; ; ; ; ; ; ; ; ; ; ; ; ; ; ; ; ; ; ; ; ; ; ; ; ; ; ; ; ; ; ; ; ; ; ; ; ; ; ; ; ; ; ; ; ; 
MEF;20181130;IT0005273013;20480301;2000000;;0;-34500; ;-34500; ;-34500; ;-34500; ;-34500; ;-34500; ;-34500; ;-34500; ;-34500; ;-34500; ;-34500; ;-34500; ;-34500; ;-34500; ;-34500; ;-34500; ;-34500; ;-34500; ;-34500; ;-34500; ;-34500; ;-34500; ;-34500; ;-34500; ;-34500; ;-34500; ;-34500; ;-34500; ;-34500; ;-34500; ;-34500; ;-34500;-34500;-34500;-34500;-34500;-34500;-34500;-34500;-34500;-34500;-34500;-34500;-2034500; ; ; ; ; ; ; ; ; ; ; ; ; ; ; ; ; ; ; ; ; ; ; ; ; ; ; ; ; ; ; ; ; ; ; ; ; ; ; 
MEF;20181218;IT0004889033;20280901;12400000;;0;-294500; ;-294500; ;-294500; ;-294500; ;-12694500; ; ; ; ; ; ; ; ; ; ; ; ; ; ; ; ; ; ; ; ; ; ; ; ; ; ; ; ; ; ; ; ; ; ; ; ; ; ; ; ; ; ; ; ; ; ; ; ; ; ; ; ; ; ; ; ; ; ; ; ; ; ; ; ; ; ; ; ; ; ; ; ; ; ; ; ; ; ; ; ; ; ; ; ; ; ; ; ; ; ; ; ; ; ; ; ; ; ; ; ; ; ; ; ; 
MEF;20181219;IT0005177909;20360901;1000000;;0;-11250; ;-11250; ;-11250; ;-11250; ;-11250; ;-11250; ;-11250; ;-11250; ;-11250; ;-11250; ;-11250; ;-11250; ;-11250; ;-11250; ;-11250; ;-11250; ;-11250; ;-11250; ;-11250; ;-11250; ;-1011250; ; ; ; ; ; ; ; ; ; ; ; ; ; ; ; ; ; ; ; ; ; ; ; ; ; ; ; ; ; ; ; ; ; ; ; ; ; ; ; ; ; ; ; ; ; ; ; ; ; ; ; ; ; ; ; ; ; ; ; ; ; ; ; ; ; ; ; ; ; ; ; ; 
MEF;20181219;IT0005240350;20330901;1000000;;0;-12250; ;-12250; ;-12250; ;-12250; ;-12250; ;-12250; ;-12250; ;-12250; ;-12250; ;-12250; ;-12250; ;-12250; ;-12250; ;-12250; ;-1012250; ; ; ; ; ; ; ; ; ; ; ; ; ; ; ; ; ; ; ; ; ; ; ; ; ; ; ; ; ; ; ; ; ; ; ; ; ; ; ; ; ; ; ; ; ; ; ; ; ; ; ; ; ; ; ; ; ; ; ; ; ; ; ; ; ; ; ; ; ; ; ; ; ; ; ; ; ; ; ; ; ; ; ; ; 
MEF;20181220;IT0004923998;20440901;-13000000;;0;308750; ;308750; ;308750; ;308750; ;308750; ;308750; ;308750; ;308750; ;308750; ;308750; ;308750; ;308750; ;308750; ;308750; ;308750; ;308750; ;308750; ;308750; ;308750; ;308750; ;308750; ;308750; ;308750; ;308750; ;308750; ;308750; ;308750; ;308750; ;308750; ;308750; ;308750; ;308750;308750;308750;308750;308750;13308750; ; ; ; ; ; ; ; ; ; ; ; ; ; ; ; ; ; ; ; ; ; ; ; ; ; ; ; ; ; ; ; ; ; ; ; ; ; ; ; ; ; ; ; ; ; 
MEF;20190205;IT0004923998;20440901;30800000;;0;-731500; ;-731500; ;-731500; ;-731500; ;-731500; ;-731500; ;-731500; ;-731500; ;-731500; ;-731500; ;-731500; ;-731500; ;-731500; ;-731500; ;-731500; ;-731500; ;-731500; ;-731500; ;-731500; ;-731500; ;-731500; ;-731500; ;-731500; ;-731500; ;-731500; ;-731500; ;-731500; ;-731500; ;-731500; ;-731500; ;-731500; ;-731500;-731500;-731500;-731500;-731500;-31531500; ; ; ; ; ; ; ; ; ; ; ; ; ; ; ; ; ; ; ; ; ; ; ; ; ; ; ; ; ; ; ; ; ; ; ; ; ; ; ; ; ; ; ; ; ; 
MEF;20190207;IT0005094088;20320301;1000000;;0;-8250; ;-8250; ;-8250; ;-8250; ;-8250; ;-8250; ;-8250; ;-8250; ;-8250; ;-8250; ;-8250; ;-1008250; ; ; ; ; ; ; ; ; ; ; ; ; ; ; ; ; ; ; ; ; ; ; ; ; ; ; ; ; ; ; ; ; ; ; ; ; ; ; ; ; ; ; ; ; ; ; ; ; ; ; ; ; ; ; ; ; ; ; ; ; ; ; ; ; ; ; ; ; ; ; ; ; ; ; ; ; ; ; ; ; ; ; ; ; ; ; ; ; ; ; 
MEF;20190208;IT0004923998;20440901;20000000;;0;-475000; ;-475000; ;-475000; ;-475000; ;-475000; ;-475000; ;-475000; ;-475000; ;-475000; ;-475000; ;-475000; ;-475000; ;-475000; ;-475000; ;-475000; ;-475000; ;-475000; ;-475000; ;-475000; ;-475000; ;-475000; ;-475000; ;-475000; ;-475000; ;-475000; ;-475000; ;-475000; ;-475000; ;-475000; ;-475000; ;-475000; ;-475000;-475000;-475000;-475000;-475000;-20475000; ; ; ; ; ; ; ; ; ; ; ; ; ; ; ; ; ; ; ; ; ; ; ; ; ; ; ; ; ; ; ; ; ; ; ; ; ; ; ; ; ; ; ; ; ; 
MEF;20190208;IT0005177909;20360901;9000000;;0;-101250; ;-101250; ;-101250; ;-101250; ;-101250; ;-101250; ;-101250; ;-101250; ;-101250; ;-101250; ;-101250; ;-101250; ;-101250; ;-101250; ;-101250; ;-101250; ;-101250; ;-101250; ;-101250; ;-101250; ;-9101250; ; ; ; ; ; ; ; ; ; ; ; ; ; ; ; ; ; ; ; ; ; ; ; ; ; ; ; ; ; ; ; ; ; ; ; ; ; ; ; ; ; ; ; ; ; ; ; ; ; ; ; ; ; ; ; ; ; ; ; ; ; ; ; ; ; ; ; ; ; ; ; ; 
MEF;20190211;IT0004923998;20440901;1000000;;0;-23750; ;-23750; ;-23750; ;-23750; ;-23750; ;-23750; ;-23750; ;-23750; ;-23750; ;-23750; ;-23750; ;-23750; ;-23750; ;-23750; ;-23750; ;-23750; ;-23750; ;-23750; ;-23750; ;-23750; ;-23750; ;-23750; ;-23750; ;-23750; ;-23750; ;-23750; ;-23750; ;-23750; ;-23750; ;-23750; ;-23750; ;-23750;-23750;-23750;-23750;-23750;-1023750; ; ; ; ; ; ; ; ; ; ; ; ; ; ; ; ; ; ; ; ; ; ; ; ; ; ; ; ; ; ; ; ; ; ; ; ; ; ; ; ; ; ; ; ; ; 
MEF;20190211;IT0004923998;20440901;23000000;;0;-546250; ;-546250; ;-546250; ;-546250; ;-546250; ;-546250; ;-546250; ;-546250; ;-546250; ;-546250; ;-546250; ;-546250; ;-546250; ;-546250; ;-546250; ;-546250; ;-546250; ;-546250; ;-546250; ;-546250; ;-546250; ;-546250; ;-546250; ;-546250; ;-546250; ;-546250; ;-546250; ;-546250; ;-546250; ;-546250; ;-546250; ;-546250;-546250;-546250;-546250;-546250;-23546250; ; ; ; ; ; ; ; ; ; ; ; ; ; ; ; ; ; ; ; ; ; ; ; ; ; ; ; ; ; ; ; ; ; ; ; ; ; ; ; ; ; ; ; ; ; 
MEF;20190214;IT0005162828;20470301;1000000;;0;-13500; ;-13500; ;-13500; ;-13500; ;-13500; ;-13500; ;-13500; ;-13500; ;-13500; ;-13500; ;-13500; ;-13500; ;-13500; ;-13500; ;-13500; ;-13500; ;-13500; ;-13500; ;-13500; ;-13500; ;-13500; ;-13500; ;-13500; ;-13500; ;-13500; ;-13500; ;-13500; ;-13500; ;-13500; ;-13500; ;-13500; ;-13500;-13500;-13500;-13500;-13500;-13500;-13500;-13500;-13500;-13500;-1013500; ; ; ; ; ; ; ; ; ; ; ; ; ; ; ; ; ; ; ; ; ; ; ; ; ; ; ; ; ; ; ; ; ; ; ; ; ; ; ; ; 
MEF;20190215;IT0005177909;20360901;-24200000;;0;272250; ;272250; ;272250; ;272250; ;272250; ;272250; ;272250; ;272250; ;272250; ;272250; ;272250; ;272250; ;272250; ;272250; ;272250; ;272250; ;272250; ;272250; ;272250; ;272250; ;24472250; ; ; ; ; ; ; ; ; ; ; ; ; ; ; ; ; ; ; ; ; ; ; ; ; ; ; ; ; ; ; ; ; ; ; ; ; ; ; ; ; ; ; ; ; ; ; ; ; ; ; ; ; ; ; ; ; ; ; ; ; ; ; ; ; ; ; ; ; ; ; ; ; 
MEF;20190215;IT0005321325;20380901;-1100000;;0;16225; ;16225; ;16225; ;16225; ;16225; ;16225; ;16225; ;16225; ;16225; ;16225; ;16225; ;16225; ;16225; ;16225; ;16225; ;16225; ;16225; ;16225; ;16225; ;16225; ;16225; ;16225; ;16225; ;16225; ;1116225; ; ; ; ; ; ; ; ; ; ; ; ; ; ; ; ; ; ; ; ; ; ; ; ; ; ; ; ; ; ; ; ; ; ; ; ; ; ; ; ; ; ; ; ; ; ; ; ; ; ; ; ; ; ; ; ; ; ; ; ; ; ; ; ; 
MEF;20190219;IT0004923998;20440901;-20000000;;0;475000; ;475000; ;475000; ;475000; ;475000; ;475000; ;475000; ;475000; ;475000; ;475000; ;475000; ;475000; ;475000; ;475000; ;475000; ;475000; ;475000; ;475000; ;475000; ;475000; ;475000; ;475000; ;475000; ;475000; ;475000; ;475000; ;475000; ;475000; ;475000; ;475000; ;475000; ;475000;475000;475000;475000;475000;20475000; ; ; ; ; ; ; ; ; ; ; ; ; ; ; ; ; ; ; ; ; ; ; ; ; ; ; ; ; ; ; ; ; ; ; ; ; ; ; ; ; ; ; ; ; ; 
MEF;20190304;IT0004923998;20440901;11000000;;0;-261250; ;-261250; ;-261250; ;-261250; ;-261250; ;-261250; ;-261250; ;-261250; ;-261250; ;-261250; ;-261250; ;-261250; ;-261250; ;-261250; ;-261250; ;-261250; ;-261250; ;-261250; ;-261250; ;-261250; ;-261250; ;-261250; ;-261250; ;-261250; ;-261250; ;-261250; ;-261250; ;-261250; ;-261250; ;-261250; ;-261250; ;-261250;-261250;-261250;-261250;-261250;-11261250; ; ; ; ; ; ; ; ; ; ; ; ; ; ; ; ; ; ; ; ; ; ; ; ; ; ; ; ; ; ; ; ; ; ; ; ; ; ; ; ; ; ; ; ; ; 
MEF;20190308;IT0004923998;20440901;1000000;;0;-23750; ;-23750; ;-23750; ;-23750; ;-23750; ;-23750; ;-23750; ;-23750; ;-23750; ;-23750; ;-23750; ;-23750; ;-23750; ;-23750; ;-23750; ;-23750; ;-23750; ;-23750; ;-23750; ;-23750; ;-23750; ;-23750; ;-23750; ;-23750; ;-23750; ;-23750; ;-23750; ;-23750; ;-23750; ;-23750; ;-23750; ;-23750;-23750;-23750;-23750;-23750;-1023750; ; ; ; ; ; ; ; ; ; ; ; ; ; ; ; ; ; ; ; ; ; ; ; ; ; ; ; ; ; ; ; ; ; ; ; ; ; ; ; ; ; ; ; ; ; 
MEF;20190308;IT0004923998;20440901;22000000;;0;-522500; ;-522500; ;-522500; ;-522500; ;-522500; ;-522500; ;-522500; ;-522500; ;-522500; ;-522500; ;-522500; ;-522500; ;-522500; ;-522500; ;-522500; ;-522500; ;-522500; ;-522500; ;-522500; ;-522500; ;-522500; ;-522500; ;-522500; ;-522500; ;-522500; ;-522500; ;-522500; ;-522500; ;-522500; ;-522500; ;-522500; ;-522500;-522500;-522500;-522500;-522500;-22522500; ; ; ; ; ; ; ; ; ; ; ; ; ; ; ; ; ; ; ; ; ; ; ; ; ; ; ; ; ; ; ; ; ; ; ; ; ; ; ; ; ; ; ; ; ; 
MEF;20190312;IT0004889033;20280901;-2000000;;0;47500; ;47500; ;47500; ;47500; ;2047500; ; ; ; ; ; ; ; ; ; ; ; ; ; ; ; ; ; ; ; ; ; ; ; ; ; ; ; ; ; ; ; ; ; ; ; ; ; ; ; ; ; ; ; ; ; ; ; ; ; ; ; ; ; ; ; ; ; ; ; ; ; ; ; ; ; ; ; ; ; ; ; ; ; ; ; ; ; ; ; ; ; ; ; ; ; ; ; ; ; ; ; ; ; ; ; ; ; ; ; ; ; ; ; ; 
MEF;20190312;IT0005024234;20300301;-2000000;;0;35000; ;35000; ;35000; ;35000; ;35000; ;35000; ;35000; ;2035000; ; ; ; ; ; ; ; ; ; ; ; ; ; ; ; ; ; ; ; ; ; ; ; ; ; ; ; ; ; ; ; ; ; ; ; ; ; ; ; ; ; ; ; ; ; ; ; ; ; ; ; ; ; ; ; ; ; ; ; ; ; ; ; ; ; ; ; ; ; ; ; ; ; ; ; ; ; ; ; ; ; ; ; ; ; ; ; ; ; ; ; ; ; ; ; ; ; ; 
MEF;20190312;IT0005094088;20320301;-2000000;;0;16500; ;16500; ;16500; ;16500; ;16500; ;16500; ;16500; ;16500; ;16500; ;16500; ;16500; ;2016500; ; ; ; ; ; ; ; ; ; ; ; ; ; ; ; ; ; ; ; ; ; ; ; ; ; ; ; ; ; ; ; ; ; ; ; ; ; ; ; ; ; ; ; ; ; ; ; ; ; ; ; ; ; ; ; ; ; ; ; ; ; ; ; ; ; ; ; ; ; ; ; ; ; ; ; ; ; ; ; ; ; ; ; ; ; ; ; ; ; ; 
MEF;20190312;IT0005177909;20360901;-1000000;;0;11250; ;11250; ;11250; ;11250; ;11250; ;11250; ;11250; ;11250; ;11250; ;11250; ;11250; ;11250; ;11250; ;11250; ;11250; ;11250; ;11250; ;11250; ;11250; ;11250; ;1011250; ; ; ; ; ; ; ; ; ; ; ; ; ; ; ; ; ; ; ; ; ; ; ; ; ; ; ; ; ; ; ; ; ; ; ; ; ; ; ; ; ; ; ; ; ; ; ; ; ; ; ; ; ; ; ; ; ; ; ; ; ; ; ; ; ; ; ; ; ; ; ; ; 
MEF;20190312;IT0005240350;20330901;-2000000;;0;24500; ;24500; ;24500; ;24500; ;24500; ;24500; ;24500; ;24500; ;24500; ;24500; ;24500; ;24500; ;24500; ;24500; ;2024500; ; ; ; ; ; ; ; ; ; ; ; ; ; ; ; ; ; ; ; ; ; ; ; ; ; ; ; ; ; ; ; ; ; ; ; ; ; ; ; ; ; ; ; ; ; ; ; ; ; ; ; ; ; ; ; ; ; ; ; ; ; ; ; ; ; ; ; ; ; ; ; ; ; ; ; ; ; ; ; ; ; ; ; ; 
MEF;20190312;IT0005321325;20380901;-2000000;;0;29500; ;29500; ;29500; ;29500; ;29500; ;29500; ;29500; ;29500; ;29500; ;29500; ;29500; ;29500; ;29500; ;29500; ;29500; ;29500; ;29500; ;29500; ;29500; ;29500; ;29500; ;29500; ;29500; ;29500; ;2029500; ; ; ; ; ; ; ; ; ; ; ; ; ; ; ; ; ; ; ; ; ; ; ; ; ; ; ; ; ; ; ; ; ; ; ; ; ; ; ; ; ; ; ; ; ; ; ; ; ; ; ; ; ; ; ; ; ; ; ; ; ; ; ; ; 
MEF;20190313;IT0005321325;20380901;13800000;;0;-203550; ;-203550; ;-203550; ;-203550; ;-203550; ;-203550; ;-203550; ;-203550; ;-203550; ;-203550; ;-203550; ;-203550; ;-203550; ;-203550; ;-203550; ;-203550; ;-203550; ;-203550; ;-203550; ;-203550; ;-203550; ;-203550; ;-203550; ;-203550; ;-14003550; ; ; ; ; ; ; ; ; ; ; ; ; ; ; ; ; ; ; ; ; ; ; ; ; ; ; ; ; ; ; ; ; ; ; ; ; ; ; ; ; ; ; ; ; ; ; ; ; ; ; ; ; ; ; ; ; ; ; ; ; ; ; ; ; 
MEF;20190322;IT0005024234;20300301;-1000000;;0;17500; ;17500; ;17500; ;17500; ;17500; ;17500; ;17500; ;1017500; ; ; ; ; ; ; ; ; ; ; ; ; ; ; ; ; ; ; ; ; ; ; ; ; ; ; ; ; ; ; ; ; ; ; ; ; ; ; ; ; ; ; ; ; ; ; ; ; ; ; ; ; ; ; ; ; ; ; ; ; ; ; ; ; ; ; ; ; ; ; ; ; ; ; ; ; ; ; ; ; ; ; ; ; ; ; ; ; ; ; ; ; ; ; ; ; ; ; 
MEF;20190322;IT0005094088;20320301;-1000000;;0;8250; ;8250; ;8250; ;8250; ;8250; ;8250; ;8250; ;8250; ;8250; ;8250; ;8250; ;1008250; ; ; ; ; ; ; ; ; ; ; ; ; ; ; ; ; ; ; ; ; ; ; ; ; ; ; ; ; ; ; ; ; ; ; ; ; ; ; ; ; ; ; ; ; ; ; ; ; ; ; ; ; ; ; ; ; ; ; ; ; ; ; ; ; ; ; ; ; ; ; ; ; ; ; ; ; ; ; ; ; ; ; ; ; ; ; ; ; ; ; 
MEF;20190322;IT0005162828;20470301;-1000000;;0;13500; ;13500; ;13500; ;13500; ;13500; ;13500; ;13500; ;13500; ;13500; ;13500; ;13500; ;13500; ;13500; ;13500; ;13500; ;13500; ;13500; ;13500; ;13500; ;13500; ;13500; ;13500; ;13500; ;13500; ;13500; ;13500; ;13500; ;13500; ;13500; ;13500; ;13500; ;13500;13500;13500;13500;13500;13500;13500;13500;13500;13500;1013500; ; ; ; ; ; ; ; ; ; ; ; ; ; ; ; ; ; ; ; ; ; ; ; ; ; ; ; ; ; ; ; ; ; ; ; ; ; ; ; ; 
MEF;20190322;IT0005240350;20330901;-1000000;;0;12250; ;12250; ;12250; ;12250; ;12250; ;12250; ;12250; ;12250; ;12250; ;12250; ;12250; ;12250; ;12250; ;12250; ;1012250; ; ; ; ; ; ; ; ; ; ; ; ; ; ; ; ; ; ; ; ; ; ; ; ; ; ; ; ; ; ; ; ; ; ; ; ; ; ; ; ; ; ; ; ; ; ; ; ; ; ; ; ; ; ; ; ; ; ; ; ; ; ; ; ; ; ; ; ; ; ; ; ; ; ; ; ; ; ; ; ; ; ; ; ; 
MEF;20190405;IT0004923998;20440901;30000000;;0;-712500; ;-712500; ;-712500; ;-712500; ;-712500; ;-712500; ;-712500; ;-712500; ;-712500; ;-712500; ;-712500; ;-712500; ;-712500; ;-712500; ;-712500; ;-712500; ;-712500; ;-712500; ;-712500; ;-712500; ;-712500; ;-712500; ;-712500; ;-712500; ;-712500; ;-712500; ;-712500; ;-712500; ;-712500; ;-712500; ;-712500; ;-712500;-712500;-712500;-712500;-712500;-30712500; ; ; ; ; ; ; ; ; ; ; ; ; ; ; ; ; ; ; ; ; ; ; ; ; ; ; ; ; ; ; ; ; ; ; ; ; ; ; ; ; ; ; ; ; ; 
MEF;20190426;IT0005358806;20350301;-9000000;;0;150750; ;150750; ;150750; ;150750; ;150750; ;150750; ;150750; ;150750; ;150750; ;150750; ;150750; ;150750; ;150750; ;150750; ;150750; ;150750; ;150750; ;9150750; ; ; ; ; ; ; ; ; ; ; ; ; ; ; ; ; ; ; ; ; ; ; ; ; ; ; ; ; ; ; ; ; ; ; ; ; ; ; ; ; ; ; ; ; ; ; ; ; ; ; ; ; ; ; ; ; ; ; ; ; ; ; ; ; ; ; ; ; ; ; ; ; ; ; ; ; ; ; 
MEF;20190507;IT0004889033;20280901;-11000000;;0;261250; ;261250; ;261250; ;261250; ;11261250; ; ; ; ; ; ; ; ; ; ; ; ; ; ; ; ; ; ; ; ; ; ; ; ; ; ; ; ; ; ; ; ; ; ; ; ; ; ; ; ; ; ; ; ; ; ; ; ; ; ; ; ; ; ; ; ; ; ; ; ; ; ; ; ; ; ; ; ; ; ; ; ; ; ; ; ; ; ; ; ; ; ; ; ; ; ; ; ; ; ; ; ; ; ; ; ; ; ; ; ; ; ; ; ; 
MEF;20190507;IT0004889033;20280901;-12000000;;0;285000; ;285000; ;285000; ;285000; ;12285000; ; ; ; ; ; ; ; ; ; ; ; ; ; ; ; ; ; ; ; ; ; ; ; ; ; ; ; ; ; ; ; ; ; ; ; ; ; ; ; ; ; ; ; ; ; ; ; ; ; ; ; ; ; ; ; ; ; ; ; ; ; ; ; ; ; ; ; ; ; ; ; ; ; ; ; ; ; ; ; ; ; ; ; ; ; ; ; ; ; ; ; ; ; ; ; ; ; ; ; ; ; ; ; ; 
MEF;20190515;IT0004889033;20280901;-1000000;;0;23750; ;23750; ;23750; ;23750; ;1023750; ; ; ; ; ; ; ; ; ; ; ; ; ; ; ; ; ; ; ; ; ; ; ; ; ; ; ; ; ; ; ; ; ; ; ; ; ; ; ; ; ; ; ; ; ; ; ; ; ; ; ; ; ; ; ; ; ; ; ; ; ; ; ; ; ; ; ; ; ; ; ; ; ; ; ; ; ; ; ; ; ; ; ; ; ; ; ; ; ; ; ; ; ; ; ; ; ; ; ; ; ; ; ; ; 
MEF;20190515;IT0005094088;20320301;-1000000;;0;8250; ;8250; ;8250; ;8250; ;8250; ;8250; ;8250; ;8250; ;8250; ;8250; ;8250; ;1008250; ; ; ; ; ; ; ; ; ; ; ; ; ; ; ; ; ; ; ; ; ; ; ; ; ; ; ; ; ; ; ; ; ; ; ; ; ; ; ; ; ; ; ; ; ; ; ; ; ; ; ; ; ; ; ; ; ; ; ; ; ; ; ; ; ; ; ; ; ; ; ; ; ; ; ; ; ; ; ; ; ; ; ; ; ; ; ; ; ; ; 
MEF;20190515;IT0005177909;20360901;-1000000;;0;11250; ;11250; ;11250; ;11250; ;11250; ;11250; ;11250; ;11250; ;11250; ;11250; ;11250; ;11250; ;11250; ;11250; ;11250; ;11250; ;11250; ;11250; ;11250; ;11250; ;1011250; ; ; ; ; ; ; ; ; ; ; ; ; ; ; ; ; ; ; ; ; ; ; ; ; ; ; ; ; ; ; ; ; ; ; ; ; ; ; ; ; ; ; ; ; ; ; ; ; ; ; ; ; ; ; ; ; ; ; ; ; ; ; ; ; ; ; ; ; ; ; ; ; 
MEF;20190515;IT0005240350;20330901;-1000000;;0;12250; ;12250; ;12250; ;12250; ;12250; ;12250; ;12250; ;12250; ;12250; ;12250; ;12250; ;12250; ;12250; ;12250; ;1012250; ; ; ; ; ; ; ; ; ; ; ; ; ; ; ; ; ; ; ; ; ; ; ; ; ; ; ; ; ; ; ; ; ; ; ; ; ; ; ; ; ; ; ; ; ; ; ; ; ; ; ; ; ; ; ; ; ; ; ; ; ; ; ; ; ; ; ; ; ; ; ; ; ; ; ; ; ; ; ; ; ; ; ; ; 
MEF;20190515;IT0005321325;20380901;-1000000;;0;14750; ;14750; ;14750; ;14750; ;14750; ;14750; ;14750; ;14750; ;14750; ;14750; ;14750; ;14750; ;14750; ;14750; ;14750; ;14750; ;14750; ;14750; ;14750; ;14750; ;14750; ;14750; ;14750; ;14750; ;1014750; ; ; ; ; ; ; ; ; ; ; ; ; ; ; ; ; ; ; ; ; ; ; ; ; ; ; ; ; ; ; ; ; ; ; ; ; ; ; ; ; ; ; ; ; ; ; ; ; ; ; ; ; ; ; ; ; ; ; ; ; ; ; ; ; 
MEF;20190516;IT0005358806;20350301;2000000;;0;-33500; ;-33500; ;-33500; ;-33500; ;-33500; ;-33500; ;-33500; ;-33500; ;-33500; ;-33500; ;-33500; ;-33500; ;-33500; ;-33500; ;-33500; ;-33500; ;-33500; ;-2033500; ; ; ; ; ; ; ; ; ; ; ; ; ; ; ; ; ; ; ; ; ; ; ; ; ; ; ; ; ; ; ; ; ; ; ; ; ; ; ; ; ; ; ; ; ; ; ; ; ; ; ; ; ; ; ; ; ; ; ; ; ; ; ; ; ; ; ; ; ; ; ; ; ; ; ; ; ; ; 
MEF;20190517;IT0004923998;20440901;23600000;;0;-560500; ;-560500; ;-560500; ;-560500; ;-560500; ;-560500; ;-560500; ;-560500; ;-560500; ;-560500; ;-560500; ;-560500; ;-560500; ;-560500; ;-560500; ;-560500; ;-560500; ;-560500; ;-560500; ;-560500; ;-560500; ;-560500; ;-560500; ;-560500; ;-560500; ;-560500; ;-560500; ;-560500; ;-560500; ;-560500; ;-560500; ;-560500;-560500;-560500;-560500;-560500;-24160500; ; ; ; ; ; ; ; ; ; ; ; ; ; ; ; ; ; ; ; ; ; ; ; ; ; ; ; ; ; ; ; ; ; ; ; ; ; ; ; ; ; ; ; ; ; 
MEF;20190517;IT0005083057;20460901;2000000;;0;-32500; ;-32500; ;-32500; ;-32500; ;-32500; ;-32500; ;-32500; ;-32500; ;-32500; ;-32500; ;-32500; ;-32500; ;-32500; ;-32500; ;-32500; ;-32500; ;-32500; ;-32500; ;-32500; ;-32500; ;-32500; ;-32500; ;-32500; ;-32500; ;-32500; ;-32500; ;-32500; ;-32500; ;-32500; ;-32500; ;-32500; ;-32500;-32500;-32500;-32500;-32500;-32500;-32500;-32500;-32500;-2032500; ; ; ; ; ; ; ; ; ; ; ; ; ; ; ; ; ; ; ; ; ; ; ; ; ; ; ; ; ; ; ; ; ; ; ; ; ; ; ; ; ; 
MEF;20190521;IT0005162828;20470301;1000000;;0;-13500; ;-13500; ;-13500; ;-13500; ;-13500; ;-13500; ;-13500; ;-13500; ;-13500; ;-13500; ;-13500; ;-13500; ;-13500; ;-13500; ;-13500; ;-13500; ;-13500; ;-13500; ;-13500; ;-13500; ;-13500; ;-13500; ;-13500; ;-13500; ;-13500; ;-13500; ;-13500; ;-13500; ;-13500; ;-13500; ;-13500; ;-13500;-13500;-13500;-13500;-13500;-13500;-13500;-13500;-13500;-13500;-1013500; ; ; ; ; ; ; ; ; ; ; ; ; ; ; ; ; ; ; ; ; ; ; ; ; ; ; ; ; ; ; ; ; ; ; ; ; ; ; ; ; 
MEF;20190524;IT0004889033;20280901;-1100000;;0;26125; ;26125; ;26125; ;26125; ;1126125; ; ; ; ; ; ; ; ; ; ; ; ; ; ; ; ; ; ; ; ; ; ; ; ; ; ; ; ; ; ; ; ; ; ; ; ; ; ; ; ; ; ; ; ; ; ; ; ; ; ; ; ; ; ; ; ; ; ; ; ; ; ; ; ; ; ; ; ; ; ; ; ; ; ; ; ; ; ; ; ; ; ; ; ; ; ; ; ; ; ; ; ; ; ; ; ; ; ; ; ; ; ; ; ; 
MEF;20190524;IT0005358806;20350301;-1100000;;0;18425; ;18425; ;18425; ;18425; ;18425; ;18425; ;18425; ;18425; ;18425; ;18425; ;18425; ;18425; ;18425; ;18425; ;18425; ;18425; ;18425; ;1118425; ; ; ; ; ; ; ; ; ; ; ; ; ; ; ; ; ; ; ; ; ; ; ; ; ; ; ; ; ; ; ; ; ; ; ; ; ; ; ; ; ; ; ; ; ; ; ; ; ; ; ; ; ; ; ; ; ; ; ; ; ; ; ; ; ; ; ; ; ; ; ; ; ; ; ; ; ; ; 
MEF;20190524;IT0005363111;20490901;-1400000;;0;26950; ;26950; ;26950; ;26950; ;26950; ;26950; ;26950; ;26950; ;26950; ;26950; ;26950; ;26950; ;26950; ;26950; ;26950; ;26950; ;26950; ;26950; ;26950; ;26950; ;26950; ;26950; ;26950; ;26950; ;26950; ;26950; ;26950; ;26950; ;26950; ;26950; ;26950; ;26950;26950;26950;26950;26950;26950;26950;26950;26950;26950;26950;26950;26950;26950;26950;1426950; ; ; ; ; ; ; ; ; ; ; ; ; ; ; ; ; ; ; ; ; ; ; ; ; ; ; ; ; ; ; ; ; ; ; ; 
MEF;20190613;IT0005363111;20490901;5000000;;0;-96250; ;-96250; ;-96250; ;-96250; ;-96250; ;-96250; ;-96250; ;-96250; ;-96250; ;-96250; ;-96250; ;-96250; ;-96250; ;-96250; ;-96250; ;-96250; ;-96250; ;-96250; ;-96250; ;-96250; ;-96250; ;-96250; ;-96250; ;-96250; ;-96250; ;-96250; ;-96250; ;-96250; ;-96250; ;-96250; ;-96250; ;-96250;-96250;-96250;-96250;-96250;-96250;-96250;-96250;-96250;-96250;-96250;-96250;-96250;-96250;-96250;-5096250; ; ; ; ; ; ; ; ; ; ; ; ; ; ; ; ; ; ; ; ; ; ; ; ; ; ; ; ; ; ; ; ; ; ; ; 
MEF;20190619;IT0005363111;20490901;-5000000;;0;96250; ;96250; ;96250; ;96250; ;96250; ;96250; ;96250; ;96250; ;96250; ;96250; ;96250; ;96250; ;96250; ;96250; ;96250; ;96250; ;96250; ;96250; ;96250; ;96250; ;96250; ;96250; ;96250; ;96250; ;96250; ;96250; ;96250; ;96250; ;96250; ;96250; ;96250; ;96250;96250;96250;96250;96250;96250;96250;96250;96250;96250;96250;96250;96250;96250;96250;5096250; ; ; ; ; ; ; ; ; ; ; ; ; ; ; ; ; ; ; ; ; ; ; ; ; ; ; ; ; ; ; ; ; ; ; ; 
MEF;20190621;IT0004923998;20440901;39000000;;0;-926250; ;-926250; ;-926250; ;-926250; ;-926250; ;-926250; ;-926250; ;-926250; ;-926250; ;-926250; ;-926250; ;-926250; ;-926250; ;-926250; ;-926250; ;-926250; ;-926250; ;-926250; ;-926250; ;-926250; ;-926250; ;-926250; ;-926250; ;-926250; ;-926250; ;-926250; ;-926250; ;-926250; ;-926250; ;-926250; ;-926250; ;-926250;-926250;-926250;-926250;-926250;-39926250; ; ; ; ; ; ; ; ; ; ; ; ; ; ; ; ; ; ; ; ; ; ; ; ; ; ; ; ; ; ; ; ; ; ; ; ; ; ; ; ; ; ; ; ; ; 
MEF;20190624;IT0005363111;20490901;2000000;;0;-38500; ;-38500; ;-38500; ;-38500; ;-38500; ;-38500; ;-38500; ;-38500; ;-38500; ;-38500; ;-38500; ;-38500; ;-38500; ;-38500; ;-38500; ;-38500; ;-38500; ;-38500; ;-38500; ;-38500; ;-38500; ;-38500; ;-38500; ;-38500; ;-38500; ;-38500; ;-38500; ;-38500; ;-38500; ;-38500; ;-38500; ;-38500;-38500;-38500;-38500;-38500;-38500;-38500;-38500;-38500;-38500;-38500;-38500;-38500;-38500;-38500;-2038500; ; ; ; ; ; ; ; ; ; ; ; ; ; ; ; ; ; ; ; ; ; ; ; ; ; ; ; ; ; ; ; ; ; ; ; 
MEF;20190624;IT0005363111;20490901;23000000;;0;-442750; ;-442750; ;-442750; ;-442750; ;-442750; ;-442750; ;-442750; ;-442750; ;-442750; ;-442750; ;-442750; ;-442750; ;-442750; ;-442750; ;-442750; ;-442750; ;-442750; ;-442750; ;-442750; ;-442750; ;-442750; ;-442750; ;-442750; ;-442750; ;-442750; ;-442750; ;-442750; ;-442750; ;-442750; ;-442750; ;-442750; ;-442750;-442750;-442750;-442750;-442750;-442750;-442750;-442750;-442750;-442750;-442750;-442750;-442750;-442750;-442750;-23442750; ; ; ; ; ; ; ; ; ; ; ; ; ; ; ; ; ; ; ; ; ; ; ; ; ; ; ; ; ; ; ; ; ; ; ; 
MEF;20190625;IT0004923998;20440901;14700000;;0;-349125; ;-349125; ;-349125; ;-349125; ;-349125; ;-349125; ;-349125; ;-349125; ;-349125; ;-349125; ;-349125; ;-349125; ;-349125; ;-349125; ;-349125; ;-349125; ;-349125; ;-349125; ;-349125; ;-349125; ;-349125; ;-349125; ;-349125; ;-349125; ;-349125; ;-349125; ;-349125; ;-349125; ;-349125; ;-349125; ;-349125; ;-349125;-349125;-349125;-349125;-349125;-15049125; ; ; ; ; ; ; ; ; ; ; ; ; ; ; ; ; ; ; ; ; ; ; ; ; ; ; ; ; ; ; ; ; ; ; ; ; ; ; ; ; ; ; ; ; ; 
MEF;20190625;IT0004923998;20440901;24000000;;0;-570000; ;-570000; ;-570000; ;-570000; ;-570000; ;-570000; ;-570000; ;-570000; ;-570000; ;-570000; ;-570000; ;-570000; ;-570000; ;-570000; ;-570000; ;-570000; ;-570000; ;-570000; ;-570000; ;-570000; ;-570000; ;-570000; ;-570000; ;-570000; ;-570000; ;-570000; ;-570000; ;-570000; ;-570000; ;-570000; ;-570000; ;-570000;-570000;-570000;-570000;-570000;-24570000; ; ; ; ; ; ; ; ; ; ; ; ; ; ; ; ; ; ; ; ; ; ; ; ; ; ; ; ; ; ; ; ; ; ; ; ; ; ; ; ; ; ; ; ; ; 
MEF;20190625;IT0005358806;20350301;6000000;;0;-100500; ;-100500; ;-100500; ;-100500; ;-100500; ;-100500; ;-100500; ;-100500; ;-100500; ;-100500; ;-100500; ;-100500; ;-100500; ;-100500; ;-100500; ;-100500; ;-100500; ;-6100500; ; ; ; ; ; ; ; ; ; ; ; ; ; ; ; ; ; ; ; ; ; ; ; ; ; ; ; ; ; ; ; ; ; ; ; ; ; ; ; ; ; ; ; ; ; ; ; ; ; ; ; ; ; ; ; ; ; ; ; ; ; ; ; ; ; ; ; ; ; ; ; ; ; ; ; ; ; ; 
MEF;20190626;IT0004889033;20280901;2000000;;0;-47500; ;-47500; ;-47500; ;-47500; ;-2047500; ; ; ; ; ; ; ; ; ; ; ; ; ; ; ; ; ; ; ; ; ; ; ; ; ; ; ; ; ; ; ; ; ; ; ; ; ; ; ; ; ; ; ; ; ; ; ; ; ; ; ; ; ; ; ; ; ; ; ; ; ; ; ; ; ; ; ; ; ; ; ; ; ; ; ; ; ; ; ; ; ; ; ; ; ; ; ; ; ; ; ; ; ; ; ; ; ; ; ; ; ; ; ; ; 
MEF;20190626;IT0004889033;20280901;23000000;;0;-546250; ;-546250; ;-546250; ;-546250; ;-23546250; ; ; ; ; ; ; ; ; ; ; ; ; ; ; ; ; ; ; ; ; ; ; ; ; ; ; ; ; ; ; ; ; ; ; ; ; ; ; ; ; ; ; ; ; ; ; ; ; ; ; ; ; ; ; ; ; ; ; ; ; ; ; ; ; ; ; ; ; ; ; ; ; ; ; ; ; ; ; ; ; ; ; ; ; ; ; ; ; ; ; ; ; ; ; ; ; ; ; ; ; ; ; ; ; 
MEF;20190627;IT0004923998;20440901;5000000;;0;-118750; ;-118750; ;-118750; ;-118750; ;-118750; ;-118750; ;-118750; ;-118750; ;-118750; ;-118750; ;-118750; ;-118750; ;-118750; ;-118750; ;-118750; ;-118750; ;-118750; ;-118750; ;-118750; ;-118750; ;-118750; ;-118750; ;-118750; ;-118750; ;-118750; ;-118750; ;-118750; ;-118750; ;-118750; ;-118750; ;-118750; ;-118750;-118750;-118750;-118750;-118750;-5118750; ; ; ; ; ; ; ; ; ; ; ; ; ; ; ; ; ; ; ; ; ; ; ; ; ; ; ; ; ; ; ; ; ; ; ; ; ; ; ; ; ; ; ; ; ; 
MEF;20190627;IT0005024234;20300301;-2000000;;0;35000; ;35000; ;35000; ;35000; ;35000; ;35000; ;35000; ;2035000; ; ; ; ; ; ; ; ; ; ; ; ; ; ; ; ; ; ; ; ; ; ; ; ; ; ; ; ; ; ; ; ; ; ; ; ; ; ; ; ; ; ; ; ; ; ; ; ; ; ; ; ; ; ; ; ; ; ; ; ; ; ; ; ; ; ; ; ; ; ; ; ; ; ; ; ; ; ; ; ; ; ; ; ; ; ; ; ; ; ; ; ; ; ; ; ; ; ; 
MEF;20190627;IT0005083057;20460901;-1000000;;0;16250; ;16250; ;16250; ;16250; ;16250; ;16250; ;16250; ;16250; ;16250; ;16250; ;16250; ;16250; ;16250; ;16250; ;16250; ;16250; ;16250; ;16250; ;16250; ;16250; ;16250; ;16250; ;16250; ;16250; ;16250; ;16250; ;16250; ;16250; ;16250; ;16250; ;16250; ;16250;16250;16250;16250;16250;16250;16250;16250;16250;1016250; ; ; ; ; ; ; ; ; ; ; ; ; ; ; ; ; ; ; ; ; ; ; ; ; ; ; ; ; ; ; ; ; ; ; ; ; ; ; ; ; ; 
MEF;20190627;IT0005094088;20320301;-2000000;;0;16500; ;16500; ;16500; ;16500; ;16500; ;16500; ;16500; ;16500; ;16500; ;16500; ;16500; ;2016500; ; ; ; ; ; ; ; ; ; ; ; ; ; ; ; ; ; ; ; ; ; ; ; ; ; ; ; ; ; ; ; ; ; ; ; ; ; ; ; ; ; ; ; ; ; ; ; ; ; ; ; ; ; ; ; ; ; ; ; ; ; ; ; ; ; ; ; ; ; ; ; ; ; ; ; ; ; ; ; ; ; ; ; ; ; ; ; ; ; ; 
MEF;20190627;IT0005162828;20470301;-1000000;;0;13500; ;13500; ;13500; ;13500; ;13500; ;13500; ;13500; ;13500; ;13500; ;13500; ;13500; ;13500; ;13500; ;13500; ;13500; ;13500; ;13500; ;13500; ;13500; ;13500; ;13500; ;13500; ;13500; ;13500; ;13500; ;13500; ;13500; ;13500; ;13500; ;13500; ;13500; ;13500;13500;13500;13500;13500;13500;13500;13500;13500;13500;1013500; ; ; ; ; ; ; ; ; ; ; ; ; ; ; ; ; ; ; ; ; ; ; ; ; ; ; ; ; ; ; ; ; ; ; ; ; ; ; ; ; 
MEF;20190627;IT0005177909;20360901;-1000000;;0;11250; ;11250; ;11250; ;11250; ;11250; ;11250; ;11250; ;11250; ;11250; ;11250; ;11250; ;11250; ;11250; ;11250; ;11250; ;11250; ;11250; ;11250; ;11250; ;11250; ;1011250; ; ; ; ; ; ; ; ; ; ; ; ; ; ; ; ; ; ; ; ; ; ; ; ; ; ; ; ; ; ; ; ; ; ; ; ; ; ; ; ; ; ; ; ; ; ; ; ; ; ; ; ; ; ; ; ; ; ; ; ; ; ; ; ; ; ; ; ; ; ; ; ; 
MEF;20190627;IT0005240350;20330901;-2000000;;0;24500; ;24500; ;24500; ;24500; ;24500; ;24500; ;24500; ;24500; ;24500; ;24500; ;24500; ;24500; ;24500; ;24500; ;2024500; ; ; ; ; ; ; ; ; ; ; ; ; ; ; ; ; ; ; ; ; ; ; ; ; ; ; ; ; ; ; ; ; ; ; ; ; ; ; ; ; ; ; ; ; ; ; ; ; ; ; ; ; ; ; ; ; ; ; ; ; ; ; ; ; ; ; ; ; ; ; ; ; ; ; ; ; ; ; ; ; ; ; ; ; 
MEF;20190627;IT0005321325;20380901;-1000000;;0;14750; ;14750; ;14750; ;14750; ;14750; ;14750; ;14750; ;14750; ;14750; ;14750; ;14750; ;14750; ;14750; ;14750; ;14750; ;14750; ;14750; ;14750; ;14750; ;14750; ;14750; ;14750; ;14750; ;14750; ;1014750; ; ; ; ; ; ; ; ; ; ; ; ; ; ; ; ; ; ; ; ; ; ; ; ; ; ; ; ; ; ; ; ; ; ; ; ; ; ; ; ; ; ; ; ; ; ; ; ; ; ; ; ; ; ; ; ; ; ; ; ; ; ; ; ; 
MEF;20190701;IT0005358806;20350301;-7000000;;0;117250; ;117250; ;117250; ;117250; ;117250; ;117250; ;117250; ;117250; ;117250; ;117250; ;117250; ;117250; ;117250; ;117250; ;117250; ;117250; ;117250; ;7117250; ; ; ; ; ; ; ; ; ; ; ; ; ; ; ; ; ; ; ; ; ; ; ; ; ; ; ; ; ; ; ; ; ; ; ; ; ; ; ; ; ; ; ; ; ; ; ; ; ; ; ; ; ; ; ; ; ; ; ; ; ; ; ; ; ; ; ; ; ; ; ; ; ; ; ; ; ; ; 
MEF;20190702;IT0004923998;20440901;20000000;;0;-475000; ;-475000; ;-475000; ;-475000; ;-475000; ;-475000; ;-475000; ;-475000; ;-475000; ;-475000; ;-475000; ;-475000; ;-475000; ;-475000; ;-475000; ;-475000; ;-475000; ;-475000; ;-475000; ;-475000; ;-475000; ;-475000; ;-475000; ;-475000; ;-475000; ;-475000; ;-475000; ;-475000; ;-475000; ;-475000; ;-475000; ;-475000;-475000;-475000;-475000;-475000;-20475000; ; ; ; ; ; ; ; ; ; ; ; ; ; ; ; ; ; ; ; ; ; ; ; ; ; ; ; ; ; ; ; ; ; ; ; ; ; ; ; ; ; ; ; ; ; 
MEF;20190704;IT0005217390;20670301;20000000;;0;-280000; ;-280000; ;-280000; ;-280000; ;-280000; ;-280000; ;-280000; ;-280000; ;-280000; ;-280000; ;-280000; ;-280000; ;-280000; ;-280000; ;-280000; ;-280000; ;-280000; ;-280000; ;-280000; ;-280000; ;-280000; ;-280000; ;-280000; ;-280000; ;-280000; ;-280000; ;-280000; ;-280000; ;-280000; ;-280000; ;-280000; ;-280000;-280000;-280000;-280000;-280000;-280000;-280000;-280000;-280000;-280000;-280000;-280000;-280000;-280000;-280000;-280000;-280000;-280000;-280000;-280000;-280000;-280000;-280000;-280000;-280000;-280000;-280000;-280000;-280000;-280000;-280000;-280000;-280000;-280000;-280000;-280000;-280000;-280000;-280000;-280000;-280000;-280000;-280000;-280000;-280000;-280000;-280000;-280000;-280000;-280000;-20280000; 
MEF;20190705;IT0005321325;20380901;1000000;;0;-14750; ;-14750; ;-14750; ;-14750; ;-14750; ;-14750; ;-14750; ;-14750; ;-14750; ;-14750; ;-14750; ;-14750; ;-14750; ;-14750; ;-14750; ;-14750; ;-14750; ;-14750; ;-14750; ;-14750; ;-14750; ;-14750; ;-14750; ;-14750; ;-1014750; ; ; ; ; ; ; ; ; ; ; ; ; ; ; ; ; ; ; ; ; ; ; ; ; ; ; ; ; ; ; ; ; ; ; ; ; ; ; ; ; ; ; ; ; ; ; ; ; ; ; ; ; ; ; ; ; ; ; ; ; ; ; ; ; 
MEF;20190705;IT0005358806;20350301;4000000;;0;-67000; ;-67000; ;-67000; ;-67000; ;-67000; ;-67000; ;-67000; ;-67000; ;-67000; ;-67000; ;-67000; ;-67000; ;-67000; ;-67000; ;-67000; ;-67000; ;-67000; ;-4067000; ; ; ; ; ; ; ; ; ; ; ; ; ; ; ; ; ; ; ; ; ; ; ; ; ; ; ; ; ; ; ; ; ; ; ; ; ; ; ; ; ; ; ; ; ; ; ; ; ; ; ; ; ; ; ; ; ; ; ; ; ; ; ; ; ; ; ; ; ; ; ; ; ; ; ; ; ; ; 
MEF;20190705;IT0005363111;20490901;14000000;;0;-269500; ;-269500; ;-269500; ;-269500; ;-269500; ;-269500; ;-269500; ;-269500; ;-269500; ;-269500; ;-269500; ;-269500; ;-269500; ;-269500; ;-269500; ;-269500; ;-269500; ;-269500; ;-269500; ;-269500; ;-269500; ;-269500; ;-269500; ;-269500; ;-269500; ;-269500; ;-269500; ;-269500; ;-269500; ;-269500; ;-269500; ;-269500;-269500;-269500;-269500;-269500;-269500;-269500;-269500;-269500;-269500;-269500;-269500;-269500;-269500;-269500;-14269500; ; ; ; ; ; ; ; ; ; ; ; ; ; ; ; ; ; ; ; ; ; ; ; ; ; ; ; ; ; ; ; ; ; ; ; 
MEF;20190708;IT0004532559;20400901;5000000;;0;-125000; ;-125000; ;-125000; ;-125000; ;-125000; ;-125000; ;-125000; ;-125000; ;-125000; ;-125000; ;-125000; ;-125000; ;-125000; ;-125000; ;-125000; ;-125000; ;-125000; ;-125000; ;-125000; ;-125000; ;-125000; ;-125000; ;-125000; ;-125000; ;-125000; ;-125000; ;-125000; ;-125000; ;-5125000; ; ; ; ; ; ; ; ; ; ; ; ; ; ; ; ; ; ; ; ; ; ; ; ; ; ; ; ; ; ; ; ; ; ; ; ; ; ; ; ; ; ; ; ; ; ; ; ; ; ; ; ; ; ; ; ; 
MEF;20190709;IT0004923998;20440901;1000000;;0;-23750; ;-23750; ;-23750; ;-23750; ;-23750; ;-23750; ;-23750; ;-23750; ;-23750; ;-23750; ;-23750; ;-23750; ;-23750; ;-23750; ;-23750; ;-23750; ;-23750; ;-23750; ;-23750; ;-23750; ;-23750; ;-23750; ;-23750; ;-23750; ;-23750; ;-23750; ;-23750; ;-23750; ;-23750; ;-23750; ;-23750; ;-23750;-23750;-23750;-23750;-23750;-1023750; ; ; ; ; ; ; ; ; ; ; ; ; ; ; ; ; ; ; ; ; ; ; ; ; ; ; ; ; ; ; ; ; ; ; ; ; ; ; ; ; ; ; ; ; ; 
MEF;20190712;IT0005024234;20300301;-1000000;;0;17500; ;17500; ;17500; ;17500; ;17500; ;17500; ;17500; ;1017500; ; ; ; ; ; ; ; ; ; ; ; ; ; ; ; ; ; ; ; ; ; ; ; ; ; ; ; ; ; ; ; ; ; ; ; ; ; ; ; ; ; ; ; ; ; ; ; ; ; ; ; ; ; ; ; ; ; ; ; ; ; ; ; ; ; ; ; ; ; ; ; ; ; ; ; ; ; ; ; ; ; ; ; ; ; ; ; ; ; ; ; ; ; ; ; ; ; ; 
MEF;20190712;IT0005177909;20360901;1200000;;0;-13500; ;-13500; ;-13500; ;-13500; ;-13500; ;-13500; ;-13500; ;-13500; ;-13500; ;-13500; ;-13500; ;-13500; ;-13500; ;-13500; ;-13500; ;-13500; ;-13500; ;-13500; ;-13500; ;-13500; ;-1213500; ; ; ; ; ; ; ; ; ; ; ; ; ; ; ; ; ; ; ; ; ; ; ; ; ; ; ; ; ; ; ; ; ; ; ; ; ; ; ; ; ; ; ; ; ; ; ; ; ; ; ; ; ; ; ; ; ; ; ; ; ; ; ; ; ; ; ; ; ; ; ; ; 
MEF;20190712;IT0005240350;20330901;-1000000;;0;12250; ;12250; ;12250; ;12250; ;12250; ;12250; ;12250; ;12250; ;12250; ;12250; ;12250; ;12250; ;12250; ;12250; ;1012250; ; ; ; ; ; ; ; ; ; ; ; ; ; ; ; ; ; ; ; ; ; ; ; ; ; ; ; ; ; ; ; ; ; ; ; ; ; ; ; ; ; ; ; ; ; ; ; ; ; ; ; ; ; ; ; ; ; ; ; ; ; ; ; ; ; ; ; ; ; ; ; ; ; ; ; ; ; ; ; ; ; ; ; ; 
MEF;20190712;IT0005321325;20380901;-1100000;;0;16225; ;16225; ;16225; ;16225; ;16225; ;16225; ;16225; ;16225; ;16225; ;16225; ;16225; ;16225; ;16225; ;16225; ;16225; ;16225; ;16225; ;16225; ;16225; ;16225; ;16225; ;16225; ;16225; ;16225; ;1116225; ; ; ; ; ; ; ; ; ; ; ; ; ; ; ; ; ; ; ; ; ; ; ; ; ; ; ; ; ; ; ; ; ; ; ; ; ; ; ; ; ; ; ; ; ; ; ; ; ; ; ; ; ; ; ; ; ; ; ; ; ; ; ; ; 
MEF;20190715;IT0004923998;20440901;5000000;;0;-118750; ;-118750; ;-118750; ;-118750; ;-118750; ;-118750; ;-118750; ;-118750; ;-118750; ;-118750; ;-118750; ;-118750; ;-118750; ;-118750; ;-118750; ;-118750; ;-118750; ;-118750; ;-118750; ;-118750; ;-118750; ;-118750; ;-118750; ;-118750; ;-118750; ;-118750; ;-118750; ;-118750; ;-118750; ;-118750; ;-118750; ;-118750;-118750;-118750;-118750;-118750;-5118750; ; ; ; ; ; ; ; ; ; ; ; ; ; ; ; ; ; ; ; ; ; ; ; ; ; ; ; ; ; ; ; ; ; ; ; ; ; ; ; ; ; ; ; ; ; 
MEF;20190715;IT0005363111;20490901;5000000;;0;-96250; ;-96250; ;-96250; ;-96250; ;-96250; ;-96250; ;-96250; ;-96250; ;-96250; ;-96250; ;-96250; ;-96250; ;-96250; ;-96250; ;-96250; ;-96250; ;-96250; ;-96250; ;-96250; ;-96250; ;-96250; ;-96250; ;-96250; ;-96250; ;-96250; ;-96250; ;-96250; ;-96250; ;-96250; ;-96250; ;-96250; ;-96250;-96250;-96250;-96250;-96250;-96250;-96250;-96250;-96250;-96250;-96250;-96250;-96250;-96250;-96250;-5096250; ; ; ; ; ; ; ; ; ; ; ; ; ; ; ; ; ; ; ; ; ; ; ; ; ; ; ; ; ; ; ; ; ; ; ; 
MEF;20190724;IT0004923998;20440901;2100000;;0;-49875; ;-49875; ;-49875; ;-49875; ;-49875; ;-49875; ;-49875; ;-49875; ;-49875; ;-49875; ;-49875; ;-49875; ;-49875; ;-49875; ;-49875; ;-49875; ;-49875; ;-49875; ;-49875; ;-49875; ;-49875; ;-49875; ;-49875; ;-49875; ;-49875; ;-49875; ;-49875; ;-49875; ;-49875; ;-49875; ;-49875; ;-49875;-49875;-49875;-49875;-49875;-2149875; ; ; ; ; ; ; ; ; ; ; ; ; ; ; ; ; ; ; ; ; ; ; ; ; ; ; ; ; ; ; ; ; ; ; ; ; ; ; ; ; ; ; ; ; ; 
MEF;20190730;IT0004889033;20280901;-11000000;;0;261250; ;261250; ;261250; ;261250; ;11261250; ; ; ; ; ; ; ; ; ; ; ; ; ; ; ; ; ; ; ; ; ; ; ; ; ; ; ; ; ; ; ; ; ; ; ; ; ; ; ; ; ; ; ; ; ; ; ; ; ; ; ; ; ; ; ; ; ; ; ; ; ; ; ; ; ; ; ; ; ; ; ; ; ; ; ; ; ; ; ; ; ; ; ; ; ; ; ; ; ; ; ; ; ; ; ; ; ; ; ; ; ; ; ; ; 
MEF;20190730;IT0005024234;20300301;-1000000;;0;17500; ;17500; ;17500; ;17500; ;17500; ;17500; ;17500; ;1017500; ; ; ; ; ; ; ; ; ; ; ; ; ; ; ; ; ; ; ; ; ; ; ; ; ; ; ; ; ; ; ; ; ; ; ; ; ; ; ; ; ; ; ; ; ; ; ; ; ; ; ; ; ; ; ; ; ; ; ; ; ; ; ; ; ; ; ; ; ; ; ; ; ; ; ; ; ; ; ; ; ; ; ; ; ; ; ; ; ; ; ; ; ; ; ; ; ; ; 
MEF;20190730;IT0005177909;20360901;-1000000;;0;11250; ;11250; ;11250; ;11250; ;11250; ;11250; ;11250; ;11250; ;11250; ;11250; ;11250; ;11250; ;11250; ;11250; ;11250; ;11250; ;11250; ;11250; ;11250; ;11250; ;1011250; ; ; ; ; ; ; ; ; ; ; ; ; ; ; ; ; ; ; ; ; ; ; ; ; ; ; ; ; ; ; ; ; ; ; ; ; ; ; ; ; ; ; ; ; ; ; ; ; ; ; ; ; ; ; ; ; ; ; ; ; ; ; ; ; ; ; ; ; ; ; ; ; 
MEF;20190730;IT0005240350;20330901;-1000000;;0;12250; ;12250; ;12250; ;12250; ;12250; ;12250; ;12250; ;12250; ;12250; ;12250; ;12250; ;12250; ;12250; ;12250; ;1012250; ; ; ; ; ; ; ; ; ; ; ; ; ; ; ; ; ; ; ; ; ; ; ; ; ; ; ; ; ; ; ; ; ; ; ; ; ; ; ; ; ; ; ; ; ; ; ; ; ; ; ; ; ; ; ; ; ; ; ; ; ; ; ; ; ; ; ; ; ; ; ; ; ; ; ; ; ; ; ; ; ; ; ; ; 
MEF;20190730;IT0005358806;20350301;-1000000;;0;16750; ;16750; ;16750; ;16750; ;16750; ;16750; ;16750; ;16750; ;16750; ;16750; ;16750; ;16750; ;16750; ;16750; ;16750; ;16750; ;16750; ;1016750; ; ; ; ; ; ; ; ; ; ; ; ; ; ; ; ; ; ; ; ; ; ; ; ; ; ; ; ; ; ; ; ; ; ; ; ; ; ; ; ; ; ; ; ; ; ; ; ; ; ; ; ; ; ; ; ; ; ; ; ; ; ; ; ; ; ; ; ; ; ; ; ; ; ; ; ; ; ; 
MEF;20190813;IT0004923998;20440901;29000000;;0;-688750; ;-688750; ;-688750; ;-688750; ;-688750; ;-688750; ;-688750; ;-688750; ;-688750; ;-688750; ;-688750; ;-688750; ;-688750; ;-688750; ;-688750; ;-688750; ;-688750; ;-688750; ;-688750; ;-688750; ;-688750; ;-688750; ;-688750; ;-688750; ;-688750; ;-688750; ;-688750; ;-688750; ;-688750; ;-688750; ;-688750; ;-688750;-688750;-688750;-688750;-688750;-29688750; ; ; ; ; ; ; ; ; ; ; ; ; ; ; ; ; ; ; ; ; ; ; ; ; ; ; ; ; ; ; ; ; ; ; ; ; ; ; ; ; ; ; ; ; ; 
MEF;20190815;IT0005024234;20300301;-1000000;;0;17500; ;17500; ;17500; ;17500; ;17500; ;17500; ;17500; ;1017500; ; ; ; ; ; ; ; ; ; ; ; ; ; ; ; ; ; ; ; ; ; ; ; ; ; ; ; ; ; ; ; ; ; ; ; ; ; ; ; ; ; ; ; ; ; ; ; ; ; ; ; ; ; ; ; ; ; ; ; ; ; ; ; ; ; ; ; ; ; ; ; ; ; ; ; ; ; ; ; ; ; ; ; ; ; ; ; ; ; ; ; ; ; ; ; ; ; ; 
MEF;20190815;IT0005094088;20320301;-1000000;;0;8250; ;8250; ;8250; ;8250; ;8250; ;8250; ;8250; ;8250; ;8250; ;8250; ;8250; ;1008250; ; ; ; ; ; ; ; ; ; ; ; ; ; ; ; ; ; ; ; ; ; ; ; ; ; ; ; ; ; ; ; ; ; ; ; ; ; ; ; ; ; ; ; ; ; ; ; ; ; ; ; ; ; ; ; ; ; ; ; ; ; ; ; ; ; ; ; ; ; ; ; ; ; ; ; ; ; ; ; ; ; ; ; ; ; ; ; ; ; ; 
MEF;20190815;IT0005177909;20360901;-1000000;;0;11250; ;11250; ;11250; ;11250; ;11250; ;11250; ;11250; ;11250; ;11250; ;11250; ;11250; ;11250; ;11250; ;11250; ;11250; ;11250; ;11250; ;11250; ;11250; ;11250; ;1011250; ; ; ; ; ; ; ; ; ; ; ; ; ; ; ; ; ; ; ; ; ; ; ; ; ; ; ; ; ; ; ; ; ; ; ; ; ; ; ; ; ; ; ; ; ; ; ; ; ; ; ; ; ; ; ; ; ; ; ; ; ; ; ; ; ; ; ; ; ; ; ; ; 
MEF;20190815;IT0005321325;20380901;-1000000;;0;14750; ;14750; ;14750; ;14750; ;14750; ;14750; ;14750; ;14750; ;14750; ;14750; ;14750; ;14750; ;14750; ;14750; ;14750; ;14750; ;14750; ;14750; ;14750; ;14750; ;14750; ;14750; ;14750; ;14750; ;1014750; ; ; ; ; ; ; ; ; ; ; ; ; ; ; ; ; ; ; ; ; ; ; ; ; ; ; ; ; ; ; ; ; ; ; ; ; ; ; ; ; ; ; ; ; ; ; ; ; ; ; ; ; ; ; ; ; ; ; ; ; ; ; ; ; 
MEF;20190815;IT0005358806;20350301;-1000000;;0;16750; ;16750; ;16750; ;16750; ;16750; ;16750; ;16750; ;16750; ;16750; ;16750; ;16750; ;16750; ;16750; ;16750; ;16750; ;16750; ;16750; ;1016750; ; ; ; ; ; ; ; ; ; ; ; ; ; ; ; ; ; ; ; ; ; ; ; ; ; ; ; ; ; ; ; ; ; ; ; ; ; ; ; ; ; ; ; ; ; ; ; ; ; ; ; ; ; ; ; ; ; ; ; ; ; ; ; ; ; ; ; ; ; ; ; ; ; ; ; ; ; ; 
MEF;20190904;IT0005024234;20300301;1000000;;0;-17500; ;-17500; ;-17500; ;-17500; ;-17500; ;-17500; ;-17500; ;-1017500; ; ; ; ; ; ; ; ; ; ; ; ; ; ; ; ; ; ; ; ; ; ; ; ; ; ; ; ; ; ; ; ; ; ; ; ; ; ; ; ; ; ; ; ; ; ; ; ; ; ; ; ; ; ; ; ; ; ; ; ; ; ; ; ; ; ; ; ; ; ; ; ; ; ; ; ; ; ; ; ; ; ; ; ; ; ; ; ; ; ; ; ; ; ; ; ; ; ; 
MEF;20190904;IT0005177909;20360901;1000000;;0;-11250; ;-11250; ;-11250; ;-11250; ;-11250; ;-11250; ;-11250; ;-11250; ;-11250; ;-11250; ;-11250; ;-11250; ;-11250; ;-11250; ;-11250; ;-11250; ;-11250; ;-11250; ;-11250; ;-11250; ;-1011250; ; ; ; ; ; ; ; ; ; ; ; ; ; ; ; ; ; ; ; ; ; ; ; ; ; ; ; ; ; ; ; ; ; ; ; ; ; ; ; ; ; ; ; ; ; ; ; ; ; ; ; ; ; ; ; ; ; ; ; ; ; ; ; ; ; ; ; ; ; ; ; ; 
MEF;20190904;IT0005321325;20380901;1000000;;0;-14750; ;-14750; ;-14750; ;-14750; ;-14750; ;-14750; ;-14750; ;-14750; ;-14750; ;-14750; ;-14750; ;-14750; ;-14750; ;-14750; ;-14750; ;-14750; ;-14750; ;-14750; ;-14750; ;-14750; ;-14750; ;-14750; ;-14750; ;-14750; ;-1014750; ; ; ; ; ; ; ; ; ; ; ; ; ; ; ; ; ; ; ; ; ; ; ; ; ; ; ; ; ; ; ; ; ; ; ; ; ; ; ; ; ; ; ; ; ; ; ; ; ; ; ; ; ; ; ; ; ; ; ; ; ; ; ; ; 
MEF;20190904;IT0005358806;20350301;1000000;;0;-16750; ;-16750; ;-16750; ;-16750; ;-16750; ;-16750; ;-16750; ;-16750; ;-16750; ;-16750; ;-16750; ;-16750; ;-16750; ;-16750; ;-16750; ;-16750; ;-16750; ;-1016750; ; ; ; ; ; ; ; ; ; ; ; ; ; ; ; ; ; ; ; ; ; ; ; ; ; ; ; ; ; ; ; ; ; ; ; ; ; ; ; ; ; ; ; ; ; ; ; ; ; ; ; ; ; ; ; ; ; ; ; ; ; ; ; ; ; ; ; ; ; ; ; ; ; ; ; ; ; ; 
MEF;20190905;IT0004923998;20440901;-20000000;;0;475000; ;475000; ;475000; ;475000; ;475000; ;475000; ;475000; ;475000; ;475000; ;475000; ;475000; ;475000; ;475000; ;475000; ;475000; ;475000; ;475000; ;475000; ;475000; ;475000; ;475000; ;475000; ;475000; ;475000; ;475000; ;475000; ;475000; ;475000; ;475000; ;475000; ;475000; ;475000;475000;475000;475000;475000;20475000; ; ; ; ; ; ; ; ; ; ; ; ; ; ; ; ; ; ; ; ; ; ; ; ; ; ; ; ; ; ; ; ; ; ; ; ; ; ; ; ; ; ; ; ; ; 
MEF;20190909;IT0004923998;20440901;10000000;;0;-237500; ;-237500; ;-237500; ;-237500; ;-237500; ;-237500; ;-237500; ;-237500; ;-237500; ;-237500; ;-237500; ;-237500; ;-237500; ;-237500; ;-237500; ;-237500; ;-237500; ;-237500; ;-237500; ;-237500; ;-237500; ;-237500; ;-237500; ;-237500; ;-237500; ;-237500; ;-237500; ;-237500; ;-237500; ;-237500; ;-237500; ;-237500;-237500;-237500;-237500;-237500;-10237500; ; ; ; ; ; ; ; ; ; ; ; ; ; ; ; ; ; ; ; ; ; ; ; ; ; ; ; ; ; ; ; ; ; ; ; ; ; ; ; ; ; ; ; ; ; 
MEF;20190910;IT0004923998;20440901;15000000;;0;-356250; ;-356250; ;-356250; ;-356250; ;-356250; ;-356250; ;-356250; ;-356250; ;-356250; ;-356250; ;-356250; ;-356250; ;-356250; ;-356250; ;-356250; ;-356250; ;-356250; ;-356250; ;-356250; ;-356250; ;-356250; ;-356250; ;-356250; ;-356250; ;-356250; ;-356250; ;-356250; ;-356250; ;-356250; ;-356250; ;-356250; ;-356250;-356250;-356250;-356250;-356250;-15356250; ; ; ; ; ; ; ; ; ; ; ; ; ; ; ; ; ; ; ; ; ; ; ; ; ; ; ; ; ; ; ; ; ; ; ; ; ; ; ; ; ; ; ; ; ; 
MEF;20190910;IT0005083057;20460901;9800000;;0;-159250; ;-159250; ;-159250; ;-159250; ;-159250; ;-159250; ;-159250; ;-159250; ;-159250; ;-159250; ;-159250; ;-159250; ;-159250; ;-159250; ;-159250; ;-159250; ;-159250; ;-159250; ;-159250; ;-159250; ;-159250; ;-159250; ;-159250; ;-159250; ;-159250; ;-159250; ;-159250; ;-159250; ;-159250; ;-159250; ;-159250; ;-159250;-159250;-159250;-159250;-159250;-159250;-159250;-159250;-159250;-9959250; ; ; ; ; ; ; ; ; ; ; ; ; ; ; ; ; ; ; ; ; ; ; ; ; ; ; ; ; ; ; ; ; ; ; ; ; ; ; ; ; ; 
MEF;20190911;IT0005024234;20300301;-1000000;;0;17500; ;17500; ;17500; ;17500; ;17500; ;17500; ;17500; ;1017500; ; ; ; ; ; ; ; ; ; ; ; ; ; ; ; ; ; ; ; ; ; ; ; ; ; ; ; ; ; ; ; ; ; ; ; ; ; ; ; ; ; ; ; ; ; ; ; ; ; ; ; ; ; ; ; ; ; ; ; ; ; ; ; ; ; ; ; ; ; ; ; ; ; ; ; ; ; ; ; ; ; ; ; ; ; ; ; ; ; ; ; ; ; ; ; ; ; ; 
MEF;20190911;IT0005177909;20360901;-1000000;;0;11250; ;11250; ;11250; ;11250; ;11250; ;11250; ;11250; ;11250; ;11250; ;11250; ;11250; ;11250; ;11250; ;11250; ;11250; ;11250; ;11250; ;11250; ;11250; ;11250; ;1011250; ; ; ; ; ; ; ; ; ; ; ; ; ; ; ; ; ; ; ; ; ; ; ; ; ; ; ; ; ; ; ; ; ; ; ; ; ; ; ; ; ; ; ; ; ; ; ; ; ; ; ; ; ; ; ; ; ; ; ; ; ; ; ; ; ; ; ; ; ; ; ; ; 
MEF;20190911;IT0005321325;20380901;-1000000;;0;14750; ;14750; ;14750; ;14750; ;14750; ;14750; ;14750; ;14750; ;14750; ;14750; ;14750; ;14750; ;14750; ;14750; ;14750; ;14750; ;14750; ;14750; ;14750; ;14750; ;14750; ;14750; ;14750; ;14750; ;1014750; ; ; ; ; ; ; ; ; ; ; ; ; ; ; ; ; ; ; ; ; ; ; ; ; ; ; ; ; ; ; ; ; ; ; ; ; ; ; ; ; ; ; ; ; ; ; ; ; ; ; ; ; ; ; ; ; ; ; ; ; ; ; ; ; 
MEF;20190911;IT0005358806;20350301;-1000000;;0;16750; ;16750; ;16750; ;16750; ;16750; ;16750; ;16750; ;16750; ;16750; ;16750; ;16750; ;16750; ;16750; ;16750; ;16750; ;16750; ;16750; ;1016750; ; ; ; ; ; ; ; ; ; ; ; ; ; ; ; ; ; ; ; ; ; ; ; ; ; ; ; ; ; ; ; ; ; ; ; ; ; ; ; ; ; ; ; ; ; ; ; ; ; ; ; ; ; ; ; ; ; ; ; ; ; ; ; ; ; ; ; ; ; ; ; ; ; ; ; ; ; ; 
MEF;20190913;IT0004923998;20440901;-1800000;;0;42750; ;42750; ;42750; ;42750; ;42750; ;42750; ;42750; ;42750; ;42750; ;42750; ;42750; ;42750; ;42750; ;42750; ;42750; ;42750; ;42750; ;42750; ;42750; ;42750; ;42750; ;42750; ;42750; ;42750; ;42750; ;42750; ;42750; ;42750; ;42750; ;42750; ;42750; ;42750;42750;42750;42750;42750;1842750; ; ; ; ; ; ; ; ; ; ; ; ; ; ; ; ; ; ; ; ; ; ; ; ; ; ; ; ; ; ; ; ; ; ; ; ; ; ; ; ; ; ; ; ; ; 
MEF;20190913;IT0004923998;20440901;6000000;;0;-142500; ;-142500; ;-142500; ;-142500; ;-142500; ;-142500; ;-142500; ;-142500; ;-142500; ;-142500; ;-142500; ;-142500; ;-142500; ;-142500; ;-142500; ;-142500; ;-142500; ;-142500; ;-142500; ;-142500; ;-142500; ;-142500; ;-142500; ;-142500; ;-142500; ;-142500; ;-142500; ;-142500; ;-142500; ;-142500; ;-142500; ;-142500;-142500;-142500;-142500;-142500;-6142500; ; ; ; ; ; ; ; ; ; ; ; ; ; ; ; ; ; ; ; ; ; ; ; ; ; ; ; ; ; ; ; ; ; ; ; ; ; ; ; ; ; ; ; ; ; 
MEF;20190913;IT0005094088;20320301;-1100000;;0;9075; ;9075; ;9075; ;9075; ;9075; ;9075; ;9075; ;9075; ;9075; ;9075; ;9075; ;1109075; ; ; ; ; ; ; ; ; ; ; ; ; ; ; ; ; ; ; ; ; ; ; ; ; ; ; ; ; ; ; ; ; ; ; ; ; ; ; ; ; ; ; ; ; ; ; ; ; ; ; ; ; ; ; ; ; ; ; ; ; ; ; ; ; ; ; ; ; ; ; ; ; ; ; ; ; ; ; ; ; ; ; ; ; ; ; ; ; ; ; 
MEF;20190913;IT0005177909;20360901;-2500000;;0;28125; ;28125; ;28125; ;28125; ;28125; ;28125; ;28125; ;28125; ;28125; ;28125; ;28125; ;28125; ;28125; ;28125; ;28125; ;28125; ;28125; ;28125; ;28125; ;28125; ;2528125; ; ; ; ; ; ; ; ; ; ; ; ; ; ; ; ; ; ; ; ; ; ; ; ; ; ; ; ; ; ; ; ; ; ; ; ; ; ; ; ; ; ; ; ; ; ; ; ; ; ; ; ; ; ; ; ; ; ; ; ; ; ; ; ; ; ; ; ; ; ; ; ; 
MEF;20190924;IT0005024234;20300301;1000000;;0;-17500; ;-17500; ;-17500; ;-17500; ;-17500; ;-17500; ;-17500; ;-1017500; ; ; ; ; ; ; ; ; ; ; ; ; ; ; ; ; ; ; ; ; ; ; ; ; ; ; ; ; ; ; ; ; ; ; ; ; ; ; ; ; ; ; ; ; ; ; ; ; ; ; ; ; ; ; ; ; ; ; ; ; ; ; ; ; ; ; ; ; ; ; ; ; ; ; ; ; ; ; ; ; ; ; ; ; ; ; ; ; ; ; ; ; ; ; ; ; ; ; 
MEF;20190924;IT0005083057;20460901;6000000;;0;-97500; ;-97500; ;-97500; ;-97500; ;-97500; ;-97500; ;-97500; ;-97500; ;-97500; ;-97500; ;-97500; ;-97500; ;-97500; ;-97500; ;-97500; ;-97500; ;-97500; ;-97500; ;-97500; ;-97500; ;-97500; ;-97500; ;-97500; ;-97500; ;-97500; ;-97500; ;-97500; ;-97500; ;-97500; ;-97500; ;-97500; ;-97500;-97500;-97500;-97500;-97500;-97500;-97500;-97500;-97500;-6097500; ; ; ; ; ; ; ; ; ; ; ; ; ; ; ; ; ; ; ; ; ; ; ; ; ; ; ; ; ; ; ; ; ; ; ; ; ; ; ; ; ; 
MEF;20190924;IT0005217390;20670301;-2500000;;0;35000; ;35000; ;35000; ;35000; ;35000; ;35000; ;35000; ;35000; ;35000; ;35000; ;35000; ;35000; ;35000; ;35000; ;35000; ;35000; ;35000; ;35000; ;35000; ;35000; ;35000; ;35000; ;35000; ;35000; ;35000; ;35000; ;35000; ;35000; ;35000; ;35000; ;35000; ;35000;35000;35000;35000;35000;35000;35000;35000;35000;35000;35000;35000;35000;35000;35000;35000;35000;35000;35000;35000;35000;35000;35000;35000;35000;35000;35000;35000;35000;35000;35000;35000;35000;35000;35000;35000;35000;35000;35000;35000;35000;35000;35000;35000;35000;35000;35000;35000;35000;35000;2535000; 
MEF;20190925;IT0005217390;20670301;-10000000;;0;140000; ;140000; ;140000; ;140000; ;140000; ;140000; ;140000; ;140000; ;140000; ;140000; ;140000; ;140000; ;140000; ;140000; ;140000; ;140000; ;140000; ;140000; ;140000; ;140000; ;140000; ;140000; ;140000; ;140000; ;140000; ;140000; ;140000; ;140000; ;140000; ;140000; ;140000; ;140000;140000;140000;140000;140000;140000;140000;140000;140000;140000;140000;140000;140000;140000;140000;140000;140000;140000;140000;140000;140000;140000;140000;140000;140000;140000;140000;140000;140000;140000;140000;140000;140000;140000;140000;140000;140000;140000;140000;140000;140000;140000;140000;140000;140000;140000;140000;140000;140000;140000;10140000; 
MEF;20190926;IT0005083057;20460901;8000000;;0;-130000; ;-130000; ;-130000; ;-130000; ;-130000; ;-130000; ;-130000; ;-130000; ;-130000; ;-130000; ;-130000; ;-130000; ;-130000; ;-130000; ;-130000; ;-130000; ;-130000; ;-130000; ;-130000; ;-130000; ;-130000; ;-130000; ;-130000; ;-130000; ;-130000; ;-130000; ;-130000; ;-130000; ;-130000; ;-130000; ;-130000; ;-130000;-130000;-130000;-130000;-130000;-130000;-130000;-130000;-130000;-8130000; ; ; ; ; ; ; ; ; ; ; ; ; ; ; ; ; ; ; ; ; ; ; ; ; ; ; ; ; ; ; ; ; ; ; ; ; ; ; ; ; ; 
MEF;20190926;IT0005273013;20480301;39000000;;0;-672750; ;-672750; ;-672750; ;-672750; ;-672750; ;-672750; ;-672750; ;-672750; ;-672750; ;-672750; ;-672750; ;-672750; ;-672750; ;-672750; ;-672750; ;-672750; ;-672750; ;-672750; ;-672750; ;-672750; ;-672750; ;-672750; ;-672750; ;-672750; ;-672750; ;-672750; ;-672750; ;-672750; ;-672750; ;-672750; ;-672750; ;-672750;-672750;-672750;-672750;-672750;-672750;-672750;-672750;-672750;-672750;-672750;-672750;-39672750; ; ; ; ; ; ; ; ; ; ; ; ; ; ; ; ; ; ; ; ; ; ; ; ; ; ; ; ; ; ; ; ; ; ; ; ; ; ; 
MEF;20190926;IT0005363111;20490901;39300000;;0;-756525; ;-756525; ;-756525; ;-756525; ;-756525; ;-756525; ;-756525; ;-756525; ;-756525; ;-756525; ;-756525; ;-756525; ;-756525; ;-756525; ;-756525; ;-756525; ;-756525; ;-756525; ;-756525; ;-756525; ;-756525; ;-756525; ;-756525; ;-756525; ;-756525; ;-756525; ;-756525; ;-756525; ;-756525; ;-756525; ;-756525; ;-756525;-756525;-756525;-756525;-756525;-756525;-756525;-756525;-756525;-756525;-756525;-756525;-756525;-756525;-756525;-40056525; ; ; ; ; ; ; ; ; ; ; ; ; ; ; ; ; ; ; ; ; ; ; ; ; ; ; ; ; ; ; ; ; ; ; ; 
MEF;20190927;IT0004889033;20280901;-1000000;;0;23750; ;23750; ;23750; ;23750; ;1023750; ; ; ; ; ; ; ; ; ; ; ; ; ; ; ; ; ; ; ; ; ; ; ; ; ; ; ; ; ; ; ; ; ; ; ; ; ; ; ; ; ; ; ; ; ; ; ; ; ; ; ; ; ; ; ; ; ; ; ; ; ; ; ; ; ; ; ; ; ; ; ; ; ; ; ; ; ; ; ; ; ; ; ; ; ; ; ; ; ; ; ; ; ; ; ; ; ; ; ; ; ; ; ; ; 
MEF;20190927;IT0004889033;20280901;-1400000;;0;33250; ;33250; ;33250; ;33250; ;1433250; ; ; ; ; ; ; ; ; ; ; ; ; ; ; ; ; ; ; ; ; ; ; ; ; ; ; ; ; ; ; ; ; ; ; ; ; ; ; ; ; ; ; ; ; ; ; ; ; ; ; ; ; ; ; ; ; ; ; ; ; ; ; ; ; ; ; ; ; ; ; ; ; ; ; ; ; ; ; ; ; ; ; ; ; ; ; ; ; ; ; ; ; ; ; ; ; ; ; ; ; ; ; ; ; 
MEF;20190927;IT0004923998;20440901;-1000000;;0;23750; ;23750; ;23750; ;23750; ;23750; ;23750; ;23750; ;23750; ;23750; ;23750; ;23750; ;23750; ;23750; ;23750; ;23750; ;23750; ;23750; ;23750; ;23750; ;23750; ;23750; ;23750; ;23750; ;23750; ;23750; ;23750; ;23750; ;23750; ;23750; ;23750; ;23750; ;23750;23750;23750;23750;23750;1023750; ; ; ; ; ; ; ; ; ; ; ; ; ; ; ; ; ; ; ; ; ; ; ; ; ; ; ; ; ; ; ; ; ; ; ; ; ; ; ; ; ; ; ; ; ; 
MEF;20190927;IT0005024234;20300301;-1000000;;0;17500; ;17500; ;17500; ;17500; ;17500; ;17500; ;17500; ;1017500; ; ; ; ; ; ; ; ; ; ; ; ; ; ; ; ; ; ; ; ; ; ; ; ; ; ; ; ; ; ; ; ; ; ; ; ; ; ; ; ; ; ; ; ; ; ; ; ; ; ; ; ; ; ; ; ; ; ; ; ; ; ; ; ; ; ; ; ; ; ; ; ; ; ; ; ; ; ; ; ; ; ; ; ; ; ; ; ; ; ; ; ; ; ; ; ; ; ; 
MEF;20190927;IT0005083057;20460901;-14000000;;0;227500; ;227500; ;227500; ;227500; ;227500; ;227500; ;227500; ;227500; ;227500; ;227500; ;227500; ;227500; ;227500; ;227500; ;227500; ;227500; ;227500; ;227500; ;227500; ;227500; ;227500; ;227500; ;227500; ;227500; ;227500; ;227500; ;227500; ;227500; ;227500; ;227500; ;227500; ;227500;227500;227500;227500;227500;227500;227500;227500;227500;14227500; ; ; ; ; ; ; ; ; ; ; ; ; ; ; ; ; ; ; ; ; ; ; ; ; ; ; ; ; ; ; ; ; ; ; ; ; ; ; ; ; ; 
MEF;20190927;IT0005094088;20320301;-1000000;;0;8250; ;8250; ;8250; ;8250; ;8250; ;8250; ;8250; ;8250; ;8250; ;8250; ;8250; ;1008250; ; ; ; ; ; ; ; ; ; ; ; ; ; ; ; ; ; ; ; ; ; ; ; ; ; ; ; ; ; ; ; ; ; ; ; ; ; ; ; ; ; ; ; ; ; ; ; ; ; ; ; ; ; ; ; ; ; ; ; ; ; ; ; ; ; ; ; ; ; ; ; ; ; ; ; ; ; ; ; ; ; ; ; ; ; ; ; ; ; ; 
MEF;20190927;IT0005162828;20470301;-1700000;;0;22950; ;22950; ;22950; ;22950; ;22950; ;22950; ;22950; ;22950; ;22950; ;22950; ;22950; ;22950; ;22950; ;22950; ;22950; ;22950; ;22950; ;22950; ;22950; ;22950; ;22950; ;22950; ;22950; ;22950; ;22950; ;22950; ;22950; ;22950; ;22950; ;22950; ;22950; ;22950;22950;22950;22950;22950;22950;22950;22950;22950;22950;1722950; ; ; ; ; ; ; ; ; ; ; ; ; ; ; ; ; ; ; ; ; ; ; ; ; ; ; ; ; ; ; ; ; ; ; ; ; ; ; ; ; 
MEF;20190927;IT0005217390;20670301;-10000000;;0;140000; ;140000; ;140000; ;140000; ;140000; ;140000; ;140000; ;140000; ;140000; ;140000; ;140000; ;140000; ;140000; ;140000; ;140000; ;140000; ;140000; ;140000; ;140000; ;140000; ;140000; ;140000; ;140000; ;140000; ;140000; ;140000; ;140000; ;140000; ;140000; ;140000; ;140000; ;140000;140000;140000;140000;140000;140000;140000;140000;140000;140000;140000;140000;140000;140000;140000;140000;140000;140000;140000;140000;140000;140000;140000;140000;140000;140000;140000;140000;140000;140000;140000;140000;140000;140000;140000;140000;140000;140000;140000;140000;140000;140000;140000;140000;140000;140000;140000;140000;140000;140000;10140000; 
MEF;20190927;IT0005240350;20330901;-1000000;;0;12250; ;12250; ;12250; ;12250; ;12250; ;12250; ;12250; ;12250; ;12250; ;12250; ;12250; ;12250; ;12250; ;12250; ;1012250; ; ; ; ; ; ; ; ; ; ; ; ; ; ; ; ; ; ; ; ; ; ; ; ; ; ; ; ; ; ; ; ; ; ; ; ; ; ; ; ; ; ; ; ; ; ; ; ; ; ; ; ; ; ; ; ; ; ; ; ; ; ; ; ; ; ; ; ; ; ; ; ; ; ; ; ; ; ; ; ; ; ; ; ; 
MEF;20190927;IT0005358806;20350301;-1300000;;0;21775; ;21775; ;21775; ;21775; ;21775; ;21775; ;21775; ;21775; ;21775; ;21775; ;21775; ;21775; ;21775; ;21775; ;21775; ;21775; ;21775; ;1321775; ; ; ; ; ; ; ; ; ; ; ; ; ; ; ; ; ; ; ; ; ; ; ; ; ; ; ; ; ; ; ; ; ; ; ; ; ; ; ; ; ; ; ; ; ; ; ; ; ; ; ; ; ; ; ; ; ; ; ; ; ; ; ; ; ; ; ; ; ; ; ; ; ; ; ; ; ; ; 
MEF;20191004;IT0004923998;20440901;16200000;;0;-384750; ;-384750; ;-384750; ;-384750; ;-384750; ;-384750; ;-384750; ;-384750; ;-384750; ;-384750; ;-384750; ;-384750; ;-384750; ;-384750; ;-384750; ;-384750; ;-384750; ;-384750; ;-384750; ;-384750; ;-384750; ;-384750; ;-384750; ;-384750; ;-384750; ;-384750; ;-384750; ;-384750; ;-384750; ;-384750; ;-384750; ;-384750;-384750;-384750;-384750;-384750;-16584750; ; ; ; ; ; ; ; ; ; ; ; ; ; ; ; ; ; ; ; ; ; ; ; ; ; ; ; ; ; ; ; ; ; ; ; ; ; ; ; ; ; ; ; ; ; 
MEF;20191004;IT0004923998;20440901;1800000;;0;-42750; ;-42750; ;-42750; ;-42750; ;-42750; ;-42750; ;-42750; ;-42750; ;-42750; ;-42750; ;-42750; ;-42750; ;-42750; ;-42750; ;-42750; ;-42750; ;-42750; ;-42750; ;-42750; ;-42750; ;-42750; ;-42750; ;-42750; ;-42750; ;-42750; ;-42750; ;-42750; ;-42750; ;-42750; ;-42750; ;-42750; ;-42750;-42750;-42750;-42750;-42750;-1842750; ; ; ; ; ; ; ; ; ; ; ; ; ; ; ; ; ; ; ; ; ; ; ; ; ; ; ; ; ; ; ; ; ; ; ; ; ; ; ; ; ; ; ; ; ; 
MEF;20191004;IT0005217390;20670301;-7143000;;0;100002; ;100002; ;100002; ;100002; ;100002; ;100002; ;100002; ;100002; ;100002; ;100002; ;100002; ;100002; ;100002; ;100002; ;100002; ;100002; ;100002; ;100002; ;100002; ;100002; ;100002; ;100002; ;100002; ;100002; ;100002; ;100002; ;100002; ;100002; ;100002; ;100002; ;100002; ;100002;100002;100002;100002;100002;100002;100002;100002;100002;100002;100002;100002;100002;100002;100002;100002;100002;100002;100002;100002;100002;100002;100002;100002;100002;100002;100002;100002;100002;100002;100002;100002;100002;100002;100002;100002;100002;100002;100002;100002;100002;100002;100002;100002;100002;100002;100002;100002;100002;100002;7243002; 
MEF;20191004;IT0005363111;20490901;39200000;;0;-754600; ;-754600; ;-754600; ;-754600; ;-754600; ;-754600; ;-754600; ;-754600; ;-754600; ;-754600; ;-754600; ;-754600; ;-754600; ;-754600; ;-754600; ;-754600; ;-754600; ;-754600; ;-754600; ;-754600; ;-754600; ;-754600; ;-754600; ;-754600; ;-754600; ;-754600; ;-754600; ;-754600; ;-754600; ;-754600; ;-754600; ;-754600;-754600;-754600;-754600;-754600;-754600;-754600;-754600;-754600;-754600;-754600;-754600;-754600;-754600;-754600;-39954600; ; ; ; ; ; ; ; ; ; ; ; ; ; ; ; ; ; ; ; ; ; ; ; ; ; ; ; ; ; ; ; ; ; ; ; 
MEF;20191011;IT0004923998;20440901;-1300000;;0;30875; ;30875; ;30875; ;30875; ;30875; ;30875; ;30875; ;30875; ;30875; ;30875; ;30875; ;30875; ;30875; ;30875; ;30875; ;30875; ;30875; ;30875; ;30875; ;30875; ;30875; ;30875; ;30875; ;30875; ;30875; ;30875; ;30875; ;30875; ;30875; ;30875; ;30875; ;30875;30875;30875;30875;30875;1330875; ; ; ; ; ; ; ; ; ; ; ; ; ; ; ; ; ; ; ; ; ; ; ; ; ; ; ; ; ; ; ; ; ; ; ; ; ; ; ; ; ; ; ; ; ; 
MEF;20191011;IT0005024234;20300301;-1300000;;0;22750; ;22750; ;22750; ;22750; ;22750; ;22750; ;22750; ;1322750; ; ; ; ; ; ; ; ; ; ; ; ; ; ; ; ; ; ; ; ; ; ; ; ; ; ; ; ; ; ; ; ; ; ; ; ; ; ; ; ; ; ; ; ; ; ; ; ; ; ; ; ; ; ; ; ; ; ; ; ; ; ; ; ; ; ; ; ; ; ; ; ; ; ; ; ; ; ; ; ; ; ; ; ; ; ; ; ; ; ; ; ; ; ; ; ; ; ; 
MEF;20191011;IT0005083057;20460901;-1400000;;0;22750; ;22750; ;22750; ;22750; ;22750; ;22750; ;22750; ;22750; ;22750; ;22750; ;22750; ;22750; ;22750; ;22750; ;22750; ;22750; ;22750; ;22750; ;22750; ;22750; ;22750; ;22750; ;22750; ;22750; ;22750; ;22750; ;22750; ;22750; ;22750; ;22750; ;22750; ;22750;22750;22750;22750;22750;22750;22750;22750;22750;1422750; ; ; ; ; ; ; ; ; ; ; ; ; ; ; ; ; ; ; ; ; ; ; ; ; ; ; ; ; ; ; ; ; ; ; ; ; ; ; ; ; ; 
MEF;20191011;IT0005162828;20470301;-5600000;;0;75600; ;75600; ;75600; ;75600; ;75600; ;75600; ;75600; ;75600; ;75600; ;75600; ;75600; ;75600; ;75600; ;75600; ;75600; ;75600; ;75600; ;75600; ;75600; ;75600; ;75600; ;75600; ;75600; ;75600; ;75600; ;75600; ;75600; ;75600; ;75600; ;75600; ;75600; ;75600;75600;75600;75600;75600;75600;75600;75600;75600;75600;5675600; ; ; ; ; ; ; ; ; ; ; ; ; ; ; ; ; ; ; ; ; ; ; ; ; ; ; ; ; ; ; ; ; ; ; ; ; ; ; ; ; 
MEF;20191011;IT0005177909;20360901;-1400000;;0;15750; ;15750; ;15750; ;15750; ;15750; ;15750; ;15750; ;15750; ;15750; ;15750; ;15750; ;15750; ;15750; ;15750; ;15750; ;15750; ;15750; ;15750; ;15750; ;15750; ;1415750; ; ; ; ; ; ; ; ; ; ; ; ; ; ; ; ; ; ; ; ; ; ; ; ; ; ; ; ; ; ; ; ; ; ; ; ; ; ; ; ; ; ; ; ; ; ; ; ; ; ; ; ; ; ; ; ; ; ; ; ; ; ; ; ; ; ; ; ; ; ; ; ; 
MEF;20191011;IT0005240350;20330901;-1300000;;0;15925; ;15925; ;15925; ;15925; ;15925; ;15925; ;15925; ;15925; ;15925; ;15925; ;15925; ;15925; ;15925; ;15925; ;1315925; ; ; ; ; ; ; ; ; ; ; ; ; ; ; ; ; ; ; ; ; ; ; ; ; ; ; ; ; ; ; ; ; ; ; ; ; ; ; ; ; ; ; ; ; ; ; ; ; ; ; ; ; ; ; ; ; ; ; ; ; ; ; ; ; ; ; ; ; ; ; ; ; ; ; ; ; ; ; ; ; ; ; ; ; 
MEF;20191011;IT0005321325;20380901;-1400000;;0;20650; ;20650; ;20650; ;20650; ;20650; ;20650; ;20650; ;20650; ;20650; ;20650; ;20650; ;20650; ;20650; ;20650; ;20650; ;20650; ;20650; ;20650; ;20650; ;20650; ;20650; ;20650; ;20650; ;20650; ;1420650; ; ; ; ; ; ; ; ; ; ; ; ; ; ; ; ; ; ; ; ; ; ; ; ; ; ; ; ; ; ; ; ; ; ; ; ; ; ; ; ; ; ; ; ; ; ; ; ; ; ; ; ; ; ; ; ; ; ; ; ; ; ; ; ; 
MEF;20191015;IT0005273013;20480301;-1500000;;0;25875; ;25875; ;25875; ;25875; ;25875; ;25875; ;25875; ;25875; ;25875; ;25875; ;25875; ;25875; ;25875; ;25875; ;25875; ;25875; ;25875; ;25875; ;25875; ;25875; ;25875; ;25875; ;25875; ;25875; ;25875; ;25875; ;25875; ;25875; ;25875; ;25875; ;25875; ;25875;25875;25875;25875;25875;25875;25875;25875;25875;25875;25875;25875;1525875; ; ; ; ; ; ; ; ; ; ; ; ; ; ; ; ; ; ; ; ; ; ; ; ; ; ; ; ; ; ; ; ; ; ; ; ; ; ; 
MEF;20191017;IT0005377152;20400301;-7500000;;0;116250; ;116250; ;116250; ;116250; ;116250; ;116250; ;116250; ;116250; ;116250; ;116250; ;116250; ;116250; ;116250; ;116250; ;116250; ;116250; ;116250; ;116250; ;116250; ;116250; ;116250; ;116250; ;116250; ;116250; ;116250; ;116250; ;116250; ;7616250; ; ; ; ; ; ; ; ; ; ; ; ; ; ; ; ; ; ; ; ; ; ; ; ; ; ; ; ; ; ; ; ; ; ; ; ; ; ; ; ; ; ; ; ; ; ; ; ; ; ; ; ; ; ; ; ; ; ; 
MEF;20191028;IT0005273013;20480301;3000000;;0;-51750; ;-51750; ;-51750; ;-51750; ;-51750; ;-51750; ;-51750; ;-51750; ;-51750; ;-51750; ;-51750; ;-51750; ;-51750; ;-51750; ;-51750; ;-51750; ;-51750; ;-51750; ;-51750; ;-51750; ;-51750; ;-51750; ;-51750; ;-51750; ;-51750; ;-51750; ;-51750; ;-51750; ;-51750; ;-51750; ;-51750; ;-51750;-51750;-51750;-51750;-51750;-51750;-51750;-51750;-51750;-51750;-51750;-51750;-3051750; ; ; ; ; ; ; ; ; ; ; ; ; ; ; ; ; ; ; ; ; ; ; ; ; ; ; ; ; ; ; ; ; ; ; ; ; ; ; 
MEF;20191028;IT0005273013;20480301;32400000;;0;-558900; ;-558900; ;-558900; ;-558900; ;-558900; ;-558900; ;-558900; ;-558900; ;-558900; ;-558900; ;-558900; ;-558900; ;-558900; ;-558900; ;-558900; ;-558900; ;-558900; ;-558900; ;-558900; ;-558900; ;-558900; ;-558900; ;-558900; ;-558900; ;-558900; ;-558900; ;-558900; ;-558900; ;-558900; ;-558900; ;-558900; ;-558900;-558900;-558900;-558900;-558900;-558900;-558900;-558900;-558900;-558900;-558900;-558900;-32958900; ; ; ; ; ; ; ; ; ; ; ; ; ; ; ; ; ; ; ; ; ; ; ; ; ; ; ; ; ; ; ; ; ; ; ; ; ; ; 
MEF;20191028;IT0005273013;20480301;40000000;;0;-690000; ;-690000; ;-690000; ;-690000; ;-690000; ;-690000; ;-690000; ;-690000; ;-690000; ;-690000; ;-690000; ;-690000; ;-690000; ;-690000; ;-690000; ;-690000; ;-690000; ;-690000; ;-690000; ;-690000; ;-690000; ;-690000; ;-690000; ;-690000; ;-690000; ;-690000; ;-690000; ;-690000; ;-690000; ;-690000; ;-690000; ;-690000;-690000;-690000;-690000;-690000;-690000;-690000;-690000;-690000;-690000;-690000;-690000;-40690000; ; ; ; ; ; ; ; ; ; ; ; ; ; ; ; ; ; ; ; ; ; ; ; ; ; ; ; ; ; ; ; ; ; ; ; ; ; ; 
MEF;20191028;IT0005363111;20490901;39300000;;0;-756525; ;-756525; ;-756525; ;-756525; ;-756525; ;-756525; ;-756525; ;-756525; ;-756525; ;-756525; ;-756525; ;-756525; ;-756525; ;-756525; ;-756525; ;-756525; ;-756525; ;-756525; ;-756525; ;-756525; ;-756525; ;-756525; ;-756525; ;-756525; ;-756525; ;-756525; ;-756525; ;-756525; ;-756525; ;-756525; ;-756525; ;-756525;-756525;-756525;-756525;-756525;-756525;-756525;-756525;-756525;-756525;-756525;-756525;-756525;-756525;-756525;-40056525; ; ; ; ; ; ; ; ; ; ; ; ; ; ; ; ; ; ; ; ; ; ; ; ; ; ; ; ; ; ; ; ; ; ; ; 
MEF;20191028;IT0005363111;20490901;64000000;;0;-1232000; ;-1232000; ;-1232000; ;-1232000; ;-1232000; ;-1232000; ;-1232000; ;-1232000; ;-1232000; ;-1232000; ;-1232000; ;-1232000; ;-1232000; ;-1232000; ;-1232000; ;-1232000; ;-1232000; ;-1232000; ;-1232000; ;-1232000; ;-1232000; ;-1232000; ;-1232000; ;-1232000; ;-1232000; ;-1232000; ;-1232000; ;-1232000; ;-1232000; ;-1232000; ;-1232000; ;-1232000;-1232000;-1232000;-1232000;-1232000;-1232000;-1232000;-1232000;-1232000;-1232000;-1232000;-1232000;-1232000;-1232000;-1232000;-65232000; ; ; ; ; ; ; ; ; ; ; ; ; ; ; ; ; ; ; ; ; ; ; ; ; ; ; ; ; ; ; ; ; ; ; ; 
MEF;20191029;IT0004923998;20440901;3900000;;0;-92625; ;-92625; ;-92625; ;-92625; ;-92625; ;-92625; ;-92625; ;-92625; ;-92625; ;-92625; ;-92625; ;-92625; ;-92625; ;-92625; ;-92625; ;-92625; ;-92625; ;-92625; ;-92625; ;-92625; ;-92625; ;-92625; ;-92625; ;-92625; ;-92625; ;-92625; ;-92625; ;-92625; ;-92625; ;-92625; ;-92625; ;-92625;-92625;-92625;-92625;-92625;-3992625; ; ; ; ; ; ; ; ; ; ; ; ; ; ; ; ; ; ; ; ; ; ; ; ; ; ; ; ; ; ; ; ; ; ; ; ; ; ; ; ; ; ; ; ; ; 
MEF;20191029;IT0005083057;20460901;7000000;;0;-113750; ;-113750; ;-113750; ;-113750; ;-113750; ;-113750; ;-113750; ;-113750; ;-113750; ;-113750; ;-113750; ;-113750; ;-113750; ;-113750; ;-113750; ;-113750; ;-113750; ;-113750; ;-113750; ;-113750; ;-113750; ;-113750; ;-113750; ;-113750; ;-113750; ;-113750; ;-113750; ;-113750; ;-113750; ;-113750; ;-113750; ;-113750;-113750;-113750;-113750;-113750;-113750;-113750;-113750;-113750;-7113750; ; ; ; ; ; ; ; ; ; ; ; ; ; ; ; ; ; ; ; ; ; ; ; ; ; ; ; ; ; ; ; ; ; ; ; ; ; ; ; ; ; 
MEF;20191029;IT0005358806;20350301;3000000;;0;-50250; ;-50250; ;-50250; ;-50250; ;-50250; ;-50250; ;-50250; ;-50250; ;-50250; ;-50250; ;-50250; ;-50250; ;-50250; ;-50250; ;-50250; ;-50250; ;-50250; ;-3050250; ; ; ; ; ; ; ; ; ; ; ; ; ; ; ; ; ; ; ; ; ; ; ; ; ; ; ; ; ; ; ; ; ; ; ; ; ; ; ; ; ; ; ; ; ; ; ; ; ; ; ; ; ; ; ; ; ; ; ; ; ; ; ; ; ; ; ; ; ; ; ; ; ; ; ; ; ; ; 
MEF;20191030;IT0004889033;20280901;-2000000;;0;47500; ;47500; ;47500; ;47500; ;2047500; ; ; ; ; ; ; ; ; ; ; ; ; ; ; ; ; ; ; ; ; ; ; ; ; ; ; ; ; ; ; ; ; ; ; ; ; ; ; ; ; ; ; ; ; ; ; ; ; ; ; ; ; ; ; ; ; ; ; ; ; ; ; ; ; ; ; ; ; ; ; ; ; ; ; ; ; ; ; ; ; ; ; ; ; ; ; ; ; ; ; ; ; ; ; ; ; ; ; ; ; ; ; ; ; 
MEF;20191030;IT0004923998;20440901;-2000000;;0;47500; ;47500; ;47500; ;47500; ;47500; ;47500; ;47500; ;47500; ;47500; ;47500; ;47500; ;47500; ;47500; ;47500; ;47500; ;47500; ;47500; ;47500; ;47500; ;47500; ;47500; ;47500; ;47500; ;47500; ;47500; ;47500; ;47500; ;47500; ;47500; ;47500; ;47500; ;47500;47500;47500;47500;47500;2047500; ; ; ; ; ; ; ; ; ; ; ; ; ; ; ; ; ; ; ; ; ; ; ; ; ; ; ; ; ; ; ; ; ; ; ; ; ; ; ; ; ; ; ; ; ; 
MEF;20191030;IT0005024234;20300301;-2000000;;0;35000; ;35000; ;35000; ;35000; ;35000; ;35000; ;35000; ;2035000; ; ; ; ; ; ; ; ; ; ; ; ; ; ; ; ; ; ; ; ; ; ; ; ; ; ; ; ; ; ; ; ; ; ; ; ; ; ; ; ; ; ; ; ; ; ; ; ; ; ; ; ; ; ; ; ; ; ; ; ; ; ; ; ; ; ; ; ; ; ; ; ; ; ; ; ; ; ; ; ; ; ; ; ; ; ; ; ; ; ; ; ; ; ; ; ; ; ; 
MEF;20191030;IT0005094088;20320301;-2000000;;0;16500; ;16500; ;16500; ;16500; ;16500; ;16500; ;16500; ;16500; ;16500; ;16500; ;16500; ;2016500; ; ; ; ; ; ; ; ; ; ; ; ; ; ; ; ; ; ; ; ; ; ; ; ; ; ; ; ; ; ; ; ; ; ; ; ; ; ; ; ; ; ; ; ; ; ; ; ; ; ; ; ; ; ; ; ; ; ; ; ; ; ; ; ; ; ; ; ; ; ; ; ; ; ; ; ; ; ; ; ; ; ; ; ; ; ; ; ; ; ; 
MEF;20191030;IT0005177909;20360901;-2000000;;0;22500; ;22500; ;22500; ;22500; ;22500; ;22500; ;22500; ;22500; ;22500; ;22500; ;22500; ;22500; ;22500; ;22500; ;22500; ;22500; ;22500; ;22500; ;22500; ;22500; ;2022500; ; ; ; ; ; ; ; ; ; ; ; ; ; ; ; ; ; ; ; ; ; ; ; ; ; ; ; ; ; ; ; ; ; ; ; ; ; ; ; ; ; ; ; ; ; ; ; ; ; ; ; ; ; ; ; ; ; ; ; ; ; ; ; ; ; ; ; ; ; ; ; ; 
MEF;20191030;IT0005240350;20330901;-2000000;;0;24500; ;24500; ;24500; ;24500; ;24500; ;24500; ;24500; ;24500; ;24500; ;24500; ;24500; ;24500; ;24500; ;24500; ;2024500; ; ; ; ; ; ; ; ; ; ; ; ; ; ; ; ; ; ; ; ; ; ; ; ; ; ; ; ; ; ; ; ; ; ; ; ; ; ; ; ; ; ; ; ; ; ; ; ; ; ; ; ; ; ; ; ; ; ; ; ; ; ; ; ; ; ; ; ; ; ; ; ; ; ; ; ; ; ; ; ; ; ; ; ; 
MEF;20191030;IT0005273013;20480301;-2000000;;0;34500; ;34500; ;34500; ;34500; ;34500; ;34500; ;34500; ;34500; ;34500; ;34500; ;34500; ;34500; ;34500; ;34500; ;34500; ;34500; ;34500; ;34500; ;34500; ;34500; ;34500; ;34500; ;34500; ;34500; ;34500; ;34500; ;34500; ;34500; ;34500; ;34500; ;34500; ;34500;34500;34500;34500;34500;34500;34500;34500;34500;34500;34500;34500;2034500; ; ; ; ; ; ; ; ; ; ; ; ; ; ; ; ; ; ; ; ; ; ; ; ; ; ; ; ; ; ; ; ; ; ; ; ; ; ; 
MEF;20191030;IT0005321325;20380901;-2000000;;0;29500; ;29500; ;29500; ;29500; ;29500; ;29500; ;29500; ;29500; ;29500; ;29500; ;29500; ;29500; ;29500; ;29500; ;29500; ;29500; ;29500; ;29500; ;29500; ;29500; ;29500; ;29500; ;29500; ;29500; ;2029500; ; ; ; ; ; ; ; ; ; ; ; ; ; ; ; ; ; ; ; ; ; ; ; ; ; ; ; ; ; ; ; ; ; ; ; ; ; ; ; ; ; ; ; ; ; ; ; ; ; ; ; ; ; ; ; ; ; ; ; ; ; ; ; ; 
MEF;20191031;IT0004889033;20280901;-1600000;;0;38000; ;38000; ;38000; ;38000; ;1638000; ; ; ; ; ; ; ; ; ; ; ; ; ; ; ; ; ; ; ; ; ; ; ; ; ; ; ; ; ; ; ; ; ; ; ; ; ; ; ; ; ; ; ; ; ; ; ; ; ; ; ; ; ; ; ; ; ; ; ; ; ; ; ; ; ; ; ; ; ; ; ; ; ; ; ; ; ; ; ; ; ; ; ; ; ; ; ; ; ; ; ; ; ; ; ; ; ; ; ; ; ; ; ; ; 
MEF;20191031;IT0004923998;20440901;-1300000;;0;30875; ;30875; ;30875; ;30875; ;30875; ;30875; ;30875; ;30875; ;30875; ;30875; ;30875; ;30875; ;30875; ;30875; ;30875; ;30875; ;30875; ;30875; ;30875; ;30875; ;30875; ;30875; ;30875; ;30875; ;30875; ;30875; ;30875; ;30875; ;30875; ;30875; ;30875; ;30875;30875;30875;30875;30875;1330875; ; ; ; ; ; ; ; ; ; ; ; ; ; ; ; ; ; ; ; ; ; ; ; ; ; ; ; ; ; ; ; ; ; ; ; ; ; ; ; ; ; ; ; ; ; 
MEF;20191031;IT0005024234;20300301;-1100000;;0;19250; ;19250; ;19250; ;19250; ;19250; ;19250; ;19250; ;1119250; ; ; ; ; ; ; ; ; ; ; ; ; ; ; ; ; ; ; ; ; ; ; ; ; ; ; ; ; ; ; ; ; ; ; ; ; ; ; ; ; ; ; ; ; ; ; ; ; ; ; ; ; ; ; ; ; ; ; ; ; ; ; ; ; ; ; ; ; ; ; ; ; ; ; ; ; ; ; ; ; ; ; ; ; ; ; ; ; ; ; ; ; ; ; ; ; ; ; 
MEF;20191031;IT0005083057;20460901;-1200000;;0;19500; ;19500; ;19500; ;19500; ;19500; ;19500; ;19500; ;19500; ;19500; ;19500; ;19500; ;19500; ;19500; ;19500; ;19500; ;19500; ;19500; ;19500; ;19500; ;19500; ;19500; ;19500; ;19500; ;19500; ;19500; ;19500; ;19500; ;19500; ;19500; ;19500; ;19500; ;19500;19500;19500;19500;19500;19500;19500;19500;19500;1219500; ; ; ; ; ; ; ; ; ; ; ; ; ; ; ; ; ; ; ; ; ; ; ; ; ; ; ; ; ; ; ; ; ; ; ; ; ; ; ; ; ; 
MEF;20191031;IT0005094088;20320301;-2300000;;0;18975; ;18975; ;18975; ;18975; ;18975; ;18975; ;18975; ;18975; ;18975; ;18975; ;18975; ;2318975; ; ; ; ; ; ; ; ; ; ; ; ; ; ; ; ; ; ; ; ; ; ; ; ; ; ; ; ; ; ; ; ; ; ; ; ; ; ; ; ; ; ; ; ; ; ; ; ; ; ; ; ; ; ; ; ; ; ; ; ; ; ; ; ; ; ; ; ; ; ; ; ; ; ; ; ; ; ; ; ; ; ; ; ; ; ; ; ; ; ; 
MEF;20191031;IT0005162828;20470301;-1300000;;0;17550; ;17550; ;17550; ;17550; ;17550; ;17550; ;17550; ;17550; ;17550; ;17550; ;17550; ;17550; ;17550; ;17550; ;17550; ;17550; ;17550; ;17550; ;17550; ;17550; ;17550; ;17550; ;17550; ;17550; ;17550; ;17550; ;17550; ;17550; ;17550; ;17550; ;17550; ;17550;17550;17550;17550;17550;17550;17550;17550;17550;17550;1317550; ; ; ; ; ; ; ; ; ; ; ; ; ; ; ; ; ; ; ; ; ; ; ; ; ; ; ; ; ; ; ; ; ; ; ; ; ; ; ; ; 
MEF;20191031;IT0005177909;20360901;-1200000;;0;13500; ;13500; ;13500; ;13500; ;13500; ;13500; ;13500; ;13500; ;13500; ;13500; ;13500; ;13500; ;13500; ;13500; ;13500; ;13500; ;13500; ;13500; ;13500; ;13500; ;1213500; ; ; ; ; ; ; ; ; ; ; ; ; ; ; ; ; ; ; ; ; ; ; ; ; ; ; ; ; ; ; ; ; ; ; ; ; ; ; ; ; ; ; ; ; ; ; ; ; ; ; ; ; ; ; ; ; ; ; ; ; ; ; ; ; ; ; ; ; ; ; ; ; 
MEF;20191031;IT0005240350;20330901;-1200000;;0;14700; ;14700; ;14700; ;14700; ;14700; ;14700; ;14700; ;14700; ;14700; ;14700; ;14700; ;14700; ;14700; ;14700; ;1214700; ; ; ; ; ; ; ; ; ; ; ; ; ; ; ; ; ; ; ; ; ; ; ; ; ; ; ; ; ; ; ; ; ; ; ; ; ; ; ; ; ; ; ; ; ; ; ; ; ; ; ; ; ; ; ; ; ; ; ; ; ; ; ; ; ; ; ; ; ; ; ; ; ; ; ; ; ; ; ; ; ; ; ; ; 
MEF;20191031;IT0005321325;20380901;-1200000;;0;17700; ;17700; ;17700; ;17700; ;17700; ;17700; ;17700; ;17700; ;17700; ;17700; ;17700; ;17700; ;17700; ;17700; ;17700; ;17700; ;17700; ;17700; ;17700; ;17700; ;17700; ;17700; ;17700; ;17700; ;1217700; ; ; ; ; ; ; ; ; ; ; ; ; ; ; ; ; ; ; ; ; ; ; ; ; ; ; ; ; ; ; ; ; ; ; ; ; ; ; ; ; ; ; ; ; ; ; ; ; ; ; ; ; ; ; ; ; ; ; ; ; ; ; ; ; 
MEF;20191031;IT0005358806;20350301;-1700000;;0;28475; ;28475; ;28475; ;28475; ;28475; ;28475; ;28475; ;28475; ;28475; ;28475; ;28475; ;28475; ;28475; ;28475; ;28475; ;28475; ;28475; ;1728475; ; ; ; ; ; ; ; ; ; ; ; ; ; ; ; ; ; ; ; ; ; ; ; ; ; ; ; ; ; ; ; ; ; ; ; ; ; ; ; ; ; ; ; ; ; ; ; ; ; ; ; ; ; ; ; ; ; ; ; ; ; ; ; ; ; ; ; ; ; ; ; ; ; ; ; ; ; ; 
MEF;20191101;IT0004889033;20280901;1000000;;0;-23750; ;-23750; ;-23750; ;-23750; ;-1023750; ; ; ; ; ; ; ; ; ; ; ; ; ; ; ; ; ; ; ; ; ; ; ; ; ; ; ; ; ; ; ; ; ; ; ; ; ; ; ; ; ; ; ; ; ; ; ; ; ; ; ; ; ; ; ; ; ; ; ; ; ; ; ; ; ; ; ; ; ; ; ; ; ; ; ; ; ; ; ; ; ; ; ; ; ; ; ; ; ; ; ; ; ; ; ; ; ; ; ; ; ; ; ; ; 
MEF;20191101;IT0004923998;20440901;-4410000;;0;104737.5; ;104737.5; ;104737.5; ;104737.5; ;104737.5; ;104737.5; ;104737.5; ;104737.5; ;104737.5; ;104737.5; ;104737.5; ;104737.5; ;104737.5; ;104737.5; ;104737.5; ;104737.5; ;104737.5; ;104737.5; ;104737.5; ;104737.5; ;104737.5; ;104737.5; ;104737.5; ;104737.5; ;104737.5; ;104737.5; ;104737.5; ;104737.5; ;104737.5; ;104737.5; ;104737.5; ;104737.5;104737.5;104737.5;104737.5;104737.5;4514737.5; ; ; ; ; ; ; ; ; ; ; ; ; ; ; ; ; ; ; ; ; ; ; ; ; ; ; ; ; ; ; ; ; ; ; ; ; ; ; ; ; ; ; ; ; ; 
MEF;20191101;IT0005273013;20480301;-30739000;;0;530247.75; ;530247.75; ;530247.75; ;530247.75; ;530247.75; ;530247.75; ;530247.75; ;530247.75; ;530247.75; ;530247.75; ;530247.75; ;530247.75; ;530247.75; ;530247.75; ;530247.75; ;530247.75; ;530247.75; ;530247.75; ;530247.75; ;530247.75; ;530247.75; ;530247.75; ;530247.75; ;530247.75; ;530247.75; ;530247.75; ;530247.75; ;530247.75; ;530247.75; ;530247.75; ;530247.75; ;530247.75;530247.75;530247.75;530247.75;530247.75;530247.75;530247.75;530247.75;530247.75;530247.75;530247.75;530247.75;31269247.75; ; ; ; ; ; ; ; ; ; ; ; ; ; ; ; ; ; ; ; ; ; ; ; ; ; ; ; ; ; ; ; ; ; ; ; ; ; ; 
MEF;20191121;IT0004923998;20440901;3600000;;0;-85500; ;-85500; ;-85500; ;-85500; ;-85500; ;-85500; ;-85500; ;-85500; ;-85500; ;-85500; ;-85500; ;-85500; ;-85500; ;-85500; ;-85500; ;-85500; ;-85500; ;-85500; ;-85500; ;-85500; ;-85500; ;-85500; ;-85500; ;-85500; ;-85500; ;-85500; ;-85500; ;-85500; ;-85500; ;-85500; ;-85500; ;-85500;-85500;-85500;-85500;-85500;-3685500; ; ; ; ; ; ; ; ; ; ; ; ; ; ; ; ; ; ; ; ; ; ; ; ; ; ; ; ; ; ; ; ; ; ; ; ; ; ; ; ; ; ; ; ; ; 
MEF;20191121;IT0005321325;20380901;9700000;;0;-143075; ;-143075; ;-143075; ;-143075; ;-143075; ;-143075; ;-143075; ;-143075; ;-143075; ;-143075; ;-143075; ;-143075; ;-143075; ;-143075; ;-143075; ;-143075; ;-143075; ;-143075; ;-143075; ;-143075; ;-143075; ;-143075; ;-143075; ;-143075; ;-9843075; ; ; ; ; ; ; ; ; ; ; ; ; ; ; ; ; ; ; ; ; ; ; ; ; ; ; ; ; ; ; ; ; ; ; ; ; ; ; ; ; ; ; ; ; ; ; ; ; ; ; ; ; ; ; ; ; ; ; ; ; ; ; ; ; 
MEF;20191122;IT0005377152;20400301;-4700000;;0;72850; ;72850; ;72850; ;72850; ;72850; ;72850; ;72850; ;72850; ;72850; ;72850; ;72850; ;72850; ;72850; ;72850; ;72850; ;72850; ;72850; ;72850; ;72850; ;72850; ;72850; ;72850; ;72850; ;72850; ;72850; ;72850; ;72850; ;4772850; ; ; ; ; ; ; ; ; ; ; ; ; ; ; ; ; ; ; ; ; ; ; ; ; ; ; ; ; ; ; ; ; ; ; ; ; ; ; ; ; ; ; ; ; ; ; ; ; ; ; ; ; ; ; ; ; ; ; 
MEF;20191203;IT0005363111;20490901;45100000;;0;-868175; ;-868175; ;-868175; ;-868175; ;-868175; ;-868175; ;-868175; ;-868175; ;-868175; ;-868175; ;-868175; ;-868175; ;-868175; ;-868175; ;-868175; ;-868175; ;-868175; ;-868175; ;-868175; ;-868175; ;-868175; ;-868175; ;-868175; ;-868175; ;-868175; ;-868175; ;-868175; ;-868175; ;-868175; ;-868175; ;-868175; ;-868175;-868175;-868175;-868175;-868175;-868175;-868175;-868175;-868175;-868175;-868175;-868175;-868175;-868175;-868175;-45968175; ; ; ; ; ; ; ; ; ; ; ; ; ; ; ; ; ; ; ; ; ; ; ; ; ; ; ; ; ; ; ; ; ; ; ; 
MEF;20191203;IT0005363111;20490901;46000000;;0;-885500; ;-885500; ;-885500; ;-885500; ;-885500; ;-885500; ;-885500; ;-885500; ;-885500; ;-885500; ;-885500; ;-885500; ;-885500; ;-885500; ;-885500; ;-885500; ;-885500; ;-885500; ;-885500; ;-885500; ;-885500; ;-885500; ;-885500; ;-885500; ;-885500; ;-885500; ;-885500; ;-885500; ;-885500; ;-885500; ;-885500; ;-885500;-885500;-885500;-885500;-885500;-885500;-885500;-885500;-885500;-885500;-885500;-885500;-885500;-885500;-885500;-46885500; ; ; ; ; ; ; ; ; ; ; ; ; ; ; ; ; ; ; ; ; ; ; ; ; ; ; ; ; ; ; ; ; ; ; ; 
MEF;20191204;IT0004889033;20280901;-1000000;;0;23750; ;23750; ;23750; ;23750; ;1023750; ; ; ; ; ; ; ; ; ; ; ; ; ; ; ; ; ; ; ; ; ; ; ; ; ; ; ; ; ; ; ; ; ; ; ; ; ; ; ; ; ; ; ; ; ; ; ; ; ; ; ; ; ; ; ; ; ; ; ; ; ; ; ; ; ; ; ; ; ; ; ; ; ; ; ; ; ; ; ; ; ; ; ; ; ; ; ; ; ; ; ; ; ; ; ; ; ; ; ; ; ; ; ; ; 
MEF;20191204;IT0004923998;20440901;-1000000;;0;23750; ;23750; ;23750; ;23750; ;23750; ;23750; ;23750; ;23750; ;23750; ;23750; ;23750; ;23750; ;23750; ;23750; ;23750; ;23750; ;23750; ;23750; ;23750; ;23750; ;23750; ;23750; ;23750; ;23750; ;23750; ;23750; ;23750; ;23750; ;23750; ;23750; ;23750; ;23750;23750;23750;23750;23750;1023750; ; ; ; ; ; ; ; ; ; ; ; ; ; ; ; ; ; ; ; ; ; ; ; ; ; ; ; ; ; ; ; ; ; ; ; ; ; ; ; ; ; ; ; ; ; 
MEF;20191204;IT0005024234;20300301;-1000000;;0;17500; ;17500; ;17500; ;17500; ;17500; ;17500; ;17500; ;1017500; ; ; ; ; ; ; ; ; ; ; ; ; ; ; ; ; ; ; ; ; ; ; ; ; ; ; ; ; ; ; ; ; ; ; ; ; ; ; ; ; ; ; ; ; ; ; ; ; ; ; ; ; ; ; ; ; ; ; ; ; ; ; ; ; ; ; ; ; ; ; ; ; ; ; ; ; ; ; ; ; ; ; ; ; ; ; ; ; ; ; ; ; ; ; ; ; ; ; 
MEF;20191204;IT0005162828;20470301;-3000000;;0;40500; ;40500; ;40500; ;40500; ;40500; ;40500; ;40500; ;40500; ;40500; ;40500; ;40500; ;40500; ;40500; ;40500; ;40500; ;40500; ;40500; ;40500; ;40500; ;40500; ;40500; ;40500; ;40500; ;40500; ;40500; ;40500; ;40500; ;40500; ;40500; ;40500; ;40500; ;40500;40500;40500;40500;40500;40500;40500;40500;40500;40500;3040500; ; ; ; ; ; ; ; ; ; ; ; ; ; ; ; ; ; ; ; ; ; ; ; ; ; ; ; ; ; ; ; ; ; ; ; ; ; ; ; ; 
MEF;20191204;IT0005177909;20360901;-1000000;;0;11250; ;11250; ;11250; ;11250; ;11250; ;11250; ;11250; ;11250; ;11250; ;11250; ;11250; ;11250; ;11250; ;11250; ;11250; ;11250; ;11250; ;11250; ;11250; ;11250; ;1011250; ; ; ; ; ; ; ; ; ; ; ; ; ; ; ; ; ; ; ; ; ; ; ; ; ; ; ; ; ; ; ; ; ; ; ; ; ; ; ; ; ; ; ; ; ; ; ; ; ; ; ; ; ; ; ; ; ; ; ; ; ; ; ; ; ; ; ; ; ; ; ; ; 
MEF;20191204;IT0005321325;20380901;-1000000;;0;14750; ;14750; ;14750; ;14750; ;14750; ;14750; ;14750; ;14750; ;14750; ;14750; ;14750; ;14750; ;14750; ;14750; ;14750; ;14750; ;14750; ;14750; ;14750; ;14750; ;14750; ;14750; ;14750; ;14750; ;1014750; ; ; ; ; ; ; ; ; ; ; ; ; ; ; ; ; ; ; ; ; ; ; ; ; ; ; ; ; ; ; ; ; ; ; ; ; ; ; ; ; ; ; ; ; ; ; ; ; ; ; ; ; ; ; ; ; ; ; ; ; ; ; ; ; 
MEF;20191204;IT0005358806;20350301;-1000000;;0;16750; ;16750; ;16750; ;16750; ;16750; ;16750; ;16750; ;16750; ;16750; ;16750; ;16750; ;16750; ;16750; ;16750; ;16750; ;16750; ;16750; ;1016750; ; ; ; ; ; ; ; ; ; ; ; ; ; ; ; ; ; ; ; ; ; ; ; ; ; ; ; ; ; ; ; ; ; ; ; ; ; ; ; ; ; ; ; ; ; ; ; ; ; ; ; ; ; ; ; ; ; ; ; ; ; ; ; ; ; ; ; ; ; ; ; ; ; ; ; ; ; ; 
MEF;20191204;IT0005377152;20400301;-1000000;;0;15500; ;15500; ;15500; ;15500; ;15500; ;15500; ;15500; ;15500; ;15500; ;15500; ;15500; ;15500; ;15500; ;15500; ;15500; ;15500; ;15500; ;15500; ;15500; ;15500; ;15500; ;15500; ;15500; ;15500; ;15500; ;15500; ;15500; ;1015500; ; ; ; ; ; ; ; ; ; ; ; ; ; ; ; ; ; ; ; ; ; ; ; ; ; ; ; ; ; ; ; ; ; ; ; ; ; ; ; ; ; ; ; ; ; ; ; ; ; ; ; ; ; ; ; ; ; ; 
MEF;20191206;IT0004889033;20280901;-1100000;;0;26125; ;26125; ;26125; ;26125; ;1126125; ; ; ; ; ; ; ; ; ; ; ; ; ; ; ; ; ; ; ; ; ; ; ; ; ; ; ; ; ; ; ; ; ; ; ; ; ; ; ; ; ; ; ; ; ; ; ; ; ; ; ; ; ; ; ; ; ; ; ; ; ; ; ; ; ; ; ; ; ; ; ; ; ; ; ; ; ; ; ; ; ; ; ; ; ; ; ; ; ; ; ; ; ; ; ; ; ; ; ; ; ; ; ; ; 
MEF;20191206;IT0005024234;20300301;-1100000;;0;19250; ;19250; ;19250; ;19250; ;19250; ;19250; ;19250; ;1119250; ; ; ; ; ; ; ; ; ; ; ; ; ; ; ; ; ; ; ; ; ; ; ; ; ; ; ; ; ; ; ; ; ; ; ; ; ; ; ; ; ; ; ; ; ; ; ; ; ; ; ; ; ; ; ; ; ; ; ; ; ; ; ; ; ; ; ; ; ; ; ; ; ; ; ; ; ; ; ; ; ; ; ; ; ; ; ; ; ; ; ; ; ; ; ; ; ; ; 
MEF;20191206;IT0005094088;20320301;-1200000;;0;9900; ;9900; ;9900; ;9900; ;9900; ;9900; ;9900; ;9900; ;9900; ;9900; ;9900; ;1209900; ; ; ; ; ; ; ; ; ; ; ; ; ; ; ; ; ; ; ; ; ; ; ; ; ; ; ; ; ; ; ; ; ; ; ; ; ; ; ; ; ; ; ; ; ; ; ; ; ; ; ; ; ; ; ; ; ; ; ; ; ; ; ; ; ; ; ; ; ; ; ; ; ; ; ; ; ; ; ; ; ; ; ; ; ; ; ; ; ; ; 
MEF;20191206;IT0005177909;20360901;1200000;;0;-13500; ;-13500; ;-13500; ;-13500; ;-13500; ;-13500; ;-13500; ;-13500; ;-13500; ;-13500; ;-13500; ;-13500; ;-13500; ;-13500; ;-13500; ;-13500; ;-13500; ;-13500; ;-13500; ;-13500; ;-1213500; ; ; ; ; ; ; ; ; ; ; ; ; ; ; ; ; ; ; ; ; ; ; ; ; ; ; ; ; ; ; ; ; ; ; ; ; ; ; ; ; ; ; ; ; ; ; ; ; ; ; ; ; ; ; ; ; ; ; ; ; ; ; ; ; ; ; ; ; ; ; ; ; 
MEF;20191206;IT0005240350;20330901;-1100000;;0;13475; ;13475; ;13475; ;13475; ;13475; ;13475; ;13475; ;13475; ;13475; ;13475; ;13475; ;13475; ;13475; ;13475; ;1113475; ; ; ; ; ; ; ; ; ; ; ; ; ; ; ; ; ; ; ; ; ; ; ; ; ; ; ; ; ; ; ; ; ; ; ; ; ; ; ; ; ; ; ; ; ; ; ; ; ; ; ; ; ; ; ; ; ; ; ; ; ; ; ; ; ; ; ; ; ; ; ; ; ; ; ; ; ; ; ; ; ; ; ; ; 
MEF;20191206;IT0005358806;20350301;-1200000;;0;20100; ;20100; ;20100; ;20100; ;20100; ;20100; ;20100; ;20100; ;20100; ;20100; ;20100; ;20100; ;20100; ;20100; ;20100; ;20100; ;20100; ;1220100; ; ; ; ; ; ; ; ; ; ; ; ; ; ; ; ; ; ; ; ; ; ; ; ; ; ; ; ; ; ; ; ; ; ; ; ; ; ; ; ; ; ; ; ; ; ; ; ; ; ; ; ; ; ; ; ; ; ; ; ; ; ; ; ; ; ; ; ; ; ; ; ; ; ; ; ; ; ; 
MEF;20191206;IT0005377152;20400301;-1000000;;0;15500; ;15500; ;15500; ;15500; ;15500; ;15500; ;15500; ;15500; ;15500; ;15500; ;15500; ;15500; ;15500; ;15500; ;15500; ;15500; ;15500; ;15500; ;15500; ;15500; ;15500; ;15500; ;15500; ;15500; ;15500; ;15500; ;15500; ;1015500; ; ; ; ; ; ; ; ; ; ; ; ; ; ; ; ; ; ; ; ; ; ; ; ; ; ; ; ; ; ; ; ; ; ; ; ; ; ; ; ; ; ; ; ; ; ; ; ; ; ; ; ; ; ; ; ; ; ; 
MEF;20191209;IT0005177909;20360901;-2400000;;0;27000; ;27000; ;27000; ;27000; ;27000; ;27000; ;27000; ;27000; ;27000; ;27000; ;27000; ;27000; ;27000; ;27000; ;27000; ;27000; ;27000; ;27000; ;27000; ;27000; ;2427000; ; ; ; ; ; ; ; ; ; ; ; ; ; ; ; ; ; ; ; ; ; ; ; ; ; ; ; ; ; ; ; ; ; ; ; ; ; ; ; ; ; ; ; ; ; ; ; ; ; ; ; ; ; ; ; ; ; ; ; ; ; ; ; ; ; ; ; ; ; ; ; ; 
MEF;20191213;IT0004923998;20440901;8000000;;0;-190000; ;-190000; ;-190000; ;-190000; ;-190000; ;-190000; ;-190000; ;-190000; ;-190000; ;-190000; ;-190000; ;-190000; ;-190000; ;-190000; ;-190000; ;-190000; ;-190000; ;-190000; ;-190000; ;-190000; ;-190000; ;-190000; ;-190000; ;-190000; ;-190000; ;-190000; ;-190000; ;-190000; ;-190000; ;-190000; ;-190000; ;-190000;-190000;-190000;-190000;-190000;-8190000; ; ; ; ; ; ; ; ; ; ; ; ; ; ; ; ; ; ; ; ; ; ; ; ; ; ; ; ; ; ; ; ; ; ; ; ; ; ; ; ; ; ; ; ; ; 
MEF;20191216;IT0004889033;20280901;500000;;0;-11875; ;-11875; ;-11875; ;-11875; ;-511875; ; ; ; ; ; ; ; ; ; ; ; ; ; ; ; ; ; ; ; ; ; ; ; ; ; ; ; ; ; ; ; ; ; ; ; ; ; ; ; ; ; ; ; ; ; ; ; ; ; ; ; ; ; ; ; ; ; ; ; ; ; ; ; ; ; ; ; ; ; ; ; ; ; ; ; ; ; ; ; ; ; ; ; ; ; ; ; ; ; ; ; ; ; ; ; ; ; ; ; ; ; ; ; ; 
MEF;20191218;IT0004889033;20280901;-1000000;;0;23750; ;23750; ;23750; ;23750; ;1023750; ; ; ; ; ; ; ; ; ; ; ; ; ; ; ; ; ; ; ; ; ; ; ; ; ; ; ; ; ; ; ; ; ; ; ; ; ; ; ; ; ; ; ; ; ; ; ; ; ; ; ; ; ; ; ; ; ; ; ; ; ; ; ; ; ; ; ; ; ; ; ; ; ; ; ; ; ; ; ; ; ; ; ; ; ; ; ; ; ; ; ; ; ; ; ; ; ; ; ; ; ; ; ; ; 
MEF;20200110;IT0005273013;20480301;25700000;;0;-443325; ;-443325; ;-443325; ;-443325; ;-443325; ;-443325; ;-443325; ;-443325; ;-443325; ;-443325; ;-443325; ;-443325; ;-443325; ;-443325; ;-443325; ;-443325; ;-443325; ;-443325; ;-443325; ;-443325; ;-443325; ;-443325; ;-443325; ;-443325; ;-443325; ;-443325; ;-443325; ;-443325; ;-443325; ;-443325; ;-443325; ;-443325;-443325;-443325;-443325;-443325;-443325;-443325;-443325;-443325;-443325;-443325;-443325;-26143325; ; ; ; ; ; ; ; ; ; ; ; ; ; ; ; ; ; ; ; ; ; ; ; ; ; ; ; ; ; ; ; ; ; ; ; ; ; ; 
MEF;20200117;IT0004889033;20280901;3000000;;0;-71250; ;-71250; ;-71250; ;-71250; ;-3071250; ; ; ; ; ; ; ; ; ; ; ; ; ; ; ; ; ; ; ; ; ; ; ; ; ; ; ; ; ; ; ; ; ; ; ; ; ; ; ; ; ; ; ; ; ; ; ; ; ; ; ; ; ; ; ; ; ; ; ; ; ; ; ; ; ; ; ; ; ; ; ; ; ; ; ; ; ; ; ; ; ; ; ; ; ; ; ; ; ; ; ; ; ; ; ; ; ; ; ; ; ; ; ; ; 
MEF;20200117;IT0004923998;20440901;-1200000;;0;28500; ;28500; ;28500; ;28500; ;28500; ;28500; ;28500; ;28500; ;28500; ;28500; ;28500; ;28500; ;28500; ;28500; ;28500; ;28500; ;28500; ;28500; ;28500; ;28500; ;28500; ;28500; ;28500; ;28500; ;28500; ;28500; ;28500; ;28500; ;28500; ;28500; ;28500; ;28500;28500;28500;28500;28500;1228500; ; ; ; ; ; ; ; ; ; ; ; ; ; ; ; ; ; ; ; ; ; ; ; ; ; ; ; ; ; ; ; ; ; ; ; ; ; ; ; ; ; ; ; ; ; 
MEF;20200117;IT0005083057;20460901;-1300000;;0;21125; ;21125; ;21125; ;21125; ;21125; ;21125; ;21125; ;21125; ;21125; ;21125; ;21125; ;21125; ;21125; ;21125; ;21125; ;21125; ;21125; ;21125; ;21125; ;21125; ;21125; ;21125; ;21125; ;21125; ;21125; ;21125; ;21125; ;21125; ;21125; ;21125; ;21125; ;21125;21125;21125;21125;21125;21125;21125;21125;21125;1321125; ; ; ; ; ; ; ; ; ; ; ; ; ; ; ; ; ; ; ; ; ; ; ; ; ; ; ; ; ; ; ; ; ; ; ; ; ; ; ; ; ; 
MEF;20200117;IT0005162828;20470301;-1300000;;0;17550; ;17550; ;17550; ;17550; ;17550; ;17550; ;17550; ;17550; ;17550; ;17550; ;17550; ;17550; ;17550; ;17550; ;17550; ;17550; ;17550; ;17550; ;17550; ;17550; ;17550; ;17550; ;17550; ;17550; ;17550; ;17550; ;17550; ;17550; ;17550; ;17550; ;17550; ;17550;17550;17550;17550;17550;17550;17550;17550;17550;17550;1317550; ; ; ; ; ; ; ; ; ; ; ; ; ; ; ; ; ; ; ; ; ; ; ; ; ; ; ; ; ; ; ; ; ; ; ; ; ; ; ; ; 
MEF;20200117;IT0005273013;20480301;2100000;;0;-36225; ;-36225; ;-36225; ;-36225; ;-36225; ;-36225; ;-36225; ;-36225; ;-36225; ;-36225; ;-36225; ;-36225; ;-36225; ;-36225; ;-36225; ;-36225; ;-36225; ;-36225; ;-36225; ;-36225; ;-36225; ;-36225; ;-36225; ;-36225; ;-36225; ;-36225; ;-36225; ;-36225; ;-36225; ;-36225; ;-36225; ;-36225;-36225;-36225;-36225;-36225;-36225;-36225;-36225;-36225;-36225;-36225;-36225;-2136225; ; ; ; ; ; ; ; ; ; ; ; ; ; ; ; ; ; ; ; ; ; ; ; ; ; ; ; ; ; ; ; ; ; ; ; ; ; ; 
MEF;20200117;IT0005321325;20380901;-1200000;;0;17700; ;17700; ;17700; ;17700; ;17700; ;17700; ;17700; ;17700; ;17700; ;17700; ;17700; ;17700; ;17700; ;17700; ;17700; ;17700; ;17700; ;17700; ;17700; ;17700; ;17700; ;17700; ;17700; ;17700; ;1217700; ; ; ; ; ; ; ; ; ; ; ; ; ; ; ; ; ; ; ; ; ; ; ; ; ; ; ; ; ; ; ; ; ; ; ; ; ; ; ; ; ; ; ; ; ; ; ; ; ; ; ; ; ; ; ; ; ; ; ; ; ; ; ; ; 
MEF;20200121;IT0004889033;20280901;500000;;0;-11875; ;-11875; ;-11875; ;-11875; ;-511875; ; ; ; ; ; ; ; ; ; ; ; ; ; ; ; ; ; ; ; ; ; ; ; ; ; ; ; ; ; ; ; ; ; ; ; ; ; ; ; ; ; ; ; ; ; ; ; ; ; ; ; ; ; ; ; ; ; ; ; ; ; ; ; ; ; ; ; ; ; ; ; ; ; ; ; ; ; ; ; ; ; ; ; ; ; ; ; ; ; ; ; ; ; ; ; ; ; ; ; ; ; ; ; ; 
MEF;20200220;IT0004923998;20440901;17000000;;0;-403750; ;-403750; ;-403750; ;-403750; ;-403750; ;-403750; ;-403750; ;-403750; ;-403750; ;-403750; ;-403750; ;-403750; ;-403750; ;-403750; ;-403750; ;-403750; ;-403750; ;-403750; ;-403750; ;-403750; ;-403750; ;-403750; ;-403750; ;-403750; ;-403750; ;-403750; ;-403750; ;-403750; ;-403750; ;-403750; ;-403750; ;-403750;-403750;-403750;-403750;-403750;-17403750; ; ; ; ; ; ; ; ; ; ; ; ; ; ; ; ; ; ; ; ; ; ; ; ; ; ; ; ; ; ; ; ; ; ; ; ; ; ; ; ; ; ; ; ; ; 
MEF;20200221;IT0005273013;20480301;14000000;;0;-241500; ;-241500; ;-241500; ;-241500; ;-241500; ;-241500; ;-241500; ;-241500; ;-241500; ;-241500; ;-241500; ;-241500; ;-241500; ;-241500; ;-241500; ;-241500; ;-241500; ;-241500; ;-241500; ;-241500; ;-241500; ;-241500; ;-241500; ;-241500; ;-241500; ;-241500; ;-241500; ;-241500; ;-241500; ;-241500; ;-241500; ;-241500;-241500;-241500;-241500;-241500;-241500;-241500;-241500;-241500;-241500;-241500;-241500;-14241500; ; ; ; ; ; ; ; ; ; ; ; ; ; ; ; ; ; ; ; ; ; ; ; ; ; ; ; ; ; ; ; ; ; ; ; ; ; ; 
MEF;20200221;IT0005358806;20350301;25000000;;0;-418750; ;-418750; ;-418750; ;-418750; ;-418750; ;-418750; ;-418750; ;-418750; ;-418750; ;-418750; ;-418750; ;-418750; ;-418750; ;-418750; ;-418750; ;-418750; ;-418750; ;-25418750; ; ; ; ; ; ; ; ; ; ; ; ; ; ; ; ; ; ; ; ; ; ; ; ; ; ; ; ; ; ; ; ; ; ; ; ; ; ; ; ; ; ; ; ; ; ; ; ; ; ; ; ; ; ; ; ; ; ; ; ; ; ; ; ; ; ; ; ; ; ; ; ; ; ; ; ; ; ; 
MEF;20200302;IT0004923998;20440901;30000000;;0;-712500; ;-712500; ;-712500; ;-712500; ;-712500; ;-712500; ;-712500; ;-712500; ;-712500; ;-712500; ;-712500; ;-712500; ;-712500; ;-712500; ;-712500; ;-712500; ;-712500; ;-712500; ;-712500; ;-712500; ;-712500; ;-712500; ;-712500; ;-712500; ;-712500; ;-712500; ;-712500; ;-712500; ;-712500; ;-712500; ;-712500; ;-712500;-712500;-712500;-712500;-712500;-30712500; ; ; ; ; ; ; ; ; ; ; ; ; ; ; ; ; ; ; ; ; ; ; ; ; ; ; ; ; ; ; ; ; ; ; ; ; ; ; ; ; ; ; ; ; ; 
MEF;20200302;IT0005363111;20490901;13700000;;0;-263725; ;-263725; ;-263725; ;-263725; ;-263725; ;-263725; ;-263725; ;-263725; ;-263725; ;-263725; ;-263725; ;-263725; ;-263725; ;-263725; ;-263725; ;-263725; ;-263725; ;-263725; ;-263725; ;-263725; ;-263725; ;-263725; ;-263725; ;-263725; ;-263725; ;-263725; ;-263725; ;-263725; ;-263725; ;-263725; ;-263725; ;-263725;-263725;-263725;-263725;-263725;-263725;-263725;-263725;-263725;-263725;-263725;-263725;-263725;-263725;-263725;-13963725; ; ; ; ; ; ; ; ; ; ; ; ; ; ; ; ; ; ; ; ; ; ; ; ; ; ; ; ; ; ; ; ; ; ; ; 
MEF;20200304;IT0004889033;20280901;2300000;;0;-54625; ;-54625; ;-54625; ;-54625; ;-2354625; ; ; ; ; ; ; ; ; ; ; ; ; ; ; ; ; ; ; ; ; ; ; ; ; ; ; ; ; ; ; ; ; ; ; ; ; ; ; ; ; ; ; ; ; ; ; ; ; ; ; ; ; ; ; ; ; ; ; ; ; ; ; ; ; ; ; ; ; ; ; ; ; ; ; ; ; ; ; ; ; ; ; ; ; ; ; ; ; ; ; ; ; ; ; ; ; ; ; ; ; ; ; ; ; 
MEF;20200306;IT0004923998;20440901;-17300000;;0;410875; ;410875; ;410875; ;410875; ;410875; ;410875; ;410875; ;410875; ;410875; ;410875; ;410875; ;410875; ;410875; ;410875; ;410875; ;410875; ;410875; ;410875; ;410875; ;410875; ;410875; ;410875; ;410875; ;410875; ;410875; ;410875; ;410875; ;410875; ;410875; ;410875; ;410875; ;410875;410875;410875;410875;410875;17710875; ; ; ; ; ; ; ; ; ; ; ; ; ; ; ; ; ; ; ; ; ; ; ; ; ; ; ; ; ; ; ; ; ; ; ; ; ; ; ; ; ; ; ; ; ; 
MEF;20200306;IT0005273013;20480301;-2300000;;0;39675; ;39675; ;39675; ;39675; ;39675; ;39675; ;39675; ;39675; ;39675; ;39675; ;39675; ;39675; ;39675; ;39675; ;39675; ;39675; ;39675; ;39675; ;39675; ;39675; ;39675; ;39675; ;39675; ;39675; ;39675; ;39675; ;39675; ;39675; ;39675; ;39675; ;39675; ;39675;39675;39675;39675;39675;39675;39675;39675;39675;39675;39675;39675;2339675; ; ; ; ; ; ; ; ; ; ; ; ; ; ; ; ; ; ; ; ; ; ; ; ; ; ; ; ; ; ; ; ; ; ; ; ; ; ; 
MEF;20200311;IT0005363111;20490901;-13700000;;0;263725; ;263725; ;263725; ;263725; ;263725; ;263725; ;263725; ;263725; ;263725; ;263725; ;263725; ;263725; ;263725; ;263725; ;263725; ;263725; ;263725; ;263725; ;263725; ;263725; ;263725; ;263725; ;263725; ;263725; ;263725; ;263725; ;263725; ;263725; ;263725; ;263725; ;263725; ;263725;263725;263725;263725;263725;263725;263725;263725;263725;263725;263725;263725;263725;263725;263725;13963725; ; ; ; ; ; ; ; ; ; ; ; ; ; ; ; ; ; ; ; ; ; ; ; ; ; ; ; ; ; ; ; ; ; ; ; 
MEF;20200318;IT0004889033;20280901;1000000;;0;-23750; ;-23750; ;-23750; ;-23750; ;-1023750; ; ; ; ; ; ; ; ; ; ; ; ; ; ; ; ; ; ; ; ; ; ; ; ; ; ; ; ; ; ; ; ; ; ; ; ; ; ; ; ; ; ; ; ; ; ; ; ; ; ; ; ; ; ; ; ; ; ; ; ; ; ; ; ; ; ; ; ; ; ; ; ; ; ; ; ; ; ; ; ; ; ; ; ; ; ; ; ; ; ; ; ; ; ; ; ; ; ; ; ; ; ; ; ; 
MEF;20200318;IT0004923998;20440901;1000000;;0;-23750; ;-23750; ;-23750; ;-23750; ;-23750; ;-23750; ;-23750; ;-23750; ;-23750; ;-23750; ;-23750; ;-23750; ;-23750; ;-23750; ;-23750; ;-23750; ;-23750; ;-23750; ;-23750; ;-23750; ;-23750; ;-23750; ;-23750; ;-23750; ;-23750; ;-23750; ;-23750; ;-23750; ;-23750; ;-23750; ;-23750; ;-23750;-23750;-23750;-23750;-23750;-1023750; ; ; ; ; ; ; ; ; ; ; ; ; ; ; ; ; ; ; ; ; ; ; ; ; ; ; ; ; ; ; ; ; ; ; ; ; ; ; ; ; ; ; ; ; ; 
MEF;20200318;IT0005217390;20670301;39100000;;0;-547400; ;-547400; ;-547400; ;-547400; ;-547400; ;-547400; ;-547400; ;-547400; ;-547400; ;-547400; ;-547400; ;-547400; ;-547400; ;-547400; ;-547400; ;-547400; ;-547400; ;-547400; ;-547400; ;-547400; ;-547400; ;-547400; ;-547400; ;-547400; ;-547400; ;-547400; ;-547400; ;-547400; ;-547400; ;-547400; ;-547400; ;-547400;-547400;-547400;-547400;-547400;-547400;-547400;-547400;-547400;-547400;-547400;-547400;-547400;-547400;-547400;-547400;-547400;-547400;-547400;-547400;-547400;-547400;-547400;-547400;-547400;-547400;-547400;-547400;-547400;-547400;-547400;-547400;-547400;-547400;-547400;-547400;-547400;-547400;-547400;-547400;-547400;-547400;-547400;-547400;-547400;-547400;-547400;-547400;-547400;-547400;-39647400; 
MEF;20200319;IT0004923998;20440901;-1000000;;0;23750; ;23750; ;23750; ;23750; ;23750; ;23750; ;23750; ;23750; ;23750; ;23750; ;23750; ;23750; ;23750; ;23750; ;23750; ;23750; ;23750; ;23750; ;23750; ;23750; ;23750; ;23750; ;23750; ;23750; ;23750; ;23750; ;23750; ;23750; ;23750; ;23750; ;23750; ;23750;23750;23750;23750;23750;1023750; ; ; ; ; ; ; ; ; ; ; ; ; ; ; ; ; ; ; ; ; ; ; ; ; ; ; ; ; ; ; ; ; ; ; ; ; ; ; ; ; ; ; ; ; ; 
MEF;20200319;IT0005024234;20300301;-1000000;;0;17500; ;17500; ;17500; ;17500; ;17500; ;17500; ;17500; ;1017500; ; ; ; ; ; ; ; ; ; ; ; ; ; ; ; ; ; ; ; ; ; ; ; ; ; ; ; ; ; ; ; ; ; ; ; ; ; ; ; ; ; ; ; ; ; ; ; ; ; ; ; ; ; ; ; ; ; ; ; ; ; ; ; ; ; ; ; ; ; ; ; ; ; ; ; ; ; ; ; ; ; ; ; ; ; ; ; ; ; ; ; ; ; ; ; ; ; ; 
MEF;20200319;IT0005083057;20460901;-1000000;;0;16250; ;16250; ;16250; ;16250; ;16250; ;16250; ;16250; ;16250; ;16250; ;16250; ;16250; ;16250; ;16250; ;16250; ;16250; ;16250; ;16250; ;16250; ;16250; ;16250; ;16250; ;16250; ;16250; ;16250; ;16250; ;16250; ;16250; ;16250; ;16250; ;16250; ;16250; ;16250;16250;16250;16250;16250;16250;16250;16250;16250;1016250; ; ; ; ; ; ; ; ; ; ; ; ; ; ; ; ; ; ; ; ; ; ; ; ; ; ; ; ; ; ; ; ; ; ; ; ; ; ; ; ; ; 
MEF;20200319;IT0005094088;20320301;-2000000;;0;16500; ;16500; ;16500; ;16500; ;16500; ;16500; ;16500; ;16500; ;16500; ;16500; ;16500; ;2016500; ; ; ; ; ; ; ; ; ; ; ; ; ; ; ; ; ; ; ; ; ; ; ; ; ; ; ; ; ; ; ; ; ; ; ; ; ; ; ; ; ; ; ; ; ; ; ; ; ; ; ; ; ; ; ; ; ; ; ; ; ; ; ; ; ; ; ; ; ; ; ; ; ; ; ; ; ; ; ; ; ; ; ; ; ; ; ; ; ; ; 
MEF;20200319;IT0005177909;20360901;-1000000;;0;11250; ;11250; ;11250; ;11250; ;11250; ;11250; ;11250; ;11250; ;11250; ;11250; ;11250; ;11250; ;11250; ;11250; ;11250; ;11250; ;11250; ;11250; ;11250; ;11250; ;1011250; ; ; ; ; ; ; ; ; ; ; ; ; ; ; ; ; ; ; ; ; ; ; ; ; ; ; ; ; ; ; ; ; ; ; ; ; ; ; ; ; ; ; ; ; ; ; ; ; ; ; ; ; ; ; ; ; ; ; ; ; ; ; ; ; ; ; ; ; ; ; ; ; 
MEF;20200319;IT0005240350;20330901;-2000000;;0;24500; ;24500; ;24500; ;24500; ;24500; ;24500; ;24500; ;24500; ;24500; ;24500; ;24500; ;24500; ;24500; ;24500; ;2024500; ; ; ; ; ; ; ; ; ; ; ; ; ; ; ; ; ; ; ; ; ; ; ; ; ; ; ; ; ; ; ; ; ; ; ; ; ; ; ; ; ; ; ; ; ; ; ; ; ; ; ; ; ; ; ; ; ; ; ; ; ; ; ; ; ; ; ; ; ; ; ; ; ; ; ; ; ; ; ; ; ; ; ; ; 
MEF;20200319;IT0005321325;20380901;-1000000;;0;14750; ;14750; ;14750; ;14750; ;14750; ;14750; ;14750; ;14750; ;14750; ;14750; ;14750; ;14750; ;14750; ;14750; ;14750; ;14750; ;14750; ;14750; ;14750; ;14750; ;14750; ;14750; ;14750; ;14750; ;1014750; ; ; ; ; ; ; ; ; ; ; ; ; ; ; ; ; ; ; ; ; ; ; ; ; ; ; ; ; ; ; ; ; ; ; ; ; ; ; ; ; ; ; ; ; ; ; ; ; ; ; ; ; ; ; ; ; ; ; ; ; ; ; ; ; 
MEF;20200319;IT0005358806;20350301;-1000000;;0;16750; ;16750; ;16750; ;16750; ;16750; ;16750; ;16750; ;16750; ;16750; ;16750; ;16750; ;16750; ;16750; ;16750; ;16750; ;16750; ;16750; ;1016750; ; ; ; ; ; ; ; ; ; ; ; ; ; ; ; ; ; ; ; ; ; ; ; ; ; ; ; ; ; ; ; ; ; ; ; ; ; ; ; ; ; ; ; ; ; ; ; ; ; ; ; ; ; ; ; ; ; ; ; ; ; ; ; ; ; ; ; ; ; ; ; ; ; ; ; ; ; ; 
MEF;20200319;IT0005377152;20400301;-1000000;;0;15500; ;15500; ;15500; ;15500; ;15500; ;15500; ;15500; ;15500; ;15500; ;15500; ;15500; ;15500; ;15500; ;15500; ;15500; ;15500; ;15500; ;15500; ;15500; ;15500; ;15500; ;15500; ;15500; ;15500; ;15500; ;15500; ;15500; ;1015500; ; ; ; ; ; ; ; ; ; ; ; ; ; ; ; ; ; ; ; ; ; ; ; ; ; ; ; ; ; ; ; ; ; ; ; ; ; ; ; ; ; ; ; ; ; ; ; ; ; ; ; ; ; ; ; ; ; ; 
MEF;20200320;IT0005024234;20300301;-1100000;;0;19250; ;19250; ;19250; ;19250; ;19250; ;19250; ;19250; ;1119250; ; ; ; ; ; ; ; ; ; ; ; ; ; ; ; ; ; ; ; ; ; ; ; ; ; ; ; ; ; ; ; ; ; ; ; ; ; ; ; ; ; ; ; ; ; ; ; ; ; ; ; ; ; ; ; ; ; ; ; ; ; ; ; ; ; ; ; ; ; ; ; ; ; ; ; ; ; ; ; ; ; ; ; ; ; ; ; ; ; ; ; ; ; ; ; ; ; ; 
MEF;20200320;IT0005094088;20320301;-1100000;;0;9075; ;9075; ;9075; ;9075; ;9075; ;9075; ;9075; ;9075; ;9075; ;9075; ;9075; ;1109075; ; ; ; ; ; ; ; ; ; ; ; ; ; ; ; ; ; ; ; ; ; ; ; ; ; ; ; ; ; ; ; ; ; ; ; ; ; ; ; ; ; ; ; ; ; ; ; ; ; ; ; ; ; ; ; ; ; ; ; ; ; ; ; ; ; ; ; ; ; ; ; ; ; ; ; ; ; ; ; ; ; ; ; ; ; ; ; ; ; ; 
MEF;20200320;IT0005177909;20360901;-1100000;;0;12375; ;12375; ;12375; ;12375; ;12375; ;12375; ;12375; ;12375; ;12375; ;12375; ;12375; ;12375; ;12375; ;12375; ;12375; ;12375; ;12375; ;12375; ;12375; ;12375; ;1112375; ; ; ; ; ; ; ; ; ; ; ; ; ; ; ; ; ; ; ; ; ; ; ; ; ; ; ; ; ; ; ; ; ; ; ; ; ; ; ; ; ; ; ; ; ; ; ; ; ; ; ; ; ; ; ; ; ; ; ; ; ; ; ; ; ; ; ; ; ; ; ; ; 
MEF;20200320;IT0005240350;20330901;-1200000;;0;14700; ;14700; ;14700; ;14700; ;14700; ;14700; ;14700; ;14700; ;14700; ;14700; ;14700; ;14700; ;14700; ;14700; ;1214700; ; ; ; ; ; ; ; ; ; ; ; ; ; ; ; ; ; ; ; ; ; ; ; ; ; ; ; ; ; ; ; ; ; ; ; ; ; ; ; ; ; ; ; ; ; ; ; ; ; ; ; ; ; ; ; ; ; ; ; ; ; ; ; ; ; ; ; ; ; ; ; ; ; ; ; ; ; ; ; ; ; ; ; ; 
MEF;20200320;IT0005377152;20400301;-1100000;;0;17050; ;17050; ;17050; ;17050; ;17050; ;17050; ;17050; ;17050; ;17050; ;17050; ;17050; ;17050; ;17050; ;17050; ;17050; ;17050; ;17050; ;17050; ;17050; ;17050; ;17050; ;17050; ;17050; ;17050; ;17050; ;17050; ;17050; ;1117050; ; ; ; ; ; ; ; ; ; ; ; ; ; ; ; ; ; ; ; ; ; ; ; ; ; ; ; ; ; ; ; ; ; ; ; ; ; ; ; ; ; ; ; ; ; ; ; ; ; ; ; ; ; ; ; ; ; ; 
MEF;20200424;IT0005273013;20480301;40000000;;0;-690000; ;-690000; ;-690000; ;-690000; ;-690000; ;-690000; ;-690000; ;-690000; ;-690000; ;-690000; ;-690000; ;-690000; ;-690000; ;-690000; ;-690000; ;-690000; ;-690000; ;-690000; ;-690000; ;-690000; ;-690000; ;-690000; ;-690000; ;-690000; ;-690000; ;-690000; ;-690000; ;-690000; ;-690000; ;-690000; ;-690000; ;-690000;-690000;-690000;-690000;-690000;-690000;-690000;-690000;-690000;-690000;-690000;-690000;-40690000; ; ; ; ; ; ; ; ; ; ; ; ; ; ; ; ; ; ; ; ; ; ; ; ; ; ; ; ; ; ; ; ; ; ; ; ; ; ; 
MEF;20200424;IT0005273013;20480301;9000000;;0;-155250; ;-155250; ;-155250; ;-155250; ;-155250; ;-155250; ;-155250; ;-155250; ;-155250; ;-155250; ;-155250; ;-155250; ;-155250; ;-155250; ;-155250; ;-155250; ;-155250; ;-155250; ;-155250; ;-155250; ;-155250; ;-155250; ;-155250; ;-155250; ;-155250; ;-155250; ;-155250; ;-155250; ;-155250; ;-155250; ;-155250; ;-155250;-155250;-155250;-155250;-155250;-155250;-155250;-155250;-155250;-155250;-155250;-155250;-9155250; ; ; ; ; ; ; ; ; ; ; ; ; ; ; ; ; ; ; ; ; ; ; ; ; ; ; ; ; ; ; ; ; ; ; ; ; ; ; 
MEF;20200427;IT0005217390;20670301;17800000;;0;-249200; ;-249200; ;-249200; ;-249200; ;-249200; ;-249200; ;-249200; ;-249200; ;-249200; ;-249200; ;-249200; ;-249200; ;-249200; ;-249200; ;-249200; ;-249200; ;-249200; ;-249200; ;-249200; ;-249200; ;-249200; ;-249200; ;-249200; ;-249200; ;-249200; ;-249200; ;-249200; ;-249200; ;-249200; ;-249200; ;-249200; ;-249200;-249200;-249200;-249200;-249200;-249200;-249200;-249200;-249200;-249200;-249200;-249200;-249200;-249200;-249200;-249200;-249200;-249200;-249200;-249200;-249200;-249200;-249200;-249200;-249200;-249200;-249200;-249200;-249200;-249200;-249200;-249200;-249200;-249200;-249200;-249200;-249200;-249200;-249200;-249200;-249200;-249200;-249200;-249200;-249200;-249200;-249200;-249200;-249200;-249200;-18049200; 
MEF;20200430;IT0004923998;20440901;-1000000;;0;23750; ;23750; ;23750; ;23750; ;23750; ;23750; ;23750; ;23750; ;23750; ;23750; ;23750; ;23750; ;23750; ;23750; ;23750; ;23750; ;23750; ;23750; ;23750; ;23750; ;23750; ;23750; ;23750; ;23750; ;23750; ;23750; ;23750; ;23750; ;23750; ;23750; ;23750; ;23750;23750;23750;23750;23750;1023750; ; ; ; ; ; ; ; ; ; ; ; ; ; ; ; ; ; ; ; ; ; ; ; ; ; ; ; ; ; ; ; ; ; ; ; ; ; ; ; ; ; ; ; ; ; 
MEF;20200430;IT0005083057;20460901;-1200000;;0;19500; ;19500; ;19500; ;19500; ;19500; ;19500; ;19500; ;19500; ;19500; ;19500; ;19500; ;19500; ;19500; ;19500; ;19500; ;19500; ;19500; ;19500; ;19500; ;19500; ;19500; ;19500; ;19500; ;19500; ;19500; ;19500; ;19500; ;19500; ;19500; ;19500; ;19500; ;19500;19500;19500;19500;19500;19500;19500;19500;19500;1219500; ; ; ; ; ; ; ; ; ; ; ; ; ; ; ; ; ; ; ; ; ; ; ; ; ; ; ; ; ; ; ; ; ; ; ; ; ; ; ; ; ; 
MEF;20200430;IT0005162828;20470301;-1200000;;0;16200; ;16200; ;16200; ;16200; ;16200; ;16200; ;16200; ;16200; ;16200; ;16200; ;16200; ;16200; ;16200; ;16200; ;16200; ;16200; ;16200; ;16200; ;16200; ;16200; ;16200; ;16200; ;16200; ;16200; ;16200; ;16200; ;16200; ;16200; ;16200; ;16200; ;16200; ;16200;16200;16200;16200;16200;16200;16200;16200;16200;16200;1216200; ; ; ; ; ; ; ; ; ; ; ; ; ; ; ; ; ; ; ; ; ; ; ; ; ; ; ; ; ; ; ; ; ; ; ; ; ; ; ; ; 
MEF;20200430;IT0005321325;20380901;-1200000;;0;17700; ;17700; ;17700; ;17700; ;17700; ;17700; ;17700; ;17700; ;17700; ;17700; ;17700; ;17700; ;17700; ;17700; ;17700; ;17700; ;17700; ;17700; ;17700; ;17700; ;17700; ;17700; ;17700; ;17700; ;1217700; ; ; ; ; ; ; ; ; ; ; ; ; ; ; ; ; ; ; ; ; ; ; ; ; ; ; ; ; ; ; ; ; ; ; ; ; ; ; ; ; ; ; ; ; ; ; ; ; ; ; ; ; ; ; ; ; ; ; ; ; ; ; ; ; 
MEF;20200430;IT0005358806;20350301;-1300000;;0;21775; ;21775; ;21775; ;21775; ;21775; ;21775; ;21775; ;21775; ;21775; ;21775; ;21775; ;21775; ;21775; ;21775; ;21775; ;21775; ;21775; ;1321775; ; ; ; ; ; ; ; ; ; ; ; ; ; ; ; ; ; ; ; ; ; ; ; ; ; ; ; ; ; ; ; ; ; ; ; ; ; ; ; ; ; ; ; ; ; ; ; ; ; ; ; ; ; ; ; ; ; ; ; ; ; ; ; ; ; ; ; ; ; ; ; ; ; ; ; ; ; ; 
MEF;20200505;IT0005162828;20470301;-1000000;;0;13500; ;13500; ;13500; ;13500; ;13500; ;13500; ;13500; ;13500; ;13500; ;13500; ;13500; ;13500; ;13500; ;13500; ;13500; ;13500; ;13500; ;13500; ;13500; ;13500; ;13500; ;13500; ;13500; ;13500; ;13500; ;13500; ;13500; ;13500; ;13500; ;13500; ;13500; ;13500;13500;13500;13500;13500;13500;13500;13500;13500;13500;1013500; ; ; ; ; ; ; ; ; ; ; ; ; ; ; ; ; ; ; ; ; ; ; ; ; ; ; ; ; ; ; ; ; ; ; ; ; ; ; ; ; 
MEF;20200505;IT0005321325;20380901;-1000000;;0;14750; ;14750; ;14750; ;14750; ;14750; ;14750; ;14750; ;14750; ;14750; ;14750; ;14750; ;14750; ;14750; ;14750; ;14750; ;14750; ;14750; ;14750; ;14750; ;14750; ;14750; ;14750; ;14750; ;14750; ;1014750; ; ; ; ; ; ; ; ; ; ; ; ; ; ; ; ; ; ; ; ; ; ; ; ; ; ; ; ; ; ; ; ; ; ; ; ; ; ; ; ; ; ; ; ; ; ; ; ; ; ; ; ; ; ; ; ; ; ; ; ; ; ; ; ; 
MEF;20200505;IT0005358806;20350301;-1000000;;0;16750; ;16750; ;16750; ;16750; ;16750; ;16750; ;16750; ;16750; ;16750; ;16750; ;16750; ;16750; ;16750; ;16750; ;16750; ;16750; ;16750; ;1016750; ; ; ; ; ; ; ; ; ; ; ; ; ; ; ; ; ; ; ; ; ; ; ; ; ; ; ; ; ; ; ; ; ; ; ; ; ; ; ; ; ; ; ; ; ; ; ; ; ; ; ; ; ; ; ; ; ; ; ; ; ; ; ; ; ; ; ; ; ; ; ; ; ; ; ; ; ; ; 
MEF;20200505;IT0005377152;20400301;-1000000;;0;15500; ;15500; ;15500; ;15500; ;15500; ;15500; ;15500; ;15500; ;15500; ;15500; ;15500; ;15500; ;15500; ;15500; ;15500; ;15500; ;15500; ;15500; ;15500; ;15500; ;15500; ;15500; ;15500; ;15500; ;15500; ;15500; ;15500; ;1015500; ; ; ; ; ; ; ; ; ; ; ; ; ; ; ; ; ; ; ; ; ; ; ; ; ; ; ; ; ; ; ; ; ; ; ; ; ; ; ; ; ; ; ; ; ; ; ; ; ; ; ; ; ; ; ; ; ; ; 
MEF;20200506;IT0004889033;20280901;-1000000;;0;23750; ;23750; ;23750; ;23750; ;1023750; ; ; ; ; ; ; ; ; ; ; ; ; ; ; ; ; ; ; ; ; ; ; ; ; ; ; ; ; ; ; ; ; ; ; ; ; ; ; ; ; ; ; ; ; ; ; ; ; ; ; ; ; ; ; ; ; ; ; ; ; ; ; ; ; ; ; ; ; ; ; ; ; ; ; ; ; ; ; ; ; ; ; ; ; ; ; ; ; ; ; ; ; ; ; ; ; ; ; ; ; ; ; ; ; 
MEF;20200506;IT0004923998;20440901;-1000000;;0;23750; ;23750; ;23750; ;23750; ;23750; ;23750; ;23750; ;23750; ;23750; ;23750; ;23750; ;23750; ;23750; ;23750; ;23750; ;23750; ;23750; ;23750; ;23750; ;23750; ;23750; ;23750; ;23750; ;23750; ;23750; ;23750; ;23750; ;23750; ;23750; ;23750; ;23750; ;23750;23750;23750;23750;23750;1023750; ; ; ; ; ; ; ; ; ; ; ; ; ; ; ; ; ; ; ; ; ; ; ; ; ; ; ; ; ; ; ; ; ; ; ; ; ; ; ; ; ; ; ; ; ; 
MEF;20200507;IT0004923998;20440901;1000000;;0;-23750; ;-23750; ;-23750; ;-23750; ;-23750; ;-23750; ;-23750; ;-23750; ;-23750; ;-23750; ;-23750; ;-23750; ;-23750; ;-23750; ;-23750; ;-23750; ;-23750; ;-23750; ;-23750; ;-23750; ;-23750; ;-23750; ;-23750; ;-23750; ;-23750; ;-23750; ;-23750; ;-23750; ;-23750; ;-23750; ;-23750; ;-23750;-23750;-23750;-23750;-23750;-1023750; ; ; ; ; ; ; ; ; ; ; ; ; ; ; ; ; ; ; ; ; ; ; ; ; ; ; ; ; ; ; ; ; ; ; ; ; ; ; ; ; ; ; ; ; ; 
MEF;20200519;IT0004889033;20280901;1000000;;0;-23750; ;-23750; ;-23750; ;-23750; ;-1023750; ; ; ; ; ; ; ; ; ; ; ; ; ; ; ; ; ; ; ; ; ; ; ; ; ; ; ; ; ; ; ; ; ; ; ; ; ; ; ; ; ; ; ; ; ; ; ; ; ; ; ; ; ; ; ; ; ; ; ; ; ; ; ; ; ; ; ; ; ; ; ; ; ; ; ; ; ; ; ; ; ; ; ; ; ; ; ; ; ; ; ; ; ; ; ; ; ; ; ; ; ; ; ; ; 
MEF;20200519;IT0005321325;20380901;1000000;;0;-14750; ;-14750; ;-14750; ;-14750; ;-14750; ;-14750; ;-14750; ;-14750; ;-14750; ;-14750; ;-14750; ;-14750; ;-14750; ;-14750; ;-14750; ;-14750; ;-14750; ;-14750; ;-14750; ;-14750; ;-14750; ;-14750; ;-14750; ;-14750; ;-1014750; ; ; ; ; ; ; ; ; ; ; ; ; ; ; ; ; ; ; ; ; ; ; ; ; ; ; ; ; ; ; ; ; ; ; ; ; ; ; ; ; ; ; ; ; ; ; ; ; ; ; ; ; ; ; ; ; ; ; ; ; ; ; ; ; 
MEF;20200519;IT0005358806;20350301;1000000;;0;-16750; ;-16750; ;-16750; ;-16750; ;-16750; ;-16750; ;-16750; ;-16750; ;-16750; ;-16750; ;-16750; ;-16750; ;-16750; ;-16750; ;-16750; ;-16750; ;-16750; ;-1016750; ; ; ; ; ; ; ; ; ; ; ; ; ; ; ; ; ; ; ; ; ; ; ; ; ; ; ; ; ; ; ; ; ; ; ; ; ; ; ; ; ; ; ; ; ; ; ; ; ; ; ; ; ; ; ; ; ; ; ; ; ; ; ; ; ; ; ; ; ; ; ; ; ; ; ; ; ; ; 
MEF;20200519;IT0005377152;20400301;1000000;;0;-15500; ;-15500; ;-15500; ;-15500; ;-15500; ;-15500; ;-15500; ;-15500; ;-15500; ;-15500; ;-15500; ;-15500; ;-15500; ;-15500; ;-15500; ;-15500; ;-15500; ;-15500; ;-15500; ;-15500; ;-15500; ;-15500; ;-15500; ;-15500; ;-15500; ;-15500; ;-15500; ;-1015500; ; ; ; ; ; ; ; ; ; ; ; ; ; ; ; ; ; ; ; ; ; ; ; ; ; ; ; ; ; ; ; ; ; ; ; ; ; ; ; ; ; ; ; ; ; ; ; ; ; ; ; ; ; ; ; ; ; ; 
MEF;20200521;IT0004923998;20440901;-30000000;;0;712500; ;712500; ;712500; ;712500; ;712500; ;712500; ;712500; ;712500; ;712500; ;712500; ;712500; ;712500; ;712500; ;712500; ;712500; ;712500; ;712500; ;712500; ;712500; ;712500; ;712500; ;712500; ;712500; ;712500; ;712500; ;712500; ;712500; ;712500; ;712500; ;712500; ;712500; ;712500;712500;712500;712500;712500;30712500; ; ; ; ; ; ; ; ; ; ; ; ; ; ; ; ; ; ; ; ; ; ; ; ; ; ; ; ; ; ; ; ; ; ; ; ; ; ; ; ; ; ; ; ; ; 
MEF;20200525;IT0004923998;20440901;-1000000;;0;23750; ;23750; ;23750; ;23750; ;23750; ;23750; ;23750; ;23750; ;23750; ;23750; ;23750; ;23750; ;23750; ;23750; ;23750; ;23750; ;23750; ;23750; ;23750; ;23750; ;23750; ;23750; ;23750; ;23750; ;23750; ;23750; ;23750; ;23750; ;23750; ;23750; ;23750; ;23750;23750;23750;23750;23750;1023750; ; ; ; ; ; ; ; ; ; ; ; ; ; ; ; ; ; ; ; ; ; ; ; ; ; ; ; ; ; ; ; ; ; ; ; ; ; ; ; ; ; ; ; ; ; 
MEF;20200526;IT0004923998;20440901;64000000;;0;-1520000; ;-1520000; ;-1520000; ;-1520000; ;-1520000; ;-1520000; ;-1520000; ;-1520000; ;-1520000; ;-1520000; ;-1520000; ;-1520000; ;-1520000; ;-1520000; ;-1520000; ;-1520000; ;-1520000; ;-1520000; ;-1520000; ;-1520000; ;-1520000; ;-1520000; ;-1520000; ;-1520000; ;-1520000; ;-1520000; ;-1520000; ;-1520000; ;-1520000; ;-1520000; ;-1520000; ;-1520000;-1520000;-1520000;-1520000;-1520000;-65520000; ; ; ; ; ; ; ; ; ; ; ; ; ; ; ; ; ; ; ; ; ; ; ; ; ; ; ; ; ; ; ; ; ; ; ; ; ; ; ; ; ; ; ; ; ; 
MEF;20200526;IT0004923998;20440901;65000000;;0;-1543750; ;-1543750; ;-1543750; ;-1543750; ;-1543750; ;-1543750; ;-1543750; ;-1543750; ;-1543750; ;-1543750; ;-1543750; ;-1543750; ;-1543750; ;-1543750; ;-1543750; ;-1543750; ;-1543750; ;-1543750; ;-1543750; ;-1543750; ;-1543750; ;-1543750; ;-1543750; ;-1543750; ;-1543750; ;-1543750; ;-1543750; ;-1543750; ;-1543750; ;-1543750; ;-1543750; ;-1543750;-1543750;-1543750;-1543750;-1543750;-66543750; ; ; ; ; ; ; ; ; ; ; ; ; ; ; ; ; ; ; ; ; ; ; ; ; ; ; ; ; ; ; ; ; ; ; ; ; ; ; ; ; ; ; ; ; ; 
MEF;20200526;IT0005083057;20460901;39000000;;0;-633750; ;-633750; ;-633750; ;-633750; ;-633750; ;-633750; ;-633750; ;-633750; ;-633750; ;-633750; ;-633750; ;-633750; ;-633750; ;-633750; ;-633750; ;-633750; ;-633750; ;-633750; ;-633750; ;-633750; ;-633750; ;-633750; ;-633750; ;-633750; ;-633750; ;-633750; ;-633750; ;-633750; ;-633750; ;-633750; ;-633750; ;-633750;-633750;-633750;-633750;-633750;-633750;-633750;-633750;-633750;-39633750; ; ; ; ; ; ; ; ; ; ; ; ; ; ; ; ; ; ; ; ; ; ; ; ; ; ; ; ; ; ; ; ; ; ; ; ; ; ; ; ; ; 
MEF;20200526;IT0005162828;20470301;40000000;;0;-540000; ;-540000; ;-540000; ;-540000; ;-540000; ;-540000; ;-540000; ;-540000; ;-540000; ;-540000; ;-540000; ;-540000; ;-540000; ;-540000; ;-540000; ;-540000; ;-540000; ;-540000; ;-540000; ;-540000; ;-540000; ;-540000; ;-540000; ;-540000; ;-540000; ;-540000; ;-540000; ;-540000; ;-540000; ;-540000; ;-540000; ;-540000;-540000;-540000;-540000;-540000;-540000;-540000;-540000;-540000;-540000;-40540000; ; ; ; ; ; ; ; ; ; ; ; ; ; ; ; ; ; ; ; ; ; ; ; ; ; ; ; ; ; ; ; ; ; ; ; ; ; ; ; ; 
MEF;20200526;IT0005217390;20670301;20000000;;0;-280000; ;-280000; ;-280000; ;-280000; ;-280000; ;-280000; ;-280000; ;-280000; ;-280000; ;-280000; ;-280000; ;-280000; ;-280000; ;-280000; ;-280000; ;-280000; ;-280000; ;-280000; ;-280000; ;-280000; ;-280000; ;-280000; ;-280000; ;-280000; ;-280000; ;-280000; ;-280000; ;-280000; ;-280000; ;-280000; ;-280000; ;-280000;-280000;-280000;-280000;-280000;-280000;-280000;-280000;-280000;-280000;-280000;-280000;-280000;-280000;-280000;-280000;-280000;-280000;-280000;-280000;-280000;-280000;-280000;-280000;-280000;-280000;-280000;-280000;-280000;-280000;-280000;-280000;-280000;-280000;-280000;-280000;-280000;-280000;-280000;-280000;-280000;-280000;-280000;-280000;-280000;-280000;-280000;-280000;-280000;-280000;-20280000; 
MEF;20200526;IT0005273013;20480301;15000000;;0;-258750; ;-258750; ;-258750; ;-258750; ;-258750; ;-258750; ;-258750; ;-258750; ;-258750; ;-258750; ;-258750; ;-258750; ;-258750; ;-258750; ;-258750; ;-258750; ;-258750; ;-258750; ;-258750; ;-258750; ;-258750; ;-258750; ;-258750; ;-258750; ;-258750; ;-258750; ;-258750; ;-258750; ;-258750; ;-258750; ;-258750; ;-258750;-258750;-258750;-258750;-258750;-258750;-258750;-258750;-258750;-258750;-258750;-258750;-15258750; ; ; ; ; ; ; ; ; ; ; ; ; ; ; ; ; ; ; ; ; ; ; ; ; ; ; ; ; ; ; ; ; ; ; ; ; ; ; 
MEF;20200526;IT0005273013;20480301;19000000;;0;-327750; ;-327750; ;-327750; ;-327750; ;-327750; ;-327750; ;-327750; ;-327750; ;-327750; ;-327750; ;-327750; ;-327750; ;-327750; ;-327750; ;-327750; ;-327750; ;-327750; ;-327750; ;-327750; ;-327750; ;-327750; ;-327750; ;-327750; ;-327750; ;-327750; ;-327750; ;-327750; ;-327750; ;-327750; ;-327750; ;-327750; ;-327750;-327750;-327750;-327750;-327750;-327750;-327750;-327750;-327750;-327750;-327750;-327750;-19327750; ; ; ; ; ; ; ; ; ; ; ; ; ; ; ; ; ; ; ; ; ; ; ; ; ; ; ; ; ; ; ; ; ; ; ; ; ; ; 
MEF;20200526;IT0005363111;20490901;15000000;;0;-288750; ;-288750; ;-288750; ;-288750; ;-288750; ;-288750; ;-288750; ;-288750; ;-288750; ;-288750; ;-288750; ;-288750; ;-288750; ;-288750; ;-288750; ;-288750; ;-288750; ;-288750; ;-288750; ;-288750; ;-288750; ;-288750; ;-288750; ;-288750; ;-288750; ;-288750; ;-288750; ;-288750; ;-288750; ;-288750; ;-288750; ;-288750;-288750;-288750;-288750;-288750;-288750;-288750;-288750;-288750;-288750;-288750;-288750;-288750;-288750;-288750;-15288750; ; ; ; ; ; ; ; ; ; ; ; ; ; ; ; ; ; ; ; ; ; ; ; ; ; ; ; ; ; ; ; ; ; ; ; 
MEF;20200526;IT0005363111;20490901;34000000;;0;-654500; ;-654500; ;-654500; ;-654500; ;-654500; ;-654500; ;-654500; ;-654500; ;-654500; ;-654500; ;-654500; ;-654500; ;-654500; ;-654500; ;-654500; ;-654500; ;-654500; ;-654500; ;-654500; ;-654500; ;-654500; ;-654500; ;-654500; ;-654500; ;-654500; ;-654500; ;-654500; ;-654500; ;-654500; ;-654500; ;-654500; ;-654500;-654500;-654500;-654500;-654500;-654500;-654500;-654500;-654500;-654500;-654500;-654500;-654500;-654500;-654500;-34654500; ; ; ; ; ; ; ; ; ; ; ; ; ; ; ; ; ; ; ; ; ; ; ; ; ; ; ; ; ; ; ; ; ; ; ; 
MEF;20200526;IT0005377152;20400301;20000000;;0;-310000; ;-310000; ;-310000; ;-310000; ;-310000; ;-310000; ;-310000; ;-310000; ;-310000; ;-310000; ;-310000; ;-310000; ;-310000; ;-310000; ;-310000; ;-310000; ;-310000; ;-310000; ;-310000; ;-310000; ;-310000; ;-310000; ;-310000; ;-310000; ;-310000; ;-310000; ;-310000; ;-20310000; ; ; ; ; ; ; ; ; ; ; ; ; ; ; ; ; ; ; ; ; ; ; ; ; ; ; ; ; ; ; ; ; ; ; ; ; ; ; ; ; ; ; ; ; ; ; ; ; ; ; ; ; ; ; ; ; ; ; 
MEF;20200527;IT0004889033;20280901;-3000000;;0;71250; ;71250; ;71250; ;71250; ;3071250; ; ; ; ; ; ; ; ; ; ; ; ; ; ; ; ; ; ; ; ; ; ; ; ; ; ; ; ; ; ; ; ; ; ; ; ; ; ; ; ; ; ; ; ; ; ; ; ; ; ; ; ; ; ; ; ; ; ; ; ; ; ; ; ; ; ; ; ; ; ; ; ; ; ; ; ; ; ; ; ; ; ; ; ; ; ; ; ; ; ; ; ; ; ; ; ; ; ; ; ; ; ; ; ; 
MEF;20200527;IT0004923998;20440901;-1000000;;0;23750; ;23750; ;23750; ;23750; ;23750; ;23750; ;23750; ;23750; ;23750; ;23750; ;23750; ;23750; ;23750; ;23750; ;23750; ;23750; ;23750; ;23750; ;23750; ;23750; ;23750; ;23750; ;23750; ;23750; ;23750; ;23750; ;23750; ;23750; ;23750; ;23750; ;23750; ;23750;23750;23750;23750;23750;1023750; ; ; ; ; ; ; ; ; ; ; ; ; ; ; ; ; ; ; ; ; ; ; ; ; ; ; ; ; ; ; ; ; ; ; ; ; ; ; ; ; ; ; ; ; ; 
MEF;20200527;IT0005024234;20300301;-3000000;;0;52500; ;52500; ;52500; ;52500; ;52500; ;52500; ;52500; ;3052500; ; ; ; ; ; ; ; ; ; ; ; ; ; ; ; ; ; ; ; ; ; ; ; ; ; ; ; ; ; ; ; ; ; ; ; ; ; ; ; ; ; ; ; ; ; ; ; ; ; ; ; ; ; ; ; ; ; ; ; ; ; ; ; ; ; ; ; ; ; ; ; ; ; ; ; ; ; ; ; ; ; ; ; ; ; ; ; ; ; ; ; ; ; ; ; ; ; ; 
MEF;20200527;IT0005083057;20460901;-1000000;;0;16250; ;16250; ;16250; ;16250; ;16250; ;16250; ;16250; ;16250; ;16250; ;16250; ;16250; ;16250; ;16250; ;16250; ;16250; ;16250; ;16250; ;16250; ;16250; ;16250; ;16250; ;16250; ;16250; ;16250; ;16250; ;16250; ;16250; ;16250; ;16250; ;16250; ;16250; ;16250;16250;16250;16250;16250;16250;16250;16250;16250;1016250; ; ; ; ; ; ; ; ; ; ; ; ; ; ; ; ; ; ; ; ; ; ; ; ; ; ; ; ; ; ; ; ; ; ; ; ; ; ; ; ; ; 
MEF;20200527;IT0005094088;20320301;-3000000;;0;24750; ;24750; ;24750; ;24750; ;24750; ;24750; ;24750; ;24750; ;24750; ;24750; ;24750; ;3024750; ; ; ; ; ; ; ; ; ; ; ; ; ; ; ; ; ; ; ; ; ; ; ; ; ; ; ; ; ; ; ; ; ; ; ; ; ; ; ; ; ; ; ; ; ; ; ; ; ; ; ; ; ; ; ; ; ; ; ; ; ; ; ; ; ; ; ; ; ; ; ; ; ; ; ; ; ; ; ; ; ; ; ; ; ; ; ; ; ; ; 
MEF;20200527;IT0005162828;20470301;-1000000;;0;13500; ;13500; ;13500; ;13500; ;13500; ;13500; ;13500; ;13500; ;13500; ;13500; ;13500; ;13500; ;13500; ;13500; ;13500; ;13500; ;13500; ;13500; ;13500; ;13500; ;13500; ;13500; ;13500; ;13500; ;13500; ;13500; ;13500; ;13500; ;13500; ;13500; ;13500; ;13500;13500;13500;13500;13500;13500;13500;13500;13500;13500;1013500; ; ; ; ; ; ; ; ; ; ; ; ; ; ; ; ; ; ; ; ; ; ; ; ; ; ; ; ; ; ; ; ; ; ; ; ; ; ; ; ; 
MEF;20200527;IT0005177909;20360901;-3000000;;0;33750; ;33750; ;33750; ;33750; ;33750; ;33750; ;33750; ;33750; ;33750; ;33750; ;33750; ;33750; ;33750; ;33750; ;33750; ;33750; ;33750; ;33750; ;33750; ;33750; ;3033750; ; ; ; ; ; ; ; ; ; ; ; ; ; ; ; ; ; ; ; ; ; ; ; ; ; ; ; ; ; ; ; ; ; ; ; ; ; ; ; ; ; ; ; ; ; ; ; ; ; ; ; ; ; ; ; ; ; ; ; ; ; ; ; ; ; ; ; ; ; ; ; ; 
MEF;20200527;IT0005240350;20330901;-3000000;;0;36750; ;36750; ;36750; ;36750; ;36750; ;36750; ;36750; ;36750; ;36750; ;36750; ;36750; ;36750; ;36750; ;36750; ;3036750; ; ; ; ; ; ; ; ; ; ; ; ; ; ; ; ; ; ; ; ; ; ; ; ; ; ; ; ; ; ; ; ; ; ; ; ; ; ; ; ; ; ; ; ; ; ; ; ; ; ; ; ; ; ; ; ; ; ; ; ; ; ; ; ; ; ; ; ; ; ; ; ; ; ; ; ; ; ; ; ; ; ; ; ; 
MEF;20200527;IT0005273013;20480301;10000000;;0;-172500; ;-172500; ;-172500; ;-172500; ;-172500; ;-172500; ;-172500; ;-172500; ;-172500; ;-172500; ;-172500; ;-172500; ;-172500; ;-172500; ;-172500; ;-172500; ;-172500; ;-172500; ;-172500; ;-172500; ;-172500; ;-172500; ;-172500; ;-172500; ;-172500; ;-172500; ;-172500; ;-172500; ;-172500; ;-172500; ;-172500; ;-172500;-172500;-172500;-172500;-172500;-172500;-172500;-172500;-172500;-172500;-172500;-172500;-10172500; ; ; ; ; ; ; ; ; ; ; ; ; ; ; ; ; ; ; ; ; ; ; ; ; ; ; ; ; ; ; ; ; ; ; ; ; ; ; 
MEF;20200527;IT0005321325;20380901;-4000000;;0;59000; ;59000; ;59000; ;59000; ;59000; ;59000; ;59000; ;59000; ;59000; ;59000; ;59000; ;59000; ;59000; ;59000; ;59000; ;59000; ;59000; ;59000; ;59000; ;59000; ;59000; ;59000; ;59000; ;59000; ;4059000; ; ; ; ; ; ; ; ; ; ; ; ; ; ; ; ; ; ; ; ; ; ; ; ; ; ; ; ; ; ; ; ; ; ; ; ; ; ; ; ; ; ; ; ; ; ; ; ; ; ; ; ; ; ; ; ; ; ; ; ; ; ; ; ; 
MEF;20200527;IT0005358806;20350301;-4000000;;0;67000; ;67000; ;67000; ;67000; ;67000; ;67000; ;67000; ;67000; ;67000; ;67000; ;67000; ;67000; ;67000; ;67000; ;67000; ;67000; ;67000; ;4067000; ; ; ; ; ; ; ; ; ; ; ; ; ; ; ; ; ; ; ; ; ; ; ; ; ; ; ; ; ; ; ; ; ; ; ; ; ; ; ; ; ; ; ; ; ; ; ; ; ; ; ; ; ; ; ; ; ; ; ; ; ; ; ; ; ; ; ; ; ; ; ; ; ; ; ; ; ; ; 
MEF;20200527;IT0005377152;20400301;-4000000;;0;62000; ;62000; ;62000; ;62000; ;62000; ;62000; ;62000; ;62000; ;62000; ;62000; ;62000; ;62000; ;62000; ;62000; ;62000; ;62000; ;62000; ;62000; ;62000; ;62000; ;62000; ;62000; ;62000; ;62000; ;62000; ;62000; ;62000; ;4062000; ; ; ; ; ; ; ; ; ; ; ; ; ; ; ; ; ; ; ; ; ; ; ; ; ; ; ; ; ; ; ; ; ; ; ; ; ; ; ; ; ; ; ; ; ; ; ; ; ; ; ; ; ; ; ; ; ; ; 
MEF;20200528;IT0004889033;20280901;-1000000;;0;23750; ;23750; ;23750; ;23750; ;1023750; ; ; ; ; ; ; ; ; ; ; ; ; ; ; ; ; ; ; ; ; ; ; ; ; ; ; ; ; ; ; ; ; ; ; ; ; ; ; ; ; ; ; ; ; ; ; ; ; ; ; ; ; ; ; ; ; ; ; ; ; ; ; ; ; ; ; ; ; ; ; ; ; ; ; ; ; ; ; ; ; ; ; ; ; ; ; ; ; ; ; ; ; ; ; ; ; ; ; ; ; ; ; ; ; 
MEF;20200528;IT0005083057;20460901;-1000000;;0;16250; ;16250; ;16250; ;16250; ;16250; ;16250; ;16250; ;16250; ;16250; ;16250; ;16250; ;16250; ;16250; ;16250; ;16250; ;16250; ;16250; ;16250; ;16250; ;16250; ;16250; ;16250; ;16250; ;16250; ;16250; ;16250; ;16250; ;16250; ;16250; ;16250; ;16250; ;16250;16250;16250;16250;16250;16250;16250;16250;16250;1016250; ; ; ; ; ; ; ; ; ; ; ; ; ; ; ; ; ; ; ; ; ; ; ; ; ; ; ; ; ; ; ; ; ; ; ; ; ; ; ; ; ; 
MEF;20200528;IT0005162828;20470301;-1000000;;0;13500; ;13500; ;13500; ;13500; ;13500; ;13500; ;13500; ;13500; ;13500; ;13500; ;13500; ;13500; ;13500; ;13500; ;13500; ;13500; ;13500; ;13500; ;13500; ;13500; ;13500; ;13500; ;13500; ;13500; ;13500; ;13500; ;13500; ;13500; ;13500; ;13500; ;13500; ;13500;13500;13500;13500;13500;13500;13500;13500;13500;13500;1013500; ; ; ; ; ; ; ; ; ; ; ; ; ; ; ; ; ; ; ; ; ; ; ; ; ; ; ; ; ; ; ; ; ; ; ; ; ; ; ; ; 
MEF;20200528;IT0005177909;20360901;-1000000;;0;11250; ;11250; ;11250; ;11250; ;11250; ;11250; ;11250; ;11250; ;11250; ;11250; ;11250; ;11250; ;11250; ;11250; ;11250; ;11250; ;11250; ;11250; ;11250; ;11250; ;1011250; ; ; ; ; ; ; ; ; ; ; ; ; ; ; ; ; ; ; ; ; ; ; ; ; ; ; ; ; ; ; ; ; ; ; ; ; ; ; ; ; ; ; ; ; ; ; ; ; ; ; ; ; ; ; ; ; ; ; ; ; ; ; ; ; ; ; ; ; ; ; ; ; 
MEF;20200528;IT0005240350;20330901;-1000000;;0;12250; ;12250; ;12250; ;12250; ;12250; ;12250; ;12250; ;12250; ;12250; ;12250; ;12250; ;12250; ;12250; ;12250; ;1012250; ; ; ; ; ; ; ; ; ; ; ; ; ; ; ; ; ; ; ; ; ; ; ; ; ; ; ; ; ; ; ; ; ; ; ; ; ; ; ; ; ; ; ; ; ; ; ; ; ; ; ; ; ; ; ; ; ; ; ; ; ; ; ; ; ; ; ; ; ; ; ; ; ; ; ; ; ; ; ; ; ; ; ; ; 
MEF;20200528;IT0005273013;20480301;-1000000;;0;17250; ;17250; ;17250; ;17250; ;17250; ;17250; ;17250; ;17250; ;17250; ;17250; ;17250; ;17250; ;17250; ;17250; ;17250; ;17250; ;17250; ;17250; ;17250; ;17250; ;17250; ;17250; ;17250; ;17250; ;17250; ;17250; ;17250; ;17250; ;17250; ;17250; ;17250; ;17250;17250;17250;17250;17250;17250;17250;17250;17250;17250;17250;17250;1017250; ; ; ; ; ; ; ; ; ; ; ; ; ; ; ; ; ; ; ; ; ; ; ; ; ; ; ; ; ; ; ; ; ; ; ; ; ; ; 
MEF;20200529;IT0004889033;20280901;-2700000;;0;64125; ;64125; ;64125; ;64125; ;2764125; ; ; ; ; ; ; ; ; ; ; ; ; ; ; ; ; ; ; ; ; ; ; ; ; ; ; ; ; ; ; ; ; ; ; ; ; ; ; ; ; ; ; ; ; ; ; ; ; ; ; ; ; ; ; ; ; ; ; ; ; ; ; ; ; ; ; ; ; ; ; ; ; ; ; ; ; ; ; ; ; ; ; ; ; ; ; ; ; ; ; ; ; ; ; ; ; ; ; ; ; ; ; ; ; 
MEF;20200529;IT0004923998;20440901;-2200000;;0;52250; ;52250; ;52250; ;52250; ;52250; ;52250; ;52250; ;52250; ;52250; ;52250; ;52250; ;52250; ;52250; ;52250; ;52250; ;52250; ;52250; ;52250; ;52250; ;52250; ;52250; ;52250; ;52250; ;52250; ;52250; ;52250; ;52250; ;52250; ;52250; ;52250; ;52250; ;52250;52250;52250;52250;52250;2252250; ; ; ; ; ; ; ; ; ; ; ; ; ; ; ; ; ; ; ; ; ; ; ; ; ; ; ; ; ; ; ; ; ; ; ; ; ; ; ; ; ; ; ; ; ; 
MEF;20200529;IT0005024234;20300301;-2300000;;0;40250; ;40250; ;40250; ;40250; ;40250; ;40250; ;40250; ;2340250; ; ; ; ; ; ; ; ; ; ; ; ; ; ; ; ; ; ; ; ; ; ; ; ; ; ; ; ; ; ; ; ; ; ; ; ; ; ; ; ; ; ; ; ; ; ; ; ; ; ; ; ; ; ; ; ; ; ; ; ; ; ; ; ; ; ; ; ; ; ; ; ; ; ; ; ; ; ; ; ; ; ; ; ; ; ; ; ; ; ; ; ; ; ; ; ; ; ; 
MEF;20200529;IT0005094088;20320301;-2300000;;0;18975; ;18975; ;18975; ;18975; ;18975; ;18975; ;18975; ;18975; ;18975; ;18975; ;18975; ;2318975; ; ; ; ; ; ; ; ; ; ; ; ; ; ; ; ; ; ; ; ; ; ; ; ; ; ; ; ; ; ; ; ; ; ; ; ; ; ; ; ; ; ; ; ; ; ; ; ; ; ; ; ; ; ; ; ; ; ; ; ; ; ; ; ; ; ; ; ; ; ; ; ; ; ; ; ; ; ; ; ; ; ; ; ; ; ; ; ; ; ; 
MEF;20200529;IT0005177909;20360901;-2500000;;0;28125; ;28125; ;28125; ;28125; ;28125; ;28125; ;28125; ;28125; ;28125; ;28125; ;28125; ;28125; ;28125; ;28125; ;28125; ;28125; ;28125; ;28125; ;28125; ;28125; ;2528125; ; ; ; ; ; ; ; ; ; ; ; ; ; ; ; ; ; ; ; ; ; ; ; ; ; ; ; ; ; ; ; ; ; ; ; ; ; ; ; ; ; ; ; ; ; ; ; ; ; ; ; ; ; ; ; ; ; ; ; ; ; ; ; ; ; ; ; ; ; ; ; ; 
MEF;20200529;IT0005240350;20330901;-2300000;;0;28175; ;28175; ;28175; ;28175; ;28175; ;28175; ;28175; ;28175; ;28175; ;28175; ;28175; ;28175; ;28175; ;28175; ;2328175; ; ; ; ; ; ; ; ; ; ; ; ; ; ; ; ; ; ; ; ; ; ; ; ; ; ; ; ; ; ; ; ; ; ; ; ; ; ; ; ; ; ; ; ; ; ; ; ; ; ; ; ; ; ; ; ; ; ; ; ; ; ; ; ; ; ; ; ; ; ; ; ; ; ; ; ; ; ; ; ; ; ; ; ; 
MEF;20200529;IT0005321325;20380901;-2100000;;0;30975; ;30975; ;30975; ;30975; ;30975; ;30975; ;30975; ;30975; ;30975; ;30975; ;30975; ;30975; ;30975; ;30975; ;30975; ;30975; ;30975; ;30975; ;30975; ;30975; ;30975; ;30975; ;30975; ;30975; ;2130975; ; ; ; ; ; ; ; ; ; ; ; ; ; ; ; ; ; ; ; ; ; ; ; ; ; ; ; ; ; ; ; ; ; ; ; ; ; ; ; ; ; ; ; ; ; ; ; ; ; ; ; ; ; ; ; ; ; ; ; ; ; ; ; ; 
MEF;20200529;IT0005358806;20350301;-2000000;;0;33500; ;33500; ;33500; ;33500; ;33500; ;33500; ;33500; ;33500; ;33500; ;33500; ;33500; ;33500; ;33500; ;33500; ;33500; ;33500; ;33500; ;2033500; ; ; ; ; ; ; ; ; ; ; ; ; ; ; ; ; ; ; ; ; ; ; ; ; ; ; ; ; ; ; ; ; ; ; ; ; ; ; ; ; ; ; ; ; ; ; ; ; ; ; ; ; ; ; ; ; ; ; ; ; ; ; ; ; ; ; ; ; ; ; ; ; ; ; ; ; ; ; 
MEF;20200529;IT0005363111;20490901;-1000000;;0;19250; ;19250; ;19250; ;19250; ;19250; ;19250; ;19250; ;19250; ;19250; ;19250; ;19250; ;19250; ;19250; ;19250; ;19250; ;19250; ;19250; ;19250; ;19250; ;19250; ;19250; ;19250; ;19250; ;19250; ;19250; ;19250; ;19250; ;19250; ;19250; ;19250; ;19250; ;19250;19250;19250;19250;19250;19250;19250;19250;19250;19250;19250;19250;19250;19250;19250;1019250; ; ; ; ; ; ; ; ; ; ; ; ; ; ; ; ; ; ; ; ; ; ; ; ; ; ; ; ; ; ; ; ; ; ; ; 
MEF;20200529;IT0005377152;20400301;-2500000;;0;38750; ;38750; ;38750; ;38750; ;38750; ;38750; ;38750; ;38750; ;38750; ;38750; ;38750; ;38750; ;38750; ;38750; ;38750; ;38750; ;38750; ;38750; ;38750; ;38750; ;38750; ;38750; ;38750; ;38750; ;38750; ;38750; ;38750; ;2538750; ; ; ; ; ; ; ; ; ; ; ; ; ; ; ; ; ; ; ; ; ; ; ; ; ; ; ; ; ; ; ; ; ; ; ; ; ; ; ; ; ; ; ; ; ; ; ; ; ; ; ; ; ; ; ; ; ; ; 
MEF;20200603;IT0005094088;20320301;2000000;;0;-16500; ;-16500; ;-16500; ;-16500; ;-16500; ;-16500; ;-16500; ;-16500; ;-16500; ;-16500; ;-16500; ;-2016500; ; ; ; ; ; ; ; ; ; ; ; ; ; ; ; ; ; ; ; ; ; ; ; ; ; ; ; ; ; ; ; ; ; ; ; ; ; ; ; ; ; ; ; ; ; ; ; ; ; ; ; ; ; ; ; ; ; ; ; ; ; ; ; ; ; ; ; ; ; ; ; ; ; ; ; ; ; ; ; ; ; ; ; ; ; ; ; ; ; ; 
MEF;20200615;IT0005217390;20670301;17900000;;0;-250600; ;-250600; ;-250600; ;-250600; ;-250600; ;-250600; ;-250600; ;-250600; ;-250600; ;-250600; ;-250600; ;-250600; ;-250600; ;-250600; ;-250600; ;-250600; ;-250600; ;-250600; ;-250600; ;-250600; ;-250600; ;-250600; ;-250600; ;-250600; ;-250600; ;-250600; ;-250600; ;-250600; ;-250600; ;-250600; ;-250600; ;-250600;-250600;-250600;-250600;-250600;-250600;-250600;-250600;-250600;-250600;-250600;-250600;-250600;-250600;-250600;-250600;-250600;-250600;-250600;-250600;-250600;-250600;-250600;-250600;-250600;-250600;-250600;-250600;-250600;-250600;-250600;-250600;-250600;-250600;-250600;-250600;-250600;-250600;-250600;-250600;-250600;-250600;-250600;-250600;-250600;-250600;-250600;-250600;-250600;-250600;-18150600; 
MEF;20200618;IT0004923998;20440901;1300000;;0;-30875; ;-30875; ;-30875; ;-30875; ;-30875; ;-30875; ;-30875; ;-30875; ;-30875; ;-30875; ;-30875; ;-30875; ;-30875; ;-30875; ;-30875; ;-30875; ;-30875; ;-30875; ;-30875; ;-30875; ;-30875; ;-30875; ;-30875; ;-30875; ;-30875; ;-30875; ;-30875; ;-30875; ;-30875; ;-30875; ;-30875; ;-30875;-30875;-30875;-30875;-30875;-1330875; ; ; ; ; ; ; ; ; ; ; ; ; ; ; ; ; ; ; ; ; ; ; ; ; ; ; ; ; ; ; ; ; ; ; ; ; ; ; ; ; ; ; ; ; ; 
MEF;20200619;IT0005162828;20470301;-1000000;;0;13500; ;13500; ;13500; ;13500; ;13500; ;13500; ;13500; ;13500; ;13500; ;13500; ;13500; ;13500; ;13500; ;13500; ;13500; ;13500; ;13500; ;13500; ;13500; ;13500; ;13500; ;13500; ;13500; ;13500; ;13500; ;13500; ;13500; ;13500; ;13500; ;13500; ;13500; ;13500;13500;13500;13500;13500;13500;13500;13500;13500;13500;1013500; ; ; ; ; ; ; ; ; ; ; ; ; ; ; ; ; ; ; ; ; ; ; ; ; ; ; ; ; ; ; ; ; ; ; ; ; ; ; ; ; 
MEF;20200702;IT0004923998;20440901;83000000;;0;-1971250; ;-1971250; ;-1971250; ;-1971250; ;-1971250; ;-1971250; ;-1971250; ;-1971250; ;-1971250; ;-1971250; ;-1971250; ;-1971250; ;-1971250; ;-1971250; ;-1971250; ;-1971250; ;-1971250; ;-1971250; ;-1971250; ;-1971250; ;-1971250; ;-1971250; ;-1971250; ;-1971250; ;-1971250; ;-1971250; ;-1971250; ;-1971250; ;-1971250; ;-1971250; ;-1971250; ;-1971250;-1971250;-1971250;-1971250;-1971250;-84971250; ; ; ; ; ; ; ; ; ; ; ; ; ; ; ; ; ; ; ; ; ; ; ; ; ; ; ; ; ; ; ; ; ; ; ; ; ; ; ; ; ; ; ; ; ; 
MEF;20200710;IT0004889033;20280901;1000000;;0;-23750; ;-23750; ;-23750; ;-23750; ;-1023750; ; ; ; ; ; ; ; ; ; ; ; ; ; ; ; ; ; ; ; ; ; ; ; ; ; ; ; ; ; ; ; ; ; ; ; ; ; ; ; ; ; ; ; ; ; ; ; ; ; ; ; ; ; ; ; ; ; ; ; ; ; ; ; ; ; ; ; ; ; ; ; ; ; ; ; ; ; ; ; ; ; ; ; ; ; ; ; ; ; ; ; ; ; ; ; ; ; ; ; ; ; ; ; ; 
MEF;20200710;IT0005083057;20460901;1000000;;0;-16250; ;-16250; ;-16250; ;-16250; ;-16250; ;-16250; ;-16250; ;-16250; ;-16250; ;-16250; ;-16250; ;-16250; ;-16250; ;-16250; ;-16250; ;-16250; ;-16250; ;-16250; ;-16250; ;-16250; ;-16250; ;-16250; ;-16250; ;-16250; ;-16250; ;-16250; ;-16250; ;-16250; ;-16250; ;-16250; ;-16250; ;-16250;-16250;-16250;-16250;-16250;-16250;-16250;-16250;-16250;-1016250; ; ; ; ; ; ; ; ; ; ; ; ; ; ; ; ; ; ; ; ; ; ; ; ; ; ; ; ; ; ; ; ; ; ; ; ; ; ; ; ; ; 
MEF;20200710;IT0005162828;20470301;1000000;;0;-13500; ;-13500; ;-13500; ;-13500; ;-13500; ;-13500; ;-13500; ;-13500; ;-13500; ;-13500; ;-13500; ;-13500; ;-13500; ;-13500; ;-13500; ;-13500; ;-13500; ;-13500; ;-13500; ;-13500; ;-13500; ;-13500; ;-13500; ;-13500; ;-13500; ;-13500; ;-13500; ;-13500; ;-13500; ;-13500; ;-13500; ;-13500;-13500;-13500;-13500;-13500;-13500;-13500;-13500;-13500;-13500;-1013500; ; ; ; ; ; ; ; ; ; ; ; ; ; ; ; ; ; ; ; ; ; ; ; ; ; ; ; ; ; ; ; ; ; ; ; ; ; ; ; ; 
MEF;20200710;IT0005177909;20360901;1000000;;0;-11250; ;-11250; ;-11250; ;-11250; ;-11250; ;-11250; ;-11250; ;-11250; ;-11250; ;-11250; ;-11250; ;-11250; ;-11250; ;-11250; ;-11250; ;-11250; ;-11250; ;-11250; ;-11250; ;-11250; ;-1011250; ; ; ; ; ; ; ; ; ; ; ; ; ; ; ; ; ; ; ; ; ; ; ; ; ; ; ; ; ; ; ; ; ; ; ; ; ; ; ; ; ; ; ; ; ; ; ; ; ; ; ; ; ; ; ; ; ; ; ; ; ; ; ; ; ; ; ; ; ; ; ; ; 
MEF;20200710;IT0005240350;20330901;1000000;;0;-12250; ;-12250; ;-12250; ;-12250; ;-12250; ;-12250; ;-12250; ;-12250; ;-12250; ;-12250; ;-12250; ;-12250; ;-12250; ;-12250; ;-1012250; ; ; ; ; ; ; ; ; ; ; ; ; ; ; ; ; ; ; ; ; ; ; ; ; ; ; ; ; ; ; ; ; ; ; ; ; ; ; ; ; ; ; ; ; ; ; ; ; ; ; ; ; ; ; ; ; ; ; ; ; ; ; ; ; ; ; ; ; ; ; ; ; ; ; ; ; ; ; ; ; ; ; ; ; 
MEF;20200710;IT0005273013;20480301;1000000;;0;-17250; ;-17250; ;-17250; ;-17250; ;-17250; ;-17250; ;-17250; ;-17250; ;-17250; ;-17250; ;-17250; ;-17250; ;-17250; ;-17250; ;-17250; ;-17250; ;-17250; ;-17250; ;-17250; ;-17250; ;-17250; ;-17250; ;-17250; ;-17250; ;-17250; ;-17250; ;-17250; ;-17250; ;-17250; ;-17250; ;-17250; ;-17250;-17250;-17250;-17250;-17250;-17250;-17250;-17250;-17250;-17250;-17250;-17250;-1017250; ; ; ; ; ; ; ; ; ; ; ; ; ; ; ; ; ; ; ; ; ; ; ; ; ; ; ; ; ; ; ; ; ; ; ; ; ; ; 
MEF;20200710;IT0005358806;20350301;1000000;;0;-16750; ;-16750; ;-16750; ;-16750; ;-16750; ;-16750; ;-16750; ;-16750; ;-16750; ;-16750; ;-16750; ;-16750; ;-16750; ;-16750; ;-16750; ;-16750; ;-16750; ;-1016750; ; ; ; ; ; ; ; ; ; ; ; ; ; ; ; ; ; ; ; ; ; ; ; ; ; ; ; ; ; ; ; ; ; ; ; ; ; ; ; ; ; ; ; ; ; ; ; ; ; ; ; ; ; ; ; ; ; ; ; ; ; ; ; ; ; ; ; ; ; ; ; ; ; ; ; ; ; ; 
MEF;20200713;IT0004923998;20440901;5000000;;0;-118750; ;-118750; ;-118750; ;-118750; ;-118750; ;-118750; ;-118750; ;-118750; ;-118750; ;-118750; ;-118750; ;-118750; ;-118750; ;-118750; ;-118750; ;-118750; ;-118750; ;-118750; ;-118750; ;-118750; ;-118750; ;-118750; ;-118750; ;-118750; ;-118750; ;-118750; ;-118750; ;-118750; ;-118750; ;-118750; ;-118750; ;-118750;-118750;-118750;-118750;-118750;-5118750; ; ; ; ; ; ; ; ; ; ; ; ; ; ; ; ; ; ; ; ; ; ; ; ; ; ; ; ; ; ; ; ; ; ; ; ; ; ; ; ; ; ; ; ; ; 
MEF;20200715;IT0004889033;20280901;3000000;;0;-71250; ;-71250; ;-71250; ;-71250; ;-3071250; ; ; ; ; ; ; ; ; ; ; ; ; ; ; ; ; ; ; ; ; ; ; ; ; ; ; ; ; ; ; ; ; ; ; ; ; ; ; ; ; ; ; ; ; ; ; ; ; ; ; ; ; ; ; ; ; ; ; ; ; ; ; ; ; ; ; ; ; ; ; ; ; ; ; ; ; ; ; ; ; ; ; ; ; ; ; ; ; ; ; ; ; ; ; ; ; ; ; ; ; ; ; ; ; 
MEF;20200715;IT0005363111;20490901;10000000;;0;-192500; ;-192500; ;-192500; ;-192500; ;-192500; ;-192500; ;-192500; ;-192500; ;-192500; ;-192500; ;-192500; ;-192500; ;-192500; ;-192500; ;-192500; ;-192500; ;-192500; ;-192500; ;-192500; ;-192500; ;-192500; ;-192500; ;-192500; ;-192500; ;-192500; ;-192500; ;-192500; ;-192500; ;-192500; ;-192500; ;-192500; ;-192500;-192500;-192500;-192500;-192500;-192500;-192500;-192500;-192500;-192500;-192500;-192500;-192500;-192500;-192500;-10192500; ; ; ; ; ; ; ; ; ; ; ; ; ; ; ; ; ; ; ; ; ; ; ; ; ; ; ; ; ; ; ; ; ; ; ; 
MEF;20200715;IT0005363111;20490901;20000000;;0;-385000; ;-385000; ;-385000; ;-385000; ;-385000; ;-385000; ;-385000; ;-385000; ;-385000; ;-385000; ;-385000; ;-385000; ;-385000; ;-385000; ;-385000; ;-385000; ;-385000; ;-385000; ;-385000; ;-385000; ;-385000; ;-385000; ;-385000; ;-385000; ;-385000; ;-385000; ;-385000; ;-385000; ;-385000; ;-385000; ;-385000; ;-385000;-385000;-385000;-385000;-385000;-385000;-385000;-385000;-385000;-385000;-385000;-385000;-385000;-385000;-385000;-20385000; ; ; ; ; ; ; ; ; ; ; ; ; ; ; ; ; ; ; ; ; ; ; ; ; ; ; ; ; ; ; ; ; ; ; ; 
MEF;20200717;IT0004889033;20280901;-14000000;;0;332500; ;332500; ;332500; ;332500; ;14332500; ; ; ; ; ; ; ; ; ; ; ; ; ; ; ; ; ; ; ; ; ; ; ; ; ; ; ; ; ; ; ; ; ; ; ; ; ; ; ; ; ; ; ; ; ; ; ; ; ; ; ; ; ; ; ; ; ; ; ; ; ; ; ; ; ; ; ; ; ; ; ; ; ; ; ; ; ; ; ; ; ; ; ; ; ; ; ; ; ; ; ; ; ; ; ; ; ; ; ; ; ; ; ; ; 
MEF;20200720;IT0005363111;20490901;-29000000;;0;558250; ;558250; ;558250; ;558250; ;558250; ;558250; ;558250; ;558250; ;558250; ;558250; ;558250; ;558250; ;558250; ;558250; ;558250; ;558250; ;558250; ;558250; ;558250; ;558250; ;558250; ;558250; ;558250; ;558250; ;558250; ;558250; ;558250; ;558250; ;558250; ;558250; ;558250; ;558250;558250;558250;558250;558250;558250;558250;558250;558250;558250;558250;558250;558250;558250;558250;29558250; ; ; ; ; ; ; ; ; ; ; ; ; ; ; ; ; ; ; ; ; ; ; ; ; ; ; ; ; ; ; ; ; ; ; ; 
MEF;20200724;IT0005083057;20460901;-1500000;;0;24375; ;24375; ;24375; ;24375; ;24375; ;24375; ;24375; ;24375; ;24375; ;24375; ;24375; ;24375; ;24375; ;24375; ;24375; ;24375; ;24375; ;24375; ;24375; ;24375; ;24375; ;24375; ;24375; ;24375; ;24375; ;24375; ;24375; ;24375; ;24375; ;24375; ;24375; ;24375;24375;24375;24375;24375;24375;24375;24375;24375;1524375; ; ; ; ; ; ; ; ; ; ; ; ; ; ; ; ; ; ; ; ; ; ; ; ; ; ; ; ; ; ; ; ; ; ; ; ; ; ; ; ; ; 
MEF;20200724;IT0005273013;20480301;1500000;;0;-25875; ;-25875; ;-25875; ;-25875; ;-25875; ;-25875; ;-25875; ;-25875; ;-25875; ;-25875; ;-25875; ;-25875; ;-25875; ;-25875; ;-25875; ;-25875; ;-25875; ;-25875; ;-25875; ;-25875; ;-25875; ;-25875; ;-25875; ;-25875; ;-25875; ;-25875; ;-25875; ;-25875; ;-25875; ;-25875; ;-25875; ;-25875;-25875;-25875;-25875;-25875;-25875;-25875;-25875;-25875;-25875;-25875;-25875;-1525875; ; ; ; ; ; ; ; ; ; ; ; ; ; ; ; ; ; ; ; ; ; ; ; ; ; ; ; ; ; ; ; ; ; ; ; ; ; ; 
MEF;20200727;IT0004889033;20280901;-3500000;;0;83125; ;83125; ;83125; ;83125; ;3583125; ; ; ; ; ; ; ; ; ; ; ; ; ; ; ; ; ; ; ; ; ; ; ; ; ; ; ; ; ; ; ; ; ; ; ; ; ; ; ; ; ; ; ; ; ; ; ; ; ; ; ; ; ; ; ; ; ; ; ; ; ; ; ; ; ; ; ; ; ; ; ; ; ; ; ; ; ; ; ; ; ; ; ; ; ; ; ; ; ; ; ; ; ; ; ; ; ; ; ; ; ; ; ; ; 
MEF;20200727;IT0004923998;20440901;48400000;;0;-1149500; ;-1149500; ;-1149500; ;-1149500; ;-1149500; ;-1149500; ;-1149500; ;-1149500; ;-1149500; ;-1149500; ;-1149500; ;-1149500; ;-1149500; ;-1149500; ;-1149500; ;-1149500; ;-1149500; ;-1149500; ;-1149500; ;-1149500; ;-1149500; ;-1149500; ;-1149500; ;-1149500; ;-1149500; ;-1149500; ;-1149500; ;-1149500; ;-1149500; ;-1149500; ;-1149500; ;-1149500;-1149500;-1149500;-1149500;-1149500;-49549500; ; ; ; ; ; ; ; ; ; ; ; ; ; ; ; ; ; ; ; ; ; ; ; ; ; ; ; ; ; ; ; ; ; ; ; ; ; ; ; ; ; ; ; ; ; 
MEF;20200727;IT0005024234;20300301;-3500000;;0;61250; ;61250; ;61250; ;61250; ;61250; ;61250; ;61250; ;3561250; ; ; ; ; ; ; ; ; ; ; ; ; ; ; ; ; ; ; ; ; ; ; ; ; ; ; ; ; ; ; ; ; ; ; ; ; ; ; ; ; ; ; ; ; ; ; ; ; ; ; ; ; ; ; ; ; ; ; ; ; ; ; ; ; ; ; ; ; ; ; ; ; ; ; ; ; ; ; ; ; ; ; ; ; ; ; ; ; ; ; ; ; ; ; ; ; ; ; 
MEF;20200727;IT0005094088;20320301;-3600000;;0;29700; ;29700; ;29700; ;29700; ;29700; ;29700; ;29700; ;29700; ;29700; ;29700; ;29700; ;3629700; ; ; ; ; ; ; ; ; ; ; ; ; ; ; ; ; ; ; ; ; ; ; ; ; ; ; ; ; ; ; ; ; ; ; ; ; ; ; ; ; ; ; ; ; ; ; ; ; ; ; ; ; ; ; ; ; ; ; ; ; ; ; ; ; ; ; ; ; ; ; ; ; ; ; ; ; ; ; ; ; ; ; ; ; ; ; ; ; ; ; 
MEF;20200727;IT0005177909;20360901;-3700000;;0;41625; ;41625; ;41625; ;41625; ;41625; ;41625; ;41625; ;41625; ;41625; ;41625; ;41625; ;41625; ;41625; ;41625; ;41625; ;41625; ;41625; ;41625; ;41625; ;41625; ;3741625; ; ; ; ; ; ; ; ; ; ; ; ; ; ; ; ; ; ; ; ; ; ; ; ; ; ; ; ; ; ; ; ; ; ; ; ; ; ; ; ; ; ; ; ; ; ; ; ; ; ; ; ; ; ; ; ; ; ; ; ; ; ; ; ; ; ; ; ; ; ; ; ; 
MEF;20200727;IT0005240350;20330901;-3700000;;0;45325; ;45325; ;45325; ;45325; ;45325; ;45325; ;45325; ;45325; ;45325; ;45325; ;45325; ;45325; ;45325; ;45325; ;3745325; ; ; ; ; ; ; ; ; ; ; ; ; ; ; ; ; ; ; ; ; ; ; ; ; ; ; ; ; ; ; ; ; ; ; ; ; ; ; ; ; ; ; ; ; ; ; ; ; ; ; ; ; ; ; ; ; ; ; ; ; ; ; ; ; ; ; ; ; ; ; ; ; ; ; ; ; ; ; ; ; ; ; ; ; 
MEF;20200727;IT0005321325;20380901;-3800000;;0;56050; ;56050; ;56050; ;56050; ;56050; ;56050; ;56050; ;56050; ;56050; ;56050; ;56050; ;56050; ;56050; ;56050; ;56050; ;56050; ;56050; ;56050; ;56050; ;56050; ;56050; ;56050; ;56050; ;56050; ;3856050; ; ; ; ; ; ; ; ; ; ; ; ; ; ; ; ; ; ; ; ; ; ; ; ; ; ; ; ; ; ; ; ; ; ; ; ; ; ; ; ; ; ; ; ; ; ; ; ; ; ; ; ; ; ; ; ; ; ; ; ; ; ; ; ; 
MEF;20200727;IT0005358806;20350301;-3700000;;0;61975; ;61975; ;61975; ;61975; ;61975; ;61975; ;61975; ;61975; ;61975; ;61975; ;61975; ;61975; ;61975; ;61975; ;61975; ;61975; ;61975; ;3761975; ; ; ; ; ; ; ; ; ; ; ; ; ; ; ; ; ; ; ; ; ; ; ; ; ; ; ; ; ; ; ; ; ; ; ; ; ; ; ; ; ; ; ; ; ; ; ; ; ; ; ; ; ; ; ; ; ; ; ; ; ; ; ; ; ; ; ; ; ; ; ; ; ; ; ; ; ; ; 
MEF;20200727;IT0005377152;20400301;-3900000;;0;60450; ;60450; ;60450; ;60450; ;60450; ;60450; ;60450; ;60450; ;60450; ;60450; ;60450; ;60450; ;60450; ;60450; ;60450; ;60450; ;60450; ;60450; ;60450; ;60450; ;60450; ;60450; ;60450; ;60450; ;60450; ;60450; ;60450; ;3960450; ; ; ; ; ; ; ; ; ; ; ; ; ; ; ; ; ; ; ; ; ; ; ; ; ; ; ; ; ; ; ; ; ; ; ; ; ; ; ; ; ; ; ; ; ; ; ; ; ; ; ; ; ; ; ; ; ; ; 
MEF;20200728;IT0004923998;20440901;98100000;;0;-2329875; ;-2329875; ;-2329875; ;-2329875; ;-2329875; ;-2329875; ;-2329875; ;-2329875; ;-2329875; ;-2329875; ;-2329875; ;-2329875; ;-2329875; ;-2329875; ;-2329875; ;-2329875; ;-2329875; ;-2329875; ;-2329875; ;-2329875; ;-2329875; ;-2329875; ;-2329875; ;-2329875; ;-2329875; ;-2329875; ;-2329875; ;-2329875; ;-2329875; ;-2329875; ;-2329875; ;-2329875;-2329875;-2329875;-2329875;-2329875;-100429875; ; ; ; ; ; ; ; ; ; ; ; ; ; ; ; ; ; ; ; ; ; ; ; ; ; ; ; ; ; ; ; ; ; ; ; ; ; ; ; ; ; ; ; ; ; 
MEF;20200731;IT0004889033;20280901;-2100000;;0;49875; ;49875; ;49875; ;49875; ;2149875; ; ; ; ; ; ; ; ; ; ; ; ; ; ; ; ; ; ; ; ; ; ; ; ; ; ; ; ; ; ; ; ; ; ; ; ; ; ; ; ; ; ; ; ; ; ; ; ; ; ; ; ; ; ; ; ; ; ; ; ; ; ; ; ; ; ; ; ; ; ; ; ; ; ; ; ; ; ; ; ; ; ; ; ; ; ; ; ; ; ; ; ; ; ; ; ; ; ; ; ; ; ; ; ; 
MEF;20200731;IT0005024234;20300301;-2100000;;0;36750; ;36750; ;36750; ;36750; ;36750; ;36750; ;36750; ;2136750; ; ; ; ; ; ; ; ; ; ; ; ; ; ; ; ; ; ; ; ; ; ; ; ; ; ; ; ; ; ; ; ; ; ; ; ; ; ; ; ; ; ; ; ; ; ; ; ; ; ; ; ; ; ; ; ; ; ; ; ; ; ; ; ; ; ; ; ; ; ; ; ; ; ; ; ; ; ; ; ; ; ; ; ; ; ; ; ; ; ; ; ; ; ; ; ; ; ; 
MEF;20200731;IT0005094088;20320301;-2200000;;0;18150; ;18150; ;18150; ;18150; ;18150; ;18150; ;18150; ;18150; ;18150; ;18150; ;18150; ;2218150; ; ; ; ; ; ; ; ; ; ; ; ; ; ; ; ; ; ; ; ; ; ; ; ; ; ; ; ; ; ; ; ; ; ; ; ; ; ; ; ; ; ; ; ; ; ; ; ; ; ; ; ; ; ; ; ; ; ; ; ; ; ; ; ; ; ; ; ; ; ; ; ; ; ; ; ; ; ; ; ; ; ; ; ; ; ; ; ; ; ; 
MEF;20200731;IT0005177909;20360901;-2300000;;0;25875; ;25875; ;25875; ;25875; ;25875; ;25875; ;25875; ;25875; ;25875; ;25875; ;25875; ;25875; ;25875; ;25875; ;25875; ;25875; ;25875; ;25875; ;25875; ;25875; ;2325875; ; ; ; ; ; ; ; ; ; ; ; ; ; ; ; ; ; ; ; ; ; ; ; ; ; ; ; ; ; ; ; ; ; ; ; ; ; ; ; ; ; ; ; ; ; ; ; ; ; ; ; ; ; ; ; ; ; ; ; ; ; ; ; ; ; ; ; ; ; ; ; ; 
MEF;20200731;IT0005240350;20330901;-2100000;;0;25725; ;25725; ;25725; ;25725; ;25725; ;25725; ;25725; ;25725; ;25725; ;25725; ;25725; ;25725; ;25725; ;25725; ;2125725; ; ; ; ; ; ; ; ; ; ; ; ; ; ; ; ; ; ; ; ; ; ; ; ; ; ; ; ; ; ; ; ; ; ; ; ; ; ; ; ; ; ; ; ; ; ; ; ; ; ; ; ; ; ; ; ; ; ; ; ; ; ; ; ; ; ; ; ; ; ; ; ; ; ; ; ; ; ; ; ; ; ; ; ; 
MEF;20200731;IT0005273013;20480301;-3000000;;0;51750; ;51750; ;51750; ;51750; ;51750; ;51750; ;51750; ;51750; ;51750; ;51750; ;51750; ;51750; ;51750; ;51750; ;51750; ;51750; ;51750; ;51750; ;51750; ;51750; ;51750; ;51750; ;51750; ;51750; ;51750; ;51750; ;51750; ;51750; ;51750; ;51750; ;51750; ;51750;51750;51750;51750;51750;51750;51750;51750;51750;51750;51750;51750;3051750; ; ; ; ; ; ; ; ; ; ; ; ; ; ; ; ; ; ; ; ; ; ; ; ; ; ; ; ; ; ; ; ; ; ; ; ; ; ; 
MEF;20200731;IT0005321325;20380901;-2300000;;0;33925; ;33925; ;33925; ;33925; ;33925; ;33925; ;33925; ;33925; ;33925; ;33925; ;33925; ;33925; ;33925; ;33925; ;33925; ;33925; ;33925; ;33925; ;33925; ;33925; ;33925; ;33925; ;33925; ;33925; ;2333925; ; ; ; ; ; ; ; ; ; ; ; ; ; ; ; ; ; ; ; ; ; ; ; ; ; ; ; ; ; ; ; ; ; ; ; ; ; ; ; ; ; ; ; ; ; ; ; ; ; ; ; ; ; ; ; ; ; ; ; ; ; ; ; ; 
MEF;20200731;IT0005358806;20350301;-2200000;;0;36850; ;36850; ;36850; ;36850; ;36850; ;36850; ;36850; ;36850; ;36850; ;36850; ;36850; ;36850; ;36850; ;36850; ;36850; ;36850; ;36850; ;2236850; ; ; ; ; ; ; ; ; ; ; ; ; ; ; ; ; ; ; ; ; ; ; ; ; ; ; ; ; ; ; ; ; ; ; ; ; ; ; ; ; ; ; ; ; ; ; ; ; ; ; ; ; ; ; ; ; ; ; ; ; ; ; ; ; ; ; ; ; ; ; ; ; ; ; ; ; ; ; 
MEF;20200731;IT0005377152;20400301;-2300000;;0;35650; ;35650; ;35650; ;35650; ;35650; ;35650; ;35650; ;35650; ;35650; ;35650; ;35650; ;35650; ;35650; ;35650; ;35650; ;35650; ;35650; ;35650; ;35650; ;35650; ;35650; ;35650; ;35650; ;35650; ;35650; ;35650; ;35650; ;2335650; ; ; ; ; ; ; ; ; ; ; ; ; ; ; ; ; ; ; ; ; ; ; ; ; ; ; ; ; ; ; ; ; ; ; ; ; ; ; ; ; ; ; ; ; ; ; ; ; ; ; ; ; ; ; ; ; ; ; 
MEF;20200820;IT0004923998;20440901;45000000;;0;-1068750; ;-1068750; ;-1068750; ;-1068750; ;-1068750; ;-1068750; ;-1068750; ;-1068750; ;-1068750; ;-1068750; ;-1068750; ;-1068750; ;-1068750; ;-1068750; ;-1068750; ;-1068750; ;-1068750; ;-1068750; ;-1068750; ;-1068750; ;-1068750; ;-1068750; ;-1068750; ;-1068750; ;-1068750; ;-1068750; ;-1068750; ;-1068750; ;-1068750; ;-1068750; ;-1068750; ;-1068750;-1068750;-1068750;-1068750;-1068750;-46068750; ; ; ; ; ; ; ; ; ; ; ; ; ; ; ; ; ; ; ; ; ; ; ; ; ; ; ; ; ; ; ; ; ; ; ; ; ; ; ; ; ; ; ; ; ; 
MEF;20200821;IT0004923998;20440901;97700000;;0;-2320375; ;-2320375; ;-2320375; ;-2320375; ;-2320375; ;-2320375; ;-2320375; ;-2320375; ;-2320375; ;-2320375; ;-2320375; ;-2320375; ;-2320375; ;-2320375; ;-2320375; ;-2320375; ;-2320375; ;-2320375; ;-2320375; ;-2320375; ;-2320375; ;-2320375; ;-2320375; ;-2320375; ;-2320375; ;-2320375; ;-2320375; ;-2320375; ;-2320375; ;-2320375; ;-2320375; ;-2320375;-2320375;-2320375;-2320375;-2320375;-100020375; ; ; ; ; ; ; ; ; ; ; ; ; ; ; ; ; ; ; ; ; ; ; ; ; ; ; ; ; ; ; ; ; ; ; ; ; ; ; ; ; ; ; ; ; ; 
MEF;20200908;IT0005083057;20460901;1000000;;0;-16250; ;-16250; ;-16250; ;-16250; ;-16250; ;-16250; ;-16250; ;-16250; ;-16250; ;-16250; ;-16250; ;-16250; ;-16250; ;-16250; ;-16250; ;-16250; ;-16250; ;-16250; ;-16250; ;-16250; ;-16250; ;-16250; ;-16250; ;-16250; ;-16250; ;-16250; ;-16250; ;-16250; ;-16250; ;-16250; ;-16250; ;-16250;-16250;-16250;-16250;-16250;-16250;-16250;-16250;-16250;-1016250; ; ; ; ; ; ; ; ; ; ; ; ; ; ; ; ; ; ; ; ; ; ; ; ; ; ; ; ; ; ; ; ; ; ; ; ; ; ; ; ; ; 
MEF;20200911;IT0004889033;20280901;-1600000;;0;38000; ;38000; ;38000; ;38000; ;1638000; ; ; ; ; ; ; ; ; ; ; ; ; ; ; ; ; ; ; ; ; ; ; ; ; ; ; ; ; ; ; ; ; ; ; ; ; ; ; ; ; ; ; ; ; ; ; ; ; ; ; ; ; ; ; ; ; ; ; ; ; ; ; ; ; ; ; ; ; ; ; ; ; ; ; ; ; ; ; ; ; ; ; ; ; ; ; ; ; ; ; ; ; ; ; ; ; ; ; ; ; ; ; ; ; 
MEF;20200911;IT0004923998;20440901;-20000000;;0;475000; ;475000; ;475000; ;475000; ;475000; ;475000; ;475000; ;475000; ;475000; ;475000; ;475000; ;475000; ;475000; ;475000; ;475000; ;475000; ;475000; ;475000; ;475000; ;475000; ;475000; ;475000; ;475000; ;475000; ;475000; ;475000; ;475000; ;475000; ;475000; ;475000; ;475000; ;475000;475000;475000;475000;475000;20475000; ; ; ; ; ; ; ; ; ; ; ; ; ; ; ; ; ; ; ; ; ; ; ; ; ; ; ; ; ; ; ; ; ; ; ; ; ; ; ; ; ; ; ; ; ; 
MEF;20200911;IT0005024234;20300301;-1700000;;0;29750; ;29750; ;29750; ;29750; ;29750; ;29750; ;29750; ;1729750; ; ; ; ; ; ; ; ; ; ; ; ; ; ; ; ; ; ; ; ; ; ; ; ; ; ; ; ; ; ; ; ; ; ; ; ; ; ; ; ; ; ; ; ; ; ; ; ; ; ; ; ; ; ; ; ; ; ; ; ; ; ; ; ; ; ; ; ; ; ; ; ; ; ; ; ; ; ; ; ; ; ; ; ; ; ; ; ; ; ; ; ; ; ; ; ; ; ; 
MEF;20200911;IT0005094088;20320301;-1700000;;0;14025; ;14025; ;14025; ;14025; ;14025; ;14025; ;14025; ;14025; ;14025; ;14025; ;14025; ;1714025; ; ; ; ; ; ; ; ; ; ; ; ; ; ; ; ; ; ; ; ; ; ; ; ; ; ; ; ; ; ; ; ; ; ; ; ; ; ; ; ; ; ; ; ; ; ; ; ; ; ; ; ; ; ; ; ; ; ; ; ; ; ; ; ; ; ; ; ; ; ; ; ; ; ; ; ; ; ; ; ; ; ; ; ; ; ; ; ; ; ; 
MEF;20200911;IT0005177909;20360901;-1700000;;0;19125; ;19125; ;19125; ;19125; ;19125; ;19125; ;19125; ;19125; ;19125; ;19125; ;19125; ;19125; ;19125; ;19125; ;19125; ;19125; ;19125; ;19125; ;19125; ;19125; ;1719125; ; ; ; ; ; ; ; ; ; ; ; ; ; ; ; ; ; ; ; ; ; ; ; ; ; ; ; ; ; ; ; ; ; ; ; ; ; ; ; ; ; ; ; ; ; ; ; ; ; ; ; ; ; ; ; ; ; ; ; ; ; ; ; ; ; ; ; ; ; ; ; ; 
MEF;20200911;IT0005240350;20330901;-1700000;;0;20825; ;20825; ;20825; ;20825; ;20825; ;20825; ;20825; ;20825; ;20825; ;20825; ;20825; ;20825; ;20825; ;20825; ;1720825; ; ; ; ; ; ; ; ; ; ; ; ; ; ; ; ; ; ; ; ; ; ; ; ; ; ; ; ; ; ; ; ; ; ; ; ; ; ; ; ; ; ; ; ; ; ; ; ; ; ; ; ; ; ; ; ; ; ; ; ; ; ; ; ; ; ; ; ; ; ; ; ; ; ; ; ; ; ; ; ; ; ; ; ; 
MEF;20200911;IT0005321325;20380901;-1700000;;0;25075; ;25075; ;25075; ;25075; ;25075; ;25075; ;25075; ;25075; ;25075; ;25075; ;25075; ;25075; ;25075; ;25075; ;25075; ;25075; ;25075; ;25075; ;25075; ;25075; ;25075; ;25075; ;25075; ;25075; ;1725075; ; ; ; ; ; ; ; ; ; ; ; ; ; ; ; ; ; ; ; ; ; ; ; ; ; ; ; ; ; ; ; ; ; ; ; ; ; ; ; ; ; ; ; ; ; ; ; ; ; ; ; ; ; ; ; ; ; ; ; ; ; ; ; ; 
MEF;20200911;IT0005358806;20350301;-1700000;;0;28475; ;28475; ;28475; ;28475; ;28475; ;28475; ;28475; ;28475; ;28475; ;28475; ;28475; ;28475; ;28475; ;28475; ;28475; ;28475; ;28475; ;1728475; ; ; ; ; ; ; ; ; ; ; ; ; ; ; ; ; ; ; ; ; ; ; ; ; ; ; ; ; ; ; ; ; ; ; ; ; ; ; ; ; ; ; ; ; ; ; ; ; ; ; ; ; ; ; ; ; ; ; ; ; ; ; ; ; ; ; ; ; ; ; ; ; ; ; ; ; ; ; 
MEF;20200911;IT0005377152;20400301;-1800000;;0;27900; ;27900; ;27900; ;27900; ;27900; ;27900; ;27900; ;27900; ;27900; ;27900; ;27900; ;27900; ;27900; ;27900; ;27900; ;27900; ;27900; ;27900; ;27900; ;27900; ;27900; ;27900; ;27900; ;27900; ;27900; ;27900; ;27900; ;1827900; ; ; ; ; ; ; ; ; ; ; ; ; ; ; ; ; ; ; ; ; ; ; ; ; ; ; ; ; ; ; ; ; ; ; ; ; ; ; ; ; ; ; ; ; ; ; ; ; ; ; ; ; ; ; ; ; ; ; 
MEF;20200911;IT0005398406;20500901;-2400000;;0;29400; ;29400; ;29400; ;29400; ;29400; ;29400; ;29400; ;29400; ;29400; ;29400; ;29400; ;29400; ;29400; ;29400; ;29400; ;29400; ;29400; ;29400; ;29400; ;29400; ;29400; ;29400; ;29400; ;29400; ;29400; ;29400; ;29400; ;29400; ;29400; ;29400; ;29400; ;29400;29400;29400;29400;29400;29400;29400;29400;29400;29400;29400;29400;29400;29400;29400;29400;29400;2429400; ; ; ; ; ; ; ; ; ; ; ; ; ; ; ; ; ; ; ; ; ; ; ; ; ; ; ; ; ; ; ; ; ; 
MEF;20200916;IT0004889033;20280901;-1000000;;0;23750; ;23750; ;23750; ;23750; ;1023750; ; ; ; ; ; ; ; ; ; ; ; ; ; ; ; ; ; ; ; ; ; ; ; ; ; ; ; ; ; ; ; ; ; ; ; ; ; ; ; ; ; ; ; ; ; ; ; ; ; ; ; ; ; ; ; ; ; ; ; ; ; ; ; ; ; ; ; ; ; ; ; ; ; ; ; ; ; ; ; ; ; ; ; ; ; ; ; ; ; ; ; ; ; ; ; ; ; ; ; ; ; ; ; ; 
MEF;20200916;IT0005024234;20300301;-1000000;;0;17500; ;17500; ;17500; ;17500; ;17500; ;17500; ;17500; ;1017500; ; ; ; ; ; ; ; ; ; ; ; ; ; ; ; ; ; ; ; ; ; ; ; ; ; ; ; ; ; ; ; ; ; ; ; ; ; ; ; ; ; ; ; ; ; ; ; ; ; ; ; ; ; ; ; ; ; ; ; ; ; ; ; ; ; ; ; ; ; ; ; ; ; ; ; ; ; ; ; ; ; ; ; ; ; ; ; ; ; ; ; ; ; ; ; ; ; ; 
MEF;20200916;IT0005094088;20320301;-1000000;;0;8250; ;8250; ;8250; ;8250; ;8250; ;8250; ;8250; ;8250; ;8250; ;8250; ;8250; ;1008250; ; ; ; ; ; ; ; ; ; ; ; ; ; ; ; ; ; ; ; ; ; ; ; ; ; ; ; ; ; ; ; ; ; ; ; ; ; ; ; ; ; ; ; ; ; ; ; ; ; ; ; ; ; ; ; ; ; ; ; ; ; ; ; ; ; ; ; ; ; ; ; ; ; ; ; ; ; ; ; ; ; ; ; ; ; ; ; ; ; ; 
MEF;20200916;IT0005177909;20360901;-1000000;;0;11250; ;11250; ;11250; ;11250; ;11250; ;11250; ;11250; ;11250; ;11250; ;11250; ;11250; ;11250; ;11250; ;11250; ;11250; ;11250; ;11250; ;11250; ;11250; ;11250; ;1011250; ; ; ; ; ; ; ; ; ; ; ; ; ; ; ; ; ; ; ; ; ; ; ; ; ; ; ; ; ; ; ; ; ; ; ; ; ; ; ; ; ; ; ; ; ; ; ; ; ; ; ; ; ; ; ; ; ; ; ; ; ; ; ; ; ; ; ; ; ; ; ; ; 
MEF;20200916;IT0005240350;20330901;-1000000;;0;12250; ;12250; ;12250; ;12250; ;12250; ;12250; ;12250; ;12250; ;12250; ;12250; ;12250; ;12250; ;12250; ;12250; ;1012250; ; ; ; ; ; ; ; ; ; ; ; ; ; ; ; ; ; ; ; ; ; ; ; ; ; ; ; ; ; ; ; ; ; ; ; ; ; ; ; ; ; ; ; ; ; ; ; ; ; ; ; ; ; ; ; ; ; ; ; ; ; ; ; ; ; ; ; ; ; ; ; ; ; ; ; ; ; ; ; ; ; ; ; ; 
MEF;20200916;IT0005321325;20380901;-1000000;;0;14750; ;14750; ;14750; ;14750; ;14750; ;14750; ;14750; ;14750; ;14750; ;14750; ;14750; ;14750; ;14750; ;14750; ;14750; ;14750; ;14750; ;14750; ;14750; ;14750; ;14750; ;14750; ;14750; ;14750; ;1014750; ; ; ; ; ; ; ; ; ; ; ; ; ; ; ; ; ; ; ; ; ; ; ; ; ; ; ; ; ; ; ; ; ; ; ; ; ; ; ; ; ; ; ; ; ; ; ; ; ; ; ; ; ; ; ; ; ; ; ; ; ; ; ; ; 
MEF;20200916;IT0005358806;20350301;-1000000;;0;16750; ;16750; ;16750; ;16750; ;16750; ;16750; ;16750; ;16750; ;16750; ;16750; ;16750; ;16750; ;16750; ;16750; ;16750; ;16750; ;16750; ;1016750; ; ; ; ; ; ; ; ; ; ; ; ; ; ; ; ; ; ; ; ; ; ; ; ; ; ; ; ; ; ; ; ; ; ; ; ; ; ; ; ; ; ; ; ; ; ; ; ; ; ; ; ; ; ; ; ; ; ; ; ; ; ; ; ; ; ; ; ; ; ; ; ; ; ; ; ; ; ; 
MEF;20200916;IT0005377152;20400301;-1000000;;0;15500; ;15500; ;15500; ;15500; ;15500; ;15500; ;15500; ;15500; ;15500; ;15500; ;15500; ;15500; ;15500; ;15500; ;15500; ;15500; ;15500; ;15500; ;15500; ;15500; ;15500; ;15500; ;15500; ;15500; ;15500; ;15500; ;15500; ;1015500; ; ; ; ; ; ; ; ; ; ; ; ; ; ; ; ; ; ; ; ; ; ; ; ; ; ; ; ; ; ; ; ; ; ; ; ; ; ; ; ; ; ; ; ; ; ; ; ; ; ; ; ; ; ; ; ; ; ; 
MEF;20200922;IT0005402117;20360301;-6000000;;0;43500; ;43500; ;43500; ;43500; ;43500; ;43500; ;43500; ;43500; ;43500; ;43500; ;43500; ;43500; ;43500; ;43500; ;43500; ;43500; ;43500; ;43500; ;43500; ;6043500; ; ; ; ; ; ; ; ; ; ; ; ; ; ; ; ; ; ; ; ; ; ; ; ; ; ; ; ; ; ; ; ; ; ; ; ; ; ; ; ; ; ; ; ; ; ; ; ; ; ; ; ; ; ; ; ; ; ; ; ; ; ; ; ; ; ; ; ; ; ; ; ; ; ; 
MEF;20201001;IT0005363111;20490901;-1000000;;0;19250; ;19250; ;19250; ;19250; ;19250; ;19250; ;19250; ;19250; ;19250; ;19250; ;19250; ;19250; ;19250; ;19250; ;19250; ;19250; ;19250; ;19250; ;19250; ;19250; ;19250; ;19250; ;19250; ;19250; ;19250; ;19250; ;19250; ;19250; ;19250; ;19250; ;19250; ;19250;19250;19250;19250;19250;19250;19250;19250;19250;19250;19250;19250;19250;19250;19250;1019250; ; ; ; ; ; ; ; ; ; ; ; ; ; ; ; ; ; ; ; ; ; ; ; ; ; ; ; ; ; ; ; ; ; ; ; 
MEF;20201001;IT0005402117;20360301;-6000000;;0;43500; ;43500; ;43500; ;43500; ;43500; ;43500; ;43500; ;43500; ;43500; ;43500; ;43500; ;43500; ;43500; ;43500; ;43500; ;43500; ;43500; ;43500; ;43500; ;6043500; ; ; ; ; ; ; ; ; ; ; ; ; ; ; ; ; ; ; ; ; ; ; ; ; ; ; ; ; ; ; ; ; ; ; ; ; ; ; ; ; ; ; ; ; ; ; ; ; ; ; ; ; ; ; ; ; ; ; ; ; ; ; ; ; ; ; ; ; ; ; ; ; ; ; 
MEF;20201006;IT0004889033;20280901;1000000;;0;-23750; ;-23750; ;-23750; ;-23750; ;-1023750; ; ; ; ; ; ; ; ; ; ; ; ; ; ; ; ; ; ; ; ; ; ; ; ; ; ; ; ; ; ; ; ; ; ; ; ; ; ; ; ; ; ; ; ; ; ; ; ; ; ; ; ; ; ; ; ; ; ; ; ; ; ; ; ; ; ; ; ; ; ; ; ; ; ; ; ; ; ; ; ; ; ; ; ; ; ; ; ; ; ; ; ; ; ; ; ; ; ; ; ; ; ; ; ; 
MEF;20201006;IT0005024234;20300301;1000000;;0;-17500; ;-17500; ;-17500; ;-17500; ;-17500; ;-17500; ;-17500; ;-1017500; ; ; ; ; ; ; ; ; ; ; ; ; ; ; ; ; ; ; ; ; ; ; ; ; ; ; ; ; ; ; ; ; ; ; ; ; ; ; ; ; ; ; ; ; ; ; ; ; ; ; ; ; ; ; ; ; ; ; ; ; ; ; ; ; ; ; ; ; ; ; ; ; ; ; ; ; ; ; ; ; ; ; ; ; ; ; ; ; ; ; ; ; ; ; ; ; ; ; 
MEF;20201006;IT0005094088;20320301;1000000;;0;-8250; ;-8250; ;-8250; ;-8250; ;-8250; ;-8250; ;-8250; ;-8250; ;-8250; ;-8250; ;-8250; ;-1008250; ; ; ; ; ; ; ; ; ; ; ; ; ; ; ; ; ; ; ; ; ; ; ; ; ; ; ; ; ; ; ; ; ; ; ; ; ; ; ; ; ; ; ; ; ; ; ; ; ; ; ; ; ; ; ; ; ; ; ; ; ; ; ; ; ; ; ; ; ; ; ; ; ; ; ; ; ; ; ; ; ; ; ; ; ; ; ; ; ; ; 
MEF;20201006;IT0005177909;20360901;1000000;;0;-11250; ;-11250; ;-11250; ;-11250; ;-11250; ;-11250; ;-11250; ;-11250; ;-11250; ;-11250; ;-11250; ;-11250; ;-11250; ;-11250; ;-11250; ;-11250; ;-11250; ;-11250; ;-11250; ;-11250; ;-1011250; ; ; ; ; ; ; ; ; ; ; ; ; ; ; ; ; ; ; ; ; ; ; ; ; ; ; ; ; ; ; ; ; ; ; ; ; ; ; ; ; ; ; ; ; ; ; ; ; ; ; ; ; ; ; ; ; ; ; ; ; ; ; ; ; ; ; ; ; ; ; ; ; 
MEF;20201006;IT0005240350;20330901;1000000;;0;-12250; ;-12250; ;-12250; ;-12250; ;-12250; ;-12250; ;-12250; ;-12250; ;-12250; ;-12250; ;-12250; ;-12250; ;-12250; ;-12250; ;-1012250; ; ; ; ; ; ; ; ; ; ; ; ; ; ; ; ; ; ; ; ; ; ; ; ; ; ; ; ; ; ; ; ; ; ; ; ; ; ; ; ; ; ; ; ; ; ; ; ; ; ; ; ; ; ; ; ; ; ; ; ; ; ; ; ; ; ; ; ; ; ; ; ; ; ; ; ; ; ; ; ; ; ; ; ; 
MEF;20201006;IT0005321325;20380901;1000000;;0;-14750; ;-14750; ;-14750; ;-14750; ;-14750; ;-14750; ;-14750; ;-14750; ;-14750; ;-14750; ;-14750; ;-14750; ;-14750; ;-14750; ;-14750; ;-14750; ;-14750; ;-14750; ;-14750; ;-14750; ;-14750; ;-14750; ;-14750; ;-14750; ;-1014750; ; ; ; ; ; ; ; ; ; ; ; ; ; ; ; ; ; ; ; ; ; ; ; ; ; ; ; ; ; ; ; ; ; ; ; ; ; ; ; ; ; ; ; ; ; ; ; ; ; ; ; ; ; ; ; ; ; ; ; ; ; ; ; ; 
MEF;20201006;IT0005358806;20350301;1000000;;0;-16750; ;-16750; ;-16750; ;-16750; ;-16750; ;-16750; ;-16750; ;-16750; ;-16750; ;-16750; ;-16750; ;-16750; ;-16750; ;-16750; ;-16750; ;-16750; ;-16750; ;-1016750; ; ; ; ; ; ; ; ; ; ; ; ; ; ; ; ; ; ; ; ; ; ; ; ; ; ; ; ; ; ; ; ; ; ; ; ; ; ; ; ; ; ; ; ; ; ; ; ; ; ; ; ; ; ; ; ; ; ; ; ; ; ; ; ; ; ; ; ; ; ; ; ; ; ; ; ; ; ; 
MEF;20201006;IT0005377152;20400301;1000000;;0;-15500; ;-15500; ;-15500; ;-15500; ;-15500; ;-15500; ;-15500; ;-15500; ;-15500; ;-15500; ;-15500; ;-15500; ;-15500; ;-15500; ;-15500; ;-15500; ;-15500; ;-15500; ;-15500; ;-15500; ;-15500; ;-15500; ;-15500; ;-15500; ;-15500; ;-15500; ;-15500; ;-1015500; ; ; ; ; ; ; ; ; ; ; ; ; ; ; ; ; ; ; ; ; ; ; ; ; ; ; ; ; ; ; ; ; ; ; ; ; ; ; ; ; ; ; ; ; ; ; ; ; ; ; ; ; ; ; ; ; ; ; 
MEF;20201009;IT0004923998;20440901;-9800000;;0;232750; ;232750; ;232750; ;232750; ;232750; ;232750; ;232750; ;232750; ;232750; ;232750; ;232750; ;232750; ;232750; ;232750; ;232750; ;232750; ;232750; ;232750; ;232750; ;232750; ;232750; ;232750; ;232750; ;232750; ;232750; ;232750; ;232750; ;232750; ;232750; ;232750; ;232750; ;232750;232750;232750;232750;232750;10032750; ; ; ; ; ; ; ; ; ; ; ; ; ; ; ; ; ; ; ; ; ; ; ; ; ; ; ; ; ; ; ; ; ; ; ; ; ; ; ; ; ; ; ; ; ; 
MEF;20201009;IT0005402117;20360301;-10500000;;0;76125; ;76125; ;76125; ;76125; ;76125; ;76125; ;76125; ;76125; ;76125; ;76125; ;76125; ;76125; ;76125; ;76125; ;76125; ;76125; ;76125; ;76125; ;76125; ;10576125; ; ; ; ; ; ; ; ; ; ; ; ; ; ; ; ; ; ; ; ; ; ; ; ; ; ; ; ; ; ; ; ; ; ; ; ; ; ; ; ; ; ; ; ; ; ; ; ; ; ; ; ; ; ; ; ; ; ; ; ; ; ; ; ; ; ; ; ; ; ; ; ; ; ; 
MEF;20201013;IT0005083057;20460901;1000000;;0;-16250; ;-16250; ;-16250; ;-16250; ;-16250; ;-16250; ;-16250; ;-16250; ;-16250; ;-16250; ;-16250; ;-16250; ;-16250; ;-16250; ;-16250; ;-16250; ;-16250; ;-16250; ;-16250; ;-16250; ;-16250; ;-16250; ;-16250; ;-16250; ;-16250; ;-16250; ;-16250; ;-16250; ;-16250; ;-16250; ;-16250; ;-16250;-16250;-16250;-16250;-16250;-16250;-16250;-16250;-16250;-1016250; ; ; ; ; ; ; ; ; ; ; ; ; ; ; ; ; ; ; ; ; ; ; ; ; ; ; ; ; ; ; ; ; ; ; ; ; ; ; ; ; ; 
MEF;20201023;IT0005398406;20500901;2000000;;0;-24500; ;-24500; ;-24500; ;-24500; ;-24500; ;-24500; ;-24500; ;-24500; ;-24500; ;-24500; ;-24500; ;-24500; ;-24500; ;-24500; ;-24500; ;-24500; ;-24500; ;-24500; ;-24500; ;-24500; ;-24500; ;-24500; ;-24500; ;-24500; ;-24500; ;-24500; ;-24500; ;-24500; ;-24500; ;-24500; ;-24500; ;-24500;-24500;-24500;-24500;-24500;-24500;-24500;-24500;-24500;-24500;-24500;-24500;-24500;-24500;-24500;-24500;-24500;-2024500; ; ; ; ; ; ; ; ; ; ; ; ; ; ; ; ; ; ; ; ; ; ; ; ; ; ; ; ; ; ; ; ; ; 
MEF;20201027;IT0005363111;20490901;-2000000;;0;38500; ;38500; ;38500; ;38500; ;38500; ;38500; ;38500; ;38500; ;38500; ;38500; ;38500; ;38500; ;38500; ;38500; ;38500; ;38500; ;38500; ;38500; ;38500; ;38500; ;38500; ;38500; ;38500; ;38500; ;38500; ;38500; ;38500; ;38500; ;38500; ;38500; ;38500; ;38500;38500;38500;38500;38500;38500;38500;38500;38500;38500;38500;38500;38500;38500;38500;2038500; ; ; ; ; ; ; ; ; ; ; ; ; ; ; ; ; ; ; ; ; ; ; ; ; ; ; ; ; ; ; ; ; ; ; ; 
MEF;20201104;IT0005398406;20500901;7900000;;0;-96775; ;-96775; ;-96775; ;-96775; ;-96775; ;-96775; ;-96775; ;-96775; ;-96775; ;-96775; ;-96775; ;-96775; ;-96775; ;-96775; ;-96775; ;-96775; ;-96775; ;-96775; ;-96775; ;-96775; ;-96775; ;-96775; ;-96775; ;-96775; ;-96775; ;-96775; ;-96775; ;-96775; ;-96775; ;-96775; ;-96775; ;-96775;-96775;-96775;-96775;-96775;-96775;-96775;-96775;-96775;-96775;-96775;-96775;-96775;-96775;-96775;-96775;-96775;-7996775; ; ; ; ; ; ; ; ; ; ; ; ; ; ; ; ; ; ; ; ; ; ; ; ; ; ; ; ; ; ; ; ; ; 
MEF;20201106;IT0005083057;20460901;-1000000;;0;16250; ;16250; ;16250; ;16250; ;16250; ;16250; ;16250; ;16250; ;16250; ;16250; ;16250; ;16250; ;16250; ;16250; ;16250; ;16250; ;16250; ;16250; ;16250; ;16250; ;16250; ;16250; ;16250; ;16250; ;16250; ;16250; ;16250; ;16250; ;16250; ;16250; ;16250; ;16250;16250;16250;16250;16250;16250;16250;16250;16250;1016250; ; ; ; ; ; ; ; ; ; ; ; ; ; ; ; ; ; ; ; ; ; ; ; ; ; ; ; ; ; ; ; ; ; ; ; ; ; ; ; ; ; 
MEF;20201113;IT0005358806;20350301;-5800000;;0;97150; ;97150; ;97150; ;97150; ;97150; ;97150; ;97150; ;97150; ;97150; ;97150; ;97150; ;97150; ;97150; ;97150; ;97150; ;97150; ;97150; ;5897150; ; ; ; ; ; ; ; ; ; ; ; ; ; ; ; ; ; ; ; ; ; ; ; ; ; ; ; ; ; ; ; ; ; ; ; ; ; ; ; ; ; ; ; ; ; ; ; ; ; ; ; ; ; ; ; ; ; ; ; ; ; ; ; ; ; ; ; ; ; ; ; ; ; ; ; ; ; ; 
MEF;20201116;IT0005321325;20380901;1000000;;0;-14750; ;-14750; ;-14750; ;-14750; ;-14750; ;-14750; ;-14750; ;-14750; ;-14750; ;-14750; ;-14750; ;-14750; ;-14750; ;-14750; ;-14750; ;-14750; ;-14750; ;-14750; ;-14750; ;-14750; ;-14750; ;-14750; ;-14750; ;-14750; ;-1014750; ; ; ; ; ; ; ; ; ; ; ; ; ; ; ; ; ; ; ; ; ; ; ; ; ; ; ; ; ; ; ; ; ; ; ; ; ; ; ; ; ; ; ; ; ; ; ; ; ; ; ; ; ; ; ; ; ; ; ; ; ; ; ; ; 
MEF;20201116;IT0005402117;20360301;1000000;;0;-7250; ;-7250; ;-7250; ;-7250; ;-7250; ;-7250; ;-7250; ;-7250; ;-7250; ;-7250; ;-7250; ;-7250; ;-7250; ;-7250; ;-7250; ;-7250; ;-7250; ;-7250; ;-7250; ;-1007250; ; ; ; ; ; ; ; ; ; ; ; ; ; ; ; ; ; ; ; ; ; ; ; ; ; ; ; ; ; ; ; ; ; ; ; ; ; ; ; ; ; ; ; ; ; ; ; ; ; ; ; ; ; ; ; ; ; ; ; ; ; ; ; ; ; ; ; ; ; ; ; ; ; ; 
MEF;20201117;IT0004923998;20440901;-15000000;;0;356250; ;356250; ;356250; ;356250; ;356250; ;356250; ;356250; ;356250; ;356250; ;356250; ;356250; ;356250; ;356250; ;356250; ;356250; ;356250; ;356250; ;356250; ;356250; ;356250; ;356250; ;356250; ;356250; ;356250; ;356250; ;356250; ;356250; ;356250; ;356250; ;356250; ;356250; ;356250;356250;356250;356250;356250;15356250; ; ; ; ; ; ; ; ; ; ; ; ; ; ; ; ; ; ; ; ; ; ; ; ; ; ; ; ; ; ; ; ; ; ; ; ; ; ; ; ; ; ; ; ; ; 
MEF;20201123;IT0005377152;20400301;-1000000;;0;15500; ;15500; ;15500; ;15500; ;15500; ;15500; ;15500; ;15500; ;15500; ;15500; ;15500; ;15500; ;15500; ;15500; ;15500; ;15500; ;15500; ;15500; ;15500; ;15500; ;15500; ;15500; ;15500; ;15500; ;15500; ;15500; ;15500; ;1015500; ; ; ; ; ; ; ; ; ; ; ; ; ; ; ; ; ; ; ; ; ; ; ; ; ; ; ; ; ; ; ; ; ; ; ; ; ; ; ; ; ; ; ; ; ; ; ; ; ; ; ; ; ; ; ; ; ; ; 
MEF;20201125;IT0004923998;20440901;1000000;;0;-23750; ;-23750; ;-23750; ;-23750; ;-23750; ;-23750; ;-23750; ;-23750; ;-23750; ;-23750; ;-23750; ;-23750; ;-23750; ;-23750; ;-23750; ;-23750; ;-23750; ;-23750; ;-23750; ;-23750; ;-23750; ;-23750; ;-23750; ;-23750; ;-23750; ;-23750; ;-23750; ;-23750; ;-23750; ;-23750; ;-23750; ;-23750;-23750;-23750;-23750;-23750;-1023750; ; ; ; ; ; ; ; ; ; ; ; ; ; ; ; ; ; ; ; ; ; ; ; ; ; ; ; ; ; ; ; ; ; ; ; ; ; ; ; ; ; ; ; ; ; 
MEF;20201127;IT0005363111;20490901;-1400000;;0;26950; ;26950; ;26950; ;26950; ;26950; ;26950; ;26950; ;26950; ;26950; ;26950; ;26950; ;26950; ;26950; ;26950; ;26950; ;26950; ;26950; ;26950; ;26950; ;26950; ;26950; ;26950; ;26950; ;26950; ;26950; ;26950; ;26950; ;26950; ;26950; ;26950; ;26950; ;26950;26950;26950;26950;26950;26950;26950;26950;26950;26950;26950;26950;26950;26950;26950;1426950; ; ; ; ; ; ; ; ; ; ; ; ; ; ; ; ; ; ; ; ; ; ; ; ; ; ; ; ; ; ; ; ; ; ; ; 
MEF;20201127;IT0005402117;20360301;-1100000;;0;7975; ;7975; ;7975; ;7975; ;7975; ;7975; ;7975; ;7975; ;7975; ;7975; ;7975; ;7975; ;7975; ;7975; ;7975; ;7975; ;7975; ;7975; ;7975; ;1107975; ; ; ; ; ; ; ; ; ; ; ; ; ; ; ; ; ; ; ; ; ; ; ; ; ; ; ; ; ; ; ; ; ; ; ; ; ; ; ; ; ; ; ; ; ; ; ; ; ; ; ; ; ; ; ; ; ; ; ; ; ; ; ; ; ; ; ; ; ; ; ; ; ; ; 
MEF;20201202;IT0005358806;20350301;1000000;;0;-16750; ;-16750; ;-16750; ;-16750; ;-16750; ;-16750; ;-16750; ;-16750; ;-16750; ;-16750; ;-16750; ;-16750; ;-16750; ;-16750; ;-16750; ;-16750; ;-16750; ;-1016750; ; ; ; ; ; ; ; ; ; ; ; ; ; ; ; ; ; ; ; ; ; ; ; ; ; ; ; ; ; ; ; ; ; ; ; ; ; ; ; ; ; ; ; ; ; ; ; ; ; ; ; ; ; ; ; ; ; ; ; ; ; ; ; ; ; ; ; ; ; ; ; ; ; ; ; ; ; ; 
MEF;20201202;IT0005402117;20360301;1000000;;0;-7250; ;-7250; ;-7250; ;-7250; ;-7250; ;-7250; ;-7250; ;-7250; ;-7250; ;-7250; ;-7250; ;-7250; ;-7250; ;-7250; ;-7250; ;-7250; ;-7250; ;-7250; ;-7250; ;-1007250; ; ; ; ; ; ; ; ; ; ; ; ; ; ; ; ; ; ; ; ; ; ; ; ; ; ; ; ; ; ; ; ; ; ; ; ; ; ; ; ; ; ; ; ; ; ; ; ; ; ; ; ; ; ; ; ; ; ; ; ; ; ; ; ; ; ; ; ; ; ; ; ; ; ; 
MEF;20201204;IT0004923998;20440901;-15000000;;0;356250; ;356250; ;356250; ;356250; ;356250; ;356250; ;356250; ;356250; ;356250; ;356250; ;356250; ;356250; ;356250; ;356250; ;356250; ;356250; ;356250; ;356250; ;356250; ;356250; ;356250; ;356250; ;356250; ;356250; ;356250; ;356250; ;356250; ;356250; ;356250; ;356250; ;356250; ;356250;356250;356250;356250;356250;15356250; ; ; ; ; ; ; ; ; ; ; ; ; ; ; ; ; ; ; ; ; ; ; ; ; ; ; ; ; ; ; ; ; ; ; ; ; ; ; ; ; ; ; ; ; ; 
MEF;20201204;IT0005024234;20300301;1000000;;0;-17500; ;-17500; ;-17500; ;-17500; ;-17500; ;-17500; ;-17500; ;-1017500; ; ; ; ; ; ; ; ; ; ; ; ; ; ; ; ; ; ; ; ; ; ; ; ; ; ; ; ; ; ; ; ; ; ; ; ; ; ; ; ; ; ; ; ; ; ; ; ; ; ; ; ; ; ; ; ; ; ; ; ; ; ; ; ; ; ; ; ; ; ; ; ; ; ; ; ; ; ; ; ; ; ; ; ; ; ; ; ; ; ; ; ; ; ; ; ; ; ; 
MEF;20201210;IT0004923998;20440901;3000000;;0;-71250; ;-71250; ;-71250; ;-71250; ;-71250; ;-71250; ;-71250; ;-71250; ;-71250; ;-71250; ;-71250; ;-71250; ;-71250; ;-71250; ;-71250; ;-71250; ;-71250; ;-71250; ;-71250; ;-71250; ;-71250; ;-71250; ;-71250; ;-71250; ;-71250; ;-71250; ;-71250; ;-71250; ;-71250; ;-71250; ;-71250; ;-71250;-71250;-71250;-71250;-71250;-3071250; ; ; ; ; ; ; ; ; ; ; ; ; ; ; ; ; ; ; ; ; ; ; ; ; ; ; ; ; ; ; ; ; ; ; ; ; ; ; ; ; ; ; ; ; ; 
MEF;20201215;IT0005377152;20400301;-1000000;;0;15500; ;15500; ;15500; ;15500; ;15500; ;15500; ;15500; ;15500; ;15500; ;15500; ;15500; ;15500; ;15500; ;15500; ;15500; ;15500; ;15500; ;15500; ;15500; ;15500; ;15500; ;15500; ;15500; ;15500; ;15500; ;15500; ;15500; ;1015500; ; ; ; ; ; ; ; ; ; ; ; ; ; ; ; ; ; ; ; ; ; ; ; ; ; ; ; ; ; ; ; ; ; ; ; ; ; ; ; ; ; ; ; ; ; ; ; ; ; ; ; ; ; ; ; ; ; ; 
MEF;20201217;IT0004923998;20440901;1000000;;0;-23750; ;-23750; ;-23750; ;-23750; ;-23750; ;-23750; ;-23750; ;-23750; ;-23750; ;-23750; ;-23750; ;-23750; ;-23750; ;-23750; ;-23750; ;-23750; ;-23750; ;-23750; ;-23750; ;-23750; ;-23750; ;-23750; ;-23750; ;-23750; ;-23750; ;-23750; ;-23750; ;-23750; ;-23750; ;-23750; ;-23750; ;-23750;-23750;-23750;-23750;-23750;-1023750; ; ; ; ; ; ; ; ; ; ; ; ; ; ; ; ; ; ; ; ; ; ; ; ; ; ; ; ; ; ; ; ; ; ; ; ; ; ; ; ; ; ; ; ; ; 
MEF;20201224;IT0005377152;20400301;1000000;;0;-15500; ;-15500; ;-15500; ;-15500; ;-15500; ;-15500; ;-15500; ;-15500; ;-15500; ;-15500; ;-15500; ;-15500; ;-15500; ;-15500; ;-15500; ;-15500; ;-15500; ;-15500; ;-15500; ;-15500; ;-15500; ;-15500; ;-15500; ;-15500; ;-15500; ;-15500; ;-15500; ;-1015500; ; ; ; ; ; ; ; ; ; ; ; ; ; ; ; ; ; ; ; ; ; ; ; ; ; ; ; ; ; ; ; ; ; ; ; ; ; ; ; ; ; ; ; ; ; ; ; ; ; ; ; ; ; ; ; ; ; ; 
MEF;20201228;IT0004923998;20440901;1000000;;0;-23750; ;-23750; ;-23750; ;-23750; ;-23750; ;-23750; ;-23750; ;-23750; ;-23750; ;-23750; ;-23750; ;-23750; ;-23750; ;-23750; ;-23750; ;-23750; ;-23750; ;-23750; ;-23750; ;-23750; ;-23750; ;-23750; ;-23750; ;-23750; ;-23750; ;-23750; ;-23750; ;-23750; ;-23750; ;-23750; ;-23750; ;-23750;-23750;-23750;-23750;-23750;-1023750; ; ; ; ; ; ; ; ; ; ; ; ; ; ; ; ; ; ; ; ; ; ; ; ; ; ; ; ; ; ; ; ; ; ; ; ; ; ; ; ; ; ; ; ; ; 
MEF;20210107;IT0005024234;20300301;1000000;;0;-17500; ;-17500; ;-17500; ;-17500; ;-17500; ;-17500; ;-17500; ;-1017500; ; ; ; ; ; ; ; ; ; ; ; ; ; ; ; ; ; ; ; ; ; ; ; ; ; ; ; ; ; ; ; ; ; ; ; ; ; ; ; ; ; ; ; ; ; ; ; ; ; ; ; ; ; ; ; ; ; ; ; ; ; ; ; ; ; ; ; ; ; ; ; ; ; ; ; ; ; ; ; ; ; ; ; ; ; ; ; ; ; ; ; ; ; ; ; ; ; ; 
MEF;20210114;IT0004889033;20280901;1000000;;0;-23750; ;-23750; ;-23750; ;-23750; ;-1023750; ; ; ; ; ; ; ; ; ; ; ; ; ; ; ; ; ; ; ; ; ; ; ; ; ; ; ; ; ; ; ; ; ; ; ; ; ; ; ; ; ; ; ; ; ; ; ; ; ; ; ; ; ; ; ; ; ; ; ; ; ; ; ; ; ; ; ; ; ; ; ; ; ; ; ; ; ; ; ; ; ; ; ; ; ; ; ; ; ; ; ; ; ; ; ; ; ; ; ; ; ; ; ; ; 
MEF;20210114;IT0004923998;20440901;1000000;;0;-23750; ;-23750; ;-23750; ;-23750; ;-23750; ;-23750; ;-23750; ;-23750; ;-23750; ;-23750; ;-23750; ;-23750; ;-23750; ;-23750; ;-23750; ;-23750; ;-23750; ;-23750; ;-23750; ;-23750; ;-23750; ;-23750; ;-23750; ;-23750; ;-23750; ;-23750; ;-23750; ;-23750; ;-23750; ;-23750; ;-23750; ;-23750;-23750;-23750;-23750;-23750;-1023750; ; ; ; ; ; ; ; ; ; ; ; ; ; ; ; ; ; ; ; ; ; ; ; ; ; ; ; ; ; ; ; ; ; ; ; ; ; ; ; ; ; ; ; ; ; 
MEF;20210114;IT0005083057;20460901;1000000;;0;-16250; ;-16250; ;-16250; ;-16250; ;-16250; ;-16250; ;-16250; ;-16250; ;-16250; ;-16250; ;-16250; ;-16250; ;-16250; ;-16250; ;-16250; ;-16250; ;-16250; ;-16250; ;-16250; ;-16250; ;-16250; ;-16250; ;-16250; ;-16250; ;-16250; ;-16250; ;-16250; ;-16250; ;-16250; ;-16250; ;-16250; ;-16250;-16250;-16250;-16250;-16250;-16250;-16250;-16250;-16250;-1016250; ; ; ; ; ; ; ; ; ; ; ; ; ; ; ; ; ; ; ; ; ; ; ; ; ; ; ; ; ; ; ; ; ; ; ; ; ; ; ; ; ; 
MEF;20210119;IT0005273013;20480301;-11100000;;0;191475; ;191475; ;191475; ;191475; ;191475; ;191475; ;191475; ;191475; ;191475; ;191475; ;191475; ;191475; ;191475; ;191475; ;191475; ;191475; ;191475; ;191475; ;191475; ;191475; ;191475; ;191475; ;191475; ;191475; ;191475; ;191475; ;191475; ;191475; ;191475; ;191475; ;191475; ;191475;191475;191475;191475;191475;191475;191475;191475;191475;191475;191475;191475;11291475; ; ; ; ; ; ; ; ; ; ; ; ; ; ; ; ; ; ; ; ; ; ; ; ; ; ; ; ; ; ; ; ; ; ; ; ; ; ; 
MEF;20210119;IT0005273013;20480301;-2300000;;0;39675; ;39675; ;39675; ;39675; ;39675; ;39675; ;39675; ;39675; ;39675; ;39675; ;39675; ;39675; ;39675; ;39675; ;39675; ;39675; ;39675; ;39675; ;39675; ;39675; ;39675; ;39675; ;39675; ;39675; ;39675; ;39675; ;39675; ;39675; ;39675; ;39675; ;39675; ;39675;39675;39675;39675;39675;39675;39675;39675;39675;39675;39675;39675;2339675; ; ; ; ; ; ; ; ; ; ; ; ; ; ; ; ; ; ; ; ; ; ; ; ; ; ; ; ; ; ; ; ; ; ; ; ; ; ; 
MEF;20210121;IT0005083057;20460901;3000000;;0;-48750; ;-48750; ;-48750; ;-48750; ;-48750; ;-48750; ;-48750; ;-48750; ;-48750; ;-48750; ;-48750; ;-48750; ;-48750; ;-48750; ;-48750; ;-48750; ;-48750; ;-48750; ;-48750; ;-48750; ;-48750; ;-48750; ;-48750; ;-48750; ;-48750; ;-48750; ;-48750; ;-48750; ;-48750; ;-48750; ;-48750; ;-48750;-48750;-48750;-48750;-48750;-48750;-48750;-48750;-48750;-3048750; ; ; ; ; ; ; ; ; ; ; ; ; ; ; ; ; ; ; ; ; ; ; ; ; ; ; ; ; ; ; ; ; ; ; ; ; ; ; ; ; ; 
MEF;20210122;IT0004889033;20280901;-1200000;;0;28500; ;28500; ;28500; ;28500; ;1228500; ; ; ; ; ; ; ; ; ; ; ; ; ; ; ; ; ; ; ; ; ; ; ; ; ; ; ; ; ; ; ; ; ; ; ; ; ; ; ; ; ; ; ; ; ; ; ; ; ; ; ; ; ; ; ; ; ; ; ; ; ; ; ; ; ; ; ; ; ; ; ; ; ; ; ; ; ; ; ; ; ; ; ; ; ; ; ; ; ; ; ; ; ; ; ; ; ; ; ; ; ; ; ; ; 
MEF;20210122;IT0004923998;20440901;13900000;;0;-330125; ;-330125; ;-330125; ;-330125; ;-330125; ;-330125; ;-330125; ;-330125; ;-330125; ;-330125; ;-330125; ;-330125; ;-330125; ;-330125; ;-330125; ;-330125; ;-330125; ;-330125; ;-330125; ;-330125; ;-330125; ;-330125; ;-330125; ;-330125; ;-330125; ;-330125; ;-330125; ;-330125; ;-330125; ;-330125; ;-330125; ;-330125;-330125;-330125;-330125;-330125;-14230125; ; ; ; ; ; ; ; ; ; ; ; ; ; ; ; ; ; ; ; ; ; ; ; ; ; ; ; ; ; ; ; ; ; ; ; ; ; ; ; ; ; ; ; ; ; 
MEF;20210122;IT0005402117;20360301;-1000000;;0;7250; ;7250; ;7250; ;7250; ;7250; ;7250; ;7250; ;7250; ;7250; ;7250; ;7250; ;7250; ;7250; ;7250; ;7250; ;7250; ;7250; ;7250; ;7250; ;1007250; ; ; ; ; ; ; ; ; ; ; ; ; ; ; ; ; ; ; ; ; ; ; ; ; ; ; ; ; ; ; ; ; ; ; ; ; ; ; ; ; ; ; ; ; ; ; ; ; ; ; ; ; ; ; ; ; ; ; ; ; ; ; ; ; ; ; ; ; ; ; ; ; ; ; 
MEF;20210125;IT0004889033;20280901;1000000;;0;-23750; ;-23750; ;-23750; ;-23750; ;-1023750; ; ; ; ; ; ; ; ; ; ; ; ; ; ; ; ; ; ; ; ; ; ; ; ; ; ; ; ; ; ; ; ; ; ; ; ; ; ; ; ; ; ; ; ; ; ; ; ; ; ; ; ; ; ; ; ; ; ; ; ; ; ; ; ; ; ; ; ; ; ; ; ; ; ; ; ; ; ; ; ; ; ; ; ; ; ; ; ; ; ; ; ; ; ; ; ; ; ; ; ; ; ; ; ; 
MEF;20210125;IT0004923998;20440901;1000000;;0;-23750; ;-23750; ;-23750; ;-23750; ;-23750; ;-23750; ;-23750; ;-23750; ;-23750; ;-23750; ;-23750; ;-23750; ;-23750; ;-23750; ;-23750; ;-23750; ;-23750; ;-23750; ;-23750; ;-23750; ;-23750; ;-23750; ;-23750; ;-23750; ;-23750; ;-23750; ;-23750; ;-23750; ;-23750; ;-23750; ;-23750; ;-23750;-23750;-23750;-23750;-23750;-1023750; ; ; ; ; ; ; ; ; ; ; ; ; ; ; ; ; ; ; ; ; ; ; ; ; ; ; ; ; ; ; ; ; ; ; ; ; ; ; ; ; ; ; ; ; ; 
MEF;20210125;IT0005402117;20360301;1000000;;0;-7250; ;-7250; ;-7250; ;-7250; ;-7250; ;-7250; ;-7250; ;-7250; ;-7250; ;-7250; ;-7250; ;-7250; ;-7250; ;-7250; ;-7250; ;-7250; ;-7250; ;-7250; ;-7250; ;-1007250; ; ; ; ; ; ; ; ; ; ; ; ; ; ; ; ; ; ; ; ; ; ; ; ; ; ; ; ; ; ; ; ; ; ; ; ; ; ; ; ; ; ; ; ; ; ; ; ; ; ; ; ; ; ; ; ; ; ; ; ; ; ; ; ; ; ; ; ; ; ; ; ; ; ; 
MEF;20210129;IT0005273013;20480301;-18700000;;0;322575; ;322575; ;322575; ;322575; ;322575; ;322575; ;322575; ;322575; ;322575; ;322575; ;322575; ;322575; ;322575; ;322575; ;322575; ;322575; ;322575; ;322575; ;322575; ;322575; ;322575; ;322575; ;322575; ;322575; ;322575; ;322575; ;322575; ;322575; ;322575; ;322575; ;322575; ;322575;322575;322575;322575;322575;322575;322575;322575;322575;322575;322575;322575;19022575; ; ; ; ; ; ; ; ; ; ; ; ; ; ; ; ; ; ; ; ; ; ; ; ; ; ; ; ; ; ; ; ; ; ; ; ; ; ; 
MEF;20210202;IT0005273013;20480301;-1800000;;0;31050; ;31050; ;31050; ;31050; ;31050; ;31050; ;31050; ;31050; ;31050; ;31050; ;31050; ;31050; ;31050; ;31050; ;31050; ;31050; ;31050; ;31050; ;31050; ;31050; ;31050; ;31050; ;31050; ;31050; ;31050; ;31050; ;31050; ;31050; ;31050; ;31050; ;31050; ;31050;31050;31050;31050;31050;31050;31050;31050;31050;31050;31050;31050;1831050; ; ; ; ; ; ; ; ; ; ; ; ; ; ; ; ; ; ; ; ; ; ; ; ; ; ; ; ; ; ; ; ; ; ; ; ; ; ; 
MEF;20210203;IT0004923998;20440901;10100000;;0;-239875; ;-239875; ;-239875; ;-239875; ;-239875; ;-239875; ;-239875; ;-239875; ;-239875; ;-239875; ;-239875; ;-239875; ;-239875; ;-239875; ;-239875; ;-239875; ;-239875; ;-239875; ;-239875; ;-239875; ;-239875; ;-239875; ;-239875; ;-239875; ;-239875; ;-239875; ;-239875; ;-239875; ;-239875; ;-239875; ;-239875; ;-239875;-239875;-239875;-239875;-239875;-10339875; ; ; ; ; ; ; ; ; ; ; ; ; ; ; ; ; ; ; ; ; ; ; ; ; ; ; ; ; ; ; ; ; ; ; ; ; ; ; ; ; ; ; ; ; ; 
MEF;20210205;IT0005217390;20670301;9000000;;0;-126000; ;-126000; ;-126000; ;-126000; ;-126000; ;-126000; ;-126000; ;-126000; ;-126000; ;-126000; ;-126000; ;-126000; ;-126000; ;-126000; ;-126000; ;-126000; ;-126000; ;-126000; ;-126000; ;-126000; ;-126000; ;-126000; ;-126000; ;-126000; ;-126000; ;-126000; ;-126000; ;-126000; ;-126000; ;-126000; ;-126000; ;-126000;-126000;-126000;-126000;-126000;-126000;-126000;-126000;-126000;-126000;-126000;-126000;-126000;-126000;-126000;-126000;-126000;-126000;-126000;-126000;-126000;-126000;-126000;-126000;-126000;-126000;-126000;-126000;-126000;-126000;-126000;-126000;-126000;-126000;-126000;-126000;-126000;-126000;-126000;-126000;-126000;-126000;-126000;-126000;-126000;-126000;-126000;-126000;-126000;-126000;-9126000; 
MEF;20210209;IT0005217390;20670301;24000000;;0;-336000; ;-336000; ;-336000; ;-336000; ;-336000; ;-336000; ;-336000; ;-336000; ;-336000; ;-336000; ;-336000; ;-336000; ;-336000; ;-336000; ;-336000; ;-336000; ;-336000; ;-336000; ;-336000; ;-336000; ;-336000; ;-336000; ;-336000; ;-336000; ;-336000; ;-336000; ;-336000; ;-336000; ;-336000; ;-336000; ;-336000; ;-336000;-336000;-336000;-336000;-336000;-336000;-336000;-336000;-336000;-336000;-336000;-336000;-336000;-336000;-336000;-336000;-336000;-336000;-336000;-336000;-336000;-336000;-336000;-336000;-336000;-336000;-336000;-336000;-336000;-336000;-336000;-336000;-336000;-336000;-336000;-336000;-336000;-336000;-336000;-336000;-336000;-336000;-336000;-336000;-336000;-336000;-336000;-336000;-336000;-336000;-24336000; 
MEF;20210209;IT0005425233;20510901;50000000;;0;-425000; ;-425000; ;-425000; ;-425000; ;-425000; ;-425000; ;-425000; ;-425000; ;-425000; ;-425000; ;-425000; ;-425000; ;-425000; ;-425000; ;-425000; ;-425000; ;-425000; ;-425000; ;-425000; ;-425000; ;-425000; ;-425000; ;-425000; ;-425000; ;-425000; ;-425000; ;-425000; ;-425000; ;-425000; ;-425000; ;-425000; ;-425000;-425000;-425000;-425000;-425000;-425000;-425000;-425000;-425000;-425000;-425000;-425000;-425000;-425000;-425000;-425000;-425000;-425000;-425000;-50425000; ; ; ; ; ; ; ; ; ; ; ; ; ; ; ; ; ; ; ; ; ; ; ; ; ; ; ; ; ; ; ; 
MEF;20210211;IT0005024234;20300301;-1000000;;0;17500; ;17500; ;17500; ;17500; ;17500; ;17500; ;17500; ;1017500; ; ; ; ; ; ; ; ; ; ; ; ; ; ; ; ; ; ; ; ; ; ; ; ; ; ; ; ; ; ; ; ; ; ; ; ; ; ; ; ; ; ; ; ; ; ; ; ; ; ; ; ; ; ; ; ; ; ; ; ; ; ; ; ; ; ; ; ; ; ; ; ; ; ; ; ; ; ; ; ; ; ; ; ; ; ; ; ; ; ; ; ; ; ; ; ; ; ; 
MEF;20210211;IT0005321325;20380901;-1000000;;0;14750; ;14750; ;14750; ;14750; ;14750; ;14750; ;14750; ;14750; ;14750; ;14750; ;14750; ;14750; ;14750; ;14750; ;14750; ;14750; ;14750; ;14750; ;14750; ;14750; ;14750; ;14750; ;14750; ;14750; ;1014750; ; ; ; ; ; ; ; ; ; ; ; ; ; ; ; ; ; ; ; ; ; ; ; ; ; ; ; ; ; ; ; ; ; ; ; ; ; ; ; ; ; ; ; ; ; ; ; ; ; ; ; ; ; ; ; ; ; ; ; ; ; ; ; ; 
MEF;20210211;IT0005363111;20490901;-7000000;;0;134750; ;134750; ;134750; ;134750; ;134750; ;134750; ;134750; ;134750; ;134750; ;134750; ;134750; ;134750; ;134750; ;134750; ;134750; ;134750; ;134750; ;134750; ;134750; ;134750; ;134750; ;134750; ;134750; ;134750; ;134750; ;134750; ;134750; ;134750; ;134750; ;134750; ;134750; ;134750;134750;134750;134750;134750;134750;134750;134750;134750;134750;134750;134750;134750;134750;134750;7134750; ; ; ; ; ; ; ; ; ; ; ; ; ; ; ; ; ; ; ; ; ; ; ; ; ; ; ; ; ; ; ; ; ; ; ; 
MEF;20210211;IT0005398406;20500901;-1000000;;0;12250; ;12250; ;12250; ;12250; ;12250; ;12250; ;12250; ;12250; ;12250; ;12250; ;12250; ;12250; ;12250; ;12250; ;12250; ;12250; ;12250; ;12250; ;12250; ;12250; ;12250; ;12250; ;12250; ;12250; ;12250; ;12250; ;12250; ;12250; ;12250; ;12250; ;12250; ;12250;12250;12250;12250;12250;12250;12250;12250;12250;12250;12250;12250;12250;12250;12250;12250;12250;1012250; ; ; ; ; ; ; ; ; ; ; ; ; ; ; ; ; ; ; ; ; ; ; ; ; ; ; ; ; ; ; ; ; ; 
MEF;20210216;IT0005177909;20360901;1000000;;0;-11250; ;-11250; ;-11250; ;-11250; ;-11250; ;-11250; ;-11250; ;-11250; ;-11250; ;-11250; ;-11250; ;-11250; ;-11250; ;-11250; ;-11250; ;-11250; ;-11250; ;-11250; ;-11250; ;-11250; ;-1011250; ; ; ; ; ; ; ; ; ; ; ; ; ; ; ; ; ; ; ; ; ; ; ; ; ; ; ; ; ; ; ; ; ; ; ; ; ; ; ; ; ; ; ; ; ; ; ; ; ; ; ; ; ; ; ; ; ; ; ; ; ; ; ; ; ; ; ; ; ; ; ; ; 
MEF;20210216;IT0005217390;20670301;10000000;;0;-140000; ;-140000; ;-140000; ;-140000; ;-140000; ;-140000; ;-140000; ;-140000; ;-140000; ;-140000; ;-140000; ;-140000; ;-140000; ;-140000; ;-140000; ;-140000; ;-140000; ;-140000; ;-140000; ;-140000; ;-140000; ;-140000; ;-140000; ;-140000; ;-140000; ;-140000; ;-140000; ;-140000; ;-140000; ;-140000; ;-140000; ;-140000;-140000;-140000;-140000;-140000;-140000;-140000;-140000;-140000;-140000;-140000;-140000;-140000;-140000;-140000;-140000;-140000;-140000;-140000;-140000;-140000;-140000;-140000;-140000;-140000;-140000;-140000;-140000;-140000;-140000;-140000;-140000;-140000;-140000;-140000;-140000;-140000;-140000;-140000;-140000;-140000;-140000;-140000;-140000;-140000;-140000;-140000;-140000;-140000;-140000;-10140000; 
MEF;20210219;IT0004889033;20280901;-1000000;;0;23750; ;23750; ;23750; ;23750; ;1023750; ; ; ; ; ; ; ; ; ; ; ; ; ; ; ; ; ; ; ; ; ; ; ; ; ; ; ; ; ; ; ; ; ; ; ; ; ; ; ; ; ; ; ; ; ; ; ; ; ; ; ; ; ; ; ; ; ; ; ; ; ; ; ; ; ; ; ; ; ; ; ; ; ; ; ; ; ; ; ; ; ; ; ; ; ; ; ; ; ; ; ; ; ; ; ; ; ; ; ; ; ; ; ; ; 
MEF;20210219;IT0004889033;20280901;-1200000;;0;28500; ;28500; ;28500; ;28500; ;1228500; ; ; ; ; ; ; ; ; ; ; ; ; ; ; ; ; ; ; ; ; ; ; ; ; ; ; ; ; ; ; ; ; ; ; ; ; ; ; ; ; ; ; ; ; ; ; ; ; ; ; ; ; ; ; ; ; ; ; ; ; ; ; ; ; ; ; ; ; ; ; ; ; ; ; ; ; ; ; ; ; ; ; ; ; ; ; ; ; ; ; ; ; ; ; ; ; ; ; ; ; ; ; ; ; 
MEF;20210219;IT0005177909;20360901;-1200000;;0;13500; ;13500; ;13500; ;13500; ;13500; ;13500; ;13500; ;13500; ;13500; ;13500; ;13500; ;13500; ;13500; ;13500; ;13500; ;13500; ;13500; ;13500; ;13500; ;13500; ;1213500; ; ; ; ; ; ; ; ; ; ; ; ; ; ; ; ; ; ; ; ; ; ; ; ; ; ; ; ; ; ; ; ; ; ; ; ; ; ; ; ; ; ; ; ; ; ; ; ; ; ; ; ; ; ; ; ; ; ; ; ; ; ; ; ; ; ; ; ; ; ; ; ; 
MEF;20210219;IT0005240350;20330901;-1000000;;0;12250; ;12250; ;12250; ;12250; ;12250; ;12250; ;12250; ;12250; ;12250; ;12250; ;12250; ;12250; ;12250; ;12250; ;1012250; ; ; ; ; ; ; ; ; ; ; ; ; ; ; ; ; ; ; ; ; ; ; ; ; ; ; ; ; ; ; ; ; ; ; ; ; ; ; ; ; ; ; ; ; ; ; ; ; ; ; ; ; ; ; ; ; ; ; ; ; ; ; ; ; ; ; ; ; ; ; ; ; ; ; ; ; ; ; ; ; ; ; ; ; 
MEF;20210219;IT0005273013;20480301;-8500000;;0;146625; ;146625; ;146625; ;146625; ;146625; ;146625; ;146625; ;146625; ;146625; ;146625; ;146625; ;146625; ;146625; ;146625; ;146625; ;146625; ;146625; ;146625; ;146625; ;146625; ;146625; ;146625; ;146625; ;146625; ;146625; ;146625; ;146625; ;146625; ;146625; ;146625; ;146625; ;146625;146625;146625;146625;146625;146625;146625;146625;146625;146625;146625;146625;8646625; ; ; ; ; ; ; ; ; ; ; ; ; ; ; ; ; ; ; ; ; ; ; ; ; ; ; ; ; ; ; ; ; ; ; ; ; ; ; 
MEF;20210219;IT0005321325;20380901;-1100000;;0;16225; ;16225; ;16225; ;16225; ;16225; ;16225; ;16225; ;16225; ;16225; ;16225; ;16225; ;16225; ;16225; ;16225; ;16225; ;16225; ;16225; ;16225; ;16225; ;16225; ;16225; ;16225; ;16225; ;16225; ;1116225; ; ; ; ; ; ; ; ; ; ; ; ; ; ; ; ; ; ; ; ; ; ; ; ; ; ; ; ; ; ; ; ; ; ; ; ; ; ; ; ; ; ; ; ; ; ; ; ; ; ; ; ; ; ; ; ; ; ; ; ; ; ; ; ; 
MEF;20210219;IT0005358806;20350301;-1200000;;0;20100; ;20100; ;20100; ;20100; ;20100; ;20100; ;20100; ;20100; ;20100; ;20100; ;20100; ;20100; ;20100; ;20100; ;20100; ;20100; ;20100; ;1220100; ; ; ; ; ; ; ; ; ; ; ; ; ; ; ; ; ; ; ; ; ; ; ; ; ; ; ; ; ; ; ; ; ; ; ; ; ; ; ; ; ; ; ; ; ; ; ; ; ; ; ; ; ; ; ; ; ; ; ; ; ; ; ; ; ; ; ; ; ; ; ; ; ; ; ; ; ; ; 
MEF;20210219;IT0005377152;20400301;-1000000;;0;15500; ;15500; ;15500; ;15500; ;15500; ;15500; ;15500; ;15500; ;15500; ;15500; ;15500; ;15500; ;15500; ;15500; ;15500; ;15500; ;15500; ;15500; ;15500; ;15500; ;15500; ;15500; ;15500; ;15500; ;15500; ;15500; ;15500; ;1015500; ; ; ; ; ; ; ; ; ; ; ; ; ; ; ; ; ; ; ; ; ; ; ; ; ; ; ; ; ; ; ; ; ; ; ; ; ; ; ; ; ; ; ; ; ; ; ; ; ; ; ; ; ; ; ; ; ; ; 
MEF;20210219;IT0005377152;20400301;-1200000;;0;18600; ;18600; ;18600; ;18600; ;18600; ;18600; ;18600; ;18600; ;18600; ;18600; ;18600; ;18600; ;18600; ;18600; ;18600; ;18600; ;18600; ;18600; ;18600; ;18600; ;18600; ;18600; ;18600; ;18600; ;18600; ;18600; ;18600; ;1218600; ; ; ; ; ; ; ; ; ; ; ; ; ; ; ; ; ; ; ; ; ; ; ; ; ; ; ; ; ; ; ; ; ; ; ; ; ; ; ; ; ; ; ; ; ; ; ; ; ; ; ; ; ; ; ; ; ; ; 
MEF;20210219;IT0005402117;20360301;-1000000;;0;7250; ;7250; ;7250; ;7250; ;7250; ;7250; ;7250; ;7250; ;7250; ;7250; ;7250; ;7250; ;7250; ;7250; ;7250; ;7250; ;7250; ;7250; ;7250; ;1007250; ; ; ; ; ; ; ; ; ; ; ; ; ; ; ; ; ; ; ; ; ; ; ; ; ; ; ; ; ; ; ; ; ; ; ; ; ; ; ; ; ; ; ; ; ; ; ; ; ; ; ; ; ; ; ; ; ; ; ; ; ; ; ; ; ; ; ; ; ; ; ; ; ; ; 
MEF;20210219;IT0005402117;20360301;-1200000;;0;8700; ;8700; ;8700; ;8700; ;8700; ;8700; ;8700; ;8700; ;8700; ;8700; ;8700; ;8700; ;8700; ;8700; ;8700; ;8700; ;8700; ;8700; ;8700; ;1208700; ; ; ; ; ; ; ; ; ; ; ; ; ; ; ; ; ; ; ; ; ; ; ; ; ; ; ; ; ; ; ; ; ; ; ; ; ; ; ; ; ; ; ; ; ; ; ; ; ; ; ; ; ; ; ; ; ; ; ; ; ; ; ; ; ; ; ; ; ; ; ; ; ; ; 
MEF;20210302;IT0005217390;20670301;100000000;;0;-1400000; ;-1400000; ;-1400000; ;-1400000; ;-1400000; ;-1400000; ;-1400000; ;-1400000; ;-1400000; ;-1400000; ;-1400000; ;-1400000; ;-1400000; ;-1400000; ;-1400000; ;-1400000; ;-1400000; ;-1400000; ;-1400000; ;-1400000; ;-1400000; ;-1400000; ;-1400000; ;-1400000; ;-1400000; ;-1400000; ;-1400000; ;-1400000; ;-1400000; ;-1400000; ;-1400000; ;-1400000;-1400000;-1400000;-1400000;-1400000;-1400000;-1400000;-1400000;-1400000;-1400000;-1400000;-1400000;-1400000;-1400000;-1400000;-1400000;-1400000;-1400000;-1400000;-1400000;-1400000;-1400000;-1400000;-1400000;-1400000;-1400000;-1400000;-1400000;-1400000;-1400000;-1400000;-1400000;-1400000;-1400000;-1400000;-1400000;-1400000;-1400000;-1400000;-1400000;-1400000;-1400000;-1400000;-1400000;-1400000;-1400000;-1400000;-1400000;-1400000;-1400000;-101400000; 
MEF;20210302;IT0005363111;20490901;1000000;;0;-19250; ;-19250; ;-19250; ;-19250; ;-19250; ;-19250; ;-19250; ;-19250; ;-19250; ;-19250; ;-19250; ;-19250; ;-19250; ;-19250; ;-19250; ;-19250; ;-19250; ;-19250; ;-19250; ;-19250; ;-19250; ;-19250; ;-19250; ;-19250; ;-19250; ;-19250; ;-19250; ;-19250; ;-19250; ;-19250; ;-19250; ;-19250;-19250;-19250;-19250;-19250;-19250;-19250;-19250;-19250;-19250;-19250;-19250;-19250;-19250;-19250;-1019250; ; ; ; ; ; ; ; ; ; ; ; ; ; ; ; ; ; ; ; ; ; ; ; ; ; ; ; ; ; ; ; ; ; ; ; 
MEF;20210305;IT0004923998;20440901;-1600000;;0;38000; ;38000; ;38000; ;38000; ;38000; ;38000; ;38000; ;38000; ;38000; ;38000; ;38000; ;38000; ;38000; ;38000; ;38000; ;38000; ;38000; ;38000; ;38000; ;38000; ;38000; ;38000; ;38000; ;38000; ;38000; ;38000; ;38000; ;38000; ;38000; ;38000; ;38000; ;38000;38000;38000;38000;38000;1638000; ; ; ; ; ; ; ; ; ; ; ; ; ; ; ; ; ; ; ; ; ; ; ; ; ; ; ; ; ; ; ; ; ; ; ; ; ; ; ; ; ; ; ; ; ; 
MEF;20210305;IT0005024234;20300301;-1300000;;0;22750; ;22750; ;22750; ;22750; ;22750; ;22750; ;22750; ;1322750; ; ; ; ; ; ; ; ; ; ; ; ; ; ; ; ; ; ; ; ; ; ; ; ; ; ; ; ; ; ; ; ; ; ; ; ; ; ; ; ; ; ; ; ; ; ; ; ; ; ; ; ; ; ; ; ; ; ; ; ; ; ; ; ; ; ; ; ; ; ; ; ; ; ; ; ; ; ; ; ; ; ; ; ; ; ; ; ; ; ; ; ; ; ; ; ; ; ; 
MEF;20210305;IT0005083057;20460901;-2200000;;0;35750; ;35750; ;35750; ;35750; ;35750; ;35750; ;35750; ;35750; ;35750; ;35750; ;35750; ;35750; ;35750; ;35750; ;35750; ;35750; ;35750; ;35750; ;35750; ;35750; ;35750; ;35750; ;35750; ;35750; ;35750; ;35750; ;35750; ;35750; ;35750; ;35750; ;35750; ;35750;35750;35750;35750;35750;35750;35750;35750;35750;2235750; ; ; ; ; ; ; ; ; ; ; ; ; ; ; ; ; ; ; ; ; ; ; ; ; ; ; ; ; ; ; ; ; ; ; ; ; ; ; ; ; ; 
MEF;20210305;IT0005094088;20320301;-1900000;;0;15675; ;15675; ;15675; ;15675; ;15675; ;15675; ;15675; ;15675; ;15675; ;15675; ;15675; ;1915675; ; ; ; ; ; ; ; ; ; ; ; ; ; ; ; ; ; ; ; ; ; ; ; ; ; ; ; ; ; ; ; ; ; ; ; ; ; ; ; ; ; ; ; ; ; ; ; ; ; ; ; ; ; ; ; ; ; ; ; ; ; ; ; ; ; ; ; ; ; ; ; ; ; ; ; ; ; ; ; ; ; ; ; ; ; ; ; ; ; ; 
MEF;20210305;IT0005162828;20470301;-1700000;;0;22950; ;22950; ;22950; ;22950; ;22950; ;22950; ;22950; ;22950; ;22950; ;22950; ;22950; ;22950; ;22950; ;22950; ;22950; ;22950; ;22950; ;22950; ;22950; ;22950; ;22950; ;22950; ;22950; ;22950; ;22950; ;22950; ;22950; ;22950; ;22950; ;22950; ;22950; ;22950;22950;22950;22950;22950;22950;22950;22950;22950;22950;1722950; ; ; ; ; ; ; ; ; ; ; ; ; ; ; ; ; ; ; ; ; ; ; ; ; ; ; ; ; ; ; ; ; ; ; ; ; ; ; ; ; 
MEF;20210305;IT0005177909;20360901;-1900000;;0;21375; ;21375; ;21375; ;21375; ;21375; ;21375; ;21375; ;21375; ;21375; ;21375; ;21375; ;21375; ;21375; ;21375; ;21375; ;21375; ;21375; ;21375; ;21375; ;21375; ;1921375; ; ; ; ; ; ; ; ; ; ; ; ; ; ; ; ; ; ; ; ; ; ; ; ; ; ; ; ; ; ; ; ; ; ; ; ; ; ; ; ; ; ; ; ; ; ; ; ; ; ; ; ; ; ; ; ; ; ; ; ; ; ; ; ; ; ; ; ; ; ; ; ; 
MEF;20210305;IT0005217390;20670301;-1400000;;0;19600; ;19600; ;19600; ;19600; ;19600; ;19600; ;19600; ;19600; ;19600; ;19600; ;19600; ;19600; ;19600; ;19600; ;19600; ;19600; ;19600; ;19600; ;19600; ;19600; ;19600; ;19600; ;19600; ;19600; ;19600; ;19600; ;19600; ;19600; ;19600; ;19600; ;19600; ;19600;19600;19600;19600;19600;19600;19600;19600;19600;19600;19600;19600;19600;19600;19600;19600;19600;19600;19600;19600;19600;19600;19600;19600;19600;19600;19600;19600;19600;19600;19600;19600;19600;19600;19600;19600;19600;19600;19600;19600;19600;19600;19600;19600;19600;19600;19600;19600;19600;19600;1419600; 
MEF;20210305;IT0005273013;20480301;-1300000;;0;22425; ;22425; ;22425; ;22425; ;22425; ;22425; ;22425; ;22425; ;22425; ;22425; ;22425; ;22425; ;22425; ;22425; ;22425; ;22425; ;22425; ;22425; ;22425; ;22425; ;22425; ;22425; ;22425; ;22425; ;22425; ;22425; ;22425; ;22425; ;22425; ;22425; ;22425; ;22425;22425;22425;22425;22425;22425;22425;22425;22425;22425;22425;22425;1322425; ; ; ; ; ; ; ; ; ; ; ; ; ; ; ; ; ; ; ; ; ; ; ; ; ; ; ; ; ; ; ; ; ; ; ; ; ; ; 
MEF;20210305;IT0005321325;20380901;-1100000;;0;16225; ;16225; ;16225; ;16225; ;16225; ;16225; ;16225; ;16225; ;16225; ;16225; ;16225; ;16225; ;16225; ;16225; ;16225; ;16225; ;16225; ;16225; ;16225; ;16225; ;16225; ;16225; ;16225; ;16225; ;1116225; ; ; ; ; ; ; ; ; ; ; ; ; ; ; ; ; ; ; ; ; ; ; ; ; ; ; ; ; ; ; ; ; ; ; ; ; ; ; ; ; ; ; ; ; ; ; ; ; ; ; ; ; ; ; ; ; ; ; ; ; ; ; ; ; 
MEF;20210305;IT0005363111;20490901;-2800000;;0;53900; ;53900; ;53900; ;53900; ;53900; ;53900; ;53900; ;53900; ;53900; ;53900; ;53900; ;53900; ;53900; ;53900; ;53900; ;53900; ;53900; ;53900; ;53900; ;53900; ;53900; ;53900; ;53900; ;53900; ;53900; ;53900; ;53900; ;53900; ;53900; ;53900; ;53900; ;53900;53900;53900;53900;53900;53900;53900;53900;53900;53900;53900;53900;53900;53900;53900;2853900; ; ; ; ; ; ; ; ; ; ; ; ; ; ; ; ; ; ; ; ; ; ; ; ; ; ; ; ; ; ; ; ; ; ; ; 
MEF;20210305;IT0005377152;20400301;-1100000;;0;17050; ;17050; ;17050; ;17050; ;17050; ;17050; ;17050; ;17050; ;17050; ;17050; ;17050; ;17050; ;17050; ;17050; ;17050; ;17050; ;17050; ;17050; ;17050; ;17050; ;17050; ;17050; ;17050; ;17050; ;17050; ;17050; ;17050; ;1117050; ; ; ; ; ; ; ; ; ; ; ; ; ; ; ; ; ; ; ; ; ; ; ; ; ; ; ; ; ; ; ; ; ; ; ; ; ; ; ; ; ; ; ; ; ; ; ; ; ; ; ; ; ; ; ; ; ; ; 
MEF;20210305;IT0005398406;20500901;-1900000;;0;23275; ;23275; ;23275; ;23275; ;23275; ;23275; ;23275; ;23275; ;23275; ;23275; ;23275; ;23275; ;23275; ;23275; ;23275; ;23275; ;23275; ;23275; ;23275; ;23275; ;23275; ;23275; ;23275; ;23275; ;23275; ;23275; ;23275; ;23275; ;23275; ;23275; ;23275; ;23275;23275;23275;23275;23275;23275;23275;23275;23275;23275;23275;23275;23275;23275;23275;23275;23275;1923275; ; ; ; ; ; ; ; ; ; ; ; ; ; ; ; ; ; ; ; ; ; ; ; ; ; ; ; ; ; ; ; ; ; 
MEF;20210305;IT0005402117;20360301;-1000000;;0;7250; ;7250; ;7250; ;7250; ;7250; ;7250; ;7250; ;7250; ;7250; ;7250; ;7250; ;7250; ;7250; ;7250; ;7250; ;7250; ;7250; ;7250; ;7250; ;1007250; ; ; ; ; ; ; ; ; ; ; ; ; ; ; ; ; ; ; ; ; ; ; ; ; ; ; ; ; ; ; ; ; ; ; ; ; ; ; ; ; ; ; ; ; ; ; ; ; ; ; ; ; ; ; ; ; ; ; ; ; ; ; ; ; ; ; ; ; ; ; ; ; ; ; 
MEF;20210305;IT0005421703;20410301;-9600000;;0;86400; ;86400; ;86400; ;86400; ;86400; ;86400; ;86400; ;86400; ;86400; ;86400; ;86400; ;86400; ;86400; ;86400; ;86400; ;86400; ;86400; ;86400; ;86400; ;86400; ;86400; ;86400; ;86400; ;86400; ;86400; ;86400; ;86400; ;86400; ;86400; ;9686400; ; ; ; ; ; ; ; ; ; ; ; ; ; ; ; ; ; ; ; ; ; ; ; ; ; ; ; ; ; ; ; ; ; ; ; ; ; ; ; ; ; ; ; ; ; ; ; ; ; ; ; ; ; ; 
MEF;20210305;IT0005425233;20510901;-1900000;;0;16150; ;16150; ;16150; ;16150; ;16150; ;16150; ;16150; ;16150; ;16150; ;16150; ;16150; ;16150; ;16150; ;16150; ;16150; ;16150; ;16150; ;16150; ;16150; ;16150; ;16150; ;16150; ;16150; ;16150; ;16150; ;16150; ;16150; ;16150; ;16150; ;16150; ;16150; ;16150;16150;16150;16150;16150;16150;16150;16150;16150;16150;16150;16150;16150;16150;16150;16150;16150;16150;16150;1916150; ; ; ; ; ; ; ; ; ; ; ; ; ; ; ; ; ; ; ; ; ; ; ; ; ; ; ; ; ; ; ; 
MEF;20210316;IT0004889033;20280901;1000000;;0;-23750; ;-23750; ;-23750; ;-23750; ;-1023750; ; ; ; ; ; ; ; ; ; ; ; ; ; ; ; ; ; ; ; ; ; ; ; ; ; ; ; ; ; ; ; ; ; ; ; ; ; ; ; ; ; ; ; ; ; ; ; ; ; ; ; ; ; ; ; ; ; ; ; ; ; ; ; ; ; ; ; ; ; ; ; ; ; ; ; ; ; ; ; ; ; ; ; ; ; ; ; ; ; ; ; ; ; ; ; ; ; ; ; ; ; ; ; ; 
MEF;20210316;IT0005402117;20360301;1000000;;0;-7250; ;-7250; ;-7250; ;-7250; ;-7250; ;-7250; ;-7250; ;-7250; ;-7250; ;-7250; ;-7250; ;-7250; ;-7250; ;-7250; ;-7250; ;-7250; ;-7250; ;-7250; ;-7250; ;-1007250; ; ; ; ; ; ; ; ; ; ; ; ; ; ; ; ; ; ; ; ; ; ; ; ; ; ; ; ; ; ; ; ; ; ; ; ; ; ; ; ; ; ; ; ; ; ; ; ; ; ; ; ; ; ; ; ; ; ; ; ; ; ; ; ; ; ; ; ; ; ; ; ; ; ; 
MEF;20210317;IT0005421703;20410301;-4000000;;0;36000; ;36000; ;36000; ;36000; ;36000; ;36000; ;36000; ;36000; ;36000; ;36000; ;36000; ;36000; ;36000; ;36000; ;36000; ;36000; ;36000; ;36000; ;36000; ;36000; ;36000; ;36000; ;36000; ;36000; ;36000; ;36000; ;36000; ;36000; ;36000; ;4036000; ; ; ; ; ; ; ; ; ; ; ; ; ; ; ; ; ; ; ; ; ; ; ; ; ; ; ; ; ; ; ; ; ; ; ; ; ; ; ; ; ; ; ; ; ; ; ; ; ; ; ; ; ; ; 
MEF;20210325;IT0005217390;20670301;2100000;;0;-29400; ;-29400; ;-29400; ;-29400; ;-29400; ;-29400; ;-29400; ;-29400; ;-29400; ;-29400; ;-29400; ;-29400; ;-29400; ;-29400; ;-29400; ;-29400; ;-29400; ;-29400; ;-29400; ;-29400; ;-29400; ;-29400; ;-29400; ;-29400; ;-29400; ;-29400; ;-29400; ;-29400; ;-29400; ;-29400; ;-29400; ;-29400;-29400;-29400;-29400;-29400;-29400;-29400;-29400;-29400;-29400;-29400;-29400;-29400;-29400;-29400;-29400;-29400;-29400;-29400;-29400;-29400;-29400;-29400;-29400;-29400;-29400;-29400;-29400;-29400;-29400;-29400;-29400;-29400;-29400;-29400;-29400;-29400;-29400;-29400;-29400;-29400;-29400;-29400;-29400;-29400;-29400;-29400;-29400;-29400;-29400;-2129400; 
MEF;20210326;IT0005358806;20350301;-1000000;;0;16750; ;16750; ;16750; ;16750; ;16750; ;16750; ;16750; ;16750; ;16750; ;16750; ;16750; ;16750; ;16750; ;16750; ;16750; ;16750; ;16750; ;1016750; ; ; ; ; ; ; ; ; ; ; ; ; ; ; ; ; ; ; ; ; ; ; ; ; ; ; ; ; ; ; ; ; ; ; ; ; ; ; ; ; ; ; ; ; ; ; ; ; ; ; ; ; ; ; ; ; ; ; ; ; ; ; ; ; ; ; ; ; ; ; ; ; ; ; ; ; ; ; 
MEF;20210329;IT0005377152;20400301;1000000;;0;-15500; ;-15500; ;-15500; ;-15500; ;-15500; ;-15500; ;-15500; ;-15500; ;-15500; ;-15500; ;-15500; ;-15500; ;-15500; ;-15500; ;-15500; ;-15500; ;-15500; ;-15500; ;-15500; ;-15500; ;-15500; ;-15500; ;-15500; ;-15500; ;-15500; ;-15500; ;-15500; ;-1015500; ; ; ; ; ; ; ; ; ; ; ; ; ; ; ; ; ; ; ; ; ; ; ; ; ; ; ; ; ; ; ; ; ; ; ; ; ; ; ; ; ; ; ; ; ; ; ; ; ; ; ; ; ; ; ; ; ; ; 
MEF;20210329;IT0005421703;20410301;1000000;;0;-9000; ;-9000; ;-9000; ;-9000; ;-9000; ;-9000; ;-9000; ;-9000; ;-9000; ;-9000; ;-9000; ;-9000; ;-9000; ;-9000; ;-9000; ;-9000; ;-9000; ;-9000; ;-9000; ;-9000; ;-9000; ;-9000; ;-9000; ;-9000; ;-9000; ;-9000; ;-9000; ;-9000; ;-9000; ;-1009000; ; ; ; ; ; ; ; ; ; ; ; ; ; ; ; ; ; ; ; ; ; ; ; ; ; ; ; ; ; ; ; ; ; ; ; ; ; ; ; ; ; ; ; ; ; ; ; ; ; ; ; ; ; ; 
MEF;20210330;IT0004923998;20440901;-10000000;;0;237500; ;237500; ;237500; ;237500; ;237500; ;237500; ;237500; ;237500; ;237500; ;237500; ;237500; ;237500; ;237500; ;237500; ;237500; ;237500; ;237500; ;237500; ;237500; ;237500; ;237500; ;237500; ;237500; ;237500; ;237500; ;237500; ;237500; ;237500; ;237500; ;237500; ;237500; ;237500;237500;237500;237500;237500;10237500; ; ; ; ; ; ; ; ; ; ; ; ; ; ; ; ; ; ; ; ; ; ; ; ; ; ; ; ; ; ; ; ; ; ; ; ; ; ; ; ; ; ; ; ; ; 
MEF;20210330;IT0005321325;20380901;1000000;;0;-14750; ;-14750; ;-14750; ;-14750; ;-14750; ;-14750; ;-14750; ;-14750; ;-14750; ;-14750; ;-14750; ;-14750; ;-14750; ;-14750; ;-14750; ;-14750; ;-14750; ;-14750; ;-14750; ;-14750; ;-14750; ;-14750; ;-14750; ;-14750; ;-1014750; ; ; ; ; ; ; ; ; ; ; ; ; ; ; ; ; ; ; ; ; ; ; ; ; ; ; ; ; ; ; ; ; ; ; ; ; ; ; ; ; ; ; ; ; ; ; ; ; ; ; ; ; ; ; ; ; ; ; ; ; ; ; ; ; 
MEF;20210331;IT0004923998;20440901;2900000;;0;-68875; ;-68875; ;-68875; ;-68875; ;-68875; ;-68875; ;-68875; ;-68875; ;-68875; ;-68875; ;-68875; ;-68875; ;-68875; ;-68875; ;-68875; ;-68875; ;-68875; ;-68875; ;-68875; ;-68875; ;-68875; ;-68875; ;-68875; ;-68875; ;-68875; ;-68875; ;-68875; ;-68875; ;-68875; ;-68875; ;-68875; ;-68875;-68875;-68875;-68875;-68875;-2968875; ; ; ; ; ; ; ; ; ; ; ; ; ; ; ; ; ; ; ; ; ; ; ; ; ; ; ; ; ; ; ; ; ; ; ; ; ; ; ; ; ; ; ; ; ; 
MEF;20210331;IT0005358806;20350301;1200000;;0;-20100; ;-20100; ;-20100; ;-20100; ;-20100; ;-20100; ;-20100; ;-20100; ;-20100; ;-20100; ;-20100; ;-20100; ;-20100; ;-20100; ;-20100; ;-20100; ;-20100; ;-1220100; ; ; ; ; ; ; ; ; ; ; ; ; ; ; ; ; ; ; ; ; ; ; ; ; ; ; ; ; ; ; ; ; ; ; ; ; ; ; ; ; ; ; ; ; ; ; ; ; ; ; ; ; ; ; ; ; ; ; ; ; ; ; ; ; ; ; ; ; ; ; ; ; ; ; ; ; ; ; 
MEF;20210331;IT0005377152;20400301;1000000;;0;-15500; ;-15500; ;-15500; ;-15500; ;-15500; ;-15500; ;-15500; ;-15500; ;-15500; ;-15500; ;-15500; ;-15500; ;-15500; ;-15500; ;-15500; ;-15500; ;-15500; ;-15500; ;-15500; ;-15500; ;-15500; ;-15500; ;-15500; ;-15500; ;-15500; ;-15500; ;-15500; ;-1015500; ; ; ; ; ; ; ; ; ; ; ; ; ; ; ; ; ; ; ; ; ; ; ; ; ; ; ; ; ; ; ; ; ; ; ; ; ; ; ; ; ; ; ; ; ; ; ; ; ; ; ; ; ; ; ; ; ; ; 
MEF;20210409;IT0005240350;20330901;-1000000;;0;12250; ;12250; ;12250; ;12250; ;12250; ;12250; ;12250; ;12250; ;12250; ;12250; ;12250; ;12250; ;12250; ;12250; ;1012250; ; ; ; ; ; ; ; ; ; ; ; ; ; ; ; ; ; ; ; ; ; ; ; ; ; ; ; ; ; ; ; ; ; ; ; ; ; ; ; ; ; ; ; ; ; ; ; ; ; ; ; ; ; ; ; ; ; ; ; ; ; ; ; ; ; ; ; ; ; ; ; ; ; ; ; ; ; ; ; ; ; ; ; ; 
MEF;20210413;IT0005162828;20470301;1000000;;0;-13500; ;-13500; ;-13500; ;-13500; ;-13500; ;-13500; ;-13500; ;-13500; ;-13500; ;-13500; ;-13500; ;-13500; ;-13500; ;-13500; ;-13500; ;-13500; ;-13500; ;-13500; ;-13500; ;-13500; ;-13500; ;-13500; ;-13500; ;-13500; ;-13500; ;-13500; ;-13500; ;-13500; ;-13500; ;-13500; ;-13500; ;-13500;-13500;-13500;-13500;-13500;-13500;-13500;-13500;-13500;-13500;-1013500; ; ; ; ; ; ; ; ; ; ; ; ; ; ; ; ; ; ; ; ; ; ; ; ; ; ; ; ; ; ; ; ; ; ; ; ; ; ; ; ; 
MEF;20210415;IT0004889033;20280901;-1000000;;0;23750; ;23750; ;23750; ;23750; ;1023750; ; ; ; ; ; ; ; ; ; ; ; ; ; ; ; ; ; ; ; ; ; ; ; ; ; ; ; ; ; ; ; ; ; ; ; ; ; ; ; ; ; ; ; ; ; ; ; ; ; ; ; ; ; ; ; ; ; ; ; ; ; ; ; ; ; ; ; ; ; ; ; ; ; ; ; ; ; ; ; ; ; ; ; ; ; ; ; ; ; ; ; ; ; ; ; ; ; ; ; ; ; ; ; ; 
MEF;20210415;IT0004889033;20280901;1000000;;0;-23750; ;-23750; ;-23750; ;-23750; ;-1023750; ; ; ; ; ; ; ; ; ; ; ; ; ; ; ; ; ; ; ; ; ; ; ; ; ; ; ; ; ; ; ; ; ; ; ; ; ; ; ; ; ; ; ; ; ; ; ; ; ; ; ; ; ; ; ; ; ; ; ; ; ; ; ; ; ; ; ; ; ; ; ; ; ; ; ; ; ; ; ; ; ; ; ; ; ; ; ; ; ; ; ; ; ; ; ; ; ; ; ; ; ; ; ; ; 
MEF;20210506;IT0005083057;20460901;1000000;;0;-16250; ;-16250; ;-16250; ;-16250; ;-16250; ;-16250; ;-16250; ;-16250; ;-16250; ;-16250; ;-16250; ;-16250; ;-16250; ;-16250; ;-16250; ;-16250; ;-16250; ;-16250; ;-16250; ;-16250; ;-16250; ;-16250; ;-16250; ;-16250; ;-16250; ;-16250; ;-16250; ;-16250; ;-16250; ;-16250; ;-16250; ;-16250;-16250;-16250;-16250;-16250;-16250;-16250;-16250;-16250;-1016250; ; ; ; ; ; ; ; ; ; ; ; ; ; ; ; ; ; ; ; ; ; ; ; ; ; ; ; ; ; ; ; ; ; ; ; ; ; ; ; ; ; 
MEF;20210517;IT0005217390;20670301;1000000;;0;-14000; ;-14000; ;-14000; ;-14000; ;-14000; ;-14000; ;-14000; ;-14000; ;-14000; ;-14000; ;-14000; ;-14000; ;-14000; ;-14000; ;-14000; ;-14000; ;-14000; ;-14000; ;-14000; ;-14000; ;-14000; ;-14000; ;-14000; ;-14000; ;-14000; ;-14000; ;-14000; ;-14000; ;-14000; ;-14000; ;-14000; ;-14000;-14000;-14000;-14000;-14000;-14000;-14000;-14000;-14000;-14000;-14000;-14000;-14000;-14000;-14000;-14000;-14000;-14000;-14000;-14000;-14000;-14000;-14000;-14000;-14000;-14000;-14000;-14000;-14000;-14000;-14000;-14000;-14000;-14000;-14000;-14000;-14000;-14000;-14000;-14000;-14000;-14000;-14000;-14000;-14000;-14000;-14000;-14000;-14000;-14000;-1014000; 
MEF;20210517;IT0005433195;20370301;-12100000;;0;57475; ;57475; ;57475; ;57475; ;57475; ;57475; ;57475; ;57475; ;57475; ;57475; ;57475; ;57475; ;57475; ;57475; ;57475; ;57475; ;57475; ;57475; ;57475; ;57475; ;57475; ;12157475; ; ; ; ; ; ; ; ; ; ; ; ; ; ; ; ; ; ; ; ; ; ; ; ; ; ; ; ; ; ; ; ; ; ; ; ; ; ; ; ; ; ; ; ; ; ; ; ; ; ; ; ; ; ; ; ; ; ; ; ; ; ; ; ; ; ; ; ; ; ; 
MEF;20210519;IT0005421703;20410301;-1000000;;0;9000; ;9000; ;9000; ;9000; ;9000; ;9000; ;9000; ;9000; ;9000; ;9000; ;9000; ;9000; ;9000; ;9000; ;9000; ;9000; ;9000; ;9000; ;9000; ;9000; ;9000; ;9000; ;9000; ;9000; ;9000; ;9000; ;9000; ;9000; ;9000; ;1009000; ; ; ; ; ; ; ; ; ; ; ; ; ; ; ; ; ; ; ; ; ; ; ; ; ; ; ; ; ; ; ; ; ; ; ; ; ; ; ; ; ; ; ; ; ; ; ; ; ; ; ; ; ; ; 
MEF;20210520;IT0005363111;20490901;1000000;;0;-19250; ;-19250; ;-19250; ;-19250; ;-19250; ;-19250; ;-19250; ;-19250; ;-19250; ;-19250; ;-19250; ;-19250; ;-19250; ;-19250; ;-19250; ;-19250; ;-19250; ;-19250; ;-19250; ;-19250; ;-19250; ;-19250; ;-19250; ;-19250; ;-19250; ;-19250; ;-19250; ;-19250; ;-19250; ;-19250; ;-19250; ;-19250;-19250;-19250;-19250;-19250;-19250;-19250;-19250;-19250;-19250;-19250;-19250;-19250;-19250;-19250;-1019250; ; ; ; ; ; ; ; ; ; ; ; ; ; ; ; ; ; ; ; ; ; ; ; ; ; ; ; ; ; ; ; ; ; ; ; 
MEF;20210521;IT0005162828;20470301;1000000;;0;-13500; ;-13500; ;-13500; ;-13500; ;-13500; ;-13500; ;-13500; ;-13500; ;-13500; ;-13500; ;-13500; ;-13500; ;-13500; ;-13500; ;-13500; ;-13500; ;-13500; ;-13500; ;-13500; ;-13500; ;-13500; ;-13500; ;-13500; ;-13500; ;-13500; ;-13500; ;-13500; ;-13500; ;-13500; ;-13500; ;-13500; ;-13500;-13500;-13500;-13500;-13500;-13500;-13500;-13500;-13500;-13500;-1013500; ; ; ; ; ; ; ; ; ; ; ; ; ; ; ; ; ; ; ; ; ; ; ; ; ; ; ; ; ; ; ; ; ; ; ; ; ; ; ; ; 
MEF;20210526;IT0005358806;20350301;1000000;;0;-16750; ;-16750; ;-16750; ;-16750; ;-16750; ;-16750; ;-16750; ;-16750; ;-16750; ;-16750; ;-16750; ;-16750; ;-16750; ;-16750; ;-16750; ;-16750; ;-16750; ;-1016750; ; ; ; ; ; ; ; ; ; ; ; ; ; ; ; ; ; ; ; ; ; ; ; ; ; ; ; ; ; ; ; ; ; ; ; ; ; ; ; ; ; ; ; ; ; ; ; ; ; ; ; ; ; ; ; ; ; ; ; ; ; ; ; ; ; ; ; ; ; ; ; ; ; ; ; ; ; ; 
MEF;20210528;IT0004923998;20440901;-2000000;;0;47500; ;47500; ;47500; ;47500; ;47500; ;47500; ;47500; ;47500; ;47500; ;47500; ;47500; ;47500; ;47500; ;47500; ;47500; ;47500; ;47500; ;47500; ;47500; ;47500; ;47500; ;47500; ;47500; ;47500; ;47500; ;47500; ;47500; ;47500; ;47500; ;47500; ;47500; ;47500;47500;47500;47500;47500;2047500; ; ; ; ; ; ; ; ; ; ; ; ; ; ; ; ; ; ; ; ; ; ; ; ; ; ; ; ; ; ; ; ; ; ; ; ; ; ; ; ; ; ; ; ; ; 
MEF;20210528;IT0005433195;20370301;-4000000;;0;19000; ;19000; ;19000; ;19000; ;19000; ;19000; ;19000; ;19000; ;19000; ;19000; ;19000; ;19000; ;19000; ;19000; ;19000; ;19000; ;19000; ;19000; ;19000; ;19000; ;19000; ;4019000; ; ; ; ; ; ; ; ; ; ; ; ; ; ; ; ; ; ; ; ; ; ; ; ; ; ; ; ; ; ; ; ; ; ; ; ; ; ; ; ; ; ; ; ; ; ; ; ; ; ; ; ; ; ; ; ; ; ; ; ; ; ; ; ; ; ; ; ; ; ; 
MEF;20210531;IT0005024234;20300301;1000000;;0;-17500; ;-17500; ;-17500; ;-17500; ;-17500; ;-17500; ;-17500; ;-1017500; ; ; ; ; ; ; ; ; ; ; ; ; ; ; ; ; ; ; ; ; ; ; ; ; ; ; ; ; ; ; ; ; ; ; ; ; ; ; ; ; ; ; ; ; ; ; ; ; ; ; ; ; ; ; ; ; ; ; ; ; ; ; ; ; ; ; ; ; ; ; ; ; ; ; ; ; ; ; ; ; ; ; ; ; ; ; ; ; ; ; ; ; ; ; ; ; ; ; 
MEF;20210531;IT0005421703;20410301;1000000;;0;-9000; ;-9000; ;-9000; ;-9000; ;-9000; ;-9000; ;-9000; ;-9000; ;-9000; ;-9000; ;-9000; ;-9000; ;-9000; ;-9000; ;-9000; ;-9000; ;-9000; ;-9000; ;-9000; ;-9000; ;-9000; ;-9000; ;-9000; ;-9000; ;-9000; ;-9000; ;-9000; ;-9000; ;-9000; ;-1009000; ; ; ; ; ; ; ; ; ; ; ; ; ; ; ; ; ; ; ; ; ; ; ; ; ; ; ; ; ; ; ; ; ; ; ; ; ; ; ; ; ; ; ; ; ; ; ; ; ; ; ; ; ; ; 
MEF;20210609;IT0005083057;20460901;1000000;;0;-16250; ;-16250; ;-16250; ;-16250; ;-16250; ;-16250; ;-16250; ;-16250; ;-16250; ;-16250; ;-16250; ;-16250; ;-16250; ;-16250; ;-16250; ;-16250; ;-16250; ;-16250; ;-16250; ;-16250; ;-16250; ;-16250; ;-16250; ;-16250; ;-16250; ;-16250; ;-16250; ;-16250; ;-16250; ;-16250; ;-16250; ;-16250;-16250;-16250;-16250;-16250;-16250;-16250;-16250;-16250;-1016250; ; ; ; ; ; ; ; ; ; ; ; ; ; ; ; ; ; ; ; ; ; ; ; ; ; ; ; ; ; ; ; ; ; ; ; ; ; ; ; ; ; 
MEF;20210611;IT0005358806;20350301;-1000000;;0;16750; ;16750; ;16750; ;16750; ;16750; ;16750; ;16750; ;16750; ;16750; ;16750; ;16750; ;16750; ;16750; ;16750; ;16750; ;16750; ;16750; ;1016750; ; ; ; ; ; ; ; ; ; ; ; ; ; ; ; ; ; ; ; ; ; ; ; ; ; ; ; ; ; ; ; ; ; ; ; ; ; ; ; ; ; ; ; ; ; ; ; ; ; ; ; ; ; ; ; ; ; ; ; ; ; ; ; ; ; ; ; ; ; ; ; ; ; ; ; ; ; ; 
MEF;20210728;IT0005083057;20460901;1000000;;0;-16250; ;-16250; ;-16250; ;-16250; ;-16250; ;-16250; ;-16250; ;-16250; ;-16250; ;-16250; ;-16250; ;-16250; ;-16250; ;-16250; ;-16250; ;-16250; ;-16250; ;-16250; ;-16250; ;-16250; ;-16250; ;-16250; ;-16250; ;-16250; ;-16250; ;-16250; ;-16250; ;-16250; ;-16250; ;-16250; ;-16250; ;-16250;-16250;-16250;-16250;-16250;-16250;-16250;-16250;-16250;-1016250; ; ; ; ; ; ; ; ; ; ; ; ; ; ; ; ; ; ; ; ; ; ; ; ; ; ; ; ; ; ; ; ; ; ; ; ; ; ; ; ; ; 
MEF;20210812;IT0004923998;20440901;1000000;;0;-23750; ;-23750; ;-23750; ;-23750; ;-23750; ;-23750; ;-23750; ;-23750; ;-23750; ;-23750; ;-23750; ;-23750; ;-23750; ;-23750; ;-23750; ;-23750; ;-23750; ;-23750; ;-23750; ;-23750; ;-23750; ;-23750; ;-23750; ;-23750; ;-23750; ;-23750; ;-23750; ;-23750; ;-23750; ;-23750; ;-23750; ;-23750;-23750;-23750;-23750;-23750;-1023750; ; ; ; ; ; ; ; ; ; ; ; ; ; ; ; ; ; ; ; ; ; ; ; ; ; ; ; ; ; ; ; ; ; ; ; ; ; ; ; ; ; ; ; ; ; 
MEF;20210915;IT0004923998;20440901;-8000000;;0;190000; ;190000; ;190000; ;190000; ;190000; ;190000; ;190000; ;190000; ;190000; ;190000; ;190000; ;190000; ;190000; ;190000; ;190000; ;190000; ;190000; ;190000; ;190000; ;190000; ;190000; ;190000; ;190000; ;190000; ;190000; ;190000; ;190000; ;190000; ;190000; ;190000; ;190000; ;190000;190000;190000;190000;190000;8190000; ; ; ; ; ; ; ; ; ; ; ; ; ; ; ; ; ; ; ; ; ; ; ; ; ; ; ; ; ; ; ; ; ; ; ; ; ; ; ; ; ; ; ; ; ; 
MEF;20211011;IT0005363111;20490901;6000000;;0;-115500; ;-115500; ;-115500; ;-115500; ;-115500; ;-115500; ;-115500; ;-115500; ;-115500; ;-115500; ;-115500; ;-115500; ;-115500; ;-115500; ;-115500; ;-115500; ;-115500; ;-115500; ;-115500; ;-115500; ;-115500; ;-115500; ;-115500; ;-115500; ;-115500; ;-115500; ;-115500; ;-115500; ;-115500; ;-115500; ;-115500; ;-115500;-115500;-115500;-115500;-115500;-115500;-115500;-115500;-115500;-115500;-115500;-115500;-115500;-115500;-115500;-6115500; ; ; ; ; ; ; ; ; ; ; ; ; ; ; ; ; ; ; ; ; ; ; ; ; ; ; ; ; ; ; ; ; ; ; ; 
MEF;20211013;IT0005162828;20470301;-1000000;;0;13500; ;13500; ;13500; ;13500; ;13500; ;13500; ;13500; ;13500; ;13500; ;13500; ;13500; ;13500; ;13500; ;13500; ;13500; ;13500; ;13500; ;13500; ;13500; ;13500; ;13500; ;13500; ;13500; ;13500; ;13500; ;13500; ;13500; ;13500; ;13500; ;13500; ;13500; ;13500;13500;13500;13500;13500;13500;13500;13500;13500;13500;1013500; ; ; ; ; ; ; ; ; ; ; ; ; ; ; ; ; ; ; ; ; ; ; ; ; ; ; ; ; ; ; ; ; ; ; ; ; ; ; ; ; 
MEF;20211028;IT0005398406;20500901;2000000;;0;-24500; ;-24500; ;-24500; ;-24500; ;-24500; ;-24500; ;-24500; ;-24500; ;-24500; ;-24500; ;-24500; ;-24500; ;-24500; ;-24500; ;-24500; ;-24500; ;-24500; ;-24500; ;-24500; ;-24500; ;-24500; ;-24500; ;-24500; ;-24500; ;-24500; ;-24500; ;-24500; ;-24500; ;-24500; ;-24500; ;-24500; ;-24500;-24500;-24500;-24500;-24500;-24500;-24500;-24500;-24500;-24500;-24500;-24500;-24500;-24500;-24500;-24500;-24500;-2024500; ; ; ; ; ; ; ; ; ; ; ; ; ; ; ; ; ; ; ; ; ; ; ; ; ; ; ; ; ; ; ; ; ; 
MEF;20211105;IT0005217390;20670301;1000000;;0;-14000; ;-14000; ;-14000; ;-14000; ;-14000; ;-14000; ;-14000; ;-14000; ;-14000; ;-14000; ;-14000; ;-14000; ;-14000; ;-14000; ;-14000; ;-14000; ;-14000; ;-14000; ;-14000; ;-14000; ;-14000; ;-14000; ;-14000; ;-14000; ;-14000; ;-14000; ;-14000; ;-14000; ;-14000; ;-14000; ;-14000; ;-14000;-14000;-14000;-14000;-14000;-14000;-14000;-14000;-14000;-14000;-14000;-14000;-14000;-14000;-14000;-14000;-14000;-14000;-14000;-14000;-14000;-14000;-14000;-14000;-14000;-14000;-14000;-14000;-14000;-14000;-14000;-14000;-14000;-14000;-14000;-14000;-14000;-14000;-14000;-14000;-14000;-14000;-14000;-14000;-14000;-14000;-14000;-14000;-14000;-14000;-1014000; 
MEF;20211130;IT0004923998;20440901;-1300000;;0;30875; ;30875; ;30875; ;30875; ;30875; ;30875; ;30875; ;30875; ;30875; ;30875; ;30875; ;30875; ;30875; ;30875; ;30875; ;30875; ;30875; ;30875; ;30875; ;30875; ;30875; ;30875; ;30875; ;30875; ;30875; ;30875; ;30875; ;30875; ;30875; ;30875; ;30875; ;30875;30875;30875;30875;30875;1330875; ; ; ; ; ; ; ; ; ; ; ; ; ; ; ; ; ; ; ; ; ; ; ; ; ; ; ; ; ; ; ; ; ; ; ; ; ; ; ; ; ; ; ; ; ; 
MEF;20211207;IT0005273013;20480301;-1000000;;0;17250; ;17250; ;17250; ;17250; ;17250; ;17250; ;17250; ;17250; ;17250; ;17250; ;17250; ;17250; ;17250; ;17250; ;17250; ;17250; ;17250; ;17250; ;17250; ;17250; ;17250; ;17250; ;17250; ;17250; ;17250; ;17250; ;17250; ;17250; ;17250; ;17250; ;17250; ;17250;17250;17250;17250;17250;17250;17250;17250;17250;17250;17250;17250;1017250; ; ; ; ; ; ; ; ; ; ; ; ; ; ; ; ; ; ; ; ; ; ; ; ; ; ; ; ; ; ; ; ; ; ; ; ; ; ; 
MEF;20211207;IT0005421703;20410301;-1000000;;0;9000; ;9000; ;9000; ;9000; ;9000; ;9000; ;9000; ;9000; ;9000; ;9000; ;9000; ;9000; ;9000; ;9000; ;9000; ;9000; ;9000; ;9000; ;9000; ;9000; ;9000; ;9000; ;9000; ;9000; ;9000; ;9000; ;9000; ;9000; ;9000; ;1009000; ; ; ; ; ; ; ; ; ; ; ; ; ; ; ; ; ; ; ; ; ; ; ; ; ; ; ; ; ; ; ; ; ; ; ; ; ; ; ; ; ; ; ; ; ; ; ; ; ; ; ; ; ; ; 
MEF;20211215;IT0005162828;20470301;1000000;;0;-13500; ;-13500; ;-13500; ;-13500; ;-13500; ;-13500; ;-13500; ;-13500; ;-13500; ;-13500; ;-13500; ;-13500; ;-13500; ;-13500; ;-13500; ;-13500; ;-13500; ;-13500; ;-13500; ;-13500; ;-13500; ;-13500; ;-13500; ;-13500; ;-13500; ;-13500; ;-13500; ;-13500; ;-13500; ;-13500; ;-13500; ;-13500;-13500;-13500;-13500;-13500;-13500;-13500;-13500;-13500;-13500;-1013500; ; ; ; ; ; ; ; ; ; ; ; ; ; ; ; ; ; ; ; ; ; ; ; ; ; ; ; ; ; ; ; ; ; ; ; ; ; ; ; ; 
MEF;20220112;IT0005217390;20670301;49000000;;0;-686000; ;-686000; ;-686000; ;-686000; ;-686000; ;-686000; ;-686000; ;-686000; ;-686000; ;-686000; ;-686000; ;-686000; ;-686000; ;-686000; ;-686000; ;-686000; ;-686000; ;-686000; ;-686000; ;-686000; ;-686000; ;-686000; ;-686000; ;-686000; ;-686000; ;-686000; ;-686000; ;-686000; ;-686000; ;-686000; ;-686000; ;-686000;-686000;-686000;-686000;-686000;-686000;-686000;-686000;-686000;-686000;-686000;-686000;-686000;-686000;-686000;-686000;-686000;-686000;-686000;-686000;-686000;-686000;-686000;-686000;-686000;-686000;-686000;-686000;-686000;-686000;-686000;-686000;-686000;-686000;-686000;-686000;-686000;-686000;-686000;-686000;-686000;-686000;-686000;-686000;-686000;-686000;-686000;-686000;-686000;-686000;-49686000; 
MEF;20220125;IT0004889033;20280901;-1000000;;0;23750; ;23750; ;23750; ;23750; ;1023750; ; ; ; ; ; ; ; ; ; ; ; ; ; ; ; ; ; ; ; ; ; ; ; ; ; ; ; ; ; ; ; ; ; ; ; ; ; ; ; ; ; ; ; ; ; ; ; ; ; ; ; ; ; ; ; ; ; ; ; ; ; ; ; ; ; ; ; ; ; ; ; ; ; ; ; ; ; ; ; ; ; ; ; ; ; ; ; ; ; ; ; ; ; ; ; ; ; ; ; ; ; ; ; ; 
MEF;20220125;IT0004923998;20440901;-1000000;;0;23750; ;23750; ;23750; ;23750; ;23750; ;23750; ;23750; ;23750; ;23750; ;23750; ;23750; ;23750; ;23750; ;23750; ;23750; ;23750; ;23750; ;23750; ;23750; ;23750; ;23750; ;23750; ;23750; ;23750; ;23750; ;23750; ;23750; ;23750; ;23750; ;23750; ;23750; ;23750;23750;23750;23750;23750;1023750; ; ; ; ; ; ; ; ; ; ; ; ; ; ; ; ; ; ; ; ; ; ; ; ; ; ; ; ; ; ; ; ; ; ; ; ; ; ; ; ; ; ; ; ; ; 
MEF;20220125;IT0005024234;20300301;-1000000;;0;17500; ;17500; ;17500; ;17500; ;17500; ;17500; ;17500; ;1017500; ; ; ; ; ; ; ; ; ; ; ; ; ; ; ; ; ; ; ; ; ; ; ; ; ; ; ; ; ; ; ; ; ; ; ; ; ; ; ; ; ; ; ; ; ; ; ; ; ; ; ; ; ; ; ; ; ; ; ; ; ; ; ; ; ; ; ; ; ; ; ; ; ; ; ; ; ; ; ; ; ; ; ; ; ; ; ; ; ; ; ; ; ; ; ; ; ; ; 
MEF;20220125;IT0005321325;20380901;-1000000;;0;14750; ;14750; ;14750; ;14750; ;14750; ;14750; ;14750; ;14750; ;14750; ;14750; ;14750; ;14750; ;14750; ;14750; ;14750; ;14750; ;14750; ;14750; ;14750; ;14750; ;14750; ;14750; ;14750; ;14750; ;1014750; ; ; ; ; ; ; ; ; ; ; ; ; ; ; ; ; ; ; ; ; ; ; ; ; ; ; ; ; ; ; ; ; ; ; ; ; ; ; ; ; ; ; ; ; ; ; ; ; ; ; ; ; ; ; ; ; ; ; ; ; ; ; ; ; 
MEF;20220125;IT0005358806;20350301;-1000000;;0;16750; ;16750; ;16750; ;16750; ;16750; ;16750; ;16750; ;16750; ;16750; ;16750; ;16750; ;16750; ;16750; ;16750; ;16750; ;16750; ;16750; ;1016750; ; ; ; ; ; ; ; ; ; ; ; ; ; ; ; ; ; ; ; ; ; ; ; ; ; ; ; ; ; ; ; ; ; ; ; ; ; ; ; ; ; ; ; ; ; ; ; ; ; ; ; ; ; ; ; ; ; ; ; ; ; ; ; ; ; ; ; ; ; ; ; ; ; ; ; ; ; ; 
MEF;20220125;IT0005363111;20490901;-1000000;;0;19250; ;19250; ;19250; ;19250; ;19250; ;19250; ;19250; ;19250; ;19250; ;19250; ;19250; ;19250; ;19250; ;19250; ;19250; ;19250; ;19250; ;19250; ;19250; ;19250; ;19250; ;19250; ;19250; ;19250; ;19250; ;19250; ;19250; ;19250; ;19250; ;19250; ;19250; ;19250;19250;19250;19250;19250;19250;19250;19250;19250;19250;19250;19250;19250;19250;19250;1019250; ; ; ; ; ; ; ; ; ; ; ; ; ; ; ; ; ; ; ; ; ; ; ; ; ; ; ; ; ; ; ; ; ; ; ; 
MEF;20220125;IT0005377152;20400301;-1000000;;0;15500; ;15500; ;15500; ;15500; ;15500; ;15500; ;15500; ;15500; ;15500; ;15500; ;15500; ;15500; ;15500; ;15500; ;15500; ;15500; ;15500; ;15500; ;15500; ;15500; ;15500; ;15500; ;15500; ;15500; ;15500; ;15500; ;15500; ;1015500; ; ; ; ; ; ; ; ; ; ; ; ; ; ; ; ; ; ; ; ; ; ; ; ; ; ; ; ; ; ; ; ; ; ; ; ; ; ; ; ; ; ; ; ; ; ; ; ; ; ; ; ; ; ; ; ; ; ; 
MEF;20220125;IT0005398406;20500901;-1000000;;0;12250; ;12250; ;12250; ;12250; ;12250; ;12250; ;12250; ;12250; ;12250; ;12250; ;12250; ;12250; ;12250; ;12250; ;12250; ;12250; ;12250; ;12250; ;12250; ;12250; ;12250; ;12250; ;12250; ;12250; ;12250; ;12250; ;12250; ;12250; ;12250; ;12250; ;12250; ;12250;12250;12250;12250;12250;12250;12250;12250;12250;12250;12250;12250;12250;12250;12250;12250;12250;1012250; ; ; ; ; ; ; ; ; ; ; ; ; ; ; ; ; ; ; ; ; ; ; ; ; ; ; ; ; ; ; ; ; ; 
MEF;20220125;IT0005402117;20360301;-1000000;;0;7250; ;7250; ;7250; ;7250; ;7250; ;7250; ;7250; ;7250; ;7250; ;7250; ;7250; ;7250; ;7250; ;7250; ;7250; ;7250; ;7250; ;7250; ;7250; ;1007250; ; ; ; ; ; ; ; ; ; ; ; ; ; ; ; ; ; ; ; ; ; ; ; ; ; ; ; ; ; ; ; ; ; ; ; ; ; ; ; ; ; ; ; ; ; ; ; ; ; ; ; ; ; ; ; ; ; ; ; ; ; ; ; ; ; ; ; ; ; ; ; ; ; ; 
MEF;20220125;IT0005425233;20510901;-1000000;;0;8500; ;8500; ;8500; ;8500; ;8500; ;8500; ;8500; ;8500; ;8500; ;8500; ;8500; ;8500; ;8500; ;8500; ;8500; ;8500; ;8500; ;8500; ;8500; ;8500; ;8500; ;8500; ;8500; ;8500; ;8500; ;8500; ;8500; ;8500; ;8500; ;8500; ;8500; ;8500;8500;8500;8500;8500;8500;8500;8500;8500;8500;8500;8500;8500;8500;8500;8500;8500;8500;8500;1008500; ; ; ; ; ; ; ; ; ; ; ; ; ; ; ; ; ; ; ; ; ; ; ; ; ; ; ; ; ; ; ; 
MEF;20220125;IT0005433195;20370301;-1000000;;0;4750; ;4750; ;4750; ;4750; ;4750; ;4750; ;4750; ;4750; ;4750; ;4750; ;4750; ;4750; ;4750; ;4750; ;4750; ;4750; ;4750; ;4750; ;4750; ;4750; ;4750; ;1004750; ; ; ; ; ; ; ; ; ; ; ; ; ; ; ; ; ; ; ; ; ; ; ; ; ; ; ; ; ; ; ; ; ; ; ; ; ; ; ; ; ; ; ; ; ; ; ; ; ; ; ; ; ; ; ; ; ; ; ; ; ; ; ; ; ; ; ; ; ; ; 
MEF;20220215;IT0005083057;20460901;3000000;;0;-48750; ;-48750; ;-48750; ;-48750; ;-48750; ;-48750; ;-48750; ;-48750; ;-48750; ;-48750; ;-48750; ;-48750; ;-48750; ;-48750; ;-48750; ;-48750; ;-48750; ;-48750; ;-48750; ;-48750; ;-48750; ;-48750; ;-48750; ;-48750; ;-48750; ;-48750; ;-48750; ;-48750; ;-48750; ;-48750; ;-48750; ;-48750;-48750;-48750;-48750;-48750;-48750;-48750;-48750;-48750;-3048750; ; ; ; ; ; ; ; ; ; ; ; ; ; ; ; ; ; ; ; ; ; ; ; ; ; ; ; ; ; ; ; ; ; ; ; ; ; ; ; ; ; 
MEF;20220215;IT0005162828;20470301;3000000;;0;-40500; ;-40500; ;-40500; ;-40500; ;-40500; ;-40500; ;-40500; ;-40500; ;-40500; ;-40500; ;-40500; ;-40500; ;-40500; ;-40500; ;-40500; ;-40500; ;-40500; ;-40500; ;-40500; ;-40500; ;-40500; ;-40500; ;-40500; ;-40500; ;-40500; ;-40500; ;-40500; ;-40500; ;-40500; ;-40500; ;-40500; ;-40500;-40500;-40500;-40500;-40500;-40500;-40500;-40500;-40500;-40500;-3040500; ; ; ; ; ; ; ; ; ; ; ; ; ; ; ; ; ; ; ; ; ; ; ; ; ; ; ; ; ; ; ; ; ; ; ; ; ; ; ; ; 
MEF;20220307;IT0005177909;20360901;-1000000;;0;11250; ;11250; ;11250; ;11250; ;11250; ;11250; ;11250; ;11250; ;11250; ;11250; ;11250; ;11250; ;11250; ;11250; ;11250; ;11250; ;11250; ;11250; ;11250; ;11250; ;1011250; ; ; ; ; ; ; ; ; ; ; ; ; ; ; ; ; ; ; ; ; ; ; ; ; ; ; ; ; ; ; ; ; ; ; ; ; ; ; ; ; ; ; ; ; ; ; ; ; ; ; ; ; ; ; ; ; ; ; ; ; ; ; ; ; ; ; ; ; ; ; ; ; 
MEF;20220325;IT0005024234;20300301;1000000;;0;-17500; ;-17500; ;-17500; ;-17500; ;-17500; ;-17500; ;-17500; ;-1017500; ; ; ; ; ; ; ; ; ; ; ; ; ; ; ; ; ; ; ; ; ; ; ; ; ; ; ; ; ; ; ; ; ; ; ; ; ; ; ; ; ; ; ; ; ; ; ; ; ; ; ; ; ; ; ; ; ; ; ; ; ; ; ; ; ; ; ; ; ; ; ; ; ; ; ; ; ; ; ; ; ; ; ; ; ; ; ; ; ; ; ; ; ; ; ; ; ; ; 
MEF;20220328;IT0005217390;20670301;95000000;;0;-1330000; ;-1330000; ;-1330000; ;-1330000; ;-1330000; ;-1330000; ;-1330000; ;-1330000; ;-1330000; ;-1330000; ;-1330000; ;-1330000; ;-1330000; ;-1330000; ;-1330000; ;-1330000; ;-1330000; ;-1330000; ;-1330000; ;-1330000; ;-1330000; ;-1330000; ;-1330000; ;-1330000; ;-1330000; ;-1330000; ;-1330000; ;-1330000; ;-1330000; ;-1330000; ;-1330000; ;-1330000;-1330000;-1330000;-1330000;-1330000;-1330000;-1330000;-1330000;-1330000;-1330000;-1330000;-1330000;-1330000;-1330000;-1330000;-1330000;-1330000;-1330000;-1330000;-1330000;-1330000;-1330000;-1330000;-1330000;-1330000;-1330000;-1330000;-1330000;-1330000;-1330000;-1330000;-1330000;-1330000;-1330000;-1330000;-1330000;-1330000;-1330000;-1330000;-1330000;-1330000;-1330000;-1330000;-1330000;-1330000;-1330000;-1330000;-1330000;-1330000;-1330000;-96330000; 
MEF;20220329;IT0004889033;20280901;-1800000;;0;42750; ;42750; ;42750; ;42750; ;1842750; ; ; ; ; ; ; ; ; ; ; ; ; ; ; ; ; ; ; ; ; ; ; ; ; ; ; ; ; ; ; ; ; ; ; ; ; ; ; ; ; ; ; ; ; ; ; ; ; ; ; ; ; ; ; ; ; ; ; ; ; ; ; ; ; ; ; ; ; ; ; ; ; ; ; ; ; ; ; ; ; ; ; ; ; ; ; ; ; ; ; ; ; ; ; ; ; ; ; ; ; ; ; ; ; 
MEF;20220329;IT0004923998;20440901;-1200000;;0;28500; ;28500; ;28500; ;28500; ;28500; ;28500; ;28500; ;28500; ;28500; ;28500; ;28500; ;28500; ;28500; ;28500; ;28500; ;28500; ;28500; ;28500; ;28500; ;28500; ;28500; ;28500; ;28500; ;28500; ;28500; ;28500; ;28500; ;28500; ;28500; ;28500; ;28500; ;28500;28500;28500;28500;28500;1228500; ; ; ; ; ; ; ; ; ; ; ; ; ; ; ; ; ; ; ; ; ; ; ; ; ; ; ; ; ; ; ; ; ; ; ; ; ; ; ; ; ; ; ; ; ; 
MEF;20220329;IT0005024234;20300301;-1400000;;0;24500; ;24500; ;24500; ;24500; ;24500; ;24500; ;24500; ;1424500; ; ; ; ; ; ; ; ; ; ; ; ; ; ; ; ; ; ; ; ; ; ; ; ; ; ; ; ; ; ; ; ; ; ; ; ; ; ; ; ; ; ; ; ; ; ; ; ; ; ; ; ; ; ; ; ; ; ; ; ; ; ; ; ; ; ; ; ; ; ; ; ; ; ; ; ; ; ; ; ; ; ; ; ; ; ; ; ; ; ; ; ; ; ; ; ; ; ; 
MEF;20220329;IT0005083057;20460901;-1200000;;0;19500; ;19500; ;19500; ;19500; ;19500; ;19500; ;19500; ;19500; ;19500; ;19500; ;19500; ;19500; ;19500; ;19500; ;19500; ;19500; ;19500; ;19500; ;19500; ;19500; ;19500; ;19500; ;19500; ;19500; ;19500; ;19500; ;19500; ;19500; ;19500; ;19500; ;19500; ;19500;19500;19500;19500;19500;19500;19500;19500;19500;1219500; ; ; ; ; ; ; ; ; ; ; ; ; ; ; ; ; ; ; ; ; ; ; ; ; ; ; ; ; ; ; ; ; ; ; ; ; ; ; ; ; ; 
MEF;20220329;IT0005094088;20320301;-1200000;;0;9900; ;9900; ;9900; ;9900; ;9900; ;9900; ;9900; ;9900; ;9900; ;9900; ;9900; ;1209900; ; ; ; ; ; ; ; ; ; ; ; ; ; ; ; ; ; ; ; ; ; ; ; ; ; ; ; ; ; ; ; ; ; ; ; ; ; ; ; ; ; ; ; ; ; ; ; ; ; ; ; ; ; ; ; ; ; ; ; ; ; ; ; ; ; ; ; ; ; ; ; ; ; ; ; ; ; ; ; ; ; ; ; ; ; ; ; ; ; ; 
MEF;20220329;IT0005162828;20470301;-1200000;;0;16200; ;16200; ;16200; ;16200; ;16200; ;16200; ;16200; ;16200; ;16200; ;16200; ;16200; ;16200; ;16200; ;16200; ;16200; ;16200; ;16200; ;16200; ;16200; ;16200; ;16200; ;16200; ;16200; ;16200; ;16200; ;16200; ;16200; ;16200; ;16200; ;16200; ;16200; ;16200;16200;16200;16200;16200;16200;16200;16200;16200;16200;1216200; ; ; ; ; ; ; ; ; ; ; ; ; ; ; ; ; ; ; ; ; ; ; ; ; ; ; ; ; ; ; ; ; ; ; ; ; ; ; ; ; 
MEF;20220329;IT0005177909;20360901;-1200000;;0;13500; ;13500; ;13500; ;13500; ;13500; ;13500; ;13500; ;13500; ;13500; ;13500; ;13500; ;13500; ;13500; ;13500; ;13500; ;13500; ;13500; ;13500; ;13500; ;13500; ;1213500; ; ; ; ; ; ; ; ; ; ; ; ; ; ; ; ; ; ; ; ; ; ; ; ; ; ; ; ; ; ; ; ; ; ; ; ; ; ; ; ; ; ; ; ; ; ; ; ; ; ; ; ; ; ; ; ; ; ; ; ; ; ; ; ; ; ; ; ; ; ; ; ; 
MEF;20220329;IT0005240350;20330901;-1100000;;0;13475; ;13475; ;13475; ;13475; ;13475; ;13475; ;13475; ;13475; ;13475; ;13475; ;13475; ;13475; ;13475; ;13475; ;1113475; ; ; ; ; ; ; ; ; ; ; ; ; ; ; ; ; ; ; ; ; ; ; ; ; ; ; ; ; ; ; ; ; ; ; ; ; ; ; ; ; ; ; ; ; ; ; ; ; ; ; ; ; ; ; ; ; ; ; ; ; ; ; ; ; ; ; ; ; ; ; ; ; ; ; ; ; ; ; ; ; ; ; ; ; 
MEF;20220329;IT0005273013;20480301;-1200000;;0;20700; ;20700; ;20700; ;20700; ;20700; ;20700; ;20700; ;20700; ;20700; ;20700; ;20700; ;20700; ;20700; ;20700; ;20700; ;20700; ;20700; ;20700; ;20700; ;20700; ;20700; ;20700; ;20700; ;20700; ;20700; ;20700; ;20700; ;20700; ;20700; ;20700; ;20700; ;20700;20700;20700;20700;20700;20700;20700;20700;20700;20700;20700;20700;1220700; ; ; ; ; ; ; ; ; ; ; ; ; ; ; ; ; ; ; ; ; ; ; ; ; ; ; ; ; ; ; ; ; ; ; ; ; ; ; 
MEF;20220329;IT0005321325;20380901;-2100000;;0;30975; ;30975; ;30975; ;30975; ;30975; ;30975; ;30975; ;30975; ;30975; ;30975; ;30975; ;30975; ;30975; ;30975; ;30975; ;30975; ;30975; ;30975; ;30975; ;30975; ;30975; ;30975; ;30975; ;30975; ;2130975; ; ; ; ; ; ; ; ; ; ; ; ; ; ; ; ; ; ; ; ; ; ; ; ; ; ; ; ; ; ; ; ; ; ; ; ; ; ; ; ; ; ; ; ; ; ; ; ; ; ; ; ; ; ; ; ; ; ; ; ; ; ; ; ; 
MEF;20220329;IT0005358806;20350301;-900000;;0;15075; ;15075; ;15075; ;15075; ;15075; ;15075; ;15075; ;15075; ;15075; ;15075; ;15075; ;15075; ;15075; ;15075; ;15075; ;15075; ;15075; ;915075; ; ; ; ; ; ; ; ; ; ; ; ; ; ; ; ; ; ; ; ; ; ; ; ; ; ; ; ; ; ; ; ; ; ; ; ; ; ; ; ; ; ; ; ; ; ; ; ; ; ; ; ; ; ; ; ; ; ; ; ; ; ; ; ; ; ; ; ; ; ; ; ; ; ; ; ; ; ; 
MEF;20220329;IT0005363111;20490901;-1200000;;0;23100; ;23100; ;23100; ;23100; ;23100; ;23100; ;23100; ;23100; ;23100; ;23100; ;23100; ;23100; ;23100; ;23100; ;23100; ;23100; ;23100; ;23100; ;23100; ;23100; ;23100; ;23100; ;23100; ;23100; ;23100; ;23100; ;23100; ;23100; ;23100; ;23100; ;23100; ;23100;23100;23100;23100;23100;23100;23100;23100;23100;23100;23100;23100;23100;23100;23100;1223100; ; ; ; ; ; ; ; ; ; ; ; ; ; ; ; ; ; ; ; ; ; ; ; ; ; ; ; ; ; ; ; ; ; ; ; 
MEF;20220329;IT0005377152;20400301;-1200000;;0;18600; ;18600; ;18600; ;18600; ;18600; ;18600; ;18600; ;18600; ;18600; ;18600; ;18600; ;18600; ;18600; ;18600; ;18600; ;18600; ;18600; ;18600; ;18600; ;18600; ;18600; ;18600; ;18600; ;18600; ;18600; ;18600; ;18600; ;1218600; ; ; ; ; ; ; ; ; ; ; ; ; ; ; ; ; ; ; ; ; ; ; ; ; ; ; ; ; ; ; ; ; ; ; ; ; ; ; ; ; ; ; ; ; ; ; ; ; ; ; ; ; ; ; ; ; ; ; 
MEF;20220329;IT0005398406;20500901;-1400000;;0;17150; ;17150; ;17150; ;17150; ;17150; ;17150; ;17150; ;17150; ;17150; ;17150; ;17150; ;17150; ;17150; ;17150; ;17150; ;17150; ;17150; ;17150; ;17150; ;17150; ;17150; ;17150; ;17150; ;17150; ;17150; ;17150; ;17150; ;17150; ;17150; ;17150; ;17150; ;17150;17150;17150;17150;17150;17150;17150;17150;17150;17150;17150;17150;17150;17150;17150;17150;17150;1417150; ; ; ; ; ; ; ; ; ; ; ; ; ; ; ; ; ; ; ; ; ; ; ; ; ; ; ; ; ; ; ; ; ; 
MEF;20220329;IT0005402117;20360301;-1200000;;0;8700; ;8700; ;8700; ;8700; ;8700; ;8700; ;8700; ;8700; ;8700; ;8700; ;8700; ;8700; ;8700; ;8700; ;8700; ;8700; ;8700; ;8700; ;8700; ;1208700; ; ; ; ; ; ; ; ; ; ; ; ; ; ; ; ; ; ; ; ; ; ; ; ; ; ; ; ; ; ; ; ; ; ; ; ; ; ; ; ; ; ; ; ; ; ; ; ; ; ; ; ; ; ; ; ; ; ; ; ; ; ; ; ; ; ; ; ; ; ; ; ; ; ; 
MEF;20220329;IT0005421703;20410301;-1200000;;0;10800; ;10800; ;10800; ;10800; ;10800; ;10800; ;10800; ;10800; ;10800; ;10800; ;10800; ;10800; ;10800; ;10800; ;10800; ;10800; ;10800; ;10800; ;10800; ;10800; ;10800; ;10800; ;10800; ;10800; ;10800; ;10800; ;10800; ;10800; ;10800; ;1210800; ; ; ; ; ; ; ; ; ; ; ; ; ; ; ; ; ; ; ; ; ; ; ; ; ; ; ; ; ; ; ; ; ; ; ; ; ; ; ; ; ; ; ; ; ; ; ; ; ; ; ; ; ; ; 
MEF;20220329;IT0005425233;20510901;-1200000;;0;10200; ;10200; ;10200; ;10200; ;10200; ;10200; ;10200; ;10200; ;10200; ;10200; ;10200; ;10200; ;10200; ;10200; ;10200; ;10200; ;10200; ;10200; ;10200; ;10200; ;10200; ;10200; ;10200; ;10200; ;10200; ;10200; ;10200; ;10200; ;10200; ;10200; ;10200; ;10200;10200;10200;10200;10200;10200;10200;10200;10200;10200;10200;10200;10200;10200;10200;10200;10200;10200;10200;1210200; ; ; ; ; ; ; ; ; ; ; ; ; ; ; ; ; ; ; ; ; ; ; ; ; ; ; ; ; ; ; ; 
MEF;20220329;IT0005433195;20370301;-1100000;;0;5225; ;5225; ;5225; ;5225; ;5225; ;5225; ;5225; ;5225; ;5225; ;5225; ;5225; ;5225; ;5225; ;5225; ;5225; ;5225; ;5225; ;5225; ;5225; ;5225; ;5225; ;1105225; ; ; ; ; ; ; ; ; ; ; ; ; ; ; ; ; ; ; ; ; ; ; ; ; ; ; ; ; ; ; ; ; ; ; ; ; ; ; ; ; ; ; ; ; ; ; ; ; ; ; ; ; ; ; ; ; ; ; ; ; ; ; ; ; ; ; ; ; ; ; 
MEF;20220331;IT0005217390;20670301;74000000;;0;-1036000; ;-1036000; ;-1036000; ;-1036000; ;-1036000; ;-1036000; ;-1036000; ;-1036000; ;-1036000; ;-1036000; ;-1036000; ;-1036000; ;-1036000; ;-1036000; ;-1036000; ;-1036000; ;-1036000; ;-1036000; ;-1036000; ;-1036000; ;-1036000; ;-1036000; ;-1036000; ;-1036000; ;-1036000; ;-1036000; ;-1036000; ;-1036000; ;-1036000; ;-1036000; ;-1036000; ;-1036000;-1036000;-1036000;-1036000;-1036000;-1036000;-1036000;-1036000;-1036000;-1036000;-1036000;-1036000;-1036000;-1036000;-1036000;-1036000;-1036000;-1036000;-1036000;-1036000;-1036000;-1036000;-1036000;-1036000;-1036000;-1036000;-1036000;-1036000;-1036000;-1036000;-1036000;-1036000;-1036000;-1036000;-1036000;-1036000;-1036000;-1036000;-1036000;-1036000;-1036000;-1036000;-1036000;-1036000;-1036000;-1036000;-1036000;-1036000;-1036000;-1036000;-75036000; 
MEF;20220407;IT0005217390;20670301;75000000;;0;-1050000; ;-1050000; ;-1050000; ;-1050000; ;-1050000; ;-1050000; ;-1050000; ;-1050000; ;-1050000; ;-1050000; ;-1050000; ;-1050000; ;-1050000; ;-1050000; ;-1050000; ;-1050000; ;-1050000; ;-1050000; ;-1050000; ;-1050000; ;-1050000; ;-1050000; ;-1050000; ;-1050000; ;-1050000; ;-1050000; ;-1050000; ;-1050000; ;-1050000; ;-1050000; ;-1050000; ;-1050000;-1050000;-1050000;-1050000;-1050000;-1050000;-1050000;-1050000;-1050000;-1050000;-1050000;-1050000;-1050000;-1050000;-1050000;-1050000;-1050000;-1050000;-1050000;-1050000;-1050000;-1050000;-1050000;-1050000;-1050000;-1050000;-1050000;-1050000;-1050000;-1050000;-1050000;-1050000;-1050000;-1050000;-1050000;-1050000;-1050000;-1050000;-1050000;-1050000;-1050000;-1050000;-1050000;-1050000;-1050000;-1050000;-1050000;-1050000;-1050000;-1050000;-76050000; 
MEF;20220408;IT0005083057;20460901;-900000;;0;14625; ;14625; ;14625; ;14625; ;14625; ;14625; ;14625; ;14625; ;14625; ;14625; ;14625; ;14625; ;14625; ;14625; ;14625; ;14625; ;14625; ;14625; ;14625; ;14625; ;14625; ;14625; ;14625; ;14625; ;14625; ;14625; ;14625; ;14625; ;14625; ;14625; ;14625; ;14625;14625;14625;14625;14625;14625;14625;14625;14625;914625; ; ; ; ; ; ; ; ; ; ; ; ; ; ; ; ; ; ; ; ; ; ; ; ; ; ; ; ; ; ; ; ; ; ; ; ; ; ; ; ; ; 
MEF;20220408;IT0005162828;20470301;-1100000;;0;14850; ;14850; ;14850; ;14850; ;14850; ;14850; ;14850; ;14850; ;14850; ;14850; ;14850; ;14850; ;14850; ;14850; ;14850; ;14850; ;14850; ;14850; ;14850; ;14850; ;14850; ;14850; ;14850; ;14850; ;14850; ;14850; ;14850; ;14850; ;14850; ;14850; ;14850; ;14850;14850;14850;14850;14850;14850;14850;14850;14850;14850;1114850; ; ; ; ; ; ; ; ; ; ; ; ; ; ; ; ; ; ; ; ; ; ; ; ; ; ; ; ; ; ; ; ; ; ; ; ; ; ; ; ; 
MEF;20220408;IT0005217390;20670301;-900000;;0;12600; ;12600; ;12600; ;12600; ;12600; ;12600; ;12600; ;12600; ;12600; ;12600; ;12600; ;12600; ;12600; ;12600; ;12600; ;12600; ;12600; ;12600; ;12600; ;12600; ;12600; ;12600; ;12600; ;12600; ;12600; ;12600; ;12600; ;12600; ;12600; ;12600; ;12600; ;12600;12600;12600;12600;12600;12600;12600;12600;12600;12600;12600;12600;12600;12600;12600;12600;12600;12600;12600;12600;12600;12600;12600;12600;12600;12600;12600;12600;12600;12600;12600;12600;12600;12600;12600;12600;12600;12600;12600;12600;12600;12600;12600;12600;12600;12600;12600;12600;12600;12600;912600; 
MEF;20220408;IT0005273013;20480301;-1100000;;0;18975; ;18975; ;18975; ;18975; ;18975; ;18975; ;18975; ;18975; ;18975; ;18975; ;18975; ;18975; ;18975; ;18975; ;18975; ;18975; ;18975; ;18975; ;18975; ;18975; ;18975; ;18975; ;18975; ;18975; ;18975; ;18975; ;18975; ;18975; ;18975; ;18975; ;18975; ;18975;18975;18975;18975;18975;18975;18975;18975;18975;18975;18975;18975;1118975; ; ; ; ; ; ; ; ; ; ; ; ; ; ; ; ; ; ; ; ; ; ; ; ; ; ; ; ; ; ; ; ; ; ; ; ; ; ; 
MEF;20220408;IT0005358806;20350301;-1100000;;0;18425; ;18425; ;18425; ;18425; ;18425; ;18425; ;18425; ;18425; ;18425; ;18425; ;18425; ;18425; ;18425; ;18425; ;18425; ;18425; ;18425; ;1118425; ; ; ; ; ; ; ; ; ; ; ; ; ; ; ; ; ; ; ; ; ; ; ; ; ; ; ; ; ; ; ; ; ; ; ; ; ; ; ; ; ; ; ; ; ; ; ; ; ; ; ; ; ; ; ; ; ; ; ; ; ; ; ; ; ; ; ; ; ; ; ; ; ; ; ; ; ; ; 
MEF;20220408;IT0005363111;20490901;-1100000;;0;21175; ;21175; ;21175; ;21175; ;21175; ;21175; ;21175; ;21175; ;21175; ;21175; ;21175; ;21175; ;21175; ;21175; ;21175; ;21175; ;21175; ;21175; ;21175; ;21175; ;21175; ;21175; ;21175; ;21175; ;21175; ;21175; ;21175; ;21175; ;21175; ;21175; ;21175; ;21175;21175;21175;21175;21175;21175;21175;21175;21175;21175;21175;21175;21175;21175;21175;1121175; ; ; ; ; ; ; ; ; ; ; ; ; ; ; ; ; ; ; ; ; ; ; ; ; ; ; ; ; ; ; ; ; ; ; ; 
MEF;20220408;IT0005398406;20500901;-900000;;0;11025; ;11025; ;11025; ;11025; ;11025; ;11025; ;11025; ;11025; ;11025; ;11025; ;11025; ;11025; ;11025; ;11025; ;11025; ;11025; ;11025; ;11025; ;11025; ;11025; ;11025; ;11025; ;11025; ;11025; ;11025; ;11025; ;11025; ;11025; ;11025; ;11025; ;11025; ;11025;11025;11025;11025;11025;11025;11025;11025;11025;11025;11025;11025;11025;11025;11025;11025;11025;911025; ; ; ; ; ; ; ; ; ; ; ; ; ; ; ; ; ; ; ; ; ; ; ; ; ; ; ; ; ; ; ; ; ; 
MEF;20220408;IT0005402117;20360301;-900000;;0;6525; ;6525; ;6525; ;6525; ;6525; ;6525; ;6525; ;6525; ;6525; ;6525; ;6525; ;6525; ;6525; ;6525; ;6525; ;6525; ;6525; ;6525; ;6525; ;906525; ; ; ; ; ; ; ; ; ; ; ; ; ; ; ; ; ; ; ; ; ; ; ; ; ; ; ; ; ; ; ; ; ; ; ; ; ; ; ; ; ; ; ; ; ; ; ; ; ; ; ; ; ; ; ; ; ; ; ; ; ; ; ; ; ; ; ; ; ; ; ; ; ; ; 
MEF;20220408;IT0005421703;20410301;-900000;;0;8100; ;8100; ;8100; ;8100; ;8100; ;8100; ;8100; ;8100; ;8100; ;8100; ;8100; ;8100; ;8100; ;8100; ;8100; ;8100; ;8100; ;8100; ;8100; ;8100; ;8100; ;8100; ;8100; ;8100; ;8100; ;8100; ;8100; ;8100; ;8100; ;908100; ; ; ; ; ; ; ; ; ; ; ; ; ; ; ; ; ; ; ; ; ; ; ; ; ; ; ; ; ; ; ; ; ; ; ; ; ; ; ; ; ; ; ; ; ; ; ; ; ; ; ; ; ; ; 
MEF;20220408;IT0005425233;20510901;-1200000;;0;10200; ;10200; ;10200; ;10200; ;10200; ;10200; ;10200; ;10200; ;10200; ;10200; ;10200; ;10200; ;10200; ;10200; ;10200; ;10200; ;10200; ;10200; ;10200; ;10200; ;10200; ;10200; ;10200; ;10200; ;10200; ;10200; ;10200; ;10200; ;10200; ;10200; ;10200; ;10200;10200;10200;10200;10200;10200;10200;10200;10200;10200;10200;10200;10200;10200;10200;10200;10200;10200;10200;1210200; ; ; ; ; ; ; ; ; ; ; ; ; ; ; ; ; ; ; ; ; ; ; ; ; ; ; ; ; ; ; ; 
MEF;20220408;IT0005433195;20370301;-900000;;0;4275; ;4275; ;4275; ;4275; ;4275; ;4275; ;4275; ;4275; ;4275; ;4275; ;4275; ;4275; ;4275; ;4275; ;4275; ;4275; ;4275; ;4275; ;4275; ;4275; ;4275; ;904275; ; ; ; ; ; ; ; ; ; ; ; ; ; ; ; ; ; ; ; ; ; ; ; ; ; ; ; ; ; ; ; ; ; ; ; ; ; ; ; ; ; ; ; ; ; ; ; ; ; ; ; ; ; ; ; ; ; ; ; ; ; ; ; ; ; ; ; ; ; ; 
MEF;20220413;IT0005398406;20500901;29000000;;0;-355250; ;-355250; ;-355250; ;-355250; ;-355250; ;-355250; ;-355250; ;-355250; ;-355250; ;-355250; ;-355250; ;-355250; ;-355250; ;-355250; ;-355250; ;-355250; ;-355250; ;-355250; ;-355250; ;-355250; ;-355250; ;-355250; ;-355250; ;-355250; ;-355250; ;-355250; ;-355250; ;-355250; ;-355250; ;-355250; ;-355250; ;-355250;-355250;-355250;-355250;-355250;-355250;-355250;-355250;-355250;-355250;-355250;-355250;-355250;-355250;-355250;-355250;-355250;-29355250; ; ; ; ; ; ; ; ; ; ; ; ; ; ; ; ; ; ; ; ; ; ; ; ; ; ; ; ; ; ; ; ; ; 
MEF;20220414;IT0005217390;20670301;99000000;;0;-1386000; ;-1386000; ;-1386000; ;-1386000; ;-1386000; ;-1386000; ;-1386000; ;-1386000; ;-1386000; ;-1386000; ;-1386000; ;-1386000; ;-1386000; ;-1386000; ;-1386000; ;-1386000; ;-1386000; ;-1386000; ;-1386000; ;-1386000; ;-1386000; ;-1386000; ;-1386000; ;-1386000; ;-1386000; ;-1386000; ;-1386000; ;-1386000; ;-1386000; ;-1386000; ;-1386000; ;-1386000;-1386000;-1386000;-1386000;-1386000;-1386000;-1386000;-1386000;-1386000;-1386000;-1386000;-1386000;-1386000;-1386000;-1386000;-1386000;-1386000;-1386000;-1386000;-1386000;-1386000;-1386000;-1386000;-1386000;-1386000;-1386000;-1386000;-1386000;-1386000;-1386000;-1386000;-1386000;-1386000;-1386000;-1386000;-1386000;-1386000;-1386000;-1386000;-1386000;-1386000;-1386000;-1386000;-1386000;-1386000;-1386000;-1386000;-1386000;-1386000;-1386000;-100386000; 
MEF;20220414;IT0005363111;20490901;29000000;;0;-558250; ;-558250; ;-558250; ;-558250; ;-558250; ;-558250; ;-558250; ;-558250; ;-558250; ;-558250; ;-558250; ;-558250; ;-558250; ;-558250; ;-558250; ;-558250; ;-558250; ;-558250; ;-558250; ;-558250; ;-558250; ;-558250; ;-558250; ;-558250; ;-558250; ;-558250; ;-558250; ;-558250; ;-558250; ;-558250; ;-558250; ;-558250;-558250;-558250;-558250;-558250;-558250;-558250;-558250;-558250;-558250;-558250;-558250;-558250;-558250;-558250;-29558250; ; ; ; ; ; ; ; ; ; ; ; ; ; ; ; ; ; ; ; ; ; ; ; ; ; ; ; ; ; ; ; ; ; ; ; 
MEF;20220419;IT0004889033;20280901;-1900000;;0;45125; ;45125; ;45125; ;45125; ;1945125; ; ; ; ; ; ; ; ; ; ; ; ; ; ; ; ; ; ; ; ; ; ; ; ; ; ; ; ; ; ; ; ; ; ; ; ; ; ; ; ; ; ; ; ; ; ; ; ; ; ; ; ; ; ; ; ; ; ; ; ; ; ; ; ; ; ; ; ; ; ; ; ; ; ; ; ; ; ; ; ; ; ; ; ; ; ; ; ; ; ; ; ; ; ; ; ; ; ; ; ; ; ; ; ; 
MEF;20220419;IT0004889033;20280901;-2000000;;0;47500; ;47500; ;47500; ;47500; ;2047500; ; ; ; ; ; ; ; ; ; ; ; ; ; ; ; ; ; ; ; ; ; ; ; ; ; ; ; ; ; ; ; ; ; ; ; ; ; ; ; ; ; ; ; ; ; ; ; ; ; ; ; ; ; ; ; ; ; ; ; ; ; ; ; ; ; ; ; ; ; ; ; ; ; ; ; ; ; ; ; ; ; ; ; ; ; ; ; ; ; ; ; ; ; ; ; ; ; ; ; ; ; ; ; ; 
MEF;20220419;IT0004923998;20440901;-4000000;;0;95000; ;95000; ;95000; ;95000; ;95000; ;95000; ;95000; ;95000; ;95000; ;95000; ;95000; ;95000; ;95000; ;95000; ;95000; ;95000; ;95000; ;95000; ;95000; ;95000; ;95000; ;95000; ;95000; ;95000; ;95000; ;95000; ;95000; ;95000; ;95000; ;95000; ;95000; ;95000;95000;95000;95000;95000;4095000; ; ; ; ; ; ; ; ; ; ; ; ; ; ; ; ; ; ; ; ; ; ; ; ; ; ; ; ; ; ; ; ; ; ; ; ; ; ; ; ; ; ; ; ; ; 
MEF;20220419;IT0005024234;20300301;-2000000;;0;35000; ;35000; ;35000; ;35000; ;35000; ;35000; ;35000; ;2035000; ; ; ; ; ; ; ; ; ; ; ; ; ; ; ; ; ; ; ; ; ; ; ; ; ; ; ; ; ; ; ; ; ; ; ; ; ; ; ; ; ; ; ; ; ; ; ; ; ; ; ; ; ; ; ; ; ; ; ; ; ; ; ; ; ; ; ; ; ; ; ; ; ; ; ; ; ; ; ; ; ; ; ; ; ; ; ; ; ; ; ; ; ; ; ; ; ; ; 
MEF;20220419;IT0005024234;20300301;-2100000;;0;36750; ;36750; ;36750; ;36750; ;36750; ;36750; ;36750; ;2136750; ; ; ; ; ; ; ; ; ; ; ; ; ; ; ; ; ; ; ; ; ; ; ; ; ; ; ; ; ; ; ; ; ; ; ; ; ; ; ; ; ; ; ; ; ; ; ; ; ; ; ; ; ; ; ; ; ; ; ; ; ; ; ; ; ; ; ; ; ; ; ; ; ; ; ; ; ; ; ; ; ; ; ; ; ; ; ; ; ; ; ; ; ; ; ; ; ; ; 
MEF;20220419;IT0005083057;20460901;-2000000;;0;32500; ;32500; ;32500; ;32500; ;32500; ;32500; ;32500; ;32500; ;32500; ;32500; ;32500; ;32500; ;32500; ;32500; ;32500; ;32500; ;32500; ;32500; ;32500; ;32500; ;32500; ;32500; ;32500; ;32500; ;32500; ;32500; ;32500; ;32500; ;32500; ;32500; ;32500; ;32500;32500;32500;32500;32500;32500;32500;32500;32500;2032500; ; ; ; ; ; ; ; ; ; ; ; ; ; ; ; ; ; ; ; ; ; ; ; ; ; ; ; ; ; ; ; ; ; ; ; ; ; ; ; ; ; 
MEF;20220419;IT0005094088;20320301;-2000000;;0;16500; ;16500; ;16500; ;16500; ;16500; ;16500; ;16500; ;16500; ;16500; ;16500; ;16500; ;2016500; ; ; ; ; ; ; ; ; ; ; ; ; ; ; ; ; ; ; ; ; ; ; ; ; ; ; ; ; ; ; ; ; ; ; ; ; ; ; ; ; ; ; ; ; ; ; ; ; ; ; ; ; ; ; ; ; ; ; ; ; ; ; ; ; ; ; ; ; ; ; ; ; ; ; ; ; ; ; ; ; ; ; ; ; ; ; ; ; ; ; 
MEF;20220419;IT0005094088;20320301;-2100000;;0;17325; ;17325; ;17325; ;17325; ;17325; ;17325; ;17325; ;17325; ;17325; ;17325; ;17325; ;2117325; ; ; ; ; ; ; ; ; ; ; ; ; ; ; ; ; ; ; ; ; ; ; ; ; ; ; ; ; ; ; ; ; ; ; ; ; ; ; ; ; ; ; ; ; ; ; ; ; ; ; ; ; ; ; ; ; ; ; ; ; ; ; ; ; ; ; ; ; ; ; ; ; ; ; ; ; ; ; ; ; ; ; ; ; ; ; ; ; ; ; 
MEF;20220419;IT0005162828;20470301;-2000000;;0;27000; ;27000; ;27000; ;27000; ;27000; ;27000; ;27000; ;27000; ;27000; ;27000; ;27000; ;27000; ;27000; ;27000; ;27000; ;27000; ;27000; ;27000; ;27000; ;27000; ;27000; ;27000; ;27000; ;27000; ;27000; ;27000; ;27000; ;27000; ;27000; ;27000; ;27000; ;27000;27000;27000;27000;27000;27000;27000;27000;27000;27000;2027000; ; ; ; ; ; ; ; ; ; ; ; ; ; ; ; ; ; ; ; ; ; ; ; ; ; ; ; ; ; ; ; ; ; ; ; ; ; ; ; ; 
MEF;20220419;IT0005177909;20360901;-1000000;;0;11250; ;11250; ;11250; ;11250; ;11250; ;11250; ;11250; ;11250; ;11250; ;11250; ;11250; ;11250; ;11250; ;11250; ;11250; ;11250; ;11250; ;11250; ;11250; ;11250; ;1011250; ; ; ; ; ; ; ; ; ; ; ; ; ; ; ; ; ; ; ; ; ; ; ; ; ; ; ; ; ; ; ; ; ; ; ; ; ; ; ; ; ; ; ; ; ; ; ; ; ; ; ; ; ; ; ; ; ; ; ; ; ; ; ; ; ; ; ; ; ; ; ; ; 
MEF;20220419;IT0005177909;20360901;-2200000;;0;24750; ;24750; ;24750; ;24750; ;24750; ;24750; ;24750; ;24750; ;24750; ;24750; ;24750; ;24750; ;24750; ;24750; ;24750; ;24750; ;24750; ;24750; ;24750; ;24750; ;2224750; ; ; ; ; ; ; ; ; ; ; ; ; ; ; ; ; ; ; ; ; ; ; ; ; ; ; ; ; ; ; ; ; ; ; ; ; ; ; ; ; ; ; ; ; ; ; ; ; ; ; ; ; ; ; ; ; ; ; ; ; ; ; ; ; ; ; ; ; ; ; ; ; 
MEF;20220419;IT0005240350;20330901;-2000000;;0;24500; ;24500; ;24500; ;24500; ;24500; ;24500; ;24500; ;24500; ;24500; ;24500; ;24500; ;24500; ;24500; ;24500; ;2024500; ; ; ; ; ; ; ; ; ; ; ; ; ; ; ; ; ; ; ; ; ; ; ; ; ; ; ; ; ; ; ; ; ; ; ; ; ; ; ; ; ; ; ; ; ; ; ; ; ; ; ; ; ; ; ; ; ; ; ; ; ; ; ; ; ; ; ; ; ; ; ; ; ; ; ; ; ; ; ; ; ; ; ; ; 
MEF;20220419;IT0005240350;20330901;-2200000;;0;26950; ;26950; ;26950; ;26950; ;26950; ;26950; ;26950; ;26950; ;26950; ;26950; ;26950; ;26950; ;26950; ;26950; ;2226950; ; ; ; ; ; ; ; ; ; ; ; ; ; ; ; ; ; ; ; ; ; ; ; ; ; ; ; ; ; ; ; ; ; ; ; ; ; ; ; ; ; ; ; ; ; ; ; ; ; ; ; ; ; ; ; ; ; ; ; ; ; ; ; ; ; ; ; ; ; ; ; ; ; ; ; ; ; ; ; ; ; ; ; ; 
MEF;20220419;IT0005273013;20480301;-1400000;;0;24150; ;24150; ;24150; ;24150; ;24150; ;24150; ;24150; ;24150; ;24150; ;24150; ;24150; ;24150; ;24150; ;24150; ;24150; ;24150; ;24150; ;24150; ;24150; ;24150; ;24150; ;24150; ;24150; ;24150; ;24150; ;24150; ;24150; ;24150; ;24150; ;24150; ;24150; ;24150;24150;24150;24150;24150;24150;24150;24150;24150;24150;24150;24150;1424150; ; ; ; ; ; ; ; ; ; ; ; ; ; ; ; ; ; ; ; ; ; ; ; ; ; ; ; ; ; ; ; ; ; ; ; ; ; ; 
MEF;20220419;IT0005273013;20480301;-2000000;;0;34500; ;34500; ;34500; ;34500; ;34500; ;34500; ;34500; ;34500; ;34500; ;34500; ;34500; ;34500; ;34500; ;34500; ;34500; ;34500; ;34500; ;34500; ;34500; ;34500; ;34500; ;34500; ;34500; ;34500; ;34500; ;34500; ;34500; ;34500; ;34500; ;34500; ;34500; ;34500;34500;34500;34500;34500;34500;34500;34500;34500;34500;34500;34500;2034500; ; ; ; ; ; ; ; ; ; ; ; ; ; ; ; ; ; ; ; ; ; ; ; ; ; ; ; ; ; ; ; ; ; ; ; ; ; ; 
MEF;20220419;IT0005321325;20380901;-2000000;;0;29500; ;29500; ;29500; ;29500; ;29500; ;29500; ;29500; ;29500; ;29500; ;29500; ;29500; ;29500; ;29500; ;29500; ;29500; ;29500; ;29500; ;29500; ;29500; ;29500; ;29500; ;29500; ;29500; ;29500; ;2029500; ; ; ; ; ; ; ; ; ; ; ; ; ; ; ; ; ; ; ; ; ; ; ; ; ; ; ; ; ; ; ; ; ; ; ; ; ; ; ; ; ; ; ; ; ; ; ; ; ; ; ; ; ; ; ; ; ; ; ; ; ; ; ; ; 
MEF;20220419;IT0005321325;20380901;-2200000;;0;32450; ;32450; ;32450; ;32450; ;32450; ;32450; ;32450; ;32450; ;32450; ;32450; ;32450; ;32450; ;32450; ;32450; ;32450; ;32450; ;32450; ;32450; ;32450; ;32450; ;32450; ;32450; ;32450; ;32450; ;2232450; ; ; ; ; ; ; ; ; ; ; ; ; ; ; ; ; ; ; ; ; ; ; ; ; ; ; ; ; ; ; ; ; ; ; ; ; ; ; ; ; ; ; ; ; ; ; ; ; ; ; ; ; ; ; ; ; ; ; ; ; ; ; ; ; 
MEF;20220419;IT0005358806;20350301;-1000000;;0;16750; ;16750; ;16750; ;16750; ;16750; ;16750; ;16750; ;16750; ;16750; ;16750; ;16750; ;16750; ;16750; ;16750; ;16750; ;16750; ;16750; ;1016750; ; ; ; ; ; ; ; ; ; ; ; ; ; ; ; ; ; ; ; ; ; ; ; ; ; ; ; ; ; ; ; ; ; ; ; ; ; ; ; ; ; ; ; ; ; ; ; ; ; ; ; ; ; ; ; ; ; ; ; ; ; ; ; ; ; ; ; ; ; ; ; ; ; ; ; ; ; ; 
MEF;20220419;IT0005358806;20350301;-1200000;;0;20100; ;20100; ;20100; ;20100; ;20100; ;20100; ;20100; ;20100; ;20100; ;20100; ;20100; ;20100; ;20100; ;20100; ;20100; ;20100; ;20100; ;1220100; ; ; ; ; ; ; ; ; ; ; ; ; ; ; ; ; ; ; ; ; ; ; ; ; ; ; ; ; ; ; ; ; ; ; ; ; ; ; ; ; ; ; ; ; ; ; ; ; ; ; ; ; ; ; ; ; ; ; ; ; ; ; ; ; ; ; ; ; ; ; ; ; ; ; ; ; ; ; 
MEF;20220419;IT0005377152;20400301;-2000000;;0;31000; ;31000; ;31000; ;31000; ;31000; ;31000; ;31000; ;31000; ;31000; ;31000; ;31000; ;31000; ;31000; ;31000; ;31000; ;31000; ;31000; ;31000; ;31000; ;31000; ;31000; ;31000; ;31000; ;31000; ;31000; ;31000; ;31000; ;2031000; ; ; ; ; ; ; ; ; ; ; ; ; ; ; ; ; ; ; ; ; ; ; ; ; ; ; ; ; ; ; ; ; ; ; ; ; ; ; ; ; ; ; ; ; ; ; ; ; ; ; ; ; ; ; ; ; ; ; 
MEF;20220419;IT0005402117;20360301;-1200000;;0;8700; ;8700; ;8700; ;8700; ;8700; ;8700; ;8700; ;8700; ;8700; ;8700; ;8700; ;8700; ;8700; ;8700; ;8700; ;8700; ;8700; ;8700; ;8700; ;1208700; ; ; ; ; ; ; ; ; ; ; ; ; ; ; ; ; ; ; ; ; ; ; ; ; ; ; ; ; ; ; ; ; ; ; ; ; ; ; ; ; ; ; ; ; ; ; ; ; ; ; ; ; ; ; ; ; ; ; ; ; ; ; ; ; ; ; ; ; ; ; ; ; ; ; 
MEF;20220419;IT0005402117;20360301;-2000000;;0;14500; ;14500; ;14500; ;14500; ;14500; ;14500; ;14500; ;14500; ;14500; ;14500; ;14500; ;14500; ;14500; ;14500; ;14500; ;14500; ;14500; ;14500; ;14500; ;2014500; ; ; ; ; ; ; ; ; ; ; ; ; ; ; ; ; ; ; ; ; ; ; ; ; ; ; ; ; ; ; ; ; ; ; ; ; ; ; ; ; ; ; ; ; ; ; ; ; ; ; ; ; ; ; ; ; ; ; ; ; ; ; ; ; ; ; ; ; ; ; ; ; ; ; 
MEF;20220419;IT0005421703;20410301;-1400000;;0;12600; ;12600; ;12600; ;12600; ;12600; ;12600; ;12600; ;12600; ;12600; ;12600; ;12600; ;12600; ;12600; ;12600; ;12600; ;12600; ;12600; ;12600; ;12600; ;12600; ;12600; ;12600; ;12600; ;12600; ;12600; ;12600; ;12600; ;12600; ;12600; ;1412600; ; ; ; ; ; ; ; ; ; ; ; ; ; ; ; ; ; ; ; ; ; ; ; ; ; ; ; ; ; ; ; ; ; ; ; ; ; ; ; ; ; ; ; ; ; ; ; ; ; ; ; ; ; ; 
MEF;20220419;IT0005421703;20410301;-2000000;;0;18000; ;18000; ;18000; ;18000; ;18000; ;18000; ;18000; ;18000; ;18000; ;18000; ;18000; ;18000; ;18000; ;18000; ;18000; ;18000; ;18000; ;18000; ;18000; ;18000; ;18000; ;18000; ;18000; ;18000; ;18000; ;18000; ;18000; ;18000; ;18000; ;2018000; ; ; ; ; ; ; ; ; ; ; ; ; ; ; ; ; ; ; ; ; ; ; ; ; ; ; ; ; ; ; ; ; ; ; ; ; ; ; ; ; ; ; ; ; ; ; ; ; ; ; ; ; ; ; 
MEF;20220419;IT0005425233;20510901;-1000000;;0;8500; ;8500; ;8500; ;8500; ;8500; ;8500; ;8500; ;8500; ;8500; ;8500; ;8500; ;8500; ;8500; ;8500; ;8500; ;8500; ;8500; ;8500; ;8500; ;8500; ;8500; ;8500; ;8500; ;8500; ;8500; ;8500; ;8500; ;8500; ;8500; ;8500; ;8500; ;8500;8500;8500;8500;8500;8500;8500;8500;8500;8500;8500;8500;8500;8500;8500;8500;8500;8500;8500;1008500; ; ; ; ; ; ; ; ; ; ; ; ; ; ; ; ; ; ; ; ; ; ; ; ; ; ; ; ; ; ; ; 
MEF;20220419;IT0005433195;20370301;-1400000;;0;6650; ;6650; ;6650; ;6650; ;6650; ;6650; ;6650; ;6650; ;6650; ;6650; ;6650; ;6650; ;6650; ;6650; ;6650; ;6650; ;6650; ;6650; ;6650; ;6650; ;6650; ;1406650; ; ; ; ; ; ; ; ; ; ; ; ; ; ; ; ; ; ; ; ; ; ; ; ; ; ; ; ; ; ; ; ; ; ; ; ; ; ; ; ; ; ; ; ; ; ; ; ; ; ; ; ; ; ; ; ; ; ; ; ; ; ; ; ; ; ; ; ; ; ; 
MEF;20220419;IT0005433195;20370301;-2000000;;0;9500; ;9500; ;9500; ;9500; ;9500; ;9500; ;9500; ;9500; ;9500; ;9500; ;9500; ;9500; ;9500; ;9500; ;9500; ;9500; ;9500; ;9500; ;9500; ;9500; ;9500; ;2009500; ; ; ; ; ; ; ; ; ; ; ; ; ; ; ; ; ; ; ; ; ; ; ; ; ; ; ; ; ; ; ; ; ; ; ; ; ; ; ; ; ; ; ; ; ; ; ; ; ; ; ; ; ; ; ; ; ; ; ; ; ; ; ; ; ; ; ; ; ; ; 
MEF;20220420;IT0004923998;20440901;-2300000;;0;54625; ;54625; ;54625; ;54625; ;54625; ;54625; ;54625; ;54625; ;54625; ;54625; ;54625; ;54625; ;54625; ;54625; ;54625; ;54625; ;54625; ;54625; ;54625; ;54625; ;54625; ;54625; ;54625; ;54625; ;54625; ;54625; ;54625; ;54625; ;54625; ;54625; ;54625; ;54625;54625;54625;54625;54625;2354625; ; ; ; ; ; ; ; ; ; ; ; ; ; ; ; ; ; ; ; ; ; ; ; ; ; ; ; ; ; ; ; ; ; ; ; ; ; ; ; ; ; ; ; ; ; 
MEF;20220420;IT0005083057;20460901;-1600000;;0;26000; ;26000; ;26000; ;26000; ;26000; ;26000; ;26000; ;26000; ;26000; ;26000; ;26000; ;26000; ;26000; ;26000; ;26000; ;26000; ;26000; ;26000; ;26000; ;26000; ;26000; ;26000; ;26000; ;26000; ;26000; ;26000; ;26000; ;26000; ;26000; ;26000; ;26000; ;26000;26000;26000;26000;26000;26000;26000;26000;26000;1626000; ; ; ; ; ; ; ; ; ; ; ; ; ; ; ; ; ; ; ; ; ; ; ; ; ; ; ; ; ; ; ; ; ; ; ; ; ; ; ; ; ; 
MEF;20220420;IT0005162828;20470301;-1400000;;0;18900; ;18900; ;18900; ;18900; ;18900; ;18900; ;18900; ;18900; ;18900; ;18900; ;18900; ;18900; ;18900; ;18900; ;18900; ;18900; ;18900; ;18900; ;18900; ;18900; ;18900; ;18900; ;18900; ;18900; ;18900; ;18900; ;18900; ;18900; ;18900; ;18900; ;18900; ;18900;18900;18900;18900;18900;18900;18900;18900;18900;18900;1418900; ; ; ; ; ; ; ; ; ; ; ; ; ; ; ; ; ; ; ; ; ; ; ; ; ; ; ; ; ; ; ; ; ; ; ; ; ; ; ; ; 
MEF;20220420;IT0005217390;20670301;14000000;;0;-196000; ;-196000; ;-196000; ;-196000; ;-196000; ;-196000; ;-196000; ;-196000; ;-196000; ;-196000; ;-196000; ;-196000; ;-196000; ;-196000; ;-196000; ;-196000; ;-196000; ;-196000; ;-196000; ;-196000; ;-196000; ;-196000; ;-196000; ;-196000; ;-196000; ;-196000; ;-196000; ;-196000; ;-196000; ;-196000; ;-196000; ;-196000;-196000;-196000;-196000;-196000;-196000;-196000;-196000;-196000;-196000;-196000;-196000;-196000;-196000;-196000;-196000;-196000;-196000;-196000;-196000;-196000;-196000;-196000;-196000;-196000;-196000;-196000;-196000;-196000;-196000;-196000;-196000;-196000;-196000;-196000;-196000;-196000;-196000;-196000;-196000;-196000;-196000;-196000;-196000;-196000;-196000;-196000;-196000;-196000;-196000;-14196000; 
MEF;20220420;IT0005363111;20490901;-1400000;;0;26950; ;26950; ;26950; ;26950; ;26950; ;26950; ;26950; ;26950; ;26950; ;26950; ;26950; ;26950; ;26950; ;26950; ;26950; ;26950; ;26950; ;26950; ;26950; ;26950; ;26950; ;26950; ;26950; ;26950; ;26950; ;26950; ;26950; ;26950; ;26950; ;26950; ;26950; ;26950;26950;26950;26950;26950;26950;26950;26950;26950;26950;26950;26950;26950;26950;26950;1426950; ; ; ; ; ; ; ; ; ; ; ; ; ; ; ; ; ; ; ; ; ; ; ; ; ; ; ; ; ; ; ; ; ; ; ; 
MEF;20220420;IT0005377152;20400301;-2300000;;0;35650; ;35650; ;35650; ;35650; ;35650; ;35650; ;35650; ;35650; ;35650; ;35650; ;35650; ;35650; ;35650; ;35650; ;35650; ;35650; ;35650; ;35650; ;35650; ;35650; ;35650; ;35650; ;35650; ;35650; ;35650; ;35650; ;35650; ;2335650; ; ; ; ; ; ; ; ; ; ; ; ; ; ; ; ; ; ; ; ; ; ; ; ; ; ; ; ; ; ; ; ; ; ; ; ; ; ; ; ; ; ; ; ; ; ; ; ; ; ; ; ; ; ; ; ; ; ; 
MEF;20220420;IT0005398406;20500901;-1600000;;0;19600; ;19600; ;19600; ;19600; ;19600; ;19600; ;19600; ;19600; ;19600; ;19600; ;19600; ;19600; ;19600; ;19600; ;19600; ;19600; ;19600; ;19600; ;19600; ;19600; ;19600; ;19600; ;19600; ;19600; ;19600; ;19600; ;19600; ;19600; ;19600; ;19600; ;19600; ;19600;19600;19600;19600;19600;19600;19600;19600;19600;19600;19600;19600;19600;19600;19600;19600;19600;1619600; ; ; ; ; ; ; ; ; ; ; ; ; ; ; ; ; ; ; ; ; ; ; ; ; ; ; ; ; ; ; ; ; ; 
MEF;20220420;IT0005425233;20510901;-1400000;;0;11900; ;11900; ;11900; ;11900; ;11900; ;11900; ;11900; ;11900; ;11900; ;11900; ;11900; ;11900; ;11900; ;11900; ;11900; ;11900; ;11900; ;11900; ;11900; ;11900; ;11900; ;11900; ;11900; ;11900; ;11900; ;11900; ;11900; ;11900; ;11900; ;11900; ;11900; ;11900;11900;11900;11900;11900;11900;11900;11900;11900;11900;11900;11900;11900;11900;11900;11900;11900;11900;11900;1411900; ; ; ; ; ; ; ; ; ; ; ; ; ; ; ; ; ; ; ; ; ; ; ; ; ; ; ; ; ; ; ; 
MEF;20220422;IT0005363111;20490901;19000000;;0;-365750; ;-365750; ;-365750; ;-365750; ;-365750; ;-365750; ;-365750; ;-365750; ;-365750; ;-365750; ;-365750; ;-365750; ;-365750; ;-365750; ;-365750; ;-365750; ;-365750; ;-365750; ;-365750; ;-365750; ;-365750; ;-365750; ;-365750; ;-365750; ;-365750; ;-365750; ;-365750; ;-365750; ;-365750; ;-365750; ;-365750; ;-365750;-365750;-365750;-365750;-365750;-365750;-365750;-365750;-365750;-365750;-365750;-365750;-365750;-365750;-365750;-19365750; ; ; ; ; ; ; ; ; ; ; ; ; ; ; ; ; ; ; ; ; ; ; ; ; ; ; ; ; ; ; ; ; ; ; ; 
MEF;20220427;IT0005217390;20670301;1100000;;0;-15400; ;-15400; ;-15400; ;-15400; ;-15400; ;-15400; ;-15400; ;-15400; ;-15400; ;-15400; ;-15400; ;-15400; ;-15400; ;-15400; ;-15400; ;-15400; ;-15400; ;-15400; ;-15400; ;-15400; ;-15400; ;-15400; ;-15400; ;-15400; ;-15400; ;-15400; ;-15400; ;-15400; ;-15400; ;-15400; ;-15400; ;-15400;-15400;-15400;-15400;-15400;-15400;-15400;-15400;-15400;-15400;-15400;-15400;-15400;-15400;-15400;-15400;-15400;-15400;-15400;-15400;-15400;-15400;-15400;-15400;-15400;-15400;-15400;-15400;-15400;-15400;-15400;-15400;-15400;-15400;-15400;-15400;-15400;-15400;-15400;-15400;-15400;-15400;-15400;-15400;-15400;-15400;-15400;-15400;-15400;-15400;-1115400; 
MEF;20220429;IT0004923998;20440901;8000000;;0;-190000; ;-190000; ;-190000; ;-190000; ;-190000; ;-190000; ;-190000; ;-190000; ;-190000; ;-190000; ;-190000; ;-190000; ;-190000; ;-190000; ;-190000; ;-190000; ;-190000; ;-190000; ;-190000; ;-190000; ;-190000; ;-190000; ;-190000; ;-190000; ;-190000; ;-190000; ;-190000; ;-190000; ;-190000; ;-190000; ;-190000; ;-190000;-190000;-190000;-190000;-190000;-8190000; ; ; ; ; ; ; ; ; ; ; ; ; ; ; ; ; ; ; ; ; ; ; ; ; ; ; ; ; ; ; ; ; ; ; ; ; ; ; ; ; ; ; ; ; ; 
MEF;20220429;IT0004923998;20440901;8900000;;0;-211375; ;-211375; ;-211375; ;-211375; ;-211375; ;-211375; ;-211375; ;-211375; ;-211375; ;-211375; ;-211375; ;-211375; ;-211375; ;-211375; ;-211375; ;-211375; ;-211375; ;-211375; ;-211375; ;-211375; ;-211375; ;-211375; ;-211375; ;-211375; ;-211375; ;-211375; ;-211375; ;-211375; ;-211375; ;-211375; ;-211375; ;-211375;-211375;-211375;-211375;-211375;-9111375; ; ; ; ; ; ; ; ; ; ; ; ; ; ; ; ; ; ; ; ; ; ; ; ; ; ; ; ; ; ; ; ; ; ; ; ; ; ; ; ; ; ; ; ; ; 
MEF;20220429;IT0005217390;20670301;44000000;;0;-616000; ;-616000; ;-616000; ;-616000; ;-616000; ;-616000; ;-616000; ;-616000; ;-616000; ;-616000; ;-616000; ;-616000; ;-616000; ;-616000; ;-616000; ;-616000; ;-616000; ;-616000; ;-616000; ;-616000; ;-616000; ;-616000; ;-616000; ;-616000; ;-616000; ;-616000; ;-616000; ;-616000; ;-616000; ;-616000; ;-616000; ;-616000;-616000;-616000;-616000;-616000;-616000;-616000;-616000;-616000;-616000;-616000;-616000;-616000;-616000;-616000;-616000;-616000;-616000;-616000;-616000;-616000;-616000;-616000;-616000;-616000;-616000;-616000;-616000;-616000;-616000;-616000;-616000;-616000;-616000;-616000;-616000;-616000;-616000;-616000;-616000;-616000;-616000;-616000;-616000;-616000;-616000;-616000;-616000;-616000;-616000;-44616000; 
MEF;20220502;IT0005094088;20320301;-1000000;;0;8250; ;8250; ;8250; ;8250; ;8250; ;8250; ;8250; ;8250; ;8250; ;8250; ;8250; ;1008250; ; ; ; ; ; ; ; ; ; ; ; ; ; ; ; ; ; ; ; ; ; ; ; ; ; ; ; ; ; ; ; ; ; ; ; ; ; ; ; ; ; ; ; ; ; ; ; ; ; ; ; ; ; ; ; ; ; ; ; ; ; ; ; ; ; ; ; ; ; ; ; ; ; ; ; ; ; ; ; ; ; ; ; ; ; ; ; ; ; ; 
MEF;20220502;IT0005162828;20470301;-1000000;;0;13500; ;13500; ;13500; ;13500; ;13500; ;13500; ;13500; ;13500; ;13500; ;13500; ;13500; ;13500; ;13500; ;13500; ;13500; ;13500; ;13500; ;13500; ;13500; ;13500; ;13500; ;13500; ;13500; ;13500; ;13500; ;13500; ;13500; ;13500; ;13500; ;13500; ;13500; ;13500;13500;13500;13500;13500;13500;13500;13500;13500;13500;1013500; ; ; ; ; ; ; ; ; ; ; ; ; ; ; ; ; ; ; ; ; ; ; ; ; ; ; ; ; ; ; ; ; ; ; ; ; ; ; ; ; 
MEF;20220502;IT0005177909;20360901;-1000000;;0;11250; ;11250; ;11250; ;11250; ;11250; ;11250; ;11250; ;11250; ;11250; ;11250; ;11250; ;11250; ;11250; ;11250; ;11250; ;11250; ;11250; ;11250; ;11250; ;11250; ;1011250; ; ; ; ; ; ; ; ; ; ; ; ; ; ; ; ; ; ; ; ; ; ; ; ; ; ; ; ; ; ; ; ; ; ; ; ; ; ; ; ; ; ; ; ; ; ; ; ; ; ; ; ; ; ; ; ; ; ; ; ; ; ; ; ; ; ; ; ; ; ; ; ; 
MEF;20220502;IT0005240350;20330901;-1000000;;0;12250; ;12250; ;12250; ;12250; ;12250; ;12250; ;12250; ;12250; ;12250; ;12250; ;12250; ;12250; ;12250; ;12250; ;1012250; ; ; ; ; ; ; ; ; ; ; ; ; ; ; ; ; ; ; ; ; ; ; ; ; ; ; ; ; ; ; ; ; ; ; ; ; ; ; ; ; ; ; ; ; ; ; ; ; ; ; ; ; ; ; ; ; ; ; ; ; ; ; ; ; ; ; ; ; ; ; ; ; ; ; ; ; ; ; ; ; ; ; ; ; 
MEF;20220502;IT0005358806;20350301;-1000000;;0;16750; ;16750; ;16750; ;16750; ;16750; ;16750; ;16750; ;16750; ;16750; ;16750; ;16750; ;16750; ;16750; ;16750; ;16750; ;16750; ;16750; ;1016750; ; ; ; ; ; ; ; ; ; ; ; ; ; ; ; ; ; ; ; ; ; ; ; ; ; ; ; ; ; ; ; ; ; ; ; ; ; ; ; ; ; ; ; ; ; ; ; ; ; ; ; ; ; ; ; ; ; ; ; ; ; ; ; ; ; ; ; ; ; ; ; ; ; ; ; ; ; ; 
MEF;20220502;IT0005421703;20410301;-1000000;;0;9000; ;9000; ;9000; ;9000; ;9000; ;9000; ;9000; ;9000; ;9000; ;9000; ;9000; ;9000; ;9000; ;9000; ;9000; ;9000; ;9000; ;9000; ;9000; ;9000; ;9000; ;9000; ;9000; ;9000; ;9000; ;9000; ;9000; ;9000; ;9000; ;1009000; ; ; ; ; ; ; ; ; ; ; ; ; ; ; ; ; ; ; ; ; ; ; ; ; ; ; ; ; ; ; ; ; ; ; ; ; ; ; ; ; ; ; ; ; ; ; ; ; ; ; ; ; ; ; 
MEF;20220503;IT0004923998;20440901;1000000;;0;-23750; ;-23750; ;-23750; ;-23750; ;-23750; ;-23750; ;-23750; ;-23750; ;-23750; ;-23750; ;-23750; ;-23750; ;-23750; ;-23750; ;-23750; ;-23750; ;-23750; ;-23750; ;-23750; ;-23750; ;-23750; ;-23750; ;-23750; ;-23750; ;-23750; ;-23750; ;-23750; ;-23750; ;-23750; ;-23750; ;-23750; ;-23750;-23750;-23750;-23750;-23750;-1023750; ; ; ; ; ; ; ; ; ; ; ; ; ; ; ; ; ; ; ; ; ; ; ; ; ; ; ; ; ; ; ; ; ; ; ; ; ; ; ; ; ; ; ; ; ; 
MEF;20220503;IT0005217390;20670301;1600000;;0;-22400; ;-22400; ;-22400; ;-22400; ;-22400; ;-22400; ;-22400; ;-22400; ;-22400; ;-22400; ;-22400; ;-22400; ;-22400; ;-22400; ;-22400; ;-22400; ;-22400; ;-22400; ;-22400; ;-22400; ;-22400; ;-22400; ;-22400; ;-22400; ;-22400; ;-22400; ;-22400; ;-22400; ;-22400; ;-22400; ;-22400; ;-22400;-22400;-22400;-22400;-22400;-22400;-22400;-22400;-22400;-22400;-22400;-22400;-22400;-22400;-22400;-22400;-22400;-22400;-22400;-22400;-22400;-22400;-22400;-22400;-22400;-22400;-22400;-22400;-22400;-22400;-22400;-22400;-22400;-22400;-22400;-22400;-22400;-22400;-22400;-22400;-22400;-22400;-22400;-22400;-22400;-22400;-22400;-22400;-22400;-22400;-1622400; 
MEF;20220511;IT0004889033;20280901;-900000;;0;21375; ;21375; ;21375; ;21375; ;921375; ; ; ; ; ; ; ; ; ; ; ; ; ; ; ; ; ; ; ; ; ; ; ; ; ; ; ; ; ; ; ; ; ; ; ; ; ; ; ; ; ; ; ; ; ; ; ; ; ; ; ; ; ; ; ; ; ; ; ; ; ; ; ; ; ; ; ; ; ; ; ; ; ; ; ; ; ; ; ; ; ; ; ; ; ; ; ; ; ; ; ; ; ; ; ; ; ; ; ; ; ; ; ; ; 
MEF;20220511;IT0005024234;20300301;-900000;;0;15750; ;15750; ;15750; ;15750; ;15750; ;15750; ;15750; ;915750; ; ; ; ; ; ; ; ; ; ; ; ; ; ; ; ; ; ; ; ; ; ; ; ; ; ; ; ; ; ; ; ; ; ; ; ; ; ; ; ; ; ; ; ; ; ; ; ; ; ; ; ; ; ; ; ; ; ; ; ; ; ; ; ; ; ; ; ; ; ; ; ; ; ; ; ; ; ; ; ; ; ; ; ; ; ; ; ; ; ; ; ; ; ; ; ; ; ; 
MEF;20220511;IT0005177909;20360901;-900000;;0;10125; ;10125; ;10125; ;10125; ;10125; ;10125; ;10125; ;10125; ;10125; ;10125; ;10125; ;10125; ;10125; ;10125; ;10125; ;10125; ;10125; ;10125; ;10125; ;10125; ;910125; ; ; ; ; ; ; ; ; ; ; ; ; ; ; ; ; ; ; ; ; ; ; ; ; ; ; ; ; ; ; ; ; ; ; ; ; ; ; ; ; ; ; ; ; ; ; ; ; ; ; ; ; ; ; ; ; ; ; ; ; ; ; ; ; ; ; ; ; ; ; ; ; 
MEF;20220511;IT0005217390;20670301;61000000;;0;-854000; ;-854000; ;-854000; ;-854000; ;-854000; ;-854000; ;-854000; ;-854000; ;-854000; ;-854000; ;-854000; ;-854000; ;-854000; ;-854000; ;-854000; ;-854000; ;-854000; ;-854000; ;-854000; ;-854000; ;-854000; ;-854000; ;-854000; ;-854000; ;-854000; ;-854000; ;-854000; ;-854000; ;-854000; ;-854000; ;-854000; ;-854000;-854000;-854000;-854000;-854000;-854000;-854000;-854000;-854000;-854000;-854000;-854000;-854000;-854000;-854000;-854000;-854000;-854000;-854000;-854000;-854000;-854000;-854000;-854000;-854000;-854000;-854000;-854000;-854000;-854000;-854000;-854000;-854000;-854000;-854000;-854000;-854000;-854000;-854000;-854000;-854000;-854000;-854000;-854000;-854000;-854000;-854000;-854000;-854000;-854000;-61854000; 
MEF;20220511;IT0005321325;20380901;-900000;;0;13275; ;13275; ;13275; ;13275; ;13275; ;13275; ;13275; ;13275; ;13275; ;13275; ;13275; ;13275; ;13275; ;13275; ;13275; ;13275; ;13275; ;13275; ;13275; ;13275; ;13275; ;13275; ;13275; ;13275; ;913275; ; ; ; ; ; ; ; ; ; ; ; ; ; ; ; ; ; ; ; ; ; ; ; ; ; ; ; ; ; ; ; ; ; ; ; ; ; ; ; ; ; ; ; ; ; ; ; ; ; ; ; ; ; ; ; ; ; ; ; ; ; ; ; ; 
MEF;20220511;IT0005358806;20350301;-900000;;0;15075; ;15075; ;15075; ;15075; ;15075; ;15075; ;15075; ;15075; ;15075; ;15075; ;15075; ;15075; ;15075; ;15075; ;15075; ;15075; ;15075; ;915075; ; ; ; ; ; ; ; ; ; ; ; ; ; ; ; ; ; ; ; ; ; ; ; ; ; ; ; ; ; ; ; ; ; ; ; ; ; ; ; ; ; ; ; ; ; ; ; ; ; ; ; ; ; ; ; ; ; ; ; ; ; ; ; ; ; ; ; ; ; ; ; ; ; ; ; ; ; ; 
MEF;20220511;IT0005363111;20490901;-900000;;0;17325; ;17325; ;17325; ;17325; ;17325; ;17325; ;17325; ;17325; ;17325; ;17325; ;17325; ;17325; ;17325; ;17325; ;17325; ;17325; ;17325; ;17325; ;17325; ;17325; ;17325; ;17325; ;17325; ;17325; ;17325; ;17325; ;17325; ;17325; ;17325; ;17325; ;17325; ;17325;17325;17325;17325;17325;17325;17325;17325;17325;17325;17325;17325;17325;17325;17325;917325; ; ; ; ; ; ; ; ; ; ; ; ; ; ; ; ; ; ; ; ; ; ; ; ; ; ; ; ; ; ; ; ; ; ; ; 
MEF;20220511;IT0005377152;20400301;-900000;;0;13950; ;13950; ;13950; ;13950; ;13950; ;13950; ;13950; ;13950; ;13950; ;13950; ;13950; ;13950; ;13950; ;13950; ;13950; ;13950; ;13950; ;13950; ;13950; ;13950; ;13950; ;13950; ;13950; ;13950; ;13950; ;13950; ;13950; ;913950; ; ; ; ; ; ; ; ; ; ; ; ; ; ; ; ; ; ; ; ; ; ; ; ; ; ; ; ; ; ; ; ; ; ; ; ; ; ; ; ; ; ; ; ; ; ; ; ; ; ; ; ; ; ; ; ; ; ; 
MEF;20220511;IT0005402117;20360301;-1100000;;0;7975; ;7975; ;7975; ;7975; ;7975; ;7975; ;7975; ;7975; ;7975; ;7975; ;7975; ;7975; ;7975; ;7975; ;7975; ;7975; ;7975; ;7975; ;7975; ;1107975; ; ; ; ; ; ; ; ; ; ; ; ; ; ; ; ; ; ; ; ; ; ; ; ; ; ; ; ; ; ; ; ; ; ; ; ; ; ; ; ; ; ; ; ; ; ; ; ; ; ; ; ; ; ; ; ; ; ; ; ; ; ; ; ; ; ; ; ; ; ; ; ; ; ; 
MEF;20220511;IT0005421703;20410301;-1100000;;0;9900; ;9900; ;9900; ;9900; ;9900; ;9900; ;9900; ;9900; ;9900; ;9900; ;9900; ;9900; ;9900; ;9900; ;9900; ;9900; ;9900; ;9900; ;9900; ;9900; ;9900; ;9900; ;9900; ;9900; ;9900; ;9900; ;9900; ;9900; ;9900; ;1109900; ; ; ; ; ; ; ; ; ; ; ; ; ; ; ; ; ; ; ; ; ; ; ; ; ; ; ; ; ; ; ; ; ; ; ; ; ; ; ; ; ; ; ; ; ; ; ; ; ; ; ; ; ; ; 
MEF;20220511;IT0005425233;20510901;-900000;;0;7650; ;7650; ;7650; ;7650; ;7650; ;7650; ;7650; ;7650; ;7650; ;7650; ;7650; ;7650; ;7650; ;7650; ;7650; ;7650; ;7650; ;7650; ;7650; ;7650; ;7650; ;7650; ;7650; ;7650; ;7650; ;7650; ;7650; ;7650; ;7650; ;7650; ;7650; ;7650;7650;7650;7650;7650;7650;7650;7650;7650;7650;7650;7650;7650;7650;7650;7650;7650;7650;7650;907650; ; ; ; ; ; ; ; ; ; ; ; ; ; ; ; ; ; ; ; ; ; ; ; ; ; ; ; ; ; ; ; 
MEF;20220511;IT0005433195;20370301;-900000;;0;4275; ;4275; ;4275; ;4275; ;4275; ;4275; ;4275; ;4275; ;4275; ;4275; ;4275; ;4275; ;4275; ;4275; ;4275; ;4275; ;4275; ;4275; ;4275; ;4275; ;4275; ;904275; ; ; ; ; ; ; ; ; ; ; ; ; ; ; ; ; ; ; ; ; ; ; ; ; ; ; ; ; ; ; ; ; ; ; ; ; ; ; ; ; ; ; ; ; ; ; ; ; ; ; ; ; ; ; ; ; ; ; ; ; ; ; ; ; ; ; ; ; ; ; 
MEF;20220512;IT0004923998;20440901;-2200000;;0;52250; ;52250; ;52250; ;52250; ;52250; ;52250; ;52250; ;52250; ;52250; ;52250; ;52250; ;52250; ;52250; ;52250; ;52250; ;52250; ;52250; ;52250; ;52250; ;52250; ;52250; ;52250; ;52250; ;52250; ;52250; ;52250; ;52250; ;52250; ;52250; ;52250; ;52250; ;52250;52250;52250;52250;52250;2252250; ; ; ; ; ; ; ; ; ; ; ; ; ; ; ; ; ; ; ; ; ; ; ; ; ; ; ; ; ; ; ; ; ; ; ; ; ; ; ; ; ; ; ; ; ; 
MEF;20220512;IT0005162828;20470301;-1600000;;0;21600; ;21600; ;21600; ;21600; ;21600; ;21600; ;21600; ;21600; ;21600; ;21600; ;21600; ;21600; ;21600; ;21600; ;21600; ;21600; ;21600; ;21600; ;21600; ;21600; ;21600; ;21600; ;21600; ;21600; ;21600; ;21600; ;21600; ;21600; ;21600; ;21600; ;21600; ;21600;21600;21600;21600;21600;21600;21600;21600;21600;21600;1621600; ; ; ; ; ; ; ; ; ; ; ; ; ; ; ; ; ; ; ; ; ; ; ; ; ; ; ; ; ; ; ; ; ; ; ; ; ; ; ; ; 
MEF;20220513;IT0004889033;20280901;-1000000;;0;23750; ;23750; ;23750; ;23750; ;1023750; ; ; ; ; ; ; ; ; ; ; ; ; ; ; ; ; ; ; ; ; ; ; ; ; ; ; ; ; ; ; ; ; ; ; ; ; ; ; ; ; ; ; ; ; ; ; ; ; ; ; ; ; ; ; ; ; ; ; ; ; ; ; ; ; ; ; ; ; ; ; ; ; ; ; ; ; ; ; ; ; ; ; ; ; ; ; ; ; ; ; ; ; ; ; ; ; ; ; ; ; ; ; ; ; 
MEF;20220513;IT0005024234;20300301;-1000000;;0;17500; ;17500; ;17500; ;17500; ;17500; ;17500; ;17500; ;1017500; ; ; ; ; ; ; ; ; ; ; ; ; ; ; ; ; ; ; ; ; ; ; ; ; ; ; ; ; ; ; ; ; ; ; ; ; ; ; ; ; ; ; ; ; ; ; ; ; ; ; ; ; ; ; ; ; ; ; ; ; ; ; ; ; ; ; ; ; ; ; ; ; ; ; ; ; ; ; ; ; ; ; ; ; ; ; ; ; ; ; ; ; ; ; ; ; ; ; 
MEF;20220513;IT0005083057;20460901;-1000000;;0;16250; ;16250; ;16250; ;16250; ;16250; ;16250; ;16250; ;16250; ;16250; ;16250; ;16250; ;16250; ;16250; ;16250; ;16250; ;16250; ;16250; ;16250; ;16250; ;16250; ;16250; ;16250; ;16250; ;16250; ;16250; ;16250; ;16250; ;16250; ;16250; ;16250; ;16250; ;16250;16250;16250;16250;16250;16250;16250;16250;16250;1016250; ; ; ; ; ; ; ; ; ; ; ; ; ; ; ; ; ; ; ; ; ; ; ; ; ; ; ; ; ; ; ; ; ; ; ; ; ; ; ; ; ; 
MEF;20220513;IT0005273013;20480301;-1000000;;0;17250; ;17250; ;17250; ;17250; ;17250; ;17250; ;17250; ;17250; ;17250; ;17250; ;17250; ;17250; ;17250; ;17250; ;17250; ;17250; ;17250; ;17250; ;17250; ;17250; ;17250; ;17250; ;17250; ;17250; ;17250; ;17250; ;17250; ;17250; ;17250; ;17250; ;17250; ;17250;17250;17250;17250;17250;17250;17250;17250;17250;17250;17250;17250;1017250; ; ; ; ; ; ; ; ; ; ; ; ; ; ; ; ; ; ; ; ; ; ; ; ; ; ; ; ; ; ; ; ; ; ; ; ; ; ; 
MEF;20220513;IT0005321325;20380901;-1000000;;0;14750; ;14750; ;14750; ;14750; ;14750; ;14750; ;14750; ;14750; ;14750; ;14750; ;14750; ;14750; ;14750; ;14750; ;14750; ;14750; ;14750; ;14750; ;14750; ;14750; ;14750; ;14750; ;14750; ;14750; ;1014750; ; ; ; ; ; ; ; ; ; ; ; ; ; ; ; ; ; ; ; ; ; ; ; ; ; ; ; ; ; ; ; ; ; ; ; ; ; ; ; ; ; ; ; ; ; ; ; ; ; ; ; ; ; ; ; ; ; ; ; ; ; ; ; ; 
MEF;20220513;IT0005377152;20400301;-1000000;;0;15500; ;15500; ;15500; ;15500; ;15500; ;15500; ;15500; ;15500; ;15500; ;15500; ;15500; ;15500; ;15500; ;15500; ;15500; ;15500; ;15500; ;15500; ;15500; ;15500; ;15500; ;15500; ;15500; ;15500; ;15500; ;15500; ;15500; ;1015500; ; ; ; ; ; ; ; ; ; ; ; ; ; ; ; ; ; ; ; ; ; ; ; ; ; ; ; ; ; ; ; ; ; ; ; ; ; ; ; ; ; ; ; ; ; ; ; ; ; ; ; ; ; ; ; ; ; ; 
MEF;20220513;IT0005398406;20500901;-1000000;;0;12250; ;12250; ;12250; ;12250; ;12250; ;12250; ;12250; ;12250; ;12250; ;12250; ;12250; ;12250; ;12250; ;12250; ;12250; ;12250; ;12250; ;12250; ;12250; ;12250; ;12250; ;12250; ;12250; ;12250; ;12250; ;12250; ;12250; ;12250; ;12250; ;12250; ;12250; ;12250;12250;12250;12250;12250;12250;12250;12250;12250;12250;12250;12250;12250;12250;12250;12250;12250;1012250; ; ; ; ; ; ; ; ; ; ; ; ; ; ; ; ; ; ; ; ; ; ; ; ; ; ; ; ; ; ; ; ; ; 
MEF;20220513;IT0005402117;20360301;-1000000;;0;7250; ;7250; ;7250; ;7250; ;7250; ;7250; ;7250; ;7250; ;7250; ;7250; ;7250; ;7250; ;7250; ;7250; ;7250; ;7250; ;7250; ;7250; ;7250; ;1007250; ; ; ; ; ; ; ; ; ; ; ; ; ; ; ; ; ; ; ; ; ; ; ; ; ; ; ; ; ; ; ; ; ; ; ; ; ; ; ; ; ; ; ; ; ; ; ; ; ; ; ; ; ; ; ; ; ; ; ; ; ; ; ; ; ; ; ; ; ; ; ; ; ; ; 
MEF;20220513;IT0005425233;20510901;-1000000;;0;8500; ;8500; ;8500; ;8500; ;8500; ;8500; ;8500; ;8500; ;8500; ;8500; ;8500; ;8500; ;8500; ;8500; ;8500; ;8500; ;8500; ;8500; ;8500; ;8500; ;8500; ;8500; ;8500; ;8500; ;8500; ;8500; ;8500; ;8500; ;8500; ;8500; ;8500; ;8500;8500;8500;8500;8500;8500;8500;8500;8500;8500;8500;8500;8500;8500;8500;8500;8500;8500;8500;1008500; ; ; ; ; ; ; ; ; ; ; ; ; ; ; ; ; ; ; ; ; ; ; ; ; ; ; ; ; ; ; ; 
MEF;20220513;IT0005433195;20370301;-1000000;;0;4750; ;4750; ;4750; ;4750; ;4750; ;4750; ;4750; ;4750; ;4750; ;4750; ;4750; ;4750; ;4750; ;4750; ;4750; ;4750; ;4750; ;4750; ;4750; ;4750; ;4750; ;1004750; ; ; ; ; ; ; ; ; ; ; ; ; ; ; ; ; ; ; ; ; ; ; ; ; ; ; ; ; ; ; ; ; ; ; ; ; ; ; ; ; ; ; ; ; ; ; ; ; ; ; ; ; ; ; ; ; ; ; ; ; ; ; ; ; ; ; ; ; ; ; 
MEF;20220516;IT0004923998;20440901;-1000000;;0;23750; ;23750; ;23750; ;23750; ;23750; ;23750; ;23750; ;23750; ;23750; ;23750; ;23750; ;23750; ;23750; ;23750; ;23750; ;23750; ;23750; ;23750; ;23750; ;23750; ;23750; ;23750; ;23750; ;23750; ;23750; ;23750; ;23750; ;23750; ;23750; ;23750; ;23750; ;23750;23750;23750;23750;23750;1023750; ; ; ; ; ; ; ; ; ; ; ; ; ; ; ; ; ; ; ; ; ; ; ; ; ; ; ; ; ; ; ; ; ; ; ; ; ; ; ; ; ; ; ; ; ; 
MEF;20220517;IT0004923998;20440901;1000000;;0;-23750; ;-23750; ;-23750; ;-23750; ;-23750; ;-23750; ;-23750; ;-23750; ;-23750; ;-23750; ;-23750; ;-23750; ;-23750; ;-23750; ;-23750; ;-23750; ;-23750; ;-23750; ;-23750; ;-23750; ;-23750; ;-23750; ;-23750; ;-23750; ;-23750; ;-23750; ;-23750; ;-23750; ;-23750; ;-23750; ;-23750; ;-23750;-23750;-23750;-23750;-23750;-1023750; ; ; ; ; ; ; ; ; ; ; ; ; ; ; ; ; ; ; ; ; ; ; ; ; ; ; ; ; ; ; ; ; ; ; ; ; ; ; ; ; ; ; ; ; ; 
MEF;20220517;IT0005083057;20460901;-1100000;;0;17875; ;17875; ;17875; ;17875; ;17875; ;17875; ;17875; ;17875; ;17875; ;17875; ;17875; ;17875; ;17875; ;17875; ;17875; ;17875; ;17875; ;17875; ;17875; ;17875; ;17875; ;17875; ;17875; ;17875; ;17875; ;17875; ;17875; ;17875; ;17875; ;17875; ;17875; ;17875;17875;17875;17875;17875;17875;17875;17875;17875;1117875; ; ; ; ; ; ; ; ; ; ; ; ; ; ; ; ; ; ; ; ; ; ; ; ; ; ; ; ; ; ; ; ; ; ; ; ; ; ; ; ; ; 
MEF;20220525;IT0004923998;20440901;1000000;;0;-23750; ;-23750; ;-23750; ;-23750; ;-23750; ;-23750; ;-23750; ;-23750; ;-23750; ;-23750; ;-23750; ;-23750; ;-23750; ;-23750; ;-23750; ;-23750; ;-23750; ;-23750; ;-23750; ;-23750; ;-23750; ;-23750; ;-23750; ;-23750; ;-23750; ;-23750; ;-23750; ;-23750; ;-23750; ;-23750; ;-23750; ;-23750;-23750;-23750;-23750;-23750;-1023750; ; ; ; ; ; ; ; ; ; ; ; ; ; ; ; ; ; ; ; ; ; ; ; ; ; ; ; ; ; ; ; ; ; ; ; ; ; ; ; ; ; ; ; ; ; 
MEF;20220526;IT0004889033;20280901;17000000;;0;-403750; ;-403750; ;-403750; ;-403750; ;-17403750; ; ; ; ; ; ; ; ; ; ; ; ; ; ; ; ; ; ; ; ; ; ; ; ; ; ; ; ; ; ; ; ; ; ; ; ; ; ; ; ; ; ; ; ; ; ; ; ; ; ; ; ; ; ; ; ; ; ; ; ; ; ; ; ; ; ; ; ; ; ; ; ; ; ; ; ; ; ; ; ; ; ; ; ; ; ; ; ; ; ; ; ; ; ; ; ; ; ; ; ; ; ; ; ; 
MEF;20220610;IT0005083057;20460901;-1400000;;0;22750; ;22750; ;22750; ;22750; ;22750; ;22750; ;22750; ;22750; ;22750; ;22750; ;22750; ;22750; ;22750; ;22750; ;22750; ;22750; ;22750; ;22750; ;22750; ;22750; ;22750; ;22750; ;22750; ;22750; ;22750; ;22750; ;22750; ;22750; ;22750; ;22750; ;22750; ;22750;22750;22750;22750;22750;22750;22750;22750;22750;1422750; ; ; ; ; ; ; ; ; ; ; ; ; ; ; ; ; ; ; ; ; ; ; ; ; ; ; ; ; ; ; ; ; ; ; ; ; ; ; ; ; ; 
MEF;20220616;IT0005217390;20670301;24700000;;0;-345800; ;-345800; ;-345800; ;-345800; ;-345800; ;-345800; ;-345800; ;-345800; ;-345800; ;-345800; ;-345800; ;-345800; ;-345800; ;-345800; ;-345800; ;-345800; ;-345800; ;-345800; ;-345800; ;-345800; ;-345800; ;-345800; ;-345800; ;-345800; ;-345800; ;-345800; ;-345800; ;-345800; ;-345800; ;-345800; ;-345800; ;-345800;-345800;-345800;-345800;-345800;-345800;-345800;-345800;-345800;-345800;-345800;-345800;-345800;-345800;-345800;-345800;-345800;-345800;-345800;-345800;-345800;-345800;-345800;-345800;-345800;-345800;-345800;-345800;-345800;-345800;-345800;-345800;-345800;-345800;-345800;-345800;-345800;-345800;-345800;-345800;-345800;-345800;-345800;-345800;-345800;-345800;-345800;-345800;-345800;-345800;-25045800; 
MEF;20220617;IT0005217390;20670301;49500000;;0;-693000; ;-693000; ;-693000; ;-693000; ;-693000; ;-693000; ;-693000; ;-693000; ;-693000; ;-693000; ;-693000; ;-693000; ;-693000; ;-693000; ;-693000; ;-693000; ;-693000; ;-693000; ;-693000; ;-693000; ;-693000; ;-693000; ;-693000; ;-693000; ;-693000; ;-693000; ;-693000; ;-693000; ;-693000; ;-693000; ;-693000; ;-693000;-693000;-693000;-693000;-693000;-693000;-693000;-693000;-693000;-693000;-693000;-693000;-693000;-693000;-693000;-693000;-693000;-693000;-693000;-693000;-693000;-693000;-693000;-693000;-693000;-693000;-693000;-693000;-693000;-693000;-693000;-693000;-693000;-693000;-693000;-693000;-693000;-693000;-693000;-693000;-693000;-693000;-693000;-693000;-693000;-693000;-693000;-693000;-693000;-693000;-50193000; 
MEF;20220622;IT0004923998;20440901;-1000000;;0;23750; ;23750; ;23750; ;23750; ;23750; ;23750; ;23750; ;23750; ;23750; ;23750; ;23750; ;23750; ;23750; ;23750; ;23750; ;23750; ;23750; ;23750; ;23750; ;23750; ;23750; ;23750; ;23750; ;23750; ;23750; ;23750; ;23750; ;23750; ;23750; ;23750; ;23750; ;23750;23750;23750;23750;23750;1023750; ; ; ; ; ; ; ; ; ; ; ; ; ; ; ; ; ; ; ; ; ; ; ; ; ; ; ; ; ; ; ; ; ; ; ; ; ; ; ; ; ; ; ; ; ; 
MEF;20220624;IT0004923998;20440901;-1100000;;0;26125; ;26125; ;26125; ;26125; ;26125; ;26125; ;26125; ;26125; ;26125; ;26125; ;26125; ;26125; ;26125; ;26125; ;26125; ;26125; ;26125; ;26125; ;26125; ;26125; ;26125; ;26125; ;26125; ;26125; ;26125; ;26125; ;26125; ;26125; ;26125; ;26125; ;26125; ;26125;26125;26125;26125;26125;1126125; ; ; ; ; ; ; ; ; ; ; ; ; ; ; ; ; ; ; ; ; ; ; ; ; ; ; ; ; ; ; ; ; ; ; ; ; ; ; ; ; ; ; ; ; ; 
MEF;20220624;IT0005094088;20320301;-1800000;;0;14850; ;14850; ;14850; ;14850; ;14850; ;14850; ;14850; ;14850; ;14850; ;14850; ;14850; ;1814850; ; ; ; ; ; ; ; ; ; ; ; ; ; ; ; ; ; ; ; ; ; ; ; ; ; ; ; ; ; ; ; ; ; ; ; ; ; ; ; ; ; ; ; ; ; ; ; ; ; ; ; ; ; ; ; ; ; ; ; ; ; ; ; ; ; ; ; ; ; ; ; ; ; ; ; ; ; ; ; ; ; ; ; ; ; ; ; ; ; ; 
MEF;20220624;IT0005162828;20470301;-900000;;0;12150; ;12150; ;12150; ;12150; ;12150; ;12150; ;12150; ;12150; ;12150; ;12150; ;12150; ;12150; ;12150; ;12150; ;12150; ;12150; ;12150; ;12150; ;12150; ;12150; ;12150; ;12150; ;12150; ;12150; ;12150; ;12150; ;12150; ;12150; ;12150; ;12150; ;12150; ;12150;12150;12150;12150;12150;12150;12150;12150;12150;12150;912150; ; ; ; ; ; ; ; ; ; ; ; ; ; ; ; ; ; ; ; ; ; ; ; ; ; ; ; ; ; ; ; ; ; ; ; ; ; ; ; ; 
MEF;20220624;IT0005177909;20360901;-900000;;0;10125; ;10125; ;10125; ;10125; ;10125; ;10125; ;10125; ;10125; ;10125; ;10125; ;10125; ;10125; ;10125; ;10125; ;10125; ;10125; ;10125; ;10125; ;10125; ;10125; ;910125; ; ; ; ; ; ; ; ; ; ; ; ; ; ; ; ; ; ; ; ; ; ; ; ; ; ; ; ; ; ; ; ; ; ; ; ; ; ; ; ; ; ; ; ; ; ; ; ; ; ; ; ; ; ; ; ; ; ; ; ; ; ; ; ; ; ; ; ; ; ; ; ; 
MEF;20220624;IT0005240350;20330901;-1700000;;0;20825; ;20825; ;20825; ;20825; ;20825; ;20825; ;20825; ;20825; ;20825; ;20825; ;20825; ;20825; ;20825; ;20825; ;1720825; ; ; ; ; ; ; ; ; ; ; ; ; ; ; ; ; ; ; ; ; ; ; ; ; ; ; ; ; ; ; ; ; ; ; ; ; ; ; ; ; ; ; ; ; ; ; ; ; ; ; ; ; ; ; ; ; ; ; ; ; ; ; ; ; ; ; ; ; ; ; ; ; ; ; ; ; ; ; ; ; ; ; ; ; 
MEF;20220624;IT0005273013;20480301;-1900000;;0;32775; ;32775; ;32775; ;32775; ;32775; ;32775; ;32775; ;32775; ;32775; ;32775; ;32775; ;32775; ;32775; ;32775; ;32775; ;32775; ;32775; ;32775; ;32775; ;32775; ;32775; ;32775; ;32775; ;32775; ;32775; ;32775; ;32775; ;32775; ;32775; ;32775; ;32775; ;32775;32775;32775;32775;32775;32775;32775;32775;32775;32775;32775;32775;1932775; ; ; ; ; ; ; ; ; ; ; ; ; ; ; ; ; ; ; ; ; ; ; ; ; ; ; ; ; ; ; ; ; ; ; ; ; ; ; 
MEF;20220624;IT0005321325;20380901;-900000;;0;13275; ;13275; ;13275; ;13275; ;13275; ;13275; ;13275; ;13275; ;13275; ;13275; ;13275; ;13275; ;13275; ;13275; ;13275; ;13275; ;13275; ;13275; ;13275; ;13275; ;13275; ;13275; ;13275; ;13275; ;913275; ; ; ; ; ; ; ; ; ; ; ; ; ; ; ; ; ; ; ; ; ; ; ; ; ; ; ; ; ; ; ; ; ; ; ; ; ; ; ; ; ; ; ; ; ; ; ; ; ; ; ; ; ; ; ; ; ; ; ; ; ; ; ; ; 
MEF;20220624;IT0005363111;20490901;-1100000;;0;21175; ;21175; ;21175; ;21175; ;21175; ;21175; ;21175; ;21175; ;21175; ;21175; ;21175; ;21175; ;21175; ;21175; ;21175; ;21175; ;21175; ;21175; ;21175; ;21175; ;21175; ;21175; ;21175; ;21175; ;21175; ;21175; ;21175; ;21175; ;21175; ;21175; ;21175; ;21175;21175;21175;21175;21175;21175;21175;21175;21175;21175;21175;21175;21175;21175;21175;1121175; ; ; ; ; ; ; ; ; ; ; ; ; ; ; ; ; ; ; ; ; ; ; ; ; ; ; ; ; ; ; ; ; ; ; ; 
MEF;20220624;IT0005377152;20400301;-900000;;0;13950; ;13950; ;13950; ;13950; ;13950; ;13950; ;13950; ;13950; ;13950; ;13950; ;13950; ;13950; ;13950; ;13950; ;13950; ;13950; ;13950; ;13950; ;13950; ;13950; ;13950; ;13950; ;13950; ;13950; ;13950; ;13950; ;13950; ;913950; ; ; ; ; ; ; ; ; ; ; ; ; ; ; ; ; ; ; ; ; ; ; ; ; ; ; ; ; ; ; ; ; ; ; ; ; ; ; ; ; ; ; ; ; ; ; ; ; ; ; ; ; ; ; ; ; ; ; 
MEF;20220624;IT0005398406;20500901;-1900000;;0;23275; ;23275; ;23275; ;23275; ;23275; ;23275; ;23275; ;23275; ;23275; ;23275; ;23275; ;23275; ;23275; ;23275; ;23275; ;23275; ;23275; ;23275; ;23275; ;23275; ;23275; ;23275; ;23275; ;23275; ;23275; ;23275; ;23275; ;23275; ;23275; ;23275; ;23275; ;23275;23275;23275;23275;23275;23275;23275;23275;23275;23275;23275;23275;23275;23275;23275;23275;23275;1923275; ; ; ; ; ; ; ; ; ; ; ; ; ; ; ; ; ; ; ; ; ; ; ; ; ; ; ; ; ; ; ; ; ; 
MEF;20220624;IT0005425233;20510901;-1100000;;0;9350; ;9350; ;9350; ;9350; ;9350; ;9350; ;9350; ;9350; ;9350; ;9350; ;9350; ;9350; ;9350; ;9350; ;9350; ;9350; ;9350; ;9350; ;9350; ;9350; ;9350; ;9350; ;9350; ;9350; ;9350; ;9350; ;9350; ;9350; ;9350; ;9350; ;9350; ;9350;9350;9350;9350;9350;9350;9350;9350;9350;9350;9350;9350;9350;9350;9350;9350;9350;9350;9350;1109350; ; ; ; ; ; ; ; ; ; ; ; ; ; ; ; ; ; ; ; ; ; ; ; ; ; ; ; ; ; ; ; 
MEF;20220629;IT0004923998;20440901;1000000;;0;-23750; ;-23750; ;-23750; ;-23750; ;-23750; ;-23750; ;-23750; ;-23750; ;-23750; ;-23750; ;-23750; ;-23750; ;-23750; ;-23750; ;-23750; ;-23750; ;-23750; ;-23750; ;-23750; ;-23750; ;-23750; ;-23750; ;-23750; ;-23750; ;-23750; ;-23750; ;-23750; ;-23750; ;-23750; ;-23750; ;-23750; ;-23750;-23750;-23750;-23750;-23750;-1023750; ; ; ; ; ; ; ; ; ; ; ; ; ; ; ; ; ; ; ; ; ; ; ; ; ; ; ; ; ; ; ; ; ; ; ; ; ; ; ; ; ; ; ; ; ; 
MEF;20220630;IT0005083057;20460901;-1000000;;0;16250; ;16250; ;16250; ;16250; ;16250; ;16250; ;16250; ;16250; ;16250; ;16250; ;16250; ;16250; ;16250; ;16250; ;16250; ;16250; ;16250; ;16250; ;16250; ;16250; ;16250; ;16250; ;16250; ;16250; ;16250; ;16250; ;16250; ;16250; ;16250; ;16250; ;16250; ;16250;16250;16250;16250;16250;16250;16250;16250;16250;1016250; ; ; ; ; ; ; ; ; ; ; ; ; ; ; ; ; ; ; ; ; ; ; ; ; ; ; ; ; ; ; ; ; ; ; ; ; ; ; ; ; ; 
MEF;20220704;IT0005024234;20300301;1000000;;0;-17500; ;-17500; ;-17500; ;-17500; ;-17500; ;-17500; ;-17500; ;-1017500; ; ; ; ; ; ; ; ; ; ; ; ; ; ; ; ; ; ; ; ; ; ; ; ; ; ; ; ; ; ; ; ; ; ; ; ; ; ; ; ; ; ; ; ; ; ; ; ; ; ; ; ; ; ; ; ; ; ; ; ; ; ; ; ; ; ; ; ; ; ; ; ; ; ; ; ; ; ; ; ; ; ; ; ; ; ; ; ; ; ; ; ; ; ; ; ; ; ; 
MEF;20220708;IT0004889033;20280901;-900000;;0;21375; ;21375; ;21375; ;21375; ;921375; ; ; ; ; ; ; ; ; ; ; ; ; ; ; ; ; ; ; ; ; ; ; ; ; ; ; ; ; ; ; ; ; ; ; ; ; ; ; ; ; ; ; ; ; ; ; ; ; ; ; ; ; ; ; ; ; ; ; ; ; ; ; ; ; ; ; ; ; ; ; ; ; ; ; ; ; ; ; ; ; ; ; ; ; ; ; ; ; ; ; ; ; ; ; ; ; ; ; ; ; ; ; ; ; 
MEF;20220715;IT0005217390;20670301;100000000;;0;-1400000; ;-1400000; ;-1400000; ;-1400000; ;-1400000; ;-1400000; ;-1400000; ;-1400000; ;-1400000; ;-1400000; ;-1400000; ;-1400000; ;-1400000; ;-1400000; ;-1400000; ;-1400000; ;-1400000; ;-1400000; ;-1400000; ;-1400000; ;-1400000; ;-1400000; ;-1400000; ;-1400000; ;-1400000; ;-1400000; ;-1400000; ;-1400000; ;-1400000; ;-1400000; ;-1400000; ;-1400000;-1400000;-1400000;-1400000;-1400000;-1400000;-1400000;-1400000;-1400000;-1400000;-1400000;-1400000;-1400000;-1400000;-1400000;-1400000;-1400000;-1400000;-1400000;-1400000;-1400000;-1400000;-1400000;-1400000;-1400000;-1400000;-1400000;-1400000;-1400000;-1400000;-1400000;-1400000;-1400000;-1400000;-1400000;-1400000;-1400000;-1400000;-1400000;-1400000;-1400000;-1400000;-1400000;-1400000;-1400000;-1400000;-1400000;-1400000;-1400000;-1400000;-101400000; 
MEF;20220719;IT0005217390;20670301;100000000;;0;-1400000; ;-1400000; ;-1400000; ;-1400000; ;-1400000; ;-1400000; ;-1400000; ;-1400000; ;-1400000; ;-1400000; ;-1400000; ;-1400000; ;-1400000; ;-1400000; ;-1400000; ;-1400000; ;-1400000; ;-1400000; ;-1400000; ;-1400000; ;-1400000; ;-1400000; ;-1400000; ;-1400000; ;-1400000; ;-1400000; ;-1400000; ;-1400000; ;-1400000; ;-1400000; ;-1400000; ;-1400000;-1400000;-1400000;-1400000;-1400000;-1400000;-1400000;-1400000;-1400000;-1400000;-1400000;-1400000;-1400000;-1400000;-1400000;-1400000;-1400000;-1400000;-1400000;-1400000;-1400000;-1400000;-1400000;-1400000;-1400000;-1400000;-1400000;-1400000;-1400000;-1400000;-1400000;-1400000;-1400000;-1400000;-1400000;-1400000;-1400000;-1400000;-1400000;-1400000;-1400000;-1400000;-1400000;-1400000;-1400000;-1400000;-1400000;-1400000;-1400000;-1400000;-101400000; 
MEF;20220719;IT0005217390;20670301;500000;;0;-7000; ;-7000; ;-7000; ;-7000; ;-7000; ;-7000; ;-7000; ;-7000; ;-7000; ;-7000; ;-7000; ;-7000; ;-7000; ;-7000; ;-7000; ;-7000; ;-7000; ;-7000; ;-7000; ;-7000; ;-7000; ;-7000; ;-7000; ;-7000; ;-7000; ;-7000; ;-7000; ;-7000; ;-7000; ;-7000; ;-7000; ;-7000;-7000;-7000;-7000;-7000;-7000;-7000;-7000;-7000;-7000;-7000;-7000;-7000;-7000;-7000;-7000;-7000;-7000;-7000;-7000;-7000;-7000;-7000;-7000;-7000;-7000;-7000;-7000;-7000;-7000;-7000;-7000;-7000;-7000;-7000;-7000;-7000;-7000;-7000;-7000;-7000;-7000;-7000;-7000;-7000;-7000;-7000;-7000;-7000;-7000;-507000; 
MEF;20220721;IT0005217390;20670301;200000000;;0;-2800000; ;-2800000; ;-2800000; ;-2800000; ;-2800000; ;-2800000; ;-2800000; ;-2800000; ;-2800000; ;-2800000; ;-2800000; ;-2800000; ;-2800000; ;-2800000; ;-2800000; ;-2800000; ;-2800000; ;-2800000; ;-2800000; ;-2800000; ;-2800000; ;-2800000; ;-2800000; ;-2800000; ;-2800000; ;-2800000; ;-2800000; ;-2800000; ;-2800000; ;-2800000; ;-2800000; ;-2800000;-2800000;-2800000;-2800000;-2800000;-2800000;-2800000;-2800000;-2800000;-2800000;-2800000;-2800000;-2800000;-2800000;-2800000;-2800000;-2800000;-2800000;-2800000;-2800000;-2800000;-2800000;-2800000;-2800000;-2800000;-2800000;-2800000;-2800000;-2800000;-2800000;-2800000;-2800000;-2800000;-2800000;-2800000;-2800000;-2800000;-2800000;-2800000;-2800000;-2800000;-2800000;-2800000;-2800000;-2800000;-2800000;-2800000;-2800000;-2800000;-2800000;-202800000; 
MEF;20220725;IT0004889033;20280901;1000000;;0;-23750; ;-23750; ;-23750; ;-23750; ;-1023750; ; ; ; ; ; ; ; ; ; ; ; ; ; ; ; ; ; ; ; ; ; ; ; ; ; ; ; ; ; ; ; ; ; ; ; ; ; ; ; ; ; ; ; ; ; ; ; ; ; ; ; ; ; ; ; ; ; ; ; ; ; ; ; ; ; ; ; ; ; ; ; ; ; ; ; ; ; ; ; ; ; ; ; ; ; ; ; ; ; ; ; ; ; ; ; ; ; ; ; ; ; ; ; ; 
MEF;20220725;IT0005217390;20670301;100000000;;0;-1400000; ;-1400000; ;-1400000; ;-1400000; ;-1400000; ;-1400000; ;-1400000; ;-1400000; ;-1400000; ;-1400000; ;-1400000; ;-1400000; ;-1400000; ;-1400000; ;-1400000; ;-1400000; ;-1400000; ;-1400000; ;-1400000; ;-1400000; ;-1400000; ;-1400000; ;-1400000; ;-1400000; ;-1400000; ;-1400000; ;-1400000; ;-1400000; ;-1400000; ;-1400000; ;-1400000; ;-1400000;-1400000;-1400000;-1400000;-1400000;-1400000;-1400000;-1400000;-1400000;-1400000;-1400000;-1400000;-1400000;-1400000;-1400000;-1400000;-1400000;-1400000;-1400000;-1400000;-1400000;-1400000;-1400000;-1400000;-1400000;-1400000;-1400000;-1400000;-1400000;-1400000;-1400000;-1400000;-1400000;-1400000;-1400000;-1400000;-1400000;-1400000;-1400000;-1400000;-1400000;-1400000;-1400000;-1400000;-1400000;-1400000;-1400000;-1400000;-1400000;-1400000;-101400000; 
MEF;20220728;IT0005217390;20670301;1000000;;0;-14000; ;-14000; ;-14000; ;-14000; ;-14000; ;-14000; ;-14000; ;-14000; ;-14000; ;-14000; ;-14000; ;-14000; ;-14000; ;-14000; ;-14000; ;-14000; ;-14000; ;-14000; ;-14000; ;-14000; ;-14000; ;-14000; ;-14000; ;-14000; ;-14000; ;-14000; ;-14000; ;-14000; ;-14000; ;-14000; ;-14000; ;-14000;-14000;-14000;-14000;-14000;-14000;-14000;-14000;-14000;-14000;-14000;-14000;-14000;-14000;-14000;-14000;-14000;-14000;-14000;-14000;-14000;-14000;-14000;-14000;-14000;-14000;-14000;-14000;-14000;-14000;-14000;-14000;-14000;-14000;-14000;-14000;-14000;-14000;-14000;-14000;-14000;-14000;-14000;-14000;-14000;-14000;-14000;-14000;-14000;-14000;-1014000; 
MEF;20220803;IT0005425233;20510901;2000000;;0;-17000; ;-17000; ;-17000; ;-17000; ;-17000; ;-17000; ;-17000; ;-17000; ;-17000; ;-17000; ;-17000; ;-17000; ;-17000; ;-17000; ;-17000; ;-17000; ;-17000; ;-17000; ;-17000; ;-17000; ;-17000; ;-17000; ;-17000; ;-17000; ;-17000; ;-17000; ;-17000; ;-17000; ;-17000; ;-17000; ;-17000; ;-17000;-17000;-17000;-17000;-17000;-17000;-17000;-17000;-17000;-17000;-17000;-17000;-17000;-17000;-17000;-17000;-17000;-17000;-17000;-2017000; ; ; ; ; ; ; ; ; ; ; ; ; ; ; ; ; ; ; ; ; ; ; ; ; ; ; ; ; ; ; ; 
MEF;20220816;IT0004889033;20280901;-5100000;;0;121125; ;121125; ;121125; ;121125; ;5221125; ; ; ; ; ; ; ; ; ; ; ; ; ; ; ; ; ; ; ; ; ; ; ; ; ; ; ; ; ; ; ; ; ; ; ; ; ; ; ; ; ; ; ; ; ; ; ; ; ; ; ; ; ; ; ; ; ; ; ; ; ; ; ; ; ; ; ; ; ; ; ; ; ; ; ; ; ; ; ; ; ; ; ; ; ; ; ; ; ; ; ; ; ; ; ; ; ; ; ; ; ; ; ; ; 
MEF;20220816;IT0004923998;20440901;-5600000;;0;133000; ;133000; ;133000; ;133000; ;133000; ;133000; ;133000; ;133000; ;133000; ;133000; ;133000; ;133000; ;133000; ;133000; ;133000; ;133000; ;133000; ;133000; ;133000; ;133000; ;133000; ;133000; ;133000; ;133000; ;133000; ;133000; ;133000; ;133000; ;133000; ;133000; ;133000; ;133000;133000;133000;133000;133000;5733000; ; ; ; ; ; ; ; ; ; ; ; ; ; ; ; ; ; ; ; ; ; ; ; ; ; ; ; ; ; ; ; ; ; ; ; ; ; ; ; ; ; ; ; ; ; 
MEF;20220816;IT0005024234;20300301;-6400000;;0;112000; ;112000; ;112000; ;112000; ;112000; ;112000; ;112000; ;6512000; ; ; ; ; ; ; ; ; ; ; ; ; ; ; ; ; ; ; ; ; ; ; ; ; ; ; ; ; ; ; ; ; ; ; ; ; ; ; ; ; ; ; ; ; ; ; ; ; ; ; ; ; ; ; ; ; ; ; ; ; ; ; ; ; ; ; ; ; ; ; ; ; ; ; ; ; ; ; ; ; ; ; ; ; ; ; ; ; ; ; ; ; ; ; ; ; ; ; 
MEF;20220816;IT0005083057;20460901;-6600000;;0;107250; ;107250; ;107250; ;107250; ;107250; ;107250; ;107250; ;107250; ;107250; ;107250; ;107250; ;107250; ;107250; ;107250; ;107250; ;107250; ;107250; ;107250; ;107250; ;107250; ;107250; ;107250; ;107250; ;107250; ;107250; ;107250; ;107250; ;107250; ;107250; ;107250; ;107250; ;107250;107250;107250;107250;107250;107250;107250;107250;107250;6707250; ; ; ; ; ; ; ; ; ; ; ; ; ; ; ; ; ; ; ; ; ; ; ; ; ; ; ; ; ; ; ; ; ; ; ; ; ; ; ; ; ; 
MEF;20220816;IT0005094088;20320301;-5700000;;0;47025; ;47025; ;47025; ;47025; ;47025; ;47025; ;47025; ;47025; ;47025; ;47025; ;47025; ;5747025; ; ; ; ; ; ; ; ; ; ; ; ; ; ; ; ; ; ; ; ; ; ; ; ; ; ; ; ; ; ; ; ; ; ; ; ; ; ; ; ; ; ; ; ; ; ; ; ; ; ; ; ; ; ; ; ; ; ; ; ; ; ; ; ; ; ; ; ; ; ; ; ; ; ; ; ; ; ; ; ; ; ; ; ; ; ; ; ; ; ; 
MEF;20220816;IT0005162828;20470301;-6600000;;0;89100; ;89100; ;89100; ;89100; ;89100; ;89100; ;89100; ;89100; ;89100; ;89100; ;89100; ;89100; ;89100; ;89100; ;89100; ;89100; ;89100; ;89100; ;89100; ;89100; ;89100; ;89100; ;89100; ;89100; ;89100; ;89100; ;89100; ;89100; ;89100; ;89100; ;89100; ;89100;89100;89100;89100;89100;89100;89100;89100;89100;89100;6689100; ; ; ; ; ; ; ; ; ; ; ; ; ; ; ; ; ; ; ; ; ; ; ; ; ; ; ; ; ; ; ; ; ; ; ; ; ; ; ; ; 
MEF;20220816;IT0005177909;20360901;-6100000;;0;68625; ;68625; ;68625; ;68625; ;68625; ;68625; ;68625; ;68625; ;68625; ;68625; ;68625; ;68625; ;68625; ;68625; ;68625; ;68625; ;68625; ;68625; ;68625; ;68625; ;6168625; ; ; ; ; ; ; ; ; ; ; ; ; ; ; ; ; ; ; ; ; ; ; ; ; ; ; ; ; ; ; ; ; ; ; ; ; ; ; ; ; ; ; ; ; ; ; ; ; ; ; ; ; ; ; ; ; ; ; ; ; ; ; ; ; ; ; ; ; ; ; ; ; 
MEF;20220816;IT0005240350;20330901;-5800000;;0;71050; ;71050; ;71050; ;71050; ;71050; ;71050; ;71050; ;71050; ;71050; ;71050; ;71050; ;71050; ;71050; ;71050; ;5871050; ; ; ; ; ; ; ; ; ; ; ; ; ; ; ; ; ; ; ; ; ; ; ; ; ; ; ; ; ; ; ; ; ; ; ; ; ; ; ; ; ; ; ; ; ; ; ; ; ; ; ; ; ; ; ; ; ; ; ; ; ; ; ; ; ; ; ; ; ; ; ; ; ; ; ; ; ; ; ; ; ; ; ; ; 
MEF;20220816;IT0005273013;20480301;-6600000;;0;113850; ;113850; ;113850; ;113850; ;113850; ;113850; ;113850; ;113850; ;113850; ;113850; ;113850; ;113850; ;113850; ;113850; ;113850; ;113850; ;113850; ;113850; ;113850; ;113850; ;113850; ;113850; ;113850; ;113850; ;113850; ;113850; ;113850; ;113850; ;113850; ;113850; ;113850; ;113850;113850;113850;113850;113850;113850;113850;113850;113850;113850;113850;113850;6713850; ; ; ; ; ; ; ; ; ; ; ; ; ; ; ; ; ; ; ; ; ; ; ; ; ; ; ; ; ; ; ; ; ; ; ; ; ; ; 
MEF;20220816;IT0005321325;20380901;-6200000;;0;91450; ;91450; ;91450; ;91450; ;91450; ;91450; ;91450; ;91450; ;91450; ;91450; ;91450; ;91450; ;91450; ;91450; ;91450; ;91450; ;91450; ;91450; ;91450; ;91450; ;91450; ;91450; ;91450; ;91450; ;6291450; ; ; ; ; ; ; ; ; ; ; ; ; ; ; ; ; ; ; ; ; ; ; ; ; ; ; ; ; ; ; ; ; ; ; ; ; ; ; ; ; ; ; ; ; ; ; ; ; ; ; ; ; ; ; ; ; ; ; ; ; ; ; ; ; 
MEF;20220816;IT0005358806;20350301;-6700000;;0;112225; ;112225; ;112225; ;112225; ;112225; ;112225; ;112225; ;112225; ;112225; ;112225; ;112225; ;112225; ;112225; ;112225; ;112225; ;112225; ;112225; ;6812225; ; ; ; ; ; ; ; ; ; ; ; ; ; ; ; ; ; ; ; ; ; ; ; ; ; ; ; ; ; ; ; ; ; ; ; ; ; ; ; ; ; ; ; ; ; ; ; ; ; ; ; ; ; ; ; ; ; ; ; ; ; ; ; ; ; ; ; ; ; ; ; ; ; ; ; ; ; ; 
MEF;20220816;IT0005363111;20490901;-6700000;;0;128975; ;128975; ;128975; ;128975; ;128975; ;128975; ;128975; ;128975; ;128975; ;128975; ;128975; ;128975; ;128975; ;128975; ;128975; ;128975; ;128975; ;128975; ;128975; ;128975; ;128975; ;128975; ;128975; ;128975; ;128975; ;128975; ;128975; ;128975; ;128975; ;128975; ;128975; ;128975;128975;128975;128975;128975;128975;128975;128975;128975;128975;128975;128975;128975;128975;128975;6828975; ; ; ; ; ; ; ; ; ; ; ; ; ; ; ; ; ; ; ; ; ; ; ; ; ; ; ; ; ; ; ; ; ; ; ; 
MEF;20220816;IT0005377152;20400301;-6300000;;0;97650; ;97650; ;97650; ;97650; ;97650; ;97650; ;97650; ;97650; ;97650; ;97650; ;97650; ;97650; ;97650; ;97650; ;97650; ;97650; ;97650; ;97650; ;97650; ;97650; ;97650; ;97650; ;97650; ;97650; ;97650; ;97650; ;97650; ;6397650; ; ; ; ; ; ; ; ; ; ; ; ; ; ; ; ; ; ; ; ; ; ; ; ; ; ; ; ; ; ; ; ; ; ; ; ; ; ; ; ; ; ; ; ; ; ; ; ; ; ; ; ; ; ; ; ; ; ; 
MEF;20220816;IT0005398406;20500901;-6900000;;0;84525; ;84525; ;84525; ;84525; ;84525; ;84525; ;84525; ;84525; ;84525; ;84525; ;84525; ;84525; ;84525; ;84525; ;84525; ;84525; ;84525; ;84525; ;84525; ;84525; ;84525; ;84525; ;84525; ;84525; ;84525; ;84525; ;84525; ;84525; ;84525; ;84525; ;84525; ;84525;84525;84525;84525;84525;84525;84525;84525;84525;84525;84525;84525;84525;84525;84525;84525;84525;6984525; ; ; ; ; ; ; ; ; ; ; ; ; ; ; ; ; ; ; ; ; ; ; ; ; ; ; ; ; ; ; ; ; ; 
MEF;20220816;IT0005402117;20360301;-6800000;;0;49300; ;49300; ;49300; ;49300; ;49300; ;49300; ;49300; ;49300; ;49300; ;49300; ;49300; ;49300; ;49300; ;49300; ;49300; ;49300; ;49300; ;49300; ;49300; ;6849300; ; ; ; ; ; ; ; ; ; ; ; ; ; ; ; ; ; ; ; ; ; ; ; ; ; ; ; ; ; ; ; ; ; ; ; ; ; ; ; ; ; ; ; ; ; ; ; ; ; ; ; ; ; ; ; ; ; ; ; ; ; ; ; ; ; ; ; ; ; ; ; ; ; ; 
MEF;20220816;IT0005421703;20410301;-7200000;;0;64800; ;64800; ;64800; ;64800; ;64800; ;64800; ;64800; ;64800; ;64800; ;64800; ;64800; ;64800; ;64800; ;64800; ;64800; ;64800; ;64800; ;64800; ;64800; ;64800; ;64800; ;64800; ;64800; ;64800; ;64800; ;64800; ;64800; ;64800; ;64800; ;7264800; ; ; ; ; ; ; ; ; ; ; ; ; ; ; ; ; ; ; ; ; ; ; ; ; ; ; ; ; ; ; ; ; ; ; ; ; ; ; ; ; ; ; ; ; ; ; ; ; ; ; ; ; ; ; 
MEF;20220816;IT0005433195;20370301;-7000000;;0;33250; ;33250; ;33250; ;33250; ;33250; ;33250; ;33250; ;33250; ;33250; ;33250; ;33250; ;33250; ;33250; ;33250; ;33250; ;33250; ;33250; ;33250; ;33250; ;33250; ;33250; ;7033250; ; ; ; ; ; ; ; ; ; ; ; ; ; ; ; ; ; ; ; ; ; ; ; ; ; ; ; ; ; ; ; ; ; ; ; ; ; ; ; ; ; ; ; ; ; ; ; ; ; ; ; ; ; ; ; ; ; ; ; ; ; ; ; ; ; ; ; ; ; ; 
MEF;20220824;IT0005425233;20510901;-7000000;;0;59500; ;59500; ;59500; ;59500; ;59500; ;59500; ;59500; ;59500; ;59500; ;59500; ;59500; ;59500; ;59500; ;59500; ;59500; ;59500; ;59500; ;59500; ;59500; ;59500; ;59500; ;59500; ;59500; ;59500; ;59500; ;59500; ;59500; ;59500; ;59500; ;59500; ;59500; ;59500;59500;59500;59500;59500;59500;59500;59500;59500;59500;59500;59500;59500;59500;59500;59500;59500;59500;59500;7059500; ; ; ; ; ; ; ; ; ; ; ; ; ; ; ; ; ; ; ; ; ; ; ; ; ; ; ; ; ; ; ; 
MEF;20220902;IT0005363111;20490901;73000000;;0;-1405250; ;-1405250; ;-1405250; ;-1405250; ;-1405250; ;-1405250; ;-1405250; ;-1405250; ;-1405250; ;-1405250; ;-1405250; ;-1405250; ;-1405250; ;-1405250; ;-1405250; ;-1405250; ;-1405250; ;-1405250; ;-1405250; ;-1405250; ;-1405250; ;-1405250; ;-1405250; ;-1405250; ;-1405250; ;-1405250; ;-1405250; ;-1405250; ;-1405250; ;-1405250; ;-1405250; ;-1405250;-1405250;-1405250;-1405250;-1405250;-1405250;-1405250;-1405250;-1405250;-1405250;-1405250;-1405250;-1405250;-1405250;-1405250;-74405250; ; ; ; ; ; ; ; ; ; ; ; ; ; ; ; ; ; ; ; ; ; ; ; ; ; ; ; ; ; ; ; ; ; ; ; 
MEF;20220905;IT0004889033;20280901;-2000000;;0;47500; ;47500; ;47500; ;47500; ;2047500; ; ; ; ; ; ; ; ; ; ; ; ; ; ; ; ; ; ; ; ; ; ; ; ; ; ; ; ; ; ; ; ; ; ; ; ; ; ; ; ; ; ; ; ; ; ; ; ; ; ; ; ; ; ; ; ; ; ; ; ; ; ; ; ; ; ; ; ; ; ; ; ; ; ; ; ; ; ; ; ; ; ; ; ; ; ; ; ; ; ; ; ; ; ; ; ; ; ; ; ; ; ; ; ; 
MEF;20220905;IT0005024234;20300301;-1000000;;0;17500; ;17500; ;17500; ;17500; ;17500; ;17500; ;17500; ;1017500; ; ; ; ; ; ; ; ; ; ; ; ; ; ; ; ; ; ; ; ; ; ; ; ; ; ; ; ; ; ; ; ; ; ; ; ; ; ; ; ; ; ; ; ; ; ; ; ; ; ; ; ; ; ; ; ; ; ; ; ; ; ; ; ; ; ; ; ; ; ; ; ; ; ; ; ; ; ; ; ; ; ; ; ; ; ; ; ; ; ; ; ; ; ; ; ; ; ; 
MEF;20220905;IT0005094088;20320301;-1000000;;0;8250; ;8250; ;8250; ;8250; ;8250; ;8250; ;8250; ;8250; ;8250; ;8250; ;8250; ;1008250; ; ; ; ; ; ; ; ; ; ; ; ; ; ; ; ; ; ; ; ; ; ; ; ; ; ; ; ; ; ; ; ; ; ; ; ; ; ; ; ; ; ; ; ; ; ; ; ; ; ; ; ; ; ; ; ; ; ; ; ; ; ; ; ; ; ; ; ; ; ; ; ; ; ; ; ; ; ; ; ; ; ; ; ; ; ; ; ; ; ; 
MEF;20220905;IT0005177909;20360901;-1000000;;0;11250; ;11250; ;11250; ;11250; ;11250; ;11250; ;11250; ;11250; ;11250; ;11250; ;11250; ;11250; ;11250; ;11250; ;11250; ;11250; ;11250; ;11250; ;11250; ;11250; ;1011250; ; ; ; ; ; ; ; ; ; ; ; ; ; ; ; ; ; ; ; ; ; ; ; ; ; ; ; ; ; ; ; ; ; ; ; ; ; ; ; ; ; ; ; ; ; ; ; ; ; ; ; ; ; ; ; ; ; ; ; ; ; ; ; ; ; ; ; ; ; ; ; ; 
MEF;20220905;IT0005240350;20330901;-1000000;;0;12250; ;12250; ;12250; ;12250; ;12250; ;12250; ;12250; ;12250; ;12250; ;12250; ;12250; ;12250; ;12250; ;12250; ;1012250; ; ; ; ; ; ; ; ; ; ; ; ; ; ; ; ; ; ; ; ; ; ; ; ; ; ; ; ; ; ; ; ; ; ; ; ; ; ; ; ; ; ; ; ; ; ; ; ; ; ; ; ; ; ; ; ; ; ; ; ; ; ; ; ; ; ; ; ; ; ; ; ; ; ; ; ; ; ; ; ; ; ; ; ; 
MEF;20220905;IT0005321325;20380901;-1000000;;0;14750; ;14750; ;14750; ;14750; ;14750; ;14750; ;14750; ;14750; ;14750; ;14750; ;14750; ;14750; ;14750; ;14750; ;14750; ;14750; ;14750; ;14750; ;14750; ;14750; ;14750; ;14750; ;14750; ;14750; ;1014750; ; ; ; ; ; ; ; ; ; ; ; ; ; ; ; ; ; ; ; ; ; ; ; ; ; ; ; ; ; ; ; ; ; ; ; ; ; ; ; ; ; ; ; ; ; ; ; ; ; ; ; ; ; ; ; ; ; ; ; ; ; ; ; ; 
MEF;20220905;IT0005358806;20350301;-1000000;;0;16750; ;16750; ;16750; ;16750; ;16750; ;16750; ;16750; ;16750; ;16750; ;16750; ;16750; ;16750; ;16750; ;16750; ;16750; ;16750; ;16750; ;1016750; ; ; ; ; ; ; ; ; ; ; ; ; ; ; ; ; ; ; ; ; ; ; ; ; ; ; ; ; ; ; ; ; ; ; ; ; ; ; ; ; ; ; ; ; ; ; ; ; ; ; ; ; ; ; ; ; ; ; ; ; ; ; ; ; ; ; ; ; ; ; ; ; ; ; ; ; ; ; 
MEF;20220905;IT0005363111;20490901;73600000;;0;-1416800; ;-1416800; ;-1416800; ;-1416800; ;-1416800; ;-1416800; ;-1416800; ;-1416800; ;-1416800; ;-1416800; ;-1416800; ;-1416800; ;-1416800; ;-1416800; ;-1416800; ;-1416800; ;-1416800; ;-1416800; ;-1416800; ;-1416800; ;-1416800; ;-1416800; ;-1416800; ;-1416800; ;-1416800; ;-1416800; ;-1416800; ;-1416800; ;-1416800; ;-1416800; ;-1416800; ;-1416800;-1416800;-1416800;-1416800;-1416800;-1416800;-1416800;-1416800;-1416800;-1416800;-1416800;-1416800;-1416800;-1416800;-1416800;-75016800; ; ; ; ; ; ; ; ; ; ; ; ; ; ; ; ; ; ; ; ; ; ; ; ; ; ; ; ; ; ; ; ; ; ; ; 
MEF;20220905;IT0005377152;20400301;-1000000;;0;15500; ;15500; ;15500; ;15500; ;15500; ;15500; ;15500; ;15500; ;15500; ;15500; ;15500; ;15500; ;15500; ;15500; ;15500; ;15500; ;15500; ;15500; ;15500; ;15500; ;15500; ;15500; ;15500; ;15500; ;15500; ;15500; ;15500; ;1015500; ; ; ; ; ; ; ; ; ; ; ; ; ; ; ; ; ; ; ; ; ; ; ; ; ; ; ; ; ; ; ; ; ; ; ; ; ; ; ; ; ; ; ; ; ; ; ; ; ; ; ; ; ; ; ; ; ; ; 
MEF;20220905;IT0005402117;20360301;-1000000;;0;7250; ;7250; ;7250; ;7250; ;7250; ;7250; ;7250; ;7250; ;7250; ;7250; ;7250; ;7250; ;7250; ;7250; ;7250; ;7250; ;7250; ;7250; ;7250; ;1007250; ; ; ; ; ; ; ; ; ; ; ; ; ; ; ; ; ; ; ; ; ; ; ; ; ; ; ; ; ; ; ; ; ; ; ; ; ; ; ; ; ; ; ; ; ; ; ; ; ; ; ; ; ; ; ; ; ; ; ; ; ; ; ; ; ; ; ; ; ; ; ; ; ; ; 
MEF;20220905;IT0005433195;20370301;-1000000;;0;4750; ;4750; ;4750; ;4750; ;4750; ;4750; ;4750; ;4750; ;4750; ;4750; ;4750; ;4750; ;4750; ;4750; ;4750; ;4750; ;4750; ;4750; ;4750; ;4750; ;4750; ;1004750; ; ; ; ; ; ; ; ; ; ; ; ; ; ; ; ; ; ; ; ; ; ; ; ; ; ; ; ; ; ; ; ; ; ; ; ; ; ; ; ; ; ; ; ; ; ; ; ; ; ; ; ; ; ; ; ; ; ; ; ; ; ; ; ; ; ; ; ; ; ; 
MEF;20220906;IT0004923998;20440901;-1000000;;0;23750; ;23750; ;23750; ;23750; ;23750; ;23750; ;23750; ;23750; ;23750; ;23750; ;23750; ;23750; ;23750; ;23750; ;23750; ;23750; ;23750; ;23750; ;23750; ;23750; ;23750; ;23750; ;23750; ;23750; ;23750; ;23750; ;23750; ;23750; ;23750; ;23750; ;23750; ;23750;23750;23750;23750;23750;1023750; ; ; ; ; ; ; ; ; ; ; ; ; ; ; ; ; ; ; ; ; ; ; ; ; ; ; ; ; ; ; ; ; ; ; ; ; ; ; ; ; ; ; ; ; ; 
MEF;20220906;IT0005083057;20460901;-3000000;;0;48750; ;48750; ;48750; ;48750; ;48750; ;48750; ;48750; ;48750; ;48750; ;48750; ;48750; ;48750; ;48750; ;48750; ;48750; ;48750; ;48750; ;48750; ;48750; ;48750; ;48750; ;48750; ;48750; ;48750; ;48750; ;48750; ;48750; ;48750; ;48750; ;48750; ;48750; ;48750;48750;48750;48750;48750;48750;48750;48750;48750;3048750; ; ; ; ; ; ; ; ; ; ; ; ; ; ; ; ; ; ; ; ; ; ; ; ; ; ; ; ; ; ; ; ; ; ; ; ; ; ; ; ; ; 
MEF;20220906;IT0005162828;20470301;-2000000;;0;27000; ;27000; ;27000; ;27000; ;27000; ;27000; ;27000; ;27000; ;27000; ;27000; ;27000; ;27000; ;27000; ;27000; ;27000; ;27000; ;27000; ;27000; ;27000; ;27000; ;27000; ;27000; ;27000; ;27000; ;27000; ;27000; ;27000; ;27000; ;27000; ;27000; ;27000; ;27000;27000;27000;27000;27000;27000;27000;27000;27000;27000;2027000; ; ; ; ; ; ; ; ; ; ; ; ; ; ; ; ; ; ; ; ; ; ; ; ; ; ; ; ; ; ; ; ; ; ; ; ; ; ; ; ; 
MEF;20220906;IT0005273013;20480301;-1000000;;0;17250; ;17250; ;17250; ;17250; ;17250; ;17250; ;17250; ;17250; ;17250; ;17250; ;17250; ;17250; ;17250; ;17250; ;17250; ;17250; ;17250; ;17250; ;17250; ;17250; ;17250; ;17250; ;17250; ;17250; ;17250; ;17250; ;17250; ;17250; ;17250; ;17250; ;17250; ;17250;17250;17250;17250;17250;17250;17250;17250;17250;17250;17250;17250;1017250; ; ; ; ; ; ; ; ; ; ; ; ; ; ; ; ; ; ; ; ; ; ; ; ; ; ; ; ; ; ; ; ; ; ; ; ; ; ; 
MEF;20220906;IT0005421703;20410301;-2000000;;0;18000; ;18000; ;18000; ;18000; ;18000; ;18000; ;18000; ;18000; ;18000; ;18000; ;18000; ;18000; ;18000; ;18000; ;18000; ;18000; ;18000; ;18000; ;18000; ;18000; ;18000; ;18000; ;18000; ;18000; ;18000; ;18000; ;18000; ;18000; ;18000; ;2018000; ; ; ; ; ; ; ; ; ; ; ; ; ; ; ; ; ; ; ; ; ; ; ; ; ; ; ; ; ; ; ; ; ; ; ; ; ; ; ; ; ; ; ; ; ; ; ; ; ; ; ; ; ; ; 
MEF;20220907;IT0004889033;20280901;1000000;;0;-23750; ;-23750; ;-23750; ;-23750; ;-1023750; ; ; ; ; ; ; ; ; ; ; ; ; ; ; ; ; ; ; ; ; ; ; ; ; ; ; ; ; ; ; ; ; ; ; ; ; ; ; ; ; ; ; ; ; ; ; ; ; ; ; ; ; ; ; ; ; ; ; ; ; ; ; ; ; ; ; ; ; ; ; ; ; ; ; ; ; ; ; ; ; ; ; ; ; ; ; ; ; ; ; ; ; ; ; ; ; ; ; ; ; ; ; ; ; 
MEF;20220907;IT0005421703;20410301;1000000;;0;-9000; ;-9000; ;-9000; ;-9000; ;-9000; ;-9000; ;-9000; ;-9000; ;-9000; ;-9000; ;-9000; ;-9000; ;-9000; ;-9000; ;-9000; ;-9000; ;-9000; ;-9000; ;-9000; ;-9000; ;-9000; ;-9000; ;-9000; ;-9000; ;-9000; ;-9000; ;-9000; ;-9000; ;-9000; ;-1009000; ; ; ; ; ; ; ; ; ; ; ; ; ; ; ; ; ; ; ; ; ; ; ; ; ; ; ; ; ; ; ; ; ; ; ; ; ; ; ; ; ; ; ; ; ; ; ; ; ; ; ; ; ; ; 
MEF;20220909;IT0004889033;20280901;-1200000;;0;28500; ;28500; ;28500; ;28500; ;1228500; ; ; ; ; ; ; ; ; ; ; ; ; ; ; ; ; ; ; ; ; ; ; ; ; ; ; ; ; ; ; ; ; ; ; ; ; ; ; ; ; ; ; ; ; ; ; ; ; ; ; ; ; ; ; ; ; ; ; ; ; ; ; ; ; ; ; ; ; ; ; ; ; ; ; ; ; ; ; ; ; ; ; ; ; ; ; ; ; ; ; ; ; ; ; ; ; ; ; ; ; ; ; ; ; 
MEF;20220909;IT0004923998;20440901;-1200000;;0;28500; ;28500; ;28500; ;28500; ;28500; ;28500; ;28500; ;28500; ;28500; ;28500; ;28500; ;28500; ;28500; ;28500; ;28500; ;28500; ;28500; ;28500; ;28500; ;28500; ;28500; ;28500; ;28500; ;28500; ;28500; ;28500; ;28500; ;28500; ;28500; ;28500; ;28500; ;28500;28500;28500;28500;28500;1228500; ; ; ; ; ; ; ; ; ; ; ; ; ; ; ; ; ; ; ; ; ; ; ; ; ; ; ; ; ; ; ; ; ; ; ; ; ; ; ; ; ; ; ; ; ; 
MEF;20220909;IT0005024234;20300301;-1200000;;0;21000; ;21000; ;21000; ;21000; ;21000; ;21000; ;21000; ;1221000; ; ; ; ; ; ; ; ; ; ; ; ; ; ; ; ; ; ; ; ; ; ; ; ; ; ; ; ; ; ; ; ; ; ; ; ; ; ; ; ; ; ; ; ; ; ; ; ; ; ; ; ; ; ; ; ; ; ; ; ; ; ; ; ; ; ; ; ; ; ; ; ; ; ; ; ; ; ; ; ; ; ; ; ; ; ; ; ; ; ; ; ; ; ; ; ; ; ; 
MEF;20220909;IT0005083057;20460901;-1900000;;0;30875; ;30875; ;30875; ;30875; ;30875; ;30875; ;30875; ;30875; ;30875; ;30875; ;30875; ;30875; ;30875; ;30875; ;30875; ;30875; ;30875; ;30875; ;30875; ;30875; ;30875; ;30875; ;30875; ;30875; ;30875; ;30875; ;30875; ;30875; ;30875; ;30875; ;30875; ;30875;30875;30875;30875;30875;30875;30875;30875;30875;1930875; ; ; ; ; ; ; ; ; ; ; ; ; ; ; ; ; ; ; ; ; ; ; ; ; ; ; ; ; ; ; ; ; ; ; ; ; ; ; ; ; ; 
MEF;20220909;IT0005094088;20320301;-1100000;;0;9075; ;9075; ;9075; ;9075; ;9075; ;9075; ;9075; ;9075; ;9075; ;9075; ;9075; ;1109075; ; ; ; ; ; ; ; ; ; ; ; ; ; ; ; ; ; ; ; ; ; ; ; ; ; ; ; ; ; ; ; ; ; ; ; ; ; ; ; ; ; ; ; ; ; ; ; ; ; ; ; ; ; ; ; ; ; ; ; ; ; ; ; ; ; ; ; ; ; ; ; ; ; ; ; ; ; ; ; ; ; ; ; ; ; ; ; ; ; ; 
MEF;20220909;IT0005162828;20470301;-1400000;;0;18900; ;18900; ;18900; ;18900; ;18900; ;18900; ;18900; ;18900; ;18900; ;18900; ;18900; ;18900; ;18900; ;18900; ;18900; ;18900; ;18900; ;18900; ;18900; ;18900; ;18900; ;18900; ;18900; ;18900; ;18900; ;18900; ;18900; ;18900; ;18900; ;18900; ;18900; ;18900;18900;18900;18900;18900;18900;18900;18900;18900;18900;1418900; ; ; ; ; ; ; ; ; ; ; ; ; ; ; ; ; ; ; ; ; ; ; ; ; ; ; ; ; ; ; ; ; ; ; ; ; ; ; ; ; 
MEF;20220909;IT0005177909;20360901;-1200000;;0;13500; ;13500; ;13500; ;13500; ;13500; ;13500; ;13500; ;13500; ;13500; ;13500; ;13500; ;13500; ;13500; ;13500; ;13500; ;13500; ;13500; ;13500; ;13500; ;13500; ;1213500; ; ; ; ; ; ; ; ; ; ; ; ; ; ; ; ; ; ; ; ; ; ; ; ; ; ; ; ; ; ; ; ; ; ; ; ; ; ; ; ; ; ; ; ; ; ; ; ; ; ; ; ; ; ; ; ; ; ; ; ; ; ; ; ; ; ; ; ; ; ; ; ; 
MEF;20220909;IT0005217390;20670301;1200000;;0;-16800; ;-16800; ;-16800; ;-16800; ;-16800; ;-16800; ;-16800; ;-16800; ;-16800; ;-16800; ;-16800; ;-16800; ;-16800; ;-16800; ;-16800; ;-16800; ;-16800; ;-16800; ;-16800; ;-16800; ;-16800; ;-16800; ;-16800; ;-16800; ;-16800; ;-16800; ;-16800; ;-16800; ;-16800; ;-16800; ;-16800; ;-16800;-16800;-16800;-16800;-16800;-16800;-16800;-16800;-16800;-16800;-16800;-16800;-16800;-16800;-16800;-16800;-16800;-16800;-16800;-16800;-16800;-16800;-16800;-16800;-16800;-16800;-16800;-16800;-16800;-16800;-16800;-16800;-16800;-16800;-16800;-16800;-16800;-16800;-16800;-16800;-16800;-16800;-16800;-16800;-16800;-16800;-16800;-16800;-16800;-16800;-1216800; 
MEF;20220909;IT0005240350;20330901;-1200000;;0;14700; ;14700; ;14700; ;14700; ;14700; ;14700; ;14700; ;14700; ;14700; ;14700; ;14700; ;14700; ;14700; ;14700; ;1214700; ; ; ; ; ; ; ; ; ; ; ; ; ; ; ; ; ; ; ; ; ; ; ; ; ; ; ; ; ; ; ; ; ; ; ; ; ; ; ; ; ; ; ; ; ; ; ; ; ; ; ; ; ; ; ; ; ; ; ; ; ; ; ; ; ; ; ; ; ; ; ; ; ; ; ; ; ; ; ; ; ; ; ; ; 
MEF;20220909;IT0005273013;20480301;-1400000;;0;24150; ;24150; ;24150; ;24150; ;24150; ;24150; ;24150; ;24150; ;24150; ;24150; ;24150; ;24150; ;24150; ;24150; ;24150; ;24150; ;24150; ;24150; ;24150; ;24150; ;24150; ;24150; ;24150; ;24150; ;24150; ;24150; ;24150; ;24150; ;24150; ;24150; ;24150; ;24150;24150;24150;24150;24150;24150;24150;24150;24150;24150;24150;24150;1424150; ; ; ; ; ; ; ; ; ; ; ; ; ; ; ; ; ; ; ; ; ; ; ; ; ; ; ; ; ; ; ; ; ; ; ; ; ; ; 
MEF;20220909;IT0005321325;20380901;-1200000;;0;17700; ;17700; ;17700; ;17700; ;17700; ;17700; ;17700; ;17700; ;17700; ;17700; ;17700; ;17700; ;17700; ;17700; ;17700; ;17700; ;17700; ;17700; ;17700; ;17700; ;17700; ;17700; ;17700; ;17700; ;1217700; ; ; ; ; ; ; ; ; ; ; ; ; ; ; ; ; ; ; ; ; ; ; ; ; ; ; ; ; ; ; ; ; ; ; ; ; ; ; ; ; ; ; ; ; ; ; ; ; ; ; ; ; ; ; ; ; ; ; ; ; ; ; ; ; 
MEF;20220909;IT0005358806;20350301;-1200000;;0;20100; ;20100; ;20100; ;20100; ;20100; ;20100; ;20100; ;20100; ;20100; ;20100; ;20100; ;20100; ;20100; ;20100; ;20100; ;20100; ;20100; ;1220100; ; ; ; ; ; ; ; ; ; ; ; ; ; ; ; ; ; ; ; ; ; ; ; ; ; ; ; ; ; ; ; ; ; ; ; ; ; ; ; ; ; ; ; ; ; ; ; ; ; ; ; ; ; ; ; ; ; ; ; ; ; ; ; ; ; ; ; ; ; ; ; ; ; ; ; ; ; ; 
MEF;20220909;IT0005377152;20400301;-1200000;;0;18600; ;18600; ;18600; ;18600; ;18600; ;18600; ;18600; ;18600; ;18600; ;18600; ;18600; ;18600; ;18600; ;18600; ;18600; ;18600; ;18600; ;18600; ;18600; ;18600; ;18600; ;18600; ;18600; ;18600; ;18600; ;18600; ;18600; ;1218600; ; ; ; ; ; ; ; ; ; ; ; ; ; ; ; ; ; ; ; ; ; ; ; ; ; ; ; ; ; ; ; ; ; ; ; ; ; ; ; ; ; ; ; ; ; ; ; ; ; ; ; ; ; ; ; ; ; ; 
MEF;20220909;IT0005402117;20360301;-1200000;;0;8700; ;8700; ;8700; ;8700; ;8700; ;8700; ;8700; ;8700; ;8700; ;8700; ;8700; ;8700; ;8700; ;8700; ;8700; ;8700; ;8700; ;8700; ;8700; ;1208700; ; ; ; ; ; ; ; ; ; ; ; ; ; ; ; ; ; ; ; ; ; ; ; ; ; ; ; ; ; ; ; ; ; ; ; ; ; ; ; ; ; ; ; ; ; ; ; ; ; ; ; ; ; ; ; ; ; ; ; ; ; ; ; ; ; ; ; ; ; ; ; ; ; ; 
MEF;20220909;IT0005421703;20410301;-1200000;;0;10800; ;10800; ;10800; ;10800; ;10800; ;10800; ;10800; ;10800; ;10800; ;10800; ;10800; ;10800; ;10800; ;10800; ;10800; ;10800; ;10800; ;10800; ;10800; ;10800; ;10800; ;10800; ;10800; ;10800; ;10800; ;10800; ;10800; ;10800; ;10800; ;1210800; ; ; ; ; ; ; ; ; ; ; ; ; ; ; ; ; ; ; ; ; ; ; ; ; ; ; ; ; ; ; ; ; ; ; ; ; ; ; ; ; ; ; ; ; ; ; ; ; ; ; ; ; ; ; 
MEF;20220909;IT0005433195;20370301;-1200000;;0;5700; ;5700; ;5700; ;5700; ;5700; ;5700; ;5700; ;5700; ;5700; ;5700; ;5700; ;5700; ;5700; ;5700; ;5700; ;5700; ;5700; ;5700; ;5700; ;5700; ;5700; ;1205700; ; ; ; ; ; ; ; ; ; ; ; ; ; ; ; ; ; ; ; ; ; ; ; ; ; ; ; ; ; ; ; ; ; ; ; ; ; ; ; ; ; ; ; ; ; ; ; ; ; ; ; ; ; ; ; ; ; ; ; ; ; ; ; ; ; ; ; ; ; ; 
MEF;20220912;IT0005217390;20670301;10200000;;0;-142800; ;-142800; ;-142800; ;-142800; ;-142800; ;-142800; ;-142800; ;-142800; ;-142800; ;-142800; ;-142800; ;-142800; ;-142800; ;-142800; ;-142800; ;-142800; ;-142800; ;-142800; ;-142800; ;-142800; ;-142800; ;-142800; ;-142800; ;-142800; ;-142800; ;-142800; ;-142800; ;-142800; ;-142800; ;-142800; ;-142800; ;-142800;-142800;-142800;-142800;-142800;-142800;-142800;-142800;-142800;-142800;-142800;-142800;-142800;-142800;-142800;-142800;-142800;-142800;-142800;-142800;-142800;-142800;-142800;-142800;-142800;-142800;-142800;-142800;-142800;-142800;-142800;-142800;-142800;-142800;-142800;-142800;-142800;-142800;-142800;-142800;-142800;-142800;-142800;-142800;-142800;-142800;-142800;-142800;-142800;-142800;-10342800; 
MEF;20220912;IT0005363111;20490901;58700000;;0;-1129975; ;-1129975; ;-1129975; ;-1129975; ;-1129975; ;-1129975; ;-1129975; ;-1129975; ;-1129975; ;-1129975; ;-1129975; ;-1129975; ;-1129975; ;-1129975; ;-1129975; ;-1129975; ;-1129975; ;-1129975; ;-1129975; ;-1129975; ;-1129975; ;-1129975; ;-1129975; ;-1129975; ;-1129975; ;-1129975; ;-1129975; ;-1129975; ;-1129975; ;-1129975; ;-1129975; ;-1129975;-1129975;-1129975;-1129975;-1129975;-1129975;-1129975;-1129975;-1129975;-1129975;-1129975;-1129975;-1129975;-1129975;-1129975;-59829975; ; ; ; ; ; ; ; ; ; ; ; ; ; ; ; ; ; ; ; ; ; ; ; ; ; ; ; ; ; ; ; ; ; ; ; 
MEF;20220912;IT0005425233;20510901;1000000;;0;-8500; ;-8500; ;-8500; ;-8500; ;-8500; ;-8500; ;-8500; ;-8500; ;-8500; ;-8500; ;-8500; ;-8500; ;-8500; ;-8500; ;-8500; ;-8500; ;-8500; ;-8500; ;-8500; ;-8500; ;-8500; ;-8500; ;-8500; ;-8500; ;-8500; ;-8500; ;-8500; ;-8500; ;-8500; ;-8500; ;-8500; ;-8500;-8500;-8500;-8500;-8500;-8500;-8500;-8500;-8500;-8500;-8500;-8500;-8500;-8500;-8500;-8500;-8500;-8500;-8500;-1008500; ; ; ; ; ; ; ; ; ; ; ; ; ; ; ; ; ; ; ; ; ; ; ; ; ; ; ; ; ; ; ; 
MEF;20220913;IT0005083057;20460901;1000000;;0;-16250; ;-16250; ;-16250; ;-16250; ;-16250; ;-16250; ;-16250; ;-16250; ;-16250; ;-16250; ;-16250; ;-16250; ;-16250; ;-16250; ;-16250; ;-16250; ;-16250; ;-16250; ;-16250; ;-16250; ;-16250; ;-16250; ;-16250; ;-16250; ;-16250; ;-16250; ;-16250; ;-16250; ;-16250; ;-16250; ;-16250; ;-16250;-16250;-16250;-16250;-16250;-16250;-16250;-16250;-16250;-1016250; ; ; ; ; ; ; ; ; ; ; ; ; ; ; ; ; ; ; ; ; ; ; ; ; ; ; ; ; ; ; ; ; ; ; ; ; ; ; ; ; ; 
MEF;20220913;IT0005162828;20470301;1000000;;0;-13500; ;-13500; ;-13500; ;-13500; ;-13500; ;-13500; ;-13500; ;-13500; ;-13500; ;-13500; ;-13500; ;-13500; ;-13500; ;-13500; ;-13500; ;-13500; ;-13500; ;-13500; ;-13500; ;-13500; ;-13500; ;-13500; ;-13500; ;-13500; ;-13500; ;-13500; ;-13500; ;-13500; ;-13500; ;-13500; ;-13500; ;-13500;-13500;-13500;-13500;-13500;-13500;-13500;-13500;-13500;-13500;-1013500; ; ; ; ; ; ; ; ; ; ; ; ; ; ; ; ; ; ; ; ; ; ; ; ; ; ; ; ; ; ; ; ; ; ; ; ; ; ; ; ; 
MEF;20220913;IT0005240350;20330901;1000000;;0;-12250; ;-12250; ;-12250; ;-12250; ;-12250; ;-12250; ;-12250; ;-12250; ;-12250; ;-12250; ;-12250; ;-12250; ;-12250; ;-12250; ;-1012250; ; ; ; ; ; ; ; ; ; ; ; ; ; ; ; ; ; ; ; ; ; ; ; ; ; ; ; ; ; ; ; ; ; ; ; ; ; ; ; ; ; ; ; ; ; ; ; ; ; ; ; ; ; ; ; ; ; ; ; ; ; ; ; ; ; ; ; ; ; ; ; ; ; ; ; ; ; ; ; ; ; ; ; ; 
MEF;20220913;IT0005321325;20380901;1000000;;0;-14750; ;-14750; ;-14750; ;-14750; ;-14750; ;-14750; ;-14750; ;-14750; ;-14750; ;-14750; ;-14750; ;-14750; ;-14750; ;-14750; ;-14750; ;-14750; ;-14750; ;-14750; ;-14750; ;-14750; ;-14750; ;-14750; ;-14750; ;-14750; ;-1014750; ; ; ; ; ; ; ; ; ; ; ; ; ; ; ; ; ; ; ; ; ; ; ; ; ; ; ; ; ; ; ; ; ; ; ; ; ; ; ; ; ; ; ; ; ; ; ; ; ; ; ; ; ; ; ; ; ; ; ; ; ; ; ; ; 
MEF;20220913;IT0005358806;20350301;1000000;;0;-16750; ;-16750; ;-16750; ;-16750; ;-16750; ;-16750; ;-16750; ;-16750; ;-16750; ;-16750; ;-16750; ;-16750; ;-16750; ;-16750; ;-16750; ;-16750; ;-16750; ;-1016750; ; ; ; ; ; ; ; ; ; ; ; ; ; ; ; ; ; ; ; ; ; ; ; ; ; ; ; ; ; ; ; ; ; ; ; ; ; ; ; ; ; ; ; ; ; ; ; ; ; ; ; ; ; ; ; ; ; ; ; ; ; ; ; ; ; ; ; ; ; ; ; ; ; ; ; ; ; ; 
MEF;20220913;IT0005363111;20490901;1000000;;0;-19250; ;-19250; ;-19250; ;-19250; ;-19250; ;-19250; ;-19250; ;-19250; ;-19250; ;-19250; ;-19250; ;-19250; ;-19250; ;-19250; ;-19250; ;-19250; ;-19250; ;-19250; ;-19250; ;-19250; ;-19250; ;-19250; ;-19250; ;-19250; ;-19250; ;-19250; ;-19250; ;-19250; ;-19250; ;-19250; ;-19250; ;-19250;-19250;-19250;-19250;-19250;-19250;-19250;-19250;-19250;-19250;-19250;-19250;-19250;-19250;-19250;-1019250; ; ; ; ; ; ; ; ; ; ; ; ; ; ; ; ; ; ; ; ; ; ; ; ; ; ; ; ; ; ; ; ; ; ; ; 
MEF;20220913;IT0005377152;20400301;1000000;;0;-15500; ;-15500; ;-15500; ;-15500; ;-15500; ;-15500; ;-15500; ;-15500; ;-15500; ;-15500; ;-15500; ;-15500; ;-15500; ;-15500; ;-15500; ;-15500; ;-15500; ;-15500; ;-15500; ;-15500; ;-15500; ;-15500; ;-15500; ;-15500; ;-15500; ;-15500; ;-15500; ;-1015500; ; ; ; ; ; ; ; ; ; ; ; ; ; ; ; ; ; ; ; ; ; ; ; ; ; ; ; ; ; ; ; ; ; ; ; ; ; ; ; ; ; ; ; ; ; ; ; ; ; ; ; ; ; ; ; ; ; ; 
MEF;20220913;IT0005402117;20360301;1000000;;0;-7250; ;-7250; ;-7250; ;-7250; ;-7250; ;-7250; ;-7250; ;-7250; ;-7250; ;-7250; ;-7250; ;-7250; ;-7250; ;-7250; ;-7250; ;-7250; ;-7250; ;-7250; ;-7250; ;-1007250; ; ; ; ; ; ; ; ; ; ; ; ; ; ; ; ; ; ; ; ; ; ; ; ; ; ; ; ; ; ; ; ; ; ; ; ; ; ; ; ; ; ; ; ; ; ; ; ; ; ; ; ; ; ; ; ; ; ; ; ; ; ; ; ; ; ; ; ; ; ; ; ; ; ; 
MEF;20220913;IT0005433195;20370301;1000000;;0;-4750; ;-4750; ;-4750; ;-4750; ;-4750; ;-4750; ;-4750; ;-4750; ;-4750; ;-4750; ;-4750; ;-4750; ;-4750; ;-4750; ;-4750; ;-4750; ;-4750; ;-4750; ;-4750; ;-4750; ;-4750; ;-1004750; ; ; ; ; ; ; ; ; ; ; ; ; ; ; ; ; ; ; ; ; ; ; ; ; ; ; ; ; ; ; ; ; ; ; ; ; ; ; ; ; ; ; ; ; ; ; ; ; ; ; ; ; ; ; ; ; ; ; ; ; ; ; ; ; ; ; ; ; ; ; 
MEF;20220914;IT0005480980;20520901;-3000000;;0;32250; ;32250; ;32250; ;32250; ;32250; ;32250; ;32250; ;32250; ;32250; ;32250; ;32250; ;32250; ;32250; ;32250; ;32250; ;32250; ;32250; ;32250; ;32250; ;32250; ;32250; ;32250; ;32250; ;32250; ;32250; ;32250; ;32250; ;32250; ;32250; ;32250; ;32250; ;32250;32250;32250;32250;32250;32250;32250;32250;32250;32250;32250;32250;32250;32250;32250;32250;32250;32250;32250;32250;32250;3032250; ; ; ; ; ; ; ; ; ; ; ; ; ; ; ; ; ; ; ; ; ; ; ; ; ; ; ; ; ; 
MEF;20220916;IT0004889033;20280901;-900000;;0;21375; ;21375; ;21375; ;21375; ;921375; ; ; ; ; ; ; ; ; ; ; ; ; ; ; ; ; ; ; ; ; ; ; ; ; ; ; ; ; ; ; ; ; ; ; ; ; ; ; ; ; ; ; ; ; ; ; ; ; ; ; ; ; ; ; ; ; ; ; ; ; ; ; ; ; ; ; ; ; ; ; ; ; ; ; ; ; ; ; ; ; ; ; ; ; ; ; ; ; ; ; ; ; ; ; ; ; ; ; ; ; ; ; ; ; 
MEF;20220916;IT0004923998;20440901;-1200000;;0;28500; ;28500; ;28500; ;28500; ;28500; ;28500; ;28500; ;28500; ;28500; ;28500; ;28500; ;28500; ;28500; ;28500; ;28500; ;28500; ;28500; ;28500; ;28500; ;28500; ;28500; ;28500; ;28500; ;28500; ;28500; ;28500; ;28500; ;28500; ;28500; ;28500; ;28500; ;28500;28500;28500;28500;28500;1228500; ; ; ; ; ; ; ; ; ; ; ; ; ; ; ; ; ; ; ; ; ; ; ; ; ; ; ; ; ; ; ; ; ; ; ; ; ; ; ; ; ; ; ; ; ; 
MEF;20220916;IT0005083057;20460901;-1400000;;0;22750; ;22750; ;22750; ;22750; ;22750; ;22750; ;22750; ;22750; ;22750; ;22750; ;22750; ;22750; ;22750; ;22750; ;22750; ;22750; ;22750; ;22750; ;22750; ;22750; ;22750; ;22750; ;22750; ;22750; ;22750; ;22750; ;22750; ;22750; ;22750; ;22750; ;22750; ;22750;22750;22750;22750;22750;22750;22750;22750;22750;1422750; ; ; ; ; ; ; ; ; ; ; ; ; ; ; ; ; ; ; ; ; ; ; ; ; ; ; ; ; ; ; ; ; ; ; ; ; ; ; ; ; ; 
MEF;20220916;IT0005094088;20320301;-1100000;;0;9075; ;9075; ;9075; ;9075; ;9075; ;9075; ;9075; ;9075; ;9075; ;9075; ;9075; ;1109075; ; ; ; ; ; ; ; ; ; ; ; ; ; ; ; ; ; ; ; ; ; ; ; ; ; ; ; ; ; ; ; ; ; ; ; ; ; ; ; ; ; ; ; ; ; ; ; ; ; ; ; ; ; ; ; ; ; ; ; ; ; ; ; ; ; ; ; ; ; ; ; ; ; ; ; ; ; ; ; ; ; ; ; ; ; ; ; ; ; ; 
MEF;20220916;IT0005162828;20470301;-1200000;;0;16200; ;16200; ;16200; ;16200; ;16200; ;16200; ;16200; ;16200; ;16200; ;16200; ;16200; ;16200; ;16200; ;16200; ;16200; ;16200; ;16200; ;16200; ;16200; ;16200; ;16200; ;16200; ;16200; ;16200; ;16200; ;16200; ;16200; ;16200; ;16200; ;16200; ;16200; ;16200;16200;16200;16200;16200;16200;16200;16200;16200;16200;1216200; ; ; ; ; ; ; ; ; ; ; ; ; ; ; ; ; ; ; ; ; ; ; ; ; ; ; ; ; ; ; ; ; ; ; ; ; ; ; ; ; 
MEF;20220916;IT0005177909;20360901;-1100000;;0;12375; ;12375; ;12375; ;12375; ;12375; ;12375; ;12375; ;12375; ;12375; ;12375; ;12375; ;12375; ;12375; ;12375; ;12375; ;12375; ;12375; ;12375; ;12375; ;12375; ;1112375; ; ; ; ; ; ; ; ; ; ; ; ; ; ; ; ; ; ; ; ; ; ; ; ; ; ; ; ; ; ; ; ; ; ; ; ; ; ; ; ; ; ; ; ; ; ; ; ; ; ; ; ; ; ; ; ; ; ; ; ; ; ; ; ; ; ; ; ; ; ; ; ; 
MEF;20220916;IT0005217390;20670301;-11400000;;0;159600; ;159600; ;159600; ;159600; ;159600; ;159600; ;159600; ;159600; ;159600; ;159600; ;159600; ;159600; ;159600; ;159600; ;159600; ;159600; ;159600; ;159600; ;159600; ;159600; ;159600; ;159600; ;159600; ;159600; ;159600; ;159600; ;159600; ;159600; ;159600; ;159600; ;159600; ;159600;159600;159600;159600;159600;159600;159600;159600;159600;159600;159600;159600;159600;159600;159600;159600;159600;159600;159600;159600;159600;159600;159600;159600;159600;159600;159600;159600;159600;159600;159600;159600;159600;159600;159600;159600;159600;159600;159600;159600;159600;159600;159600;159600;159600;159600;159600;159600;159600;159600;11559600; 
MEF;20220916;IT0005240350;20330901;-1100000;;0;13475; ;13475; ;13475; ;13475; ;13475; ;13475; ;13475; ;13475; ;13475; ;13475; ;13475; ;13475; ;13475; ;13475; ;1113475; ; ; ; ; ; ; ; ; ; ; ; ; ; ; ; ; ; ; ; ; ; ; ; ; ; ; ; ; ; ; ; ; ; ; ; ; ; ; ; ; ; ; ; ; ; ; ; ; ; ; ; ; ; ; ; ; ; ; ; ; ; ; ; ; ; ; ; ; ; ; ; ; ; ; ; ; ; ; ; ; ; ; ; ; 
MEF;20220916;IT0005321325;20380901;-1200000;;0;17700; ;17700; ;17700; ;17700; ;17700; ;17700; ;17700; ;17700; ;17700; ;17700; ;17700; ;17700; ;17700; ;17700; ;17700; ;17700; ;17700; ;17700; ;17700; ;17700; ;17700; ;17700; ;17700; ;17700; ;1217700; ; ; ; ; ; ; ; ; ; ; ; ; ; ; ; ; ; ; ; ; ; ; ; ; ; ; ; ; ; ; ; ; ; ; ; ; ; ; ; ; ; ; ; ; ; ; ; ; ; ; ; ; ; ; ; ; ; ; ; ; ; ; ; ; 
MEF;20220916;IT0005358806;20350301;-1200000;;0;20100; ;20100; ;20100; ;20100; ;20100; ;20100; ;20100; ;20100; ;20100; ;20100; ;20100; ;20100; ;20100; ;20100; ;20100; ;20100; ;20100; ;1220100; ; ; ; ; ; ; ; ; ; ; ; ; ; ; ; ; ; ; ; ; ; ; ; ; ; ; ; ; ; ; ; ; ; ; ; ; ; ; ; ; ; ; ; ; ; ; ; ; ; ; ; ; ; ; ; ; ; ; ; ; ; ; ; ; ; ; ; ; ; ; ; ; ; ; ; ; ; ; 
MEF;20220916;IT0005377152;20400301;-1200000;;0;18600; ;18600; ;18600; ;18600; ;18600; ;18600; ;18600; ;18600; ;18600; ;18600; ;18600; ;18600; ;18600; ;18600; ;18600; ;18600; ;18600; ;18600; ;18600; ;18600; ;18600; ;18600; ;18600; ;18600; ;18600; ;18600; ;18600; ;1218600; ; ; ; ; ; ; ; ; ; ; ; ; ; ; ; ; ; ; ; ; ; ; ; ; ; ; ; ; ; ; ; ; ; ; ; ; ; ; ; ; ; ; ; ; ; ; ; ; ; ; ; ; ; ; ; ; ; ; 
MEF;20220916;IT0005402117;20360301;-1200000;;0;8700; ;8700; ;8700; ;8700; ;8700; ;8700; ;8700; ;8700; ;8700; ;8700; ;8700; ;8700; ;8700; ;8700; ;8700; ;8700; ;8700; ;8700; ;8700; ;1208700; ; ; ; ; ; ; ; ; ; ; ; ; ; ; ; ; ; ; ; ; ; ; ; ; ; ; ; ; ; ; ; ; ; ; ; ; ; ; ; ; ; ; ; ; ; ; ; ; ; ; ; ; ; ; ; ; ; ; ; ; ; ; ; ; ; ; ; ; ; ; ; ; ; ; 
MEF;20220916;IT0005433195;20370301;-1200000;;0;5700; ;5700; ;5700; ;5700; ;5700; ;5700; ;5700; ;5700; ;5700; ;5700; ;5700; ;5700; ;5700; ;5700; ;5700; ;5700; ;5700; ;5700; ;5700; ;5700; ;5700; ;1205700; ; ; ; ; ; ; ; ; ; ; ; ; ; ; ; ; ; ; ; ; ; ; ; ; ; ; ; ; ; ; ; ; ; ; ; ; ; ; ; ; ; ; ; ; ; ; ; ; ; ; ; ; ; ; ; ; ; ; ; ; ; ; ; ; ; ; ; ; ; ; 
MEF;20220920;IT0005024234;20300301;-900000;;0;15750; ;15750; ;15750; ;15750; ;15750; ;15750; ;15750; ;915750; ; ; ; ; ; ; ; ; ; ; ; ; ; ; ; ; ; ; ; ; ; ; ; ; ; ; ; ; ; ; ; ; ; ; ; ; ; ; ; ; ; ; ; ; ; ; ; ; ; ; ; ; ; ; ; ; ; ; ; ; ; ; ; ; ; ; ; ; ; ; ; ; ; ; ; ; ; ; ; ; ; ; ; ; ; ; ; ; ; ; ; ; ; ; ; ; ; ; 
MEF;20220920;IT0005421703;20410301;-1200000;;0;10800; ;10800; ;10800; ;10800; ;10800; ;10800; ;10800; ;10800; ;10800; ;10800; ;10800; ;10800; ;10800; ;10800; ;10800; ;10800; ;10800; ;10800; ;10800; ;10800; ;10800; ;10800; ;10800; ;10800; ;10800; ;10800; ;10800; ;10800; ;10800; ;1210800; ; ; ; ; ; ; ; ; ; ; ; ; ; ; ; ; ; ; ; ; ; ; ; ; ; ; ; ; ; ; ; ; ; ; ; ; ; ; ; ; ; ; ; ; ; ; ; ; ; ; ; ; ; ; 
MEF;20220921;IT0005273013;20480301;-1200000;;0;20700; ;20700; ;20700; ;20700; ;20700; ;20700; ;20700; ;20700; ;20700; ;20700; ;20700; ;20700; ;20700; ;20700; ;20700; ;20700; ;20700; ;20700; ;20700; ;20700; ;20700; ;20700; ;20700; ;20700; ;20700; ;20700; ;20700; ;20700; ;20700; ;20700; ;20700; ;20700;20700;20700;20700;20700;20700;20700;20700;20700;20700;20700;20700;1220700; ; ; ; ; ; ; ; ; ; ; ; ; ; ; ; ; ; ; ; ; ; ; ; ; ; ; ; ; ; ; ; ; ; ; ; ; ; ; 
MEF;20220921;IT0005425233;20510901;-900000;;0;7650; ;7650; ;7650; ;7650; ;7650; ;7650; ;7650; ;7650; ;7650; ;7650; ;7650; ;7650; ;7650; ;7650; ;7650; ;7650; ;7650; ;7650; ;7650; ;7650; ;7650; ;7650; ;7650; ;7650; ;7650; ;7650; ;7650; ;7650; ;7650; ;7650; ;7650; ;7650;7650;7650;7650;7650;7650;7650;7650;7650;7650;7650;7650;7650;7650;7650;7650;7650;7650;7650;907650; ; ; ; ; ; ; ; ; ; ; ; ; ; ; ; ; ; ; ; ; ; ; ; ; ; ; ; ; ; ; ; 
MEF;20220923;IT0005162828;20470301;1000000;;0;-13500; ;-13500; ;-13500; ;-13500; ;-13500; ;-13500; ;-13500; ;-13500; ;-13500; ;-13500; ;-13500; ;-13500; ;-13500; ;-13500; ;-13500; ;-13500; ;-13500; ;-13500; ;-13500; ;-13500; ;-13500; ;-13500; ;-13500; ;-13500; ;-13500; ;-13500; ;-13500; ;-13500; ;-13500; ;-13500; ;-13500; ;-13500;-13500;-13500;-13500;-13500;-13500;-13500;-13500;-13500;-13500;-1013500; ; ; ; ; ; ; ; ; ; ; ; ; ; ; ; ; ; ; ; ; ; ; ; ; ; ; ; ; ; ; ; ; ; ; ; ; ; ; ; ; 
MEF;20220923;IT0005363111;20490901;1000000;;0;-19250; ;-19250; ;-19250; ;-19250; ;-19250; ;-19250; ;-19250; ;-19250; ;-19250; ;-19250; ;-19250; ;-19250; ;-19250; ;-19250; ;-19250; ;-19250; ;-19250; ;-19250; ;-19250; ;-19250; ;-19250; ;-19250; ;-19250; ;-19250; ;-19250; ;-19250; ;-19250; ;-19250; ;-19250; ;-19250; ;-19250; ;-19250;-19250;-19250;-19250;-19250;-19250;-19250;-19250;-19250;-19250;-19250;-19250;-19250;-19250;-19250;-1019250; ; ; ; ; ; ; ; ; ; ; ; ; ; ; ; ; ; ; ; ; ; ; ; ; ; ; ; ; ; ; ; ; ; ; ; 
MEF;20220923;IT0005398406;20500901;1000000;;0;-12250; ;-12250; ;-12250; ;-12250; ;-12250; ;-12250; ;-12250; ;-12250; ;-12250; ;-12250; ;-12250; ;-12250; ;-12250; ;-12250; ;-12250; ;-12250; ;-12250; ;-12250; ;-12250; ;-12250; ;-12250; ;-12250; ;-12250; ;-12250; ;-12250; ;-12250; ;-12250; ;-12250; ;-12250; ;-12250; ;-12250; ;-12250;-12250;-12250;-12250;-12250;-12250;-12250;-12250;-12250;-12250;-12250;-12250;-12250;-12250;-12250;-12250;-12250;-1012250; ; ; ; ; ; ; ; ; ; ; ; ; ; ; ; ; ; ; ; ; ; ; ; ; ; ; ; ; ; ; ; ; ; 
MEF;20220923;IT0005402117;20360301;1000000;;0;-7250; ;-7250; ;-7250; ;-7250; ;-7250; ;-7250; ;-7250; ;-7250; ;-7250; ;-7250; ;-7250; ;-7250; ;-7250; ;-7250; ;-7250; ;-7250; ;-7250; ;-7250; ;-7250; ;-1007250; ; ; ; ; ; ; ; ; ; ; ; ; ; ; ; ; ; ; ; ; ; ; ; ; ; ; ; ; ; ; ; ; ; ; ; ; ; ; ; ; ; ; ; ; ; ; ; ; ; ; ; ; ; ; ; ; ; ; ; ; ; ; ; ; ; ; ; ; ; ; ; ; ; ; 
MEF;20220923;IT0005480980;20520901;1000000;;0;-10750; ;-10750; ;-10750; ;-10750; ;-10750; ;-10750; ;-10750; ;-10750; ;-10750; ;-10750; ;-10750; ;-10750; ;-10750; ;-10750; ;-10750; ;-10750; ;-10750; ;-10750; ;-10750; ;-10750; ;-10750; ;-10750; ;-10750; ;-10750; ;-10750; ;-10750; ;-10750; ;-10750; ;-10750; ;-10750; ;-10750; ;-10750;-10750;-10750;-10750;-10750;-10750;-10750;-10750;-10750;-10750;-10750;-10750;-10750;-10750;-10750;-10750;-10750;-10750;-10750;-10750;-10750;-1010750; ; ; ; ; ; ; ; ; ; ; ; ; ; ; ; ; ; ; ; ; ; ; ; ; ; ; ; ; ; 
MEF;20220926;IT0005433195;20370301;1000000;;0;-4750; ;-4750; ;-4750; ;-4750; ;-4750; ;-4750; ;-4750; ;-4750; ;-4750; ;-4750; ;-4750; ;-4750; ;-4750; ;-4750; ;-4750; ;-4750; ;-4750; ;-4750; ;-4750; ;-4750; ;-4750; ;-1004750; ; ; ; ; ; ; ; ; ; ; ; ; ; ; ; ; ; ; ; ; ; ; ; ; ; ; ; ; ; ; ; ; ; ; ; ; ; ; ; ; ; ; ; ; ; ; ; ; ; ; ; ; ; ; ; ; ; ; ; ; ; ; ; ; ; ; ; ; ; ; 
MEF;20220928;IT0005217390;20670301;-34000000;;0;476000; ;476000; ;476000; ;476000; ;476000; ;476000; ;476000; ;476000; ;476000; ;476000; ;476000; ;476000; ;476000; ;476000; ;476000; ;476000; ;476000; ;476000; ;476000; ;476000; ;476000; ;476000; ;476000; ;476000; ;476000; ;476000; ;476000; ;476000; ;476000; ;476000; ;476000; ;476000;476000;476000;476000;476000;476000;476000;476000;476000;476000;476000;476000;476000;476000;476000;476000;476000;476000;476000;476000;476000;476000;476000;476000;476000;476000;476000;476000;476000;476000;476000;476000;476000;476000;476000;476000;476000;476000;476000;476000;476000;476000;476000;476000;476000;476000;476000;476000;476000;476000;34476000; 
MEF;20220928;IT0005421703;20410301;1000000;;0;-9000; ;-9000; ;-9000; ;-9000; ;-9000; ;-9000; ;-9000; ;-9000; ;-9000; ;-9000; ;-9000; ;-9000; ;-9000; ;-9000; ;-9000; ;-9000; ;-9000; ;-9000; ;-9000; ;-9000; ;-9000; ;-9000; ;-9000; ;-9000; ;-9000; ;-9000; ;-9000; ;-9000; ;-9000; ;-1009000; ; ; ; ; ; ; ; ; ; ; ; ; ; ; ; ; ; ; ; ; ; ; ; ; ; ; ; ; ; ; ; ; ; ; ; ; ; ; ; ; ; ; ; ; ; ; ; ; ; ; ; ; ; ; 
MEF;20221004;IT0005162828;20470301;-1200000;;0;16200; ;16200; ;16200; ;16200; ;16200; ;16200; ;16200; ;16200; ;16200; ;16200; ;16200; ;16200; ;16200; ;16200; ;16200; ;16200; ;16200; ;16200; ;16200; ;16200; ;16200; ;16200; ;16200; ;16200; ;16200; ;16200; ;16200; ;16200; ;16200; ;16200; ;16200; ;16200;16200;16200;16200;16200;16200;16200;16200;16200;16200;1216200; ; ; ; ; ; ; ; ; ; ; ; ; ; ; ; ; ; ; ; ; ; ; ; ; ; ; ; ; ; ; ; ; ; ; ; ; ; ; ; ; 
MEF;20221004;IT0005377152;20400301;6300000;;0;-97650; ;-97650; ;-97650; ;-97650; ;-97650; ;-97650; ;-97650; ;-97650; ;-97650; ;-97650; ;-97650; ;-97650; ;-97650; ;-97650; ;-97650; ;-97650; ;-97650; ;-97650; ;-97650; ;-97650; ;-97650; ;-97650; ;-97650; ;-97650; ;-97650; ;-97650; ;-97650; ;-6397650; ; ; ; ; ; ; ; ; ; ; ; ; ; ; ; ; ; ; ; ; ; ; ; ; ; ; ; ; ; ; ; ; ; ; ; ; ; ; ; ; ; ; ; ; ; ; ; ; ; ; ; ; ; ; ; ; ; ; 
MEF;20221005;IT0004889033;20280901;1000000;;0;-23750; ;-23750; ;-23750; ;-23750; ;-1023750; ; ; ; ; ; ; ; ; ; ; ; ; ; ; ; ; ; ; ; ; ; ; ; ; ; ; ; ; ; ; ; ; ; ; ; ; ; ; ; ; ; ; ; ; ; ; ; ; ; ; ; ; ; ; ; ; ; ; ; ; ; ; ; ; ; ; ; ; ; ; ; ; ; ; ; ; ; ; ; ; ; ; ; ; ; ; ; ; ; ; ; ; ; ; ; ; ; ; ; ; ; ; ; ; 
MEF;20221005;IT0005094088;20320301;2400000;;0;-19800; ;-19800; ;-19800; ;-19800; ;-19800; ;-19800; ;-19800; ;-19800; ;-19800; ;-19800; ;-19800; ;-2419800; ; ; ; ; ; ; ; ; ; ; ; ; ; ; ; ; ; ; ; ; ; ; ; ; ; ; ; ; ; ; ; ; ; ; ; ; ; ; ; ; ; ; ; ; ; ; ; ; ; ; ; ; ; ; ; ; ; ; ; ; ; ; ; ; ; ; ; ; ; ; ; ; ; ; ; ; ; ; ; ; ; ; ; ; ; ; ; ; ; ; 
MEF;20221007;IT0004889033;20280901;-900000;;0;21375; ;21375; ;21375; ;21375; ;921375; ; ; ; ; ; ; ; ; ; ; ; ; ; ; ; ; ; ; ; ; ; ; ; ; ; ; ; ; ; ; ; ; ; ; ; ; ; ; ; ; ; ; ; ; ; ; ; ; ; ; ; ; ; ; ; ; ; ; ; ; ; ; ; ; ; ; ; ; ; ; ; ; ; ; ; ; ; ; ; ; ; ; ; ; ; ; ; ; ; ; ; ; ; ; ; ; ; ; ; ; ; ; ; ; 
MEF;20221007;IT0005094088;20320301;3000000;;0;-24750; ;-24750; ;-24750; ;-24750; ;-24750; ;-24750; ;-24750; ;-24750; ;-24750; ;-24750; ;-24750; ;-3024750; ; ; ; ; ; ; ; ; ; ; ; ; ; ; ; ; ; ; ; ; ; ; ; ; ; ; ; ; ; ; ; ; ; ; ; ; ; ; ; ; ; ; ; ; ; ; ; ; ; ; ; ; ; ; ; ; ; ; ; ; ; ; ; ; ; ; ; ; ; ; ; ; ; ; ; ; ; ; ; ; ; ; ; ; ; ; ; ; ; ; 
MEF;20221007;IT0005240350;20330901;-900000;;0;11025; ;11025; ;11025; ;11025; ;11025; ;11025; ;11025; ;11025; ;11025; ;11025; ;11025; ;11025; ;11025; ;11025; ;911025; ; ; ; ; ; ; ; ; ; ; ; ; ; ; ; ; ; ; ; ; ; ; ; ; ; ; ; ; ; ; ; ; ; ; ; ; ; ; ; ; ; ; ; ; ; ; ; ; ; ; ; ; ; ; ; ; ; ; ; ; ; ; ; ; ; ; ; ; ; ; ; ; ; ; ; ; ; ; ; ; ; ; ; ; 
MEF;20221007;IT0005321325;20380901;-900000;;0;13275; ;13275; ;13275; ;13275; ;13275; ;13275; ;13275; ;13275; ;13275; ;13275; ;13275; ;13275; ;13275; ;13275; ;13275; ;13275; ;13275; ;13275; ;13275; ;13275; ;13275; ;13275; ;13275; ;13275; ;913275; ; ; ; ; ; ; ; ; ; ; ; ; ; ; ; ; ; ; ; ; ; ; ; ; ; ; ; ; ; ; ; ; ; ; ; ; ; ; ; ; ; ; ; ; ; ; ; ; ; ; ; ; ; ; ; ; ; ; ; ; ; ; ; ; 
MEF;20221007;IT0005358806;20350301;-900000;;0;15075; ;15075; ;15075; ;15075; ;15075; ;15075; ;15075; ;15075; ;15075; ;15075; ;15075; ;15075; ;15075; ;15075; ;15075; ;15075; ;15075; ;915075; ; ; ; ; ; ; ; ; ; ; ; ; ; ; ; ; ; ; ; ; ; ; ; ; ; ; ; ; ; ; ; ; ; ; ; ; ; ; ; ; ; ; ; ; ; ; ; ; ; ; ; ; ; ; ; ; ; ; ; ; ; ; ; ; ; ; ; ; ; ; ; ; ; ; ; ; ; ; 
MEF;20221007;IT0005433195;20370301;-900000;;0;4275; ;4275; ;4275; ;4275; ;4275; ;4275; ;4275; ;4275; ;4275; ;4275; ;4275; ;4275; ;4275; ;4275; ;4275; ;4275; ;4275; ;4275; ;4275; ;4275; ;4275; ;904275; ; ; ; ; ; ; ; ; ; ; ; ; ; ; ; ; ; ; ; ; ; ; ; ; ; ; ; ; ; ; ; ; ; ; ; ; ; ; ; ; ; ; ; ; ; ; ; ; ; ; ; ; ; ; ; ; ; ; ; ; ; ; ; ; ; ; ; ; ; ; 
MEF;20221010;IT0005094088;20320301;1000000;;0;-8250; ;-8250; ;-8250; ;-8250; ;-8250; ;-8250; ;-8250; ;-8250; ;-8250; ;-8250; ;-8250; ;-1008250; ; ; ; ; ; ; ; ; ; ; ; ; ; ; ; ; ; ; ; ; ; ; ; ; ; ; ; ; ; ; ; ; ; ; ; ; ; ; ; ; ; ; ; ; ; ; ; ; ; ; ; ; ; ; ; ; ; ; ; ; ; ; ; ; ; ; ; ; ; ; ; ; ; ; ; ; ; ; ; ; ; ; ; ; ; ; ; ; ; ; 
MEF;20221012;IT0005094088;20320301;5000000;;0;-41250; ;-41250; ;-41250; ;-41250; ;-41250; ;-41250; ;-41250; ;-41250; ;-41250; ;-41250; ;-41250; ;-5041250; ; ; ; ; ; ; ; ; ; ; ; ; ; ; ; ; ; ; ; ; ; ; ; ; ; ; ; ; ; ; ; ; ; ; ; ; ; ; ; ; ; ; ; ; ; ; ; ; ; ; ; ; ; ; ; ; ; ; ; ; ; ; ; ; ; ; ; ; ; ; ; ; ; ; ; ; ; ; ; ; ; ; ; ; ; ; ; ; ; ; 
MEF;20221014;IT0005094088;20320301;3000000;;0;-24750; ;-24750; ;-24750; ;-24750; ;-24750; ;-24750; ;-24750; ;-24750; ;-24750; ;-24750; ;-24750; ;-3024750; ; ; ; ; ; ; ; ; ; ; ; ; ; ; ; ; ; ; ; ; ; ; ; ; ; ; ; ; ; ; ; ; ; ; ; ; ; ; ; ; ; ; ; ; ; ; ; ; ; ; ; ; ; ; ; ; ; ; ; ; ; ; ; ; ; ; ; ; ; ; ; ; ; ; ; ; ; ; ; ; ; ; ; ; ; ; ; ; ; ; 
MEF;20221021;IT0004923998;20440901;-1200000;;0;28500; ;28500; ;28500; ;28500; ;28500; ;28500; ;28500; ;28500; ;28500; ;28500; ;28500; ;28500; ;28500; ;28500; ;28500; ;28500; ;28500; ;28500; ;28500; ;28500; ;28500; ;28500; ;28500; ;28500; ;28500; ;28500; ;28500; ;28500; ;28500; ;28500; ;28500; ;28500;28500;28500;28500;28500;1228500; ; ; ; ; ; ; ; ; ; ; ; ; ; ; ; ; ; ; ; ; ; ; ; ; ; ; ; ; ; ; ; ; ; ; ; ; ; ; ; ; ; ; ; ; ; 
MEF;20221026;IT0005094088;20320301;4800000;;0;-39600; ;-39600; ;-39600; ;-39600; ;-39600; ;-39600; ;-39600; ;-39600; ;-39600; ;-39600; ;-39600; ;-4839600; ; ; ; ; ; ; ; ; ; ; ; ; ; ; ; ; ; ; ; ; ; ; ; ; ; ; ; ; ; ; ; ; ; ; ; ; ; ; ; ; ; ; ; ; ; ; ; ; ; ; ; ; ; ; ; ; ; ; ; ; ; ; ; ; ; ; ; ; ; ; ; ; ; ; ; ; ; ; ; ; ; ; ; ; ; ; ; ; ; ; 
MEF;20221102;IT0005083057;20460901;1000000;;0;-16250; ;-16250; ;-16250; ;-16250; ;-16250; ;-16250; ;-16250; ;-16250; ;-16250; ;-16250; ;-16250; ;-16250; ;-16250; ;-16250; ;-16250; ;-16250; ;-16250; ;-16250; ;-16250; ;-16250; ;-16250; ;-16250; ;-16250; ;-16250; ;-16250; ;-16250; ;-16250; ;-16250; ;-16250; ;-16250; ;-16250; ;-16250;-16250;-16250;-16250;-16250;-16250;-16250;-16250;-16250;-1016250; ; ; ; ; ; ; ; ; ; ; ; ; ; ; ; ; ; ; ; ; ; ; ; ; ; ; ; ; ; ; ; ; ; ; ; ; ; ; ; ; ; 
MEF;20221104;IT0005094088;20320301;3000000;;0;-24750; ;-24750; ;-24750; ;-24750; ;-24750; ;-24750; ;-24750; ;-24750; ;-24750; ;-24750; ;-24750; ;-3024750; ; ; ; ; ; ; ; ; ; ; ; ; ; ; ; ; ; ; ; ; ; ; ; ; ; ; ; ; ; ; ; ; ; ; ; ; ; ; ; ; ; ; ; ; ; ; ; ; ; ; ; ; ; ; ; ; ; ; ; ; ; ; ; ; ; ; ; ; ; ; ; ; ; ; ; ; ; ; ; ; ; ; ; ; ; ; ; ; ; ; 
MEF;20221111;IT0004889033;20280901;1000000;;0;-23750; ;-23750; ;-23750; ;-23750; ;-1023750; ; ; ; ; ; ; ; ; ; ; ; ; ; ; ; ; ; ; ; ; ; ; ; ; ; ; ; ; ; ; ; ; ; ; ; ; ; ; ; ; ; ; ; ; ; ; ; ; ; ; ; ; ; ; ; ; ; ; ; ; ; ; ; ; ; ; ; ; ; ; ; ; ; ; ; ; ; ; ; ; ; ; ; ; ; ; ; ; ; ; ; ; ; ; ; ; ; ; ; ; ; ; ; ; 
MEF;20221115;IT0005094088;20320301;8600000;;0;-70950; ;-70950; ;-70950; ;-70950; ;-70950; ;-70950; ;-70950; ;-70950; ;-70950; ;-70950; ;-70950; ;-8670950; ; ; ; ; ; ; ; ; ; ; ; ; ; ; ; ; ; ; ; ; ; ; ; ; ; ; ; ; ; ; ; ; ; ; ; ; ; ; ; ; ; ; ; ; ; ; ; ; ; ; ; ; ; ; ; ; ; ; ; ; ; ; ; ; ; ; ; ; ; ; ; ; ; ; ; ; ; ; ; ; ; ; ; ; ; ; ; ; ; ; 
MEF;20221121;IT0004923998;20440901;1000000;;0;-23750; ;-23750; ;-23750; ;-23750; ;-23750; ;-23750; ;-23750; ;-23750; ;-23750; ;-23750; ;-23750; ;-23750; ;-23750; ;-23750; ;-23750; ;-23750; ;-23750; ;-23750; ;-23750; ;-23750; ;-23750; ;-23750; ;-23750; ;-23750; ;-23750; ;-23750; ;-23750; ;-23750; ;-23750; ;-23750; ;-23750; ;-23750;-23750;-23750;-23750;-23750;-1023750; ; ; ; ; ; ; ; ; ; ; ; ; ; ; ; ; ; ; ; ; ; ; ; ; ; ; ; ; ; ; ; ; ; ; ; ; ; ; ; ; ; ; ; ; ; 
MEF;20221125;IT0004889033;20280901;1000000;;0;-23750; ;-23750; ;-23750; ;-23750; ;-1023750; ; ; ; ; ; ; ; ; ; ; ; ; ; ; ; ; ; ; ; ; ; ; ; ; ; ; ; ; ; ; ; ; ; ; ; ; ; ; ; ; ; ; ; ; ; ; ; ; ; ; ; ; ; ; ; ; ; ; ; ; ; ; ; ; ; ; ; ; ; ; ; ; ; ; ; ; ; ; ; ; ; ; ; ; ; ; ; ; ; ; ; ; ; ; ; ; ; ; ; ; ; ; ; ; 
MEF;20221125;IT0004923998;20440901;-1000000;;0;23750; ;23750; ;23750; ;23750; ;23750; ;23750; ;23750; ;23750; ;23750; ;23750; ;23750; ;23750; ;23750; ;23750; ;23750; ;23750; ;23750; ;23750; ;23750; ;23750; ;23750; ;23750; ;23750; ;23750; ;23750; ;23750; ;23750; ;23750; ;23750; ;23750; ;23750; ;23750;23750;23750;23750;23750;1023750; ; ; ; ; ; ; ; ; ; ; ; ; ; ; ; ; ; ; ; ; ; ; ; ; ; ; ; ; ; ; ; ; ; ; ; ; ; ; ; ; ; ; ; ; ; 
MEF;20221129;IT0004923998;20440901;1000000;;0;-23750; ;-23750; ;-23750; ;-23750; ;-23750; ;-23750; ;-23750; ;-23750; ;-23750; ;-23750; ;-23750; ;-23750; ;-23750; ;-23750; ;-23750; ;-23750; ;-23750; ;-23750; ;-23750; ;-23750; ;-23750; ;-23750; ;-23750; ;-23750; ;-23750; ;-23750; ;-23750; ;-23750; ;-23750; ;-23750; ;-23750; ;-23750;-23750;-23750;-23750;-23750;-1023750; ; ; ; ; ; ; ; ; ; ; ; ; ; ; ; ; ; ; ; ; ; ; ; ; ; ; ; ; ; ; ; ; ; ; ; ; ; ; ; ; ; ; ; ; ; 
MEF;20221201;IT0005398406;20500901;2000000;;0;-24500; ;-24500; ;-24500; ;-24500; ;-24500; ;-24500; ;-24500; ;-24500; ;-24500; ;-24500; ;-24500; ;-24500; ;-24500; ;-24500; ;-24500; ;-24500; ;-24500; ;-24500; ;-24500; ;-24500; ;-24500; ;-24500; ;-24500; ;-24500; ;-24500; ;-24500; ;-24500; ;-24500; ;-24500; ;-24500; ;-24500; ;-24500;-24500;-24500;-24500;-24500;-24500;-24500;-24500;-24500;-24500;-24500;-24500;-24500;-24500;-24500;-24500;-24500;-2024500; ; ; ; ; ; ; ; ; ; ; ; ; ; ; ; ; ; ; ; ; ; ; ; ; ; ; ; ; ; ; ; ; ; 
MEF;20221212;IT0004545890;20410915;1000000;IT0004548290;-1000000; ;-13826.03; ;-13826.03; ;-13826.03; ;-13826.03; ;-13826.03; ;-13826.03; ;-13826.03; ;-13826.03; ;-13826.03; ;-13826.03; ;-13826.03; ;-13826.03; ;-13826.03; ;-13826.03; ;-13826.03; ;-13826.03; ;-13826.03; ;-13826.03; ;-13826.03; ;-13826.03; ;-13826.03; ;-13826.03; ;-13826.03; ;-13826.03; ;-13826.03; ;-13826.03; ;-13826.03; ;-13826.03; ;-13826.03; ;-13826.03; ;-13826.03; ; ; ; ; ; ; ; ; ; ; ; ; ; ; ; ; ; ; ; ; ; ; ; ; ; ; ; ; ; ; ; ; ; ; ; ; ; ; ; ; ; ; ; ; ; ; ; ; ; ; ; 
MEF;20221219;IT0005024234;20300301;1000000;;0;-17500; ;-17500; ;-17500; ;-17500; ;-17500; ;-17500; ;-17500; ;-1017500; ; ; ; ; ; ; ; ; ; ; ; ; ; ; ; ; ; ; ; ; ; ; ; ; ; ; ; ; ; ; ; ; ; ; ; ; ; ; ; ; ; ; ; ; ; ; ; ; ; ; ; ; ; ; ; ; ; ; ; ; ; ; ; ; ; ; ; ; ; ; ; ; ; ; ; ; ; ; ; ; ; ; ; ; ; ; ; ; ; ; ; ; ; ; ; ; ; ; 
MEF;20221220;IT0005217390;20670301;43000000;;0;-602000; ;-602000; ;-602000; ;-602000; ;-602000; ;-602000; ;-602000; ;-602000; ;-602000; ;-602000; ;-602000; ;-602000; ;-602000; ;-602000; ;-602000; ;-602000; ;-602000; ;-602000; ;-602000; ;-602000; ;-602000; ;-602000; ;-602000; ;-602000; ;-602000; ;-602000; ;-602000; ;-602000; ;-602000; ;-602000; ;-602000; ;-602000;-602000;-602000;-602000;-602000;-602000;-602000;-602000;-602000;-602000;-602000;-602000;-602000;-602000;-602000;-602000;-602000;-602000;-602000;-602000;-602000;-602000;-602000;-602000;-602000;-602000;-602000;-602000;-602000;-602000;-602000;-602000;-602000;-602000;-602000;-602000;-602000;-602000;-602000;-602000;-602000;-602000;-602000;-602000;-602000;-602000;-602000;-602000;-602000;-602000;-43602000; 
MEF;20221228;IT0005094088;20320301;2300000;;0;-18975; ;-18975; ;-18975; ;-18975; ;-18975; ;-18975; ;-18975; ;-18975; ;-18975; ;-18975; ;-18975; ;-2318975; ; ; ; ; ; ; ; ; ; ; ; ; ; ; ; ; ; ; ; ; ; ; ; ; ; ; ; ; ; ; ; ; ; ; ; ; ; ; ; ; ; ; ; ; ; ; ; ; ; ; ; ; ; ; ; ; ; ; ; ; ; ; ; ; ; ; ; ; ; ; ; ; ; ; ; ; ; ; ; ; ; ; ; ; ; ; ; ; ; ; 
MEF;20221228;IT0005358806;20350301;850000;;0;-14237.5; ;-14237.5; ;-14237.5; ;-14237.5; ;-14237.5; ;-14237.5; ;-14237.5; ;-14237.5; ;-14237.5; ;-14237.5; ;-14237.5; ;-14237.5; ;-14237.5; ;-14237.5; ;-14237.5; ;-14237.5; ;-14237.5; ;-864237.5; ; ; ; ; ; ; ; ; ; ; ; ; ; ; ; ; ; ; ; ; ; ; ; ; ; ; ; ; ; ; ; ; ; ; ; ; ; ; ; ; ; ; ; ; ; ; ; ; ; ; ; ; ; ; ; ; ; ; ; ; ; ; ; ; ; ; ; ; ; ; ; ; ; ; ; ; ; ; 
MEF;20230109;IT0005083057;20460901;1000000;;0;-16250; ;-16250; ;-16250; ;-16250; ;-16250; ;-16250; ;-16250; ;-16250; ;-16250; ;-16250; ;-16250; ;-16250; ;-16250; ;-16250; ;-16250; ;-16250; ;-16250; ;-16250; ;-16250; ;-16250; ;-16250; ;-16250; ;-16250; ;-16250; ;-16250; ;-16250; ;-16250; ;-16250; ;-16250; ;-16250; ;-16250; ;-16250;-16250;-16250;-16250;-16250;-16250;-16250;-16250;-16250;-1016250; ; ; ; ; ; ; ; ; ; ; ; ; ; ; ; ; ; ; ; ; ; ; ; ; ; ; ; ; ; ; ; ; ; ; ; ; ; ; ; ; ; 
MEF;20230124;IT0005083057;20460901;1000000;;0;-16250; ;-16250; ;-16250; ;-16250; ;-16250; ;-16250; ;-16250; ;-16250; ;-16250; ;-16250; ;-16250; ;-16250; ;-16250; ;-16250; ;-16250; ;-16250; ;-16250; ;-16250; ;-16250; ;-16250; ;-16250; ;-16250; ;-16250; ;-16250; ;-16250; ;-16250; ;-16250; ;-16250; ;-16250; ;-16250; ;-16250; ;-16250;-16250;-16250;-16250;-16250;-16250;-16250;-16250;-16250;-1016250; ; ; ; ; ; ; ; ; ; ; ; ; ; ; ; ; ; ; ; ; ; ; ; ; ; ; ; ; ; ; ; ; ; ; ; ; ; ; ; ; ; 
MEF;20230208;IT0004889033;20280901;1000000;;0;-23750; ;-23750; ;-23750; ;-23750; ;-1023750; ; ; ; ; ; ; ; ; ; ; ; ; ; ; ; ; ; ; ; ; ; ; ; ; ; ; ; ; ; ; ; ; ; ; ; ; ; ; ; ; ; ; ; ; ; ; ; ; ; ; ; ; ; ; ; ; ; ; ; ; ; ; ; ; ; ; ; ; ; ; ; ; ; ; ; ; ; ; ; ; ; ; ; ; ; ; ; ; ; ; ; ; ; ; ; ; ; ; ; ; ; ; ; ; 
MEF;20230208;IT0005358806;20350301;2700000;;0;-45225; ;-45225; ;-45225; ;-45225; ;-45225; ;-45225; ;-45225; ;-45225; ;-45225; ;-45225; ;-45225; ;-45225; ;-45225; ;-45225; ;-45225; ;-45225; ;-45225; ;-2745225; ; ; ; ; ; ; ; ; ; ; ; ; ; ; ; ; ; ; ; ; ; ; ; ; ; ; ; ; ; ; ; ; ; ; ; ; ; ; ; ; ; ; ; ; ; ; ; ; ; ; ; ; ; ; ; ; ; ; ; ; ; ; ; ; ; ; ; ; ; ; ; ; ; ; ; ; ; ; 
MEF;20230216;IT0005358806;20350301;500000;;0;-8375; ;-8375; ;-8375; ;-8375; ;-8375; ;-8375; ;-8375; ;-8375; ;-8375; ;-8375; ;-8375; ;-8375; ;-8375; ;-8375; ;-8375; ;-8375; ;-8375; ;-508375; ; ; ; ; ; ; ; ; ; ; ; ; ; ; ; ; ; ; ; ; ; ; ; ; ; ; ; ; ; ; ; ; ; ; ; ; ; ; ; ; ; ; ; ; ; ; ; ; ; ; ; ; ; ; ; ; ; ; ; ; ; ; ; ; ; ; ; ; ; ; ; ; ; ; ; ; ; ; 
MEF;20230302;IT0005083057;20460901;750000;;0;-12187.5; ;-12187.5; ;-12187.5; ;-12187.5; ;-12187.5; ;-12187.5; ;-12187.5; ;-12187.5; ;-12187.5; ;-12187.5; ;-12187.5; ;-12187.5; ;-12187.5; ;-12187.5; ;-12187.5; ;-12187.5; ;-12187.5; ;-12187.5; ;-12187.5; ;-12187.5; ;-12187.5; ;-12187.5; ;-12187.5; ;-12187.5; ;-12187.5; ;-12187.5; ;-12187.5; ;-12187.5; ;-12187.5; ;-12187.5; ;-12187.5; ;-12187.5;-12187.5;-12187.5;-12187.5;-12187.5;-12187.5;-12187.5;-12187.5;-12187.5;-762187.5; ; ; ; ; ; ; ; ; ; ; ; ; ; ; ; ; ; ; ; ; ; ; ; ; ; ; ; ; ; ; ; ; ; ; ; ; ; ; ; ; ; 
MEF;20230306;IT0005358806;20350301;350000;;0;-5862.5; ;-5862.5; ;-5862.5; ;-5862.5; ;-5862.5; ;-5862.5; ;-5862.5; ;-5862.5; ;-5862.5; ;-5862.5; ;-5862.5; ;-5862.5; ;-5862.5; ;-5862.5; ;-5862.5; ;-5862.5; ;-5862.5; ;-355862.5; ; ; ; ; ; ; ; ; ; ; ; ; ; ; ; ; ; ; ; ; ; ; ; ; ; ; ; ; ; ; ; ; ; ; ; ; ; ; ; ; ; ; ; ; ; ; ; ; ; ; ; ; ; ; ; ; ; ; ; ; ; ; ; ; ; ; ; ; ; ; ; ; ; ; ; ; ; ; 
MEF;20230307;IT0005358806;20350301;1000000;;0;-16750; ;-16750; ;-16750; ;-16750; ;-16750; ;-16750; ;-16750; ;-16750; ;-16750; ;-16750; ;-16750; ;-16750; ;-16750; ;-16750; ;-16750; ;-16750; ;-16750; ;-1016750; ; ; ; ; ; ; ; ; ; ; ; ; ; ; ; ; ; ; ; ; ; ; ; ; ; ; ; ; ; ; ; ; ; ; ; ; ; ; ; ; ; ; ; ; ; ; ; ; ; ; ; ; ; ; ; ; ; ; ; ; ; ; ; ; ; ; ; ; ; ; ; ; ; ; ; ; ; ; 
MEF;20230309;IT0005496770;20380301;-2250000;;0;36562.5; ;36562.5; ;36562.5; ;36562.5; ;36562.5; ;36562.5; ;36562.5; ;36562.5; ;36562.5; ;36562.5; ;36562.5; ;36562.5; ;36562.5; ;36562.5; ;36562.5; ;36562.5; ;36562.5; ;36562.5; ;36562.5; ;36562.5; ;36562.5; ;36562.5; ;36562.5; ;2286562.5; ; ; ; ; ; ; ; ; ; ; ; ; ; ; ; ; ; ; ; ; ; ; ; ; ; ; ; ; ; ; ; ; ; ; ; ; ; ; ; ; ; ; ; ; ; ; ; ; ; ; ; ; ; ; ; ; ; ; ; ; ; ; ; ; ; ; 
MEF;20230313;IT0004923998;20440901;3400000;;0;-80750; ;-80750; ;-80750; ;-80750; ;-80750; ;-80750; ;-80750; ;-80750; ;-80750; ;-80750; ;-80750; ;-80750; ;-80750; ;-80750; ;-80750; ;-80750; ;-80750; ;-80750; ;-80750; ;-80750; ;-80750; ;-80750; ;-80750; ;-80750; ;-80750; ;-80750; ;-80750; ;-80750; ;-80750; ;-80750; ;-80750; ;-80750;-80750;-80750;-80750;-80750;-3480750; ; ; ; ; ; ; ; ; ; ; ; ; ; ; ; ; ; ; ; ; ; ; ; ; ; ; ; ; ; ; ; ; ; ; ; ; ; ; ; ; ; ; ; ; ; 
MEF;20230313;IT0005240350;20330901;4150000;;0;-50837.5; ;-50837.5; ;-50837.5; ;-50837.5; ;-50837.5; ;-50837.5; ;-50837.5; ;-50837.5; ;-50837.5; ;-50837.5; ;-50837.5; ;-50837.5; ;-50837.5; ;-50837.5; ;-4200837.5; ; ; ; ; ; ; ; ; ; ; ; ; ; ; ; ; ; ; ; ; ; ; ; ; ; ; ; ; ; ; ; ; ; ; ; ; ; ; ; ; ; ; ; ; ; ; ; ; ; ; ; ; ; ; ; ; ; ; ; ; ; ; ; ; ; ; ; ; ; ; ; ; ; ; ; ; ; ; ; ; ; ; ; ; 
MEF;20230313;IT0005358806;20350301;500000;;0;-8375; ;-8375; ;-8375; ;-8375; ;-8375; ;-8375; ;-8375; ;-8375; ;-8375; ;-8375; ;-8375; ;-8375; ;-8375; ;-8375; ;-8375; ;-8375; ;-8375; ;-508375; ; ; ; ; ; ; ; ; ; ; ; ; ; ; ; ; ; ; ; ; ; ; ; ; ; ; ; ; ; ; ; ; ; ; ; ; ; ; ; ; ; ; ; ; ; ; ; ; ; ; ; ; ; ; ; ; ; ; ; ; ; ; ; ; ; ; ; ; ; ; ; ; ; ; ; ; ; ; 
MEF;20230314;IT0004923998;20440901;-6200000;;0;147250; ;147250; ;147250; ;147250; ;147250; ;147250; ;147250; ;147250; ;147250; ;147250; ;147250; ;147250; ;147250; ;147250; ;147250; ;147250; ;147250; ;147250; ;147250; ;147250; ;147250; ;147250; ;147250; ;147250; ;147250; ;147250; ;147250; ;147250; ;147250; ;147250; ;147250; ;147250;147250;147250;147250;147250;6347250; ; ; ; ; ; ; ; ; ; ; ; ; ; ; ; ; ; ; ; ; ; ; ; ; ; ; ; ; ; ; ; ; ; ; ; ; ; ; ; ; ; ; ; ; ; 
MEF;20230316;IT0004545890;20410915;71000000;IT0004548290;-71000000; ;-981647.93; ;-981647.93; ;-981647.93; ;-981647.93; ;-981647.93; ;-981647.93; ;-981647.93; ;-981647.93; ;-981647.93; ;-981647.93; ;-981647.93; ;-981647.93; ;-981647.93; ;-981647.93; ;-981647.93; ;-981647.93; ;-981647.93; ;-981647.93; ;-981647.93; ;-981647.93; ;-981647.93; ;-981647.93; ;-981647.93; ;-981647.93; ;-981647.93; ;-981647.93; ;-981647.93; ;-981647.93; ;-981647.93; ;-981647.93; ;-981647.93; ; ; ; ; ; ; ; ; ; ; ; ; ; ; ; ; ; ; ; ; ; ; ; ; ; ; ; ; ; ; ; ; ; ; ; ; ; ; ; ; ; ; ; ; ; ; ; ; ; ; ; 
MEF;20230321;IT0004923998;20440901;4000000;;0;-95000; ;-95000; ;-95000; ;-95000; ;-95000; ;-95000; ;-95000; ;-95000; ;-95000; ;-95000; ;-95000; ;-95000; ;-95000; ;-95000; ;-95000; ;-95000; ;-95000; ;-95000; ;-95000; ;-95000; ;-95000; ;-95000; ;-95000; ;-95000; ;-95000; ;-95000; ;-95000; ;-95000; ;-95000; ;-95000; ;-95000; ;-95000;-95000;-95000;-95000;-95000;-4095000; ; ; ; ; ; ; ; ; ; ; ; ; ; ; ; ; ; ; ; ; ; ; ; ; ; ; ; ; ; ; ; ; ; ; ; ; ; ; ; ; ; ; ; ; ; 
MEF;20230323;IT0004923998;20440901;-3000000;;0;71250; ;71250; ;71250; ;71250; ;71250; ;71250; ;71250; ;71250; ;71250; ;71250; ;71250; ;71250; ;71250; ;71250; ;71250; ;71250; ;71250; ;71250; ;71250; ;71250; ;71250; ;71250; ;71250; ;71250; ;71250; ;71250; ;71250; ;71250; ;71250; ;71250; ;71250; ;71250;71250;71250;71250;71250;3071250; ; ; ; ; ; ; ; ; ; ; ; ; ; ; ; ; ; ; ; ; ; ; ; ; ; ; ; ; ; ; ; ; ; ; ; ; ; ; ; ; ; ; ; ; ; 
MEF;20230323;IT0005083057;20460901;-3000000;;0;48750; ;48750; ;48750; ;48750; ;48750; ;48750; ;48750; ;48750; ;48750; ;48750; ;48750; ;48750; ;48750; ;48750; ;48750; ;48750; ;48750; ;48750; ;48750; ;48750; ;48750; ;48750; ;48750; ;48750; ;48750; ;48750; ;48750; ;48750; ;48750; ;48750; ;48750; ;48750;48750;48750;48750;48750;48750;48750;48750;48750;3048750; ; ; ; ; ; ; ; ; ; ; ; ; ; ; ; ; ; ; ; ; ; ; ; ; ; ; ; ; ; ; ; ; ; ; ; ; ; ; ; ; ; 
MEF;20230328;IT0005358806;20350301;1000000;;0;-16750; ;-16750; ;-16750; ;-16750; ;-16750; ;-16750; ;-16750; ;-16750; ;-16750; ;-16750; ;-16750; ;-16750; ;-16750; ;-16750; ;-16750; ;-16750; ;-16750; ;-1016750; ; ; ; ; ; ; ; ; ; ; ; ; ; ; ; ; ; ; ; ; ; ; ; ; ; ; ; ; ; ; ; ; ; ; ; ; ; ; ; ; ; ; ; ; ; ; ; ; ; ; ; ; ; ; ; ; ; ; ; ; ; ; ; ; ; ; ; ; ; ; ; ; ; ; ; ; ; ; 
MEF;20230330;IT0004923998;20440901;5000000;;0;-118750; ;-118750; ;-118750; ;-118750; ;-118750; ;-118750; ;-118750; ;-118750; ;-118750; ;-118750; ;-118750; ;-118750; ;-118750; ;-118750; ;-118750; ;-118750; ;-118750; ;-118750; ;-118750; ;-118750; ;-118750; ;-118750; ;-118750; ;-118750; ;-118750; ;-118750; ;-118750; ;-118750; ;-118750; ;-118750; ;-118750; ;-118750;-118750;-118750;-118750;-118750;-5118750; ; ; ; ; ; ; ; ; ; ; ; ; ; ; ; ; ; ; ; ; ; ; ; ; ; ; ; ; ; ; ; ; ; ; ; ; ; ; ; ; ; ; ; ; ; 
MEF;20230406;IT0004889033;20280901;1000000;;0;-23750; ;-23750; ;-23750; ;-23750; ;-1023750; ; ; ; ; ; ; ; ; ; ; ; ; ; ; ; ; ; ; ; ; ; ; ; ; ; ; ; ; ; ; ; ; ; ; ; ; ; ; ; ; ; ; ; ; ; ; ; ; ; ; ; ; ; ; ; ; ; ; ; ; ; ; ; ; ; ; ; ; ; ; ; ; ; ; ; ; ; ; ; ; ; ; ; ; ; ; ; ; ; ; ; ; ; ; ; ; ; ; ; ; ; ; ; ; 
MEF;20230411;IT0005377152;20400301;5000000;;0;-77500; ;-77500; ;-77500; ;-77500; ;-77500; ;-77500; ;-77500; ;-77500; ;-77500; ;-77500; ;-77500; ;-77500; ;-77500; ;-77500; ;-77500; ;-77500; ;-77500; ;-77500; ;-77500; ;-77500; ;-77500; ;-77500; ;-77500; ;-77500; ;-77500; ;-77500; ;-77500; ;-5077500; ; ; ; ; ; ; ; ; ; ; ; ; ; ; ; ; ; ; ; ; ; ; ; ; ; ; ; ; ; ; ; ; ; ; ; ; ; ; ; ; ; ; ; ; ; ; ; ; ; ; ; ; ; ; ; ; ; ; 
MEF;20230412;IT0005358806;20350301;5000000;;0;-83750; ;-83750; ;-83750; ;-83750; ;-83750; ;-83750; ;-83750; ;-83750; ;-83750; ;-83750; ;-83750; ;-83750; ;-83750; ;-83750; ;-83750; ;-83750; ;-83750; ;-5083750; ; ; ; ; ; ; ; ; ; ; ; ; ; ; ; ; ; ; ; ; ; ; ; ; ; ; ; ; ; ; ; ; ; ; ; ; ; ; ; ; ; ; ; ; ; ; ; ; ; ; ; ; ; ; ; ; ; ; ; ; ; ; ; ; ; ; ; ; ; ; ; ; ; ; ; ; ; ; 
MEF;20230418;IT0005024234;20300301;1000000;;0;-17500; ;-17500; ;-17500; ;-17500; ;-17500; ;-17500; ;-17500; ;-1017500; ; ; ; ; ; ; ; ; ; ; ; ; ; ; ; ; ; ; ; ; ; ; ; ; ; ; ; ; ; ; ; ; ; ; ; ; ; ; ; ; ; ; ; ; ; ; ; ; ; ; ; ; ; ; ; ; ; ; ; ; ; ; ; ; ; ; ; ; ; ; ; ; ; ; ; ; ; ; ; ; ; ; ; ; ; ; ; ; ; ; ; ; ; ; ; ; ; ; 
MEF;20230426;IT0004923998;20440901;11000000;;0;-261250; ;-261250; ;-261250; ;-261250; ;-261250; ;-261250; ;-261250; ;-261250; ;-261250; ;-261250; ;-261250; ;-261250; ;-261250; ;-261250; ;-261250; ;-261250; ;-261250; ;-261250; ;-261250; ;-261250; ;-261250; ;-261250; ;-261250; ;-261250; ;-261250; ;-261250; ;-261250; ;-261250; ;-261250; ;-261250; ;-261250; ;-261250;-261250;-261250;-261250;-261250;-11261250; ; ; ; ; ; ; ; ; ; ; ; ; ; ; ; ; ; ; ; ; ; ; ; ; ; ; ; ; ; ; ; ; ; ; ; ; ; ; ; ; ; ; ; ; ; 
MEF;20230502;IT0005024234;20300301;-1000000;;0;17500; ;17500; ;17500; ;17500; ;17500; ;17500; ;17500; ;1017500; ; ; ; ; ; ; ; ; ; ; ; ; ; ; ; ; ; ; ; ; ; ; ; ; ; ; ; ; ; ; ; ; ; ; ; ; ; ; ; ; ; ; ; ; ; ; ; ; ; ; ; ; ; ; ; ; ; ; ; ; ; ; ; ; ; ; ; ; ; ; ; ; ; ; ; ; ; ; ; ; ; ; ; ; ; ; ; ; ; ; ; ; ; ; ; ; ; ; 
MEF;20230502;IT0005094088;20320301;-1000000;;0;8250; ;8250; ;8250; ;8250; ;8250; ;8250; ;8250; ;8250; ;8250; ;8250; ;8250; ;1008250; ; ; ; ; ; ; ; ; ; ; ; ; ; ; ; ; ; ; ; ; ; ; ; ; ; ; ; ; ; ; ; ; ; ; ; ; ; ; ; ; ; ; ; ; ; ; ; ; ; ; ; ; ; ; ; ; ; ; ; ; ; ; ; ; ; ; ; ; ; ; ; ; ; ; ; ; ; ; ; ; ; ; ; ; ; ; ; ; ; ; 
MEF;20230502;IT0005177909;20360901;-1000000;;0;11250; ;11250; ;11250; ;11250; ;11250; ;11250; ;11250; ;11250; ;11250; ;11250; ;11250; ;11250; ;11250; ;11250; ;11250; ;11250; ;11250; ;11250; ;11250; ;11250; ;1011250; ; ; ; ; ; ; ; ; ; ; ; ; ; ; ; ; ; ; ; ; ; ; ; ; ; ; ; ; ; ; ; ; ; ; ; ; ; ; ; ; ; ; ; ; ; ; ; ; ; ; ; ; ; ; ; ; ; ; ; ; ; ; ; ; ; ; ; ; ; ; ; ; 
MEF;20230502;IT0005358806;20350301;-1000000;;0;16750; ;16750; ;16750; ;16750; ;16750; ;16750; ;16750; ;16750; ;16750; ;16750; ;16750; ;16750; ;16750; ;16750; ;16750; ;16750; ;16750; ;1016750; ; ; ; ; ; ; ; ; ; ; ; ; ; ; ; ; ; ; ; ; ; ; ; ; ; ; ; ; ; ; ; ; ; ; ; ; ; ; ; ; ; ; ; ; ; ; ; ; ; ; ; ; ; ; ; ; ; ; ; ; ; ; ; ; ; ; ; ; ; ; ; ; ; ; ; ; ; ; 
MEF;20230502;IT0005402117;20360301;-1000000;;0;7250; ;7250; ;7250; ;7250; ;7250; ;7250; ;7250; ;7250; ;7250; ;7250; ;7250; ;7250; ;7250; ;7250; ;7250; ;7250; ;7250; ;7250; ;7250; ;1007250; ; ; ; ; ; ; ; ; ; ; ; ; ; ; ; ; ; ; ; ; ; ; ; ; ; ; ; ; ; ; ; ; ; ; ; ; ; ; ; ; ; ; ; ; ; ; ; ; ; ; ; ; ; ; ; ; ; ; ; ; ; ; ; ; ; ; ; ; ; ; ; ; ; ; 
MEF;20230502;IT0005433195;20370301;-1000000;;0;4750; ;4750; ;4750; ;4750; ;4750; ;4750; ;4750; ;4750; ;4750; ;4750; ;4750; ;4750; ;4750; ;4750; ;4750; ;4750; ;4750; ;4750; ;4750; ;4750; ;4750; ;1004750; ; ; ; ; ; ; ; ; ; ; ; ; ; ; ; ; ; ; ; ; ; ; ; ; ; ; ; ; ; ; ; ; ; ; ; ; ; ; ; ; ; ; ; ; ; ; ; ; ; ; ; ; ; ; ; ; ; ; ; ; ; ; ; ; ; ; ; ; ; ; 
MEF;20230502;IT0005496770;20380301;-1000000;;0;16250; ;16250; ;16250; ;16250; ;16250; ;16250; ;16250; ;16250; ;16250; ;16250; ;16250; ;16250; ;16250; ;16250; ;16250; ;16250; ;16250; ;16250; ;16250; ;16250; ;16250; ;16250; ;16250; ;1016250; ; ; ; ; ; ; ; ; ; ; ; ; ; ; ; ; ; ; ; ; ; ; ; ; ; ; ; ; ; ; ; ; ; ; ; ; ; ; ; ; ; ; ; ; ; ; ; ; ; ; ; ; ; ; ; ; ; ; ; ; ; ; ; ; ; ; 
MEF;20230508;IT0004889033;20280901;1000000;;0;-23750; ;-23750; ;-23750; ;-23750; ;-1023750; ; ; ; ; ; ; ; ; ; ; ; ; ; ; ; ; ; ; ; ; ; ; ; ; ; ; ; ; ; ; ; ; ; ; ; ; ; ; ; ; ; ; ; ; ; ; ; ; ; ; ; ; ; ; ; ; ; ; ; ; ; ; ; ; ; ; ; ; ; ; ; ; ; ; ; ; ; ; ; ; ; ; ; ; ; ; ; ; ; ; ; ; ; ; ; ; ; ; ; ; ; ; ; ; 
MEF;20230511;IT0004923998;20440901;9600000;;0;-228000; ;-228000; ;-228000; ;-228000; ;-228000; ;-228000; ;-228000; ;-228000; ;-228000; ;-228000; ;-228000; ;-228000; ;-228000; ;-228000; ;-228000; ;-228000; ;-228000; ;-228000; ;-228000; ;-228000; ;-228000; ;-228000; ;-228000; ;-228000; ;-228000; ;-228000; ;-228000; ;-228000; ;-228000; ;-228000; ;-228000; ;-228000;-228000;-228000;-228000;-228000;-9828000; ; ; ; ; ; ; ; ; ; ; ; ; ; ; ; ; ; ; ; ; ; ; ; ; ; ; ; ; ; ; ; ; ; ; ; ; ; ; ; ; ; ; ; ; ; 
MEF;20230512;IT0004923998;20440901;-9840000;;0;233700; ;233700; ;233700; ;233700; ;233700; ;233700; ;233700; ;233700; ;233700; ;233700; ;233700; ;233700; ;233700; ;233700; ;233700; ;233700; ;233700; ;233700; ;233700; ;233700; ;233700; ;233700; ;233700; ;233700; ;233700; ;233700; ;233700; ;233700; ;233700; ;233700; ;233700; ;233700;233700;233700;233700;233700;10073700; ; ; ; ; ; ; ; ; ; ; ; ; ; ; ; ; ; ; ; ; ; ; ; ; ; ; ; ; ; ; ; ; ; ; ; ; ; ; ; ; ; ; ; ; ; 
MEF;20230515;IT0004923998;20440901;10000000;;0;-237500; ;-237500; ;-237500; ;-237500; ;-237500; ;-237500; ;-237500; ;-237500; ;-237500; ;-237500; ;-237500; ;-237500; ;-237500; ;-237500; ;-237500; ;-237500; ;-237500; ;-237500; ;-237500; ;-237500; ;-237500; ;-237500; ;-237500; ;-237500; ;-237500; ;-237500; ;-237500; ;-237500; ;-237500; ;-237500; ;-237500; ;-237500;-237500;-237500;-237500;-237500;-10237500; ; ; ; ; ; ; ; ; ; ; ; ; ; ; ; ; ; ; ; ; ; ; ; ; ; ; ; ; ; ; ; ; ; ; ; ; ; ; ; ; ; ; ; ; ; 
MEF;20230515;IT0004923998;20440901;1000000;;0;-23750; ;-23750; ;-23750; ;-23750; ;-23750; ;-23750; ;-23750; ;-23750; ;-23750; ;-23750; ;-23750; ;-23750; ;-23750; ;-23750; ;-23750; ;-23750; ;-23750; ;-23750; ;-23750; ;-23750; ;-23750; ;-23750; ;-23750; ;-23750; ;-23750; ;-23750; ;-23750; ;-23750; ;-23750; ;-23750; ;-23750; ;-23750;-23750;-23750;-23750;-23750;-1023750; ; ; ; ; ; ; ; ; ; ; ; ; ; ; ; ; ; ; ; ; ; ; ; ; ; ; ; ; ; ; ; ; ; ; ; ; ; ; ; ; ; ; ; ; ; 
MEF;20230518;IT0004889033;20280901;1000000;;0;-23750; ;-23750; ;-23750; ;-23750; ;-1023750; ; ; ; ; ; ; ; ; ; ; ; ; ; ; ; ; ; ; ; ; ; ; ; ; ; ; ; ; ; ; ; ; ; ; ; ; ; ; ; ; ; ; ; ; ; ; ; ; ; ; ; ; ; ; ; ; ; ; ; ; ; ; ; ; ; ; ; ; ; ; ; ; ; ; ; ; ; ; ; ; ; ; ; ; ; ; ; ; ; ; ; ; ; ; ; ; ; ; ; ; ; ; ; ; 
MEF;20230518;IT0005240350;20330901;1000000;;0;-12250; ;-12250; ;-12250; ;-12250; ;-12250; ;-12250; ;-12250; ;-12250; ;-12250; ;-12250; ;-12250; ;-12250; ;-12250; ;-12250; ;-1012250; ; ; ; ; ; ; ; ; ; ; ; ; ; ; ; ; ; ; ; ; ; ; ; ; ; ; ; ; ; ; ; ; ; ; ; ; ; ; ; ; ; ; ; ; ; ; ; ; ; ; ; ; ; ; ; ; ; ; ; ; ; ; ; ; ; ; ; ; ; ; ; ; ; ; ; ; ; ; ; ; ; ; ; ; 
MEF;20230524;IT0005094088;20320301;1000000;;0;-8250; ;-8250; ;-8250; ;-8250; ;-8250; ;-8250; ;-8250; ;-8250; ;-8250; ;-8250; ;-8250; ;-1008250; ; ; ; ; ; ; ; ; ; ; ; ; ; ; ; ; ; ; ; ; ; ; ; ; ; ; ; ; ; ; ; ; ; ; ; ; ; ; ; ; ; ; ; ; ; ; ; ; ; ; ; ; ; ; ; ; ; ; ; ; ; ; ; ; ; ; ; ; ; ; ; ; ; ; ; ; ; ; ; ; ; ; ; ; ; ; ; ; ; ; 
MEF;20230524;IT0005240350;20330901;910000;;0;-11147.5; ;-11147.5; ;-11147.5; ;-11147.5; ;-11147.5; ;-11147.5; ;-11147.5; ;-11147.5; ;-11147.5; ;-11147.5; ;-11147.5; ;-11147.5; ;-11147.5; ;-11147.5; ;-921147.5; ; ; ; ; ; ; ; ; ; ; ; ; ; ; ; ; ; ; ; ; ; ; ; ; ; ; ; ; ; ; ; ; ; ; ; ; ; ; ; ; ; ; ; ; ; ; ; ; ; ; ; ; ; ; ; ; ; ; ; ; ; ; ; ; ; ; ; ; ; ; ; ; ; ; ; ; ; ; ; ; ; ; ; ; 
MEF;20230608;IT0005530032;20430901;1000000;;0;-22250; ;-22250; ;-22250; ;-22250; ;-22250; ;-22250; ;-22250; ;-22250; ;-22250; ;-22250; ;-22250; ;-22250; ;-22250; ;-22250; ;-22250; ;-22250; ;-22250; ;-22250; ;-22250; ;-22250; ;-22250; ;-22250; ;-22250; ;-22250; ;-22250; ;-22250; ;-22250; ;-22250; ;-22250; ;-22250; ;-22250; ;-22250;-22250;-22250;-1022250; ; ; ; ; ; ; ; ; ; ; ; ; ; ; ; ; ; ; ; ; ; ; ; ; ; ; ; ; ; ; ; ; ; ; ; ; ; ; ; ; ; ; ; ; ; ; ; 
MEF;20230612;IT0005530032;20430901;25000000;;0;-556250; ;-556250; ;-556250; ;-556250; ;-556250; ;-556250; ;-556250; ;-556250; ;-556250; ;-556250; ;-556250; ;-556250; ;-556250; ;-556250; ;-556250; ;-556250; ;-556250; ;-556250; ;-556250; ;-556250; ;-556250; ;-556250; ;-556250; ;-556250; ;-556250; ;-556250; ;-556250; ;-556250; ;-556250; ;-556250; ;-556250; ;-556250;-556250;-556250;-25556250; ; ; ; ; ; ; ; ; ; ; ; ; ; ; ; ; ; ; ; ; ; ; ; ; ; ; ; ; ; ; ; ; ; ; ; ; ; ; ; ; ; ; ; ; ; ; ; 
MEF;20230616;IT0004889033;20280901;8000000;;0;-190000; ;-190000; ;-190000; ;-190000; ;-8190000; ; ; ; ; ; ; ; ; ; ; ; ; ; ; ; ; ; ; ; ; ; ; ; ; ; ; ; ; ; ; ; ; ; ; ; ; ; ; ; ; ; ; ; ; ; ; ; ; ; ; ; ; ; ; ; ; ; ; ; ; ; ; ; ; ; ; ; ; ; ; ; ; ; ; ; ; ; ; ; ; ; ; ; ; ; ; ; ; ; ; ; ; ; ; ; ; ; ; ; ; ; ; ; ; 
MEF;20230619;IT0004889033;20280901;1000000;;0;-23750; ;-23750; ;-23750; ;-23750; ;-1023750; ; ; ; ; ; ; ; ; ; ; ; ; ; ; ; ; ; ; ; ; ; ; ; ; ; ; ; ; ; ; ; ; ; ; ; ; ; ; ; ; ; ; ; ; ; ; ; ; ; ; ; ; ; ; ; ; ; ; ; ; ; ; ; ; ; ; ; ; ; ; ; ; ; ; ; ; ; ; ; ; ; ; ; ; ; ; ; ; ; ; ; ; ; ; ; ; ; ; ; ; ; ; ; ; 
MEF;20230619;IT0005240350;20330901;1000000;;0;-12250; ;-12250; ;-12250; ;-12250; ;-12250; ;-12250; ;-12250; ;-12250; ;-12250; ;-12250; ;-12250; ;-12250; ;-12250; ;-12250; ;-1012250; ; ; ; ; ; ; ; ; ; ; ; ; ; ; ; ; ; ; ; ; ; ; ; ; ; ; ; ; ; ; ; ; ; ; ; ; ; ; ; ; ; ; ; ; ; ; ; ; ; ; ; ; ; ; ; ; ; ; ; ; ; ; ; ; ; ; ; ; ; ; ; ; ; ; ; ; ; ; ; ; ; ; ; ; 
MEF;20230629;IT0004923998;20440901;200000;;0;-4750; ;-4750; ;-4750; ;-4750; ;-4750; ;-4750; ;-4750; ;-4750; ;-4750; ;-4750; ;-4750; ;-4750; ;-4750; ;-4750; ;-4750; ;-4750; ;-4750; ;-4750; ;-4750; ;-4750; ;-4750; ;-4750; ;-4750; ;-4750; ;-4750; ;-4750; ;-4750; ;-4750; ;-4750; ;-4750; ;-4750; ;-4750;-4750;-4750;-4750;-4750;-204750; ; ; ; ; ; ; ; ; ; ; ; ; ; ; ; ; ; ; ; ; ; ; ; ; ; ; ; ; ; ; ; ; ; ; ; ; ; ; ; ; ; ; ; ; ; 
MEF;20230705;IT0005240350;20330901;7350000;;0;-90037.5; ;-90037.5; ;-90037.5; ;-90037.5; ;-90037.5; ;-90037.5; ;-90037.5; ;-90037.5; ;-90037.5; ;-90037.5; ;-90037.5; ;-90037.5; ;-90037.5; ;-90037.5; ;-7440037.5; ; ; ; ; ; ; ; ; ; ; ; ; ; ; ; ; ; ; ; ; ; ; ; ; ; ; ; ; ; ; ; ; ; ; ; ; ; ; ; ; ; ; ; ; ; ; ; ; ; ; ; ; ; ; ; ; ; ; ; ; ; ; ; ; ; ; ; ; ; ; ; ; ; ; ; ; ; ; ; ; ; ; ; ; 
MEF;20230706;IT0005240350;20330901;4200000;;0;-51450; ;-51450; ;-51450; ;-51450; ;-51450; ;-51450; ;-51450; ;-51450; ;-51450; ;-51450; ;-51450; ;-51450; ;-51450; ;-51450; ;-4251450; ; ; ; ; ; ; ; ; ; ; ; ; ; ; ; ; ; ; ; ; ; ; ; ; ; ; ; ; ; ; ; ; ; ; ; ; ; ; ; ; ; ; ; ; ; ; ; ; ; ; ; ; ; ; ; ; ; ; ; ; ; ; ; ; ; ; ; ; ; ; ; ; ; ; ; ; ; ; ; ; ; ; ; ; 
MEF;20230707;IT0004889033;20280901;1000000;;0;-23750; ;-23750; ;-23750; ;-23750; ;-1023750; ; ; ; ; ; ; ; ; ; ; ; ; ; ; ; ; ; ; ; ; ; ; ; ; ; ; ; ; ; ; ; ; ; ; ; ; ; ; ; ; ; ; ; ; ; ; ; ; ; ; ; ; ; ; ; ; ; ; ; ; ; ; ; ; ; ; ; ; ; ; ; ; ; ; ; ; ; ; ; ; ; ; ; ; ; ; ; ; ; ; ; ; ; ; ; ; ; ; ; ; ; ; ; ; 
MEF;20230707;IT0005240350;20330901;200000;;0;-2450; ;-2450; ;-2450; ;-2450; ;-2450; ;-2450; ;-2450; ;-2450; ;-2450; ;-2450; ;-2450; ;-2450; ;-2450; ;-2450; ;-202450; ; ; ; ; ; ; ; ; ; ; ; ; ; ; ; ; ; ; ; ; ; ; ; ; ; ; ; ; ; ; ; ; ; ; ; ; ; ; ; ; ; ; ; ; ; ; ; ; ; ; ; ; ; ; ; ; ; ; ; ; ; ; ; ; ; ; ; ; ; ; ; ; ; ; ; ; ; ; ; ; ; ; ; ; 
MEF;20230710;IT0005240350;20330901;3900000;;0;-47775; ;-47775; ;-47775; ;-47775; ;-47775; ;-47775; ;-47775; ;-47775; ;-47775; ;-47775; ;-47775; ;-47775; ;-47775; ;-47775; ;-3947775; ; ; ; ; ; ; ; ; ; ; ; ; ; ; ; ; ; ; ; ; ; ; ; ; ; ; ; ; ; ; ; ; ; ; ; ; ; ; ; ; ; ; ; ; ; ; ; ; ; ; ; ; ; ; ; ; ; ; ; ; ; ; ; ; ; ; ; ; ; ; ; ; ; ; ; ; ; ; ; ; ; ; ; ; 
MEF;20230710;IT0005358806;20350301;300000;;0;-5025; ;-5025; ;-5025; ;-5025; ;-5025; ;-5025; ;-5025; ;-5025; ;-5025; ;-5025; ;-5025; ;-5025; ;-5025; ;-5025; ;-5025; ;-5025; ;-5025; ;-305025; ; ; ; ; ; ; ; ; ; ; ; ; ; ; ; ; ; ; ; ; ; ; ; ; ; ; ; ; ; ; ; ; ; ; ; ; ; ; ; ; ; ; ; ; ; ; ; ; ; ; ; ; ; ; ; ; ; ; ; ; ; ; ; ; ; ; ; ; ; ; ; ; ; ; ; ; ; ; 
MEF;20230711;IT0005240350;20330901;4000000;;0;-49000; ;-49000; ;-49000; ;-49000; ;-49000; ;-49000; ;-49000; ;-49000; ;-49000; ;-49000; ;-49000; ;-49000; ;-49000; ;-49000; ;-4049000; ; ; ; ; ; ; ; ; ; ; ; ; ; ; ; ; ; ; ; ; ; ; ; ; ; ; ; ; ; ; ; ; ; ; ; ; ; ; ; ; ; ; ; ; ; ; ; ; ; ; ; ; ; ; ; ; ; ; ; ; ; ; ; ; ; ; ; ; ; ; ; ; ; ; ; ; ; ; ; ; ; ; ; ; 
MEF;20230712;IT0005240350;20330901;700000;;0;-8575; ;-8575; ;-8575; ;-8575; ;-8575; ;-8575; ;-8575; ;-8575; ;-8575; ;-8575; ;-8575; ;-8575; ;-8575; ;-8575; ;-708575; ; ; ; ; ; ; ; ; ; ; ; ; ; ; ; ; ; ; ; ; ; ; ; ; ; ; ; ; ; ; ; ; ; ; ; ; ; ; ; ; ; ; ; ; ; ; ; ; ; ; ; ; ; ; ; ; ; ; ; ; ; ; ; ; ; ; ; ; ; ; ; ; ; ; ; ; ; ; ; ; ; ; ; ; 
MEF;20230712;IT0005358806;20350301;500000;;0;-8375; ;-8375; ;-8375; ;-8375; ;-8375; ;-8375; ;-8375; ;-8375; ;-8375; ;-8375; ;-8375; ;-8375; ;-8375; ;-8375; ;-8375; ;-8375; ;-8375; ;-508375; ; ; ; ; ; ; ; ; ; ; ; ; ; ; ; ; ; ; ; ; ; ; ; ; ; ; ; ; ; ; ; ; ; ; ; ; ; ; ; ; ; ; ; ; ; ; ; ; ; ; ; ; ; ; ; ; ; ; ; ; ; ; ; ; ; ; ; ; ; ; ; ; ; ; ; ; ; ; 
MEF;20230714;IT0005240350;20330901;5000000;;0;-61250; ;-61250; ;-61250; ;-61250; ;-61250; ;-61250; ;-61250; ;-61250; ;-61250; ;-61250; ;-61250; ;-61250; ;-61250; ;-61250; ;-5061250; ; ; ; ; ; ; ; ; ; ; ; ; ; ; ; ; ; ; ; ; ; ; ; ; ; ; ; ; ; ; ; ; ; ; ; ; ; ; ; ; ; ; ; ; ; ; ; ; ; ; ; ; ; ; ; ; ; ; ; ; ; ; ; ; ; ; ; ; ; ; ; ; ; ; ; ; ; ; ; ; ; ; ; ; 
MEF;20230717;IT0004889033;20280901;1000000;;0;-23750; ;-23750; ;-23750; ;-23750; ;-1023750; ; ; ; ; ; ; ; ; ; ; ; ; ; ; ; ; ; ; ; ; ; ; ; ; ; ; ; ; ; ; ; ; ; ; ; ; ; ; ; ; ; ; ; ; ; ; ; ; ; ; ; ; ; ; ; ; ; ; ; ; ; ; ; ; ; ; ; ; ; ; ; ; ; ; ; ; ; ; ; ; ; ; ; ; ; ; ; ; ; ; ; ; ; ; ; ; ; ; ; ; ; ; ; ; 
MEF;20230718;IT0005358806;20350301;500000;;0;-8375; ;-8375; ;-8375; ;-8375; ;-8375; ;-8375; ;-8375; ;-8375; ;-8375; ;-8375; ;-8375; ;-8375; ;-8375; ;-8375; ;-8375; ;-8375; ;-8375; ;-508375; ; ; ; ; ; ; ; ; ; ; ; ; ; ; ; ; ; ; ; ; ; ; ; ; ; ; ; ; ; ; ; ; ; ; ; ; ; ; ; ; ; ; ; ; ; ; ; ; ; ; ; ; ; ; ; ; ; ; ; ; ; ; ; ; ; ; ; ; ; ; ; ; ; ; ; ; ; ; 
MEF;20230720;IT0005496770;20380301;-6000000;;0;97500; ;97500; ;97500; ;97500; ;97500; ;97500; ;97500; ;97500; ;97500; ;97500; ;97500; ;97500; ;97500; ;97500; ;97500; ;97500; ;97500; ;97500; ;97500; ;97500; ;97500; ;97500; ;97500; ;6097500; ; ; ; ; ; ; ; ; ; ; ; ; ; ; ; ; ; ; ; ; ; ; ; ; ; ; ; ; ; ; ; ; ; ; ; ; ; ; ; ; ; ; ; ; ; ; ; ; ; ; ; ; ; ; ; ; ; ; ; ; ; ; ; ; ; ; 
MEF;20230721;IT0005240350;20330901;3600000;;0;-44100; ;-44100; ;-44100; ;-44100; ;-44100; ;-44100; ;-44100; ;-44100; ;-44100; ;-44100; ;-44100; ;-44100; ;-44100; ;-44100; ;-3644100; ; ; ; ; ; ; ; ; ; ; ; ; ; ; ; ; ; ; ; ; ; ; ; ; ; ; ; ; ; ; ; ; ; ; ; ; ; ; ; ; ; ; ; ; ; ; ; ; ; ; ; ; ; ; ; ; ; ; ; ; ; ; ; ; ; ; ; ; ; ; ; ; ; ; ; ; ; ; ; ; ; ; ; ; 
MEF;20230724;IT0005363111;20490901;1000000;;0;-19250; ;-19250; ;-19250; ;-19250; ;-19250; ;-19250; ;-19250; ;-19250; ;-19250; ;-19250; ;-19250; ;-19250; ;-19250; ;-19250; ;-19250; ;-19250; ;-19250; ;-19250; ;-19250; ;-19250; ;-19250; ;-19250; ;-19250; ;-19250; ;-19250; ;-19250; ;-19250; ;-19250; ;-19250; ;-19250; ;-19250; ;-19250;-19250;-19250;-19250;-19250;-19250;-19250;-19250;-19250;-19250;-19250;-19250;-19250;-19250;-19250;-1019250; ; ; ; ; ; ; ; ; ; ; ; ; ; ; ; ; ; ; ; ; ; ; ; ; ; ; ; ; ; ; ; ; ; ; ; 
MEF;20230725;IT0005358806;20350301;1000000;;0;-16750; ;-16750; ;-16750; ;-16750; ;-16750; ;-16750; ;-16750; ;-16750; ;-16750; ;-16750; ;-16750; ;-16750; ;-16750; ;-16750; ;-16750; ;-16750; ;-16750; ;-1016750; ; ; ; ; ; ; ; ; ; ; ; ; ; ; ; ; ; ; ; ; ; ; ; ; ; ; ; ; ; ; ; ; ; ; ; ; ; ; ; ; ; ; ; ; ; ; ; ; ; ; ; ; ; ; ; ; ; ; ; ; ; ; ; ; ; ; ; ; ; ; ; ; ; ; ; ; ; ; 
MEF;20230726;IT0005377152;20400301;-6000000;;0;93000; ;93000; ;93000; ;93000; ;93000; ;93000; ;93000; ;93000; ;93000; ;93000; ;93000; ;93000; ;93000; ;93000; ;93000; ;93000; ;93000; ;93000; ;93000; ;93000; ;93000; ;93000; ;93000; ;93000; ;93000; ;93000; ;93000; ;6093000; ; ; ; ; ; ; ; ; ; ; ; ; ; ; ; ; ; ; ; ; ; ; ; ; ; ; ; ; ; ; ; ; ; ; ; ; ; ; ; ; ; ; ; ; ; ; ; ; ; ; ; ; ; ; ; ; ; ; 
MEF;20230727;IT0005240350;20330901;4200000;;0;-51450; ;-51450; ;-51450; ;-51450; ;-51450; ;-51450; ;-51450; ;-51450; ;-51450; ;-51450; ;-51450; ;-51450; ;-51450; ;-51450; ;-4251450; ; ; ; ; ; ; ; ; ; ; ; ; ; ; ; ; ; ; ; ; ; ; ; ; ; ; ; ; ; ; ; ; ; ; ; ; ; ; ; ; ; ; ; ; ; ; ; ; ; ; ; ; ; ; ; ; ; ; ; ; ; ; ; ; ; ; ; ; ; ; ; ; ; ; ; ; ; ; ; ; ; ; ; ; 
MEF;20230727;IT0005358806;20350301;650000;;0;-10887.5; ;-10887.5; ;-10887.5; ;-10887.5; ;-10887.5; ;-10887.5; ;-10887.5; ;-10887.5; ;-10887.5; ;-10887.5; ;-10887.5; ;-10887.5; ;-10887.5; ;-10887.5; ;-10887.5; ;-10887.5; ;-10887.5; ;-660887.5; ; ; ; ; ; ; ; ; ; ; ; ; ; ; ; ; ; ; ; ; ; ; ; ; ; ; ; ; ; ; ; ; ; ; ; ; ; ; ; ; ; ; ; ; ; ; ; ; ; ; ; ; ; ; ; ; ; ; ; ; ; ; ; ; ; ; ; ; ; ; ; ; ; ; ; ; ; ; 
MEF;20230727;IT0005402117;20360301;-5500000;;0;39875; ;39875; ;39875; ;39875; ;39875; ;39875; ;39875; ;39875; ;39875; ;39875; ;39875; ;39875; ;39875; ;39875; ;39875; ;39875; ;39875; ;39875; ;39875; ;5539875; ; ; ; ; ; ; ; ; ; ; ; ; ; ; ; ; ; ; ; ; ; ; ; ; ; ; ; ; ; ; ; ; ; ; ; ; ; ; ; ; ; ; ; ; ; ; ; ; ; ; ; ; ; ; ; ; ; ; ; ; ; ; ; ; ; ; ; ; ; ; ; ; ; ; 
MEF;20230727;IT0005402117;20360301;2500000;;0;-18125; ;-18125; ;-18125; ;-18125; ;-18125; ;-18125; ;-18125; ;-18125; ;-18125; ;-18125; ;-18125; ;-18125; ;-18125; ;-18125; ;-18125; ;-18125; ;-18125; ;-18125; ;-18125; ;-2518125; ; ; ; ; ; ; ; ; ; ; ; ; ; ; ; ; ; ; ; ; ; ; ; ; ; ; ; ; ; ; ; ; ; ; ; ; ; ; ; ; ; ; ; ; ; ; ; ; ; ; ; ; ; ; ; ; ; ; ; ; ; ; ; ; ; ; ; ; ; ; ; ; ; ; 
MEF;20230728;IT0005024234;20300301;-2800000;;0;49000; ;49000; ;49000; ;49000; ;49000; ;49000; ;49000; ;2849000; ; ; ; ; ; ; ; ; ; ; ; ; ; ; ; ; ; ; ; ; ; ; ; ; ; ; ; ; ; ; ; ; ; ; ; ; ; ; ; ; ; ; ; ; ; ; ; ; ; ; ; ; ; ; ; ; ; ; ; ; ; ; ; ; ; ; ; ; ; ; ; ; ; ; ; ; ; ; ; ; ; ; ; ; ; ; ; ; ; ; ; ; ; ; ; ; ; ; 
MEF;20230728;IT0005358806;20350301;320000;;0;-5360; ;-5360; ;-5360; ;-5360; ;-5360; ;-5360; ;-5360; ;-5360; ;-5360; ;-5360; ;-5360; ;-5360; ;-5360; ;-5360; ;-5360; ;-5360; ;-5360; ;-325360; ; ; ; ; ; ; ; ; ; ; ; ; ; ; ; ; ; ; ; ; ; ; ; ; ; ; ; ; ; ; ; ; ; ; ; ; ; ; ; ; ; ; ; ; ; ; ; ; ; ; ; ; ; ; ; ; ; ; ; ; ; ; ; ; ; ; ; ; ; ; ; ; ; ; ; ; ; ; 
MEF;20230728;IT0005421703;20410301;-2900000;;0;26100; ;26100; ;26100; ;26100; ;26100; ;26100; ;26100; ;26100; ;26100; ;26100; ;26100; ;26100; ;26100; ;26100; ;26100; ;26100; ;26100; ;26100; ;26100; ;26100; ;26100; ;26100; ;26100; ;26100; ;26100; ;26100; ;26100; ;26100; ;26100; ;2926100; ; ; ; ; ; ; ; ; ; ; ; ; ; ; ; ; ; ; ; ; ; ; ; ; ; ; ; ; ; ; ; ; ; ; ; ; ; ; ; ; ; ; ; ; ; ; ; ; ; ; ; ; ; ; 
MEF;20230801;IT0005240350;20330901;4200000;;0;-51450; ;-51450; ;-51450; ;-51450; ;-51450; ;-51450; ;-51450; ;-51450; ;-51450; ;-51450; ;-51450; ;-51450; ;-51450; ;-51450; ;-4251450; ; ; ; ; ; ; ; ; ; ; ; ; ; ; ; ; ; ; ; ; ; ; ; ; ; ; ; ; ; ; ; ; ; ; ; ; ; ; ; ; ; ; ; ; ; ; ; ; ; ; ; ; ; ; ; ; ; ; ; ; ; ; ; ; ; ; ; ; ; ; ; ; ; ; ; ; ; ; ; ; ; ; ; ; 
MEF;20230801;IT0005358806;20350301;310000;;0;-5192.5; ;-5192.5; ;-5192.5; ;-5192.5; ;-5192.5; ;-5192.5; ;-5192.5; ;-5192.5; ;-5192.5; ;-5192.5; ;-5192.5; ;-5192.5; ;-5192.5; ;-5192.5; ;-5192.5; ;-5192.5; ;-5192.5; ;-315192.5; ; ; ; ; ; ; ; ; ; ; ; ; ; ; ; ; ; ; ; ; ; ; ; ; ; ; ; ; ; ; ; ; ; ; ; ; ; ; ; ; ; ; ; ; ; ; ; ; ; ; ; ; ; ; ; ; ; ; ; ; ; ; ; ; ; ; ; ; ; ; ; ; ; ; ; ; ; ; 
MEF;20230803;IT0004889033;20280901;-900000;;0;21375; ;21375; ;21375; ;21375; ;921375; ; ; ; ; ; ; ; ; ; ; ; ; ; ; ; ; ; ; ; ; ; ; ; ; ; ; ; ; ; ; ; ; ; ; ; ; ; ; ; ; ; ; ; ; ; ; ; ; ; ; ; ; ; ; ; ; ; ; ; ; ; ; ; ; ; ; ; ; ; ; ; ; ; ; ; ; ; ; ; ; ; ; ; ; ; ; ; ; ; ; ; ; ; ; ; ; ; ; ; ; ; ; ; ; 
MEF;20230803;IT0005321325;20380901;-1400000;;0;20650; ;20650; ;20650; ;20650; ;20650; ;20650; ;20650; ;20650; ;20650; ;20650; ;20650; ;20650; ;20650; ;20650; ;20650; ;20650; ;20650; ;20650; ;20650; ;20650; ;20650; ;20650; ;20650; ;20650; ;1420650; ; ; ; ; ; ; ; ; ; ; ; ; ; ; ; ; ; ; ; ; ; ; ; ; ; ; ; ; ; ; ; ; ; ; ; ; ; ; ; ; ; ; ; ; ; ; ; ; ; ; ; ; ; ; ; ; ; ; ; ; ; ; ; ; 
MEF;20230803;IT0005358806;20350301;300000;;0;-5025; ;-5025; ;-5025; ;-5025; ;-5025; ;-5025; ;-5025; ;-5025; ;-5025; ;-5025; ;-5025; ;-5025; ;-5025; ;-5025; ;-5025; ;-5025; ;-5025; ;-305025; ; ; ; ; ; ; ; ; ; ; ; ; ; ; ; ; ; ; ; ; ; ; ; ; ; ; ; ; ; ; ; ; ; ; ; ; ; ; ; ; ; ; ; ; ; ; ; ; ; ; ; ; ; ; ; ; ; ; ; ; ; ; ; ; ; ; ; ; ; ; ; ; ; ; ; ; ; ; 
MEF;20230804;IT0005240350;20330901;4500000;;0;-55125; ;-55125; ;-55125; ;-55125; ;-55125; ;-55125; ;-55125; ;-55125; ;-55125; ;-55125; ;-55125; ;-55125; ;-55125; ;-55125; ;-4555125; ; ; ; ; ; ; ; ; ; ; ; ; ; ; ; ; ; ; ; ; ; ; ; ; ; ; ; ; ; ; ; ; ; ; ; ; ; ; ; ; ; ; ; ; ; ; ; ; ; ; ; ; ; ; ; ; ; ; ; ; ; ; ; ; ; ; ; ; ; ; ; ; ; ; ; ; ; ; ; ; ; ; ; ; 
MEF;20230808;IT0005530032;20430901;25000000;;0;-556250; ;-556250; ;-556250; ;-556250; ;-556250; ;-556250; ;-556250; ;-556250; ;-556250; ;-556250; ;-556250; ;-556250; ;-556250; ;-556250; ;-556250; ;-556250; ;-556250; ;-556250; ;-556250; ;-556250; ;-556250; ;-556250; ;-556250; ;-556250; ;-556250; ;-556250; ;-556250; ;-556250; ;-556250; ;-556250; ;-556250; ;-556250;-556250;-556250;-25556250; ; ; ; ; ; ; ; ; ; ; ; ; ; ; ; ; ; ; ; ; ; ; ; ; ; ; ; ; ; ; ; ; ; ; ; ; ; ; ; ; ; ; ; ; ; ; ; 
MEF;20230809;IT0005240350;20330901;5400000;;0;-66150; ;-66150; ;-66150; ;-66150; ;-66150; ;-66150; ;-66150; ;-66150; ;-66150; ;-66150; ;-66150; ;-66150; ;-66150; ;-66150; ;-5466150; ; ; ; ; ; ; ; ; ; ; ; ; ; ; ; ; ; ; ; ; ; ; ; ; ; ; ; ; ; ; ; ; ; ; ; ; ; ; ; ; ; ; ; ; ; ; ; ; ; ; ; ; ; ; ; ; ; ; ; ; ; ; ; ; ; ; ; ; ; ; ; ; ; ; ; ; ; ; ; ; ; ; ; ; 
MEF;20230810;IT0005240350;20330901;50000;;0;-612.5; ;-612.5; ;-612.5; ;-612.5; ;-612.5; ;-612.5; ;-612.5; ;-612.5; ;-612.5; ;-612.5; ;-612.5; ;-612.5; ;-612.5; ;-612.5; ;-50612.5; ; ; ; ; ; ; ; ; ; ; ; ; ; ; ; ; ; ; ; ; ; ; ; ; ; ; ; ; ; ; ; ; ; ; ; ; ; ; ; ; ; ; ; ; ; ; ; ; ; ; ; ; ; ; ; ; ; ; ; ; ; ; ; ; ; ; ; ; ; ; ; ; ; ; ; ; ; ; ; ; ; ; ; ; 
MEF;20230811;IT0005240350;20330901;100000;;0;-1225; ;-1225; ;-1225; ;-1225; ;-1225; ;-1225; ;-1225; ;-1225; ;-1225; ;-1225; ;-1225; ;-1225; ;-1225; ;-1225; ;-101225; ; ; ; ; ; ; ; ; ; ; ; ; ; ; ; ; ; ; ; ; ; ; ; ; ; ; ; ; ; ; ; ; ; ; ; ; ; ; ; ; ; ; ; ; ; ; ; ; ; ; ; ; ; ; ; ; ; ; ; ; ; ; ; ; ; ; ; ; ; ; ; ; ; ; ; ; ; ; ; ; ; ; ; ; 
MEF;20230814;IT0005094088;20320301;-1400000;;0;11550; ;11550; ;11550; ;11550; ;11550; ;11550; ;11550; ;11550; ;11550; ;11550; ;11550; ;1411550; ; ; ; ; ; ; ; ; ; ; ; ; ; ; ; ; ; ; ; ; ; ; ; ; ; ; ; ; ; ; ; ; ; ; ; ; ; ; ; ; ; ; ; ; ; ; ; ; ; ; ; ; ; ; ; ; ; ; ; ; ; ; ; ; ; ; ; ; ; ; ; ; ; ; ; ; ; ; ; ; ; ; ; ; ; ; ; ; ; ; 
MEF;20230814;IT0005433195;20370301;-1800000;;0;8550; ;8550; ;8550; ;8550; ;8550; ;8550; ;8550; ;8550; ;8550; ;8550; ;8550; ;8550; ;8550; ;8550; ;8550; ;8550; ;8550; ;8550; ;8550; ;8550; ;8550; ;1808550; ; ; ; ; ; ; ; ; ; ; ; ; ; ; ; ; ; ; ; ; ; ; ; ; ; ; ; ; ; ; ; ; ; ; ; ; ; ; ; ; ; ; ; ; ; ; ; ; ; ; ; ; ; ; ; ; ; ; ; ; ; ; ; ; ; ; ; ; ; ; 
MEF;20230815;IT0005240350;20330901;2850000;;0;-34912.5; ;-34912.5; ;-34912.5; ;-34912.5; ;-34912.5; ;-34912.5; ;-34912.5; ;-34912.5; ;-34912.5; ;-34912.5; ;-34912.5; ;-34912.5; ;-34912.5; ;-34912.5; ;-2884912.5; ; ; ; ; ; ; ; ; ; ; ; ; ; ; ; ; ; ; ; ; ; ; ; ; ; ; ; ; ; ; ; ; ; ; ; ; ; ; ; ; ; ; ; ; ; ; ; ; ; ; ; ; ; ; ; ; ; ; ; ; ; ; ; ; ; ; ; ; ; ; ; ; ; ; ; ; ; ; ; ; ; ; ; ; 
MEF;20230815;IT0005358806;20350301;500000;;0;-8375; ;-8375; ;-8375; ;-8375; ;-8375; ;-8375; ;-8375; ;-8375; ;-8375; ;-8375; ;-8375; ;-8375; ;-8375; ;-8375; ;-8375; ;-8375; ;-8375; ;-508375; ; ; ; ; ; ; ; ; ; ; ; ; ; ; ; ; ; ; ; ; ; ; ; ; ; ; ; ; ; ; ; ; ; ; ; ; ; ; ; ; ; ; ; ; ; ; ; ; ; ; ; ; ; ; ; ; ; ; ; ; ; ; ; ; ; ; ; ; ; ; ; ; ; ; ; ; ; ; 
MEF;20230815;IT0005363111;20490901;20000000;;0;-385000; ;-385000; ;-385000; ;-385000; ;-385000; ;-385000; ;-385000; ;-385000; ;-385000; ;-385000; ;-385000; ;-385000; ;-385000; ;-385000; ;-385000; ;-385000; ;-385000; ;-385000; ;-385000; ;-385000; ;-385000; ;-385000; ;-385000; ;-385000; ;-385000; ;-385000; ;-385000; ;-385000; ;-385000; ;-385000; ;-385000; ;-385000;-385000;-385000;-385000;-385000;-385000;-385000;-385000;-385000;-385000;-385000;-385000;-385000;-385000;-385000;-20385000; ; ; ; ; ; ; ; ; ; ; ; ; ; ; ; ; ; ; ; ; ; ; ; ; ; ; ; ; ; ; ; ; ; ; ; 
MEF;20230815;IT0005363111;20490901;24000000;;0;-462000; ;-462000; ;-462000; ;-462000; ;-462000; ;-462000; ;-462000; ;-462000; ;-462000; ;-462000; ;-462000; ;-462000; ;-462000; ;-462000; ;-462000; ;-462000; ;-462000; ;-462000; ;-462000; ;-462000; ;-462000; ;-462000; ;-462000; ;-462000; ;-462000; ;-462000; ;-462000; ;-462000; ;-462000; ;-462000; ;-462000; ;-462000;-462000;-462000;-462000;-462000;-462000;-462000;-462000;-462000;-462000;-462000;-462000;-462000;-462000;-462000;-24462000; ; ; ; ; ; ; ; ; ; ; ; ; ; ; ; ; ; ; ; ; ; ; ; ; ; ; ; ; ; ; ; ; ; ; ; 
MEF;20230818;IT0005240350;20330901;200000;;0;-2450; ;-2450; ;-2450; ;-2450; ;-2450; ;-2450; ;-2450; ;-2450; ;-2450; ;-2450; ;-2450; ;-2450; ;-2450; ;-2450; ;-202450; ; ; ; ; ; ; ; ; ; ; ; ; ; ; ; ; ; ; ; ; ; ; ; ; ; ; ; ; ; ; ; ; ; ; ; ; ; ; ; ; ; ; ; ; ; ; ; ; ; ; ; ; ; ; ; ; ; ; ; ; ; ; ; ; ; ; ; ; ; ; ; ; ; ; ; ; ; ; ; ; ; ; ; ; 
MEF;20230818;IT0005240350;20330901;3000000;;0;-36750; ;-36750; ;-36750; ;-36750; ;-36750; ;-36750; ;-36750; ;-36750; ;-36750; ;-36750; ;-36750; ;-36750; ;-36750; ;-36750; ;-3036750; ; ; ; ; ; ; ; ; ; ; ; ; ; ; ; ; ; ; ; ; ; ; ; ; ; ; ; ; ; ; ; ; ; ; ; ; ; ; ; ; ; ; ; ; ; ; ; ; ; ; ; ; ; ; ; ; ; ; ; ; ; ; ; ; ; ; ; ; ; ; ; ; ; ; ; ; ; ; ; ; ; ; ; ; 
MEF;20230821;IT0005240350;20330901;2600000;;0;-31850; ;-31850; ;-31850; ;-31850; ;-31850; ;-31850; ;-31850; ;-31850; ;-31850; ;-31850; ;-31850; ;-31850; ;-31850; ;-31850; ;-2631850; ; ; ; ; ; ; ; ; ; ; ; ; ; ; ; ; ; ; ; ; ; ; ; ; ; ; ; ; ; ; ; ; ; ; ; ; ; ; ; ; ; ; ; ; ; ; ; ; ; ; ; ; ; ; ; ; ; ; ; ; ; ; ; ; ; ; ; ; ; ; ; ; ; ; ; ; ; ; ; ; ; ; ; ; 
MEF;20230821;IT0005363111;20490901;25000000;;0;-481250; ;-481250; ;-481250; ;-481250; ;-481250; ;-481250; ;-481250; ;-481250; ;-481250; ;-481250; ;-481250; ;-481250; ;-481250; ;-481250; ;-481250; ;-481250; ;-481250; ;-481250; ;-481250; ;-481250; ;-481250; ;-481250; ;-481250; ;-481250; ;-481250; ;-481250; ;-481250; ;-481250; ;-481250; ;-481250; ;-481250; ;-481250;-481250;-481250;-481250;-481250;-481250;-481250;-481250;-481250;-481250;-481250;-481250;-481250;-481250;-481250;-25481250; ; ; ; ; ; ; ; ; ; ; ; ; ; ; ; ; ; ; ; ; ; ; ; ; ; ; ; ; ; ; ; ; ; ; ; 
MEF;20230822;IT0005363111;20490901;13000000;;0;-250250; ;-250250; ;-250250; ;-250250; ;-250250; ;-250250; ;-250250; ;-250250; ;-250250; ;-250250; ;-250250; ;-250250; ;-250250; ;-250250; ;-250250; ;-250250; ;-250250; ;-250250; ;-250250; ;-250250; ;-250250; ;-250250; ;-250250; ;-250250; ;-250250; ;-250250; ;-250250; ;-250250; ;-250250; ;-250250; ;-250250; ;-250250;-250250;-250250;-250250;-250250;-250250;-250250;-250250;-250250;-250250;-250250;-250250;-250250;-250250;-250250;-13250250; ; ; ; ; ; ; ; ; ; ; ; ; ; ; ; ; ; ; ; ; ; ; ; ; ; ; ; ; ; ; ; ; ; ; ; 
MEF;20230823;IT0005083057;20460901;-2200000;;0;35750; ;35750; ;35750; ;35750; ;35750; ;35750; ;35750; ;35750; ;35750; ;35750; ;35750; ;35750; ;35750; ;35750; ;35750; ;35750; ;35750; ;35750; ;35750; ;35750; ;35750; ;35750; ;35750; ;35750; ;35750; ;35750; ;35750; ;35750; ;35750; ;35750; ;35750; ;35750;35750;35750;35750;35750;35750;35750;35750;35750;2235750; ; ; ; ; ; ; ; ; ; ; ; ; ; ; ; ; ; ; ; ; ; ; ; ; ; ; ; ; ; ; ; ; ; ; ; ; ; ; ; ; ; 
MEF;20230823;IT0005162828;20470301;-5300000;;0;71550; ;71550; ;71550; ;71550; ;71550; ;71550; ;71550; ;71550; ;71550; ;71550; ;71550; ;71550; ;71550; ;71550; ;71550; ;71550; ;71550; ;71550; ;71550; ;71550; ;71550; ;71550; ;71550; ;71550; ;71550; ;71550; ;71550; ;71550; ;71550; ;71550; ;71550; ;71550;71550;71550;71550;71550;71550;71550;71550;71550;71550;5371550; ; ; ; ; ; ; ; ; ; ; ; ; ; ; ; ; ; ; ; ; ; ; ; ; ; ; ; ; ; ; ; ; ; ; ; ; ; ; ; ; 
MEF;20230823;IT0005358806;20350301;100000;;0;-1675; ;-1675; ;-1675; ;-1675; ;-1675; ;-1675; ;-1675; ;-1675; ;-1675; ;-1675; ;-1675; ;-1675; ;-1675; ;-1675; ;-1675; ;-1675; ;-1675; ;-101675; ; ; ; ; ; ; ; ; ; ; ; ; ; ; ; ; ; ; ; ; ; ; ; ; ; ; ; ; ; ; ; ; ; ; ; ; ; ; ; ; ; ; ; ; ; ; ; ; ; ; ; ; ; ; ; ; ; ; ; ; ; ; ; ; ; ; ; ; ; ; ; ; ; ; ; ; ; ; 
MEF;20230823;IT0005480980;20520901;-4000000;;0;43000; ;43000; ;43000; ;43000; ;43000; ;43000; ;43000; ;43000; ;43000; ;43000; ;43000; ;43000; ;43000; ;43000; ;43000; ;43000; ;43000; ;43000; ;43000; ;43000; ;43000; ;43000; ;43000; ;43000; ;43000; ;43000; ;43000; ;43000; ;43000; ;43000; ;43000; ;43000;43000;43000;43000;43000;43000;43000;43000;43000;43000;43000;43000;43000;43000;43000;43000;43000;43000;43000;43000;43000;4043000; ; ; ; ; ; ; ; ; ; ; ; ; ; ; ; ; ; ; ; ; ; ; ; ; ; ; ; ; ; 
MEF;20230824;IT0005273013;20480301;-900000;;0;15525; ;15525; ;15525; ;15525; ;15525; ;15525; ;15525; ;15525; ;15525; ;15525; ;15525; ;15525; ;15525; ;15525; ;15525; ;15525; ;15525; ;15525; ;15525; ;15525; ;15525; ;15525; ;15525; ;15525; ;15525; ;15525; ;15525; ;15525; ;15525; ;15525; ;15525; ;15525;15525;15525;15525;15525;15525;15525;15525;15525;15525;15525;15525;915525; ; ; ; ; ; ; ; ; ; ; ; ; ; ; ; ; ; ; ; ; ; ; ; ; ; ; ; ; ; ; ; ; ; ; ; ; ; ; 
MEF;20230824;IT0005358806;20350301;100000;;0;-1675; ;-1675; ;-1675; ;-1675; ;-1675; ;-1675; ;-1675; ;-1675; ;-1675; ;-1675; ;-1675; ;-1675; ;-1675; ;-1675; ;-1675; ;-1675; ;-1675; ;-101675; ; ; ; ; ; ; ; ; ; ; ; ; ; ; ; ; ; ; ; ; ; ; ; ; ; ; ; ; ; ; ; ; ; ; ; ; ; ; ; ; ; ; ; ; ; ; ; ; ; ; ; ; ; ; ; ; ; ; ; ; ; ; ; ; ; ; ; ; ; ; ; ; ; ; ; ; ; ; 
MEF;20230824;IT0005363111;20490901;10000000;;0;-192500; ;-192500; ;-192500; ;-192500; ;-192500; ;-192500; ;-192500; ;-192500; ;-192500; ;-192500; ;-192500; ;-192500; ;-192500; ;-192500; ;-192500; ;-192500; ;-192500; ;-192500; ;-192500; ;-192500; ;-192500; ;-192500; ;-192500; ;-192500; ;-192500; ;-192500; ;-192500; ;-192500; ;-192500; ;-192500; ;-192500; ;-192500;-192500;-192500;-192500;-192500;-192500;-192500;-192500;-192500;-192500;-192500;-192500;-192500;-192500;-192500;-10192500; ; ; ; ; ; ; ; ; ; ; ; ; ; ; ; ; ; ; ; ; ; ; ; ; ; ; ; ; ; ; ; ; ; ; ; 
MEF;20230824;IT0005530032;20430901;-8400000;;0;186900; ;186900; ;186900; ;186900; ;186900; ;186900; ;186900; ;186900; ;186900; ;186900; ;186900; ;186900; ;186900; ;186900; ;186900; ;186900; ;186900; ;186900; ;186900; ;186900; ;186900; ;186900; ;186900; ;186900; ;186900; ;186900; ;186900; ;186900; ;186900; ;186900; ;186900; ;186900;186900;186900;8586900; ; ; ; ; ; ; ; ; ; ; ; ; ; ; ; ; ; ; ; ; ; ; ; ; ; ; ; ; ; ; ; ; ; ; ; ; ; ; ; ; ; ; ; ; ; ; ; 
MEF;20230904;IT0005240350;20330901;100000;;0;-1225; ;-1225; ;-1225; ;-1225; ;-1225; ;-1225; ;-1225; ;-1225; ;-1225; ;-1225; ;-1225; ;-1225; ;-1225; ;-1225; ;-101225; ; ; ; ; ; ; ; ; ; ; ; ; ; ; ; ; ; ; ; ; ; ; ; ; ; ; ; ; ; ; ; ; ; ; ; ; ; ; ; ; ; ; ; ; ; ; ; ; ; ; ; ; ; ; ; ; ; ; ; ; ; ; ; ; ; ; ; ; ; ; ; ; ; ; ; ; ; ; ; ; ; ; ; ; 
MEF;20230904;IT0005240350;20330901;2000000;;0;-24500; ;-24500; ;-24500; ;-24500; ;-24500; ;-24500; ;-24500; ;-24500; ;-24500; ;-24500; ;-24500; ;-24500; ;-24500; ;-24500; ;-2024500; ; ; ; ; ; ; ; ; ; ; ; ; ; ; ; ; ; ; ; ; ; ; ; ; ; ; ; ; ; ; ; ; ; ; ; ; ; ; ; ; ; ; ; ; ; ; ; ; ; ; ; ; ; ; ; ; ; ; ; ; ; ; ; ; ; ; ; ; ; ; ; ; ; ; ; ; ; ; ; ; ; ; ; ; 
MEF;20230904;IT0005530032;20430901;29500000;;0;-656375; ;-656375; ;-656375; ;-656375; ;-656375; ;-656375; ;-656375; ;-656375; ;-656375; ;-656375; ;-656375; ;-656375; ;-656375; ;-656375; ;-656375; ;-656375; ;-656375; ;-656375; ;-656375; ;-656375; ;-656375; ;-656375; ;-656375; ;-656375; ;-656375; ;-656375; ;-656375; ;-656375; ;-656375; ;-656375; ;-656375; ;-656375;-656375;-656375;-30156375; ; ; ; ; ; ; ; ; ; ; ; ; ; ; ; ; ; ; ; ; ; ; ; ; ; ; ; ; ; ; ; ; ; ; ; ; ; ; ; ; ; ; ; ; ; ; ; 
MEF;20230906;IT0004889033;20280901;-1100000;;0;26125; ;26125; ;26125; ;26125; ;1126125; ; ; ; ; ; ; ; ; ; ; ; ; ; ; ; ; ; ; ; ; ; ; ; ; ; ; ; ; ; ; ; ; ; ; ; ; ; ; ; ; ; ; ; ; ; ; ; ; ; ; ; ; ; ; ; ; ; ; ; ; ; ; ; ; ; ; ; ; ; ; ; ; ; ; ; ; ; ; ; ; ; ; ; ; ; ; ; ; ; ; ; ; ; ; ; ; ; ; ; ; ; ; ; ; 
MEF;20230906;IT0005024234;20300301;-900000;;0;15750; ;15750; ;15750; ;15750; ;15750; ;15750; ;15750; ;915750; ; ; ; ; ; ; ; ; ; ; ; ; ; ; ; ; ; ; ; ; ; ; ; ; ; ; ; ; ; ; ; ; ; ; ; ; ; ; ; ; ; ; ; ; ; ; ; ; ; ; ; ; ; ; ; ; ; ; ; ; ; ; ; ; ; ; ; ; ; ; ; ; ; ; ; ; ; ; ; ; ; ; ; ; ; ; ; ; ; ; ; ; ; ; ; ; ; ; 
MEF;20230906;IT0005177909;20360901;-1600000;;0;18000; ;18000; ;18000; ;18000; ;18000; ;18000; ;18000; ;18000; ;18000; ;18000; ;18000; ;18000; ;18000; ;18000; ;18000; ;18000; ;18000; ;18000; ;18000; ;18000; ;1618000; ; ; ; ; ; ; ; ; ; ; ; ; ; ; ; ; ; ; ; ; ; ; ; ; ; ; ; ; ; ; ; ; ; ; ; ; ; ; ; ; ; ; ; ; ; ; ; ; ; ; ; ; ; ; ; ; ; ; ; ; ; ; ; ; ; ; ; ; ; ; ; ; 
MEF;20230906;IT0005240350;20330901;2850000;;0;-34912.5; ;-34912.5; ;-34912.5; ;-34912.5; ;-34912.5; ;-34912.5; ;-34912.5; ;-34912.5; ;-34912.5; ;-34912.5; ;-34912.5; ;-34912.5; ;-34912.5; ;-34912.5; ;-2884912.5; ; ; ; ; ; ; ; ; ; ; ; ; ; ; ; ; ; ; ; ; ; ; ; ; ; ; ; ; ; ; ; ; ; ; ; ; ; ; ; ; ; ; ; ; ; ; ; ; ; ; ; ; ; ; ; ; ; ; ; ; ; ; ; ; ; ; ; ; ; ; ; ; ; ; ; ; ; ; ; ; ; ; ; ; 
MEF;20230906;IT0005402117;20360301;-900000;;0;6525; ;6525; ;6525; ;6525; ;6525; ;6525; ;6525; ;6525; ;6525; ;6525; ;6525; ;6525; ;6525; ;6525; ;6525; ;6525; ;6525; ;6525; ;6525; ;906525; ; ; ; ; ; ; ; ; ; ; ; ; ; ; ; ; ; ; ; ; ; ; ; ; ; ; ; ; ; ; ; ; ; ; ; ; ; ; ; ; ; ; ; ; ; ; ; ; ; ; ; ; ; ; ; ; ; ; ; ; ; ; ; ; ; ; ; ; ; ; ; ; ; ; 
MEF;20230908;IT0005094088;20320301;-900000;;0;7425; ;7425; ;7425; ;7425; ;7425; ;7425; ;7425; ;7425; ;7425; ;7425; ;7425; ;907425; ; ; ; ; ; ; ; ; ; ; ; ; ; ; ; ; ; ; ; ; ; ; ; ; ; ; ; ; ; ; ; ; ; ; ; ; ; ; ; ; ; ; ; ; ; ; ; ; ; ; ; ; ; ; ; ; ; ; ; ; ; ; ; ; ; ; ; ; ; ; ; ; ; ; ; ; ; ; ; ; ; ; ; ; ; ; ; ; ; ; 
MEF;20230908;IT0005240350;20330901;2000000;;0;-24500; ;-24500; ;-24500; ;-24500; ;-24500; ;-24500; ;-24500; ;-24500; ;-24500; ;-24500; ;-24500; ;-24500; ;-24500; ;-24500; ;-2024500; ; ; ; ; ; ; ; ; ; ; ; ; ; ; ; ; ; ; ; ; ; ; ; ; ; ; ; ; ; ; ; ; ; ; ; ; ; ; ; ; ; ; ; ; ; ; ; ; ; ; ; ; ; ; ; ; ; ; ; ; ; ; ; ; ; ; ; ; ; ; ; ; ; ; ; ; ; ; ; ; ; ; ; ; 
MEF;20230908;IT0005398406;20500901;19200000;;0;-235200; ;-235200; ;-235200; ;-235200; ;-235200; ;-235200; ;-235200; ;-235200; ;-235200; ;-235200; ;-235200; ;-235200; ;-235200; ;-235200; ;-235200; ;-235200; ;-235200; ;-235200; ;-235200; ;-235200; ;-235200; ;-235200; ;-235200; ;-235200; ;-235200; ;-235200; ;-235200; ;-235200; ;-235200; ;-235200; ;-235200; ;-235200;-235200;-235200;-235200;-235200;-235200;-235200;-235200;-235200;-235200;-235200;-235200;-235200;-235200;-235200;-235200;-235200;-19435200; ; ; ; ; ; ; ; ; ; ; ; ; ; ; ; ; ; ; ; ; ; ; ; ; ; ; ; ; ; ; ; ; ; 
MEF;20230911;IT0005321325;20380901;-1100000;;0;16225; ;16225; ;16225; ;16225; ;16225; ;16225; ;16225; ;16225; ;16225; ;16225; ;16225; ;16225; ;16225; ;16225; ;16225; ;16225; ;16225; ;16225; ;16225; ;16225; ;16225; ;16225; ;16225; ;16225; ;1116225; ; ; ; ; ; ; ; ; ; ; ; ; ; ; ; ; ; ; ; ; ; ; ; ; ; ; ; ; ; ; ; ; ; ; ; ; ; ; ; ; ; ; ; ; ; ; ; ; ; ; ; ; ; ; ; ; ; ; ; ; ; ; ; ; 
MEF;20230911;IT0005421703;20410301;-900000;;0;8100; ;8100; ;8100; ;8100; ;8100; ;8100; ;8100; ;8100; ;8100; ;8100; ;8100; ;8100; ;8100; ;8100; ;8100; ;8100; ;8100; ;8100; ;8100; ;8100; ;8100; ;8100; ;8100; ;8100; ;8100; ;8100; ;8100; ;8100; ;8100; ;908100; ; ; ; ; ; ; ; ; ; ; ; ; ; ; ; ; ; ; ; ; ; ; ; ; ; ; ; ; ; ; ; ; ; ; ; ; ; ; ; ; ; ; ; ; ; ; ; ; ; ; ; ; ; ; 
MEF;20230911;IT0005433195;20370301;-900000;;0;4275; ;4275; ;4275; ;4275; ;4275; ;4275; ;4275; ;4275; ;4275; ;4275; ;4275; ;4275; ;4275; ;4275; ;4275; ;4275; ;4275; ;4275; ;4275; ;4275; ;4275; ;904275; ; ; ; ; ; ; ; ; ; ; ; ; ; ; ; ; ; ; ; ; ; ; ; ; ; ; ; ; ; ; ; ; ; ; ; ; ; ; ; ; ; ; ; ; ; ; ; ; ; ; ; ; ; ; ; ; ; ; ; ; ; ; ; ; ; ; ; ; ; ; 
MEF;20230912;IT0004923998;20440901;29250000;;0;-694687.5; ;-694687.5; ;-694687.5; ;-694687.5; ;-694687.5; ;-694687.5; ;-694687.5; ;-694687.5; ;-694687.5; ;-694687.5; ;-694687.5; ;-694687.5; ;-694687.5; ;-694687.5; ;-694687.5; ;-694687.5; ;-694687.5; ;-694687.5; ;-694687.5; ;-694687.5; ;-694687.5; ;-694687.5; ;-694687.5; ;-694687.5; ;-694687.5; ;-694687.5; ;-694687.5; ;-694687.5; ;-694687.5; ;-694687.5; ;-694687.5; ;-694687.5;-694687.5;-694687.5;-694687.5;-694687.5;-29944687.5; ; ; ; ; ; ; ; ; ; ; ; ; ; ; ; ; ; ; ; ; ; ; ; ; ; ; ; ; ; ; ; ; ; ; ; ; ; ; ; ; ; ; ; ; ; 
MEF;20230912;IT0005496770;20380301;-1100000;;0;17875; ;17875; ;17875; ;17875; ;17875; ;17875; ;17875; ;17875; ;17875; ;17875; ;17875; ;17875; ;17875; ;17875; ;17875; ;17875; ;17875; ;17875; ;17875; ;17875; ;17875; ;17875; ;17875; ;1117875; ; ; ; ; ; ; ; ; ; ; ; ; ; ; ; ; ; ; ; ; ; ; ; ; ; ; ; ; ; ; ; ; ; ; ; ; ; ; ; ; ; ; ; ; ; ; ; ; ; ; ; ; ; ; ; ; ; ; ; ; ; ; ; ; ; ; 
MEF;20230913;IT0004889033;20280901;-800000;;0;19000; ;19000; ;19000; ;19000; ;819000; ; ; ; ; ; ; ; ; ; ; ; ; ; ; ; ; ; ; ; ; ; ; ; ; ; ; ; ; ; ; ; ; ; ; ; ; ; ; ; ; ; ; ; ; ; ; ; ; ; ; ; ; ; ; ; ; ; ; ; ; ; ; ; ; ; ; ; ; ; ; ; ; ; ; ; ; ; ; ; ; ; ; ; ; ; ; ; ; ; ; ; ; ; ; ; ; ; ; ; ; ; ; ; ; 
MEF;20230913;IT0005240350;20330901;-700000;;0;8575; ;8575; ;8575; ;8575; ;8575; ;8575; ;8575; ;8575; ;8575; ;8575; ;8575; ;8575; ;8575; ;8575; ;708575; ; ; ; ; ; ; ; ; ; ; ; ; ; ; ; ; ; ; ; ; ; ; ; ; ; ; ; ; ; ; ; ; ; ; ; ; ; ; ; ; ; ; ; ; ; ; ; ; ; ; ; ; ; ; ; ; ; ; ; ; ; ; ; ; ; ; ; ; ; ; ; ; ; ; ; ; ; ; ; ; ; ; ; ; 
MEF;20230913;IT0005377152;20400301;-1400000;;0;21700; ;21700; ;21700; ;21700; ;21700; ;21700; ;21700; ;21700; ;21700; ;21700; ;21700; ;21700; ;21700; ;21700; ;21700; ;21700; ;21700; ;21700; ;21700; ;21700; ;21700; ;21700; ;21700; ;21700; ;21700; ;21700; ;21700; ;1421700; ; ; ; ; ; ; ; ; ; ; ; ; ; ; ; ; ; ; ; ; ; ; ; ; ; ; ; ; ; ; ; ; ; ; ; ; ; ; ; ; ; ; ; ; ; ; ; ; ; ; ; ; ; ; ; ; ; ; 
MEF;20230913;IT0005530032;20430901;-900000;;0;20025; ;20025; ;20025; ;20025; ;20025; ;20025; ;20025; ;20025; ;20025; ;20025; ;20025; ;20025; ;20025; ;20025; ;20025; ;20025; ;20025; ;20025; ;20025; ;20025; ;20025; ;20025; ;20025; ;20025; ;20025; ;20025; ;20025; ;20025; ;20025; ;20025; ;20025; ;20025;20025;20025;920025; ; ; ; ; ; ; ; ; ; ; ; ; ; ; ; ; ; ; ; ; ; ; ; ; ; ; ; ; ; ; ; ; ; ; ; ; ; ; ; ; ; ; ; ; ; ; ; 
MEF;20230914;IT0004889033;20280901;100000;;0;-2375; ;-2375; ;-2375; ;-2375; ;-102375; ; ; ; ; ; ; ; ; ; ; ; ; ; ; ; ; ; ; ; ; ; ; ; ; ; ; ; ; ; ; ; ; ; ; ; ; ; ; ; ; ; ; ; ; ; ; ; ; ; ; ; ; ; ; ; ; ; ; ; ; ; ; ; ; ; ; ; ; ; ; ; ; ; ; ; ; ; ; ; ; ; ; ; ; ; ; ; ; ; ; ; ; ; ; ; ; ; ; ; ; ; ; ; ; 
MEF;20230914;IT0005240350;20330901;100000;;0;-1225; ;-1225; ;-1225; ;-1225; ;-1225; ;-1225; ;-1225; ;-1225; ;-1225; ;-1225; ;-1225; ;-1225; ;-1225; ;-1225; ;-101225; ; ; ; ; ; ; ; ; ; ; ; ; ; ; ; ; ; ; ; ; ; ; ; ; ; ; ; ; ; ; ; ; ; ; ; ; ; ; ; ; ; ; ; ; ; ; ; ; ; ; ; ; ; ; ; ; ; ; ; ; ; ; ; ; ; ; ; ; ; ; ; ; ; ; ; ; ; ; ; ; ; ; ; ; 
MEF;20230914;IT0005398406;20500901;100000;;0;-1225; ;-1225; ;-1225; ;-1225; ;-1225; ;-1225; ;-1225; ;-1225; ;-1225; ;-1225; ;-1225; ;-1225; ;-1225; ;-1225; ;-1225; ;-1225; ;-1225; ;-1225; ;-1225; ;-1225; ;-1225; ;-1225; ;-1225; ;-1225; ;-1225; ;-1225; ;-1225; ;-1225; ;-1225; ;-1225; ;-1225; ;-1225;-1225;-1225;-1225;-1225;-1225;-1225;-1225;-1225;-1225;-1225;-1225;-1225;-1225;-1225;-1225;-1225;-101225; ; ; ; ; ; ; ; ; ; ; ; ; ; ; ; ; ; ; ; ; ; ; ; ; ; ; ; ; ; ; ; ; ; 
MEF;20230914;IT0005425233;20510901;100000;;0;-850; ;-850; ;-850; ;-850; ;-850; ;-850; ;-850; ;-850; ;-850; ;-850; ;-850; ;-850; ;-850; ;-850; ;-850; ;-850; ;-850; ;-850; ;-850; ;-850; ;-850; ;-850; ;-850; ;-850; ;-850; ;-850; ;-850; ;-850; ;-850; ;-850; ;-850; ;-850;-850;-850;-850;-850;-850;-850;-850;-850;-850;-850;-850;-850;-850;-850;-850;-850;-850;-850;-100850; ; ; ; ; ; ; ; ; ; ; ; ; ; ; ; ; ; ; ; ; ; ; ; ; ; ; ; ; ; ; ; 
MEF;20230914;IT0005480980;20520901;-9700000;;0;104275; ;104275; ;104275; ;104275; ;104275; ;104275; ;104275; ;104275; ;104275; ;104275; ;104275; ;104275; ;104275; ;104275; ;104275; ;104275; ;104275; ;104275; ;104275; ;104275; ;104275; ;104275; ;104275; ;104275; ;104275; ;104275; ;104275; ;104275; ;104275; ;104275; ;104275; ;104275;104275;104275;104275;104275;104275;104275;104275;104275;104275;104275;104275;104275;104275;104275;104275;104275;104275;104275;104275;104275;9804275; ; ; ; ; ; ; ; ; ; ; ; ; ; ; ; ; ; ; ; ; ; ; ; ; ; ; ; ; ; 
MEF;20230915;IT0005240350;20330901;2900000;;0;-35525; ;-35525; ;-35525; ;-35525; ;-35525; ;-35525; ;-35525; ;-35525; ;-35525; ;-35525; ;-35525; ;-35525; ;-35525; ;-35525; ;-2935525; ; ; ; ; ; ; ; ; ; ; ; ; ; ; ; ; ; ; ; ; ; ; ; ; ; ; ; ; ; ; ; ; ; ; ; ; ; ; ; ; ; ; ; ; ; ; ; ; ; ; ; ; ; ; ; ; ; ; ; ; ; ; ; ; ; ; ; ; ; ; ; ; ; ; ; ; ; ; ; ; ; ; ; ; 
MEF;20230920;IT0004889033;20280901;1000000;;0;-23750; ;-23750; ;-23750; ;-23750; ;-1023750; ; ; ; ; ; ; ; ; ; ; ; ; ; ; ; ; ; ; ; ; ; ; ; ; ; ; ; ; ; ; ; ; ; ; ; ; ; ; ; ; ; ; ; ; ; ; ; ; ; ; ; ; ; ; ; ; ; ; ; ; ; ; ; ; ; ; ; ; ; ; ; ; ; ; ; ; ; ; ; ; ; ; ; ; ; ; ; ; ; ; ; ; ; ; ; ; ; ; ; ; ; ; ; ; 
MEF;20230921;IT0004889033;20280901;-1000000;;0;23750; ;23750; ;23750; ;23750; ;1023750; ; ; ; ; ; ; ; ; ; ; ; ; ; ; ; ; ; ; ; ; ; ; ; ; ; ; ; ; ; ; ; ; ; ; ; ; ; ; ; ; ; ; ; ; ; ; ; ; ; ; ; ; ; ; ; ; ; ; ; ; ; ; ; ; ; ; ; ; ; ; ; ; ; ; ; ; ; ; ; ; ; ; ; ; ; ; ; ; ; ; ; ; ; ; ; ; ; ; ; ; ; ; ; ; 
MEF;20230921;IT0004923998;20440901;-2000000;;0;47500; ;47500; ;47500; ;47500; ;47500; ;47500; ;47500; ;47500; ;47500; ;47500; ;47500; ;47500; ;47500; ;47500; ;47500; ;47500; ;47500; ;47500; ;47500; ;47500; ;47500; ;47500; ;47500; ;47500; ;47500; ;47500; ;47500; ;47500; ;47500; ;47500; ;47500; ;47500;47500;47500;47500;47500;2047500; ; ; ; ; ; ; ; ; ; ; ; ; ; ; ; ; ; ; ; ; ; ; ; ; ; ; ; ; ; ; ; ; ; ; ; ; ; ; ; ; ; ; ; ; ; 
MEF;20230921;IT0005024234;20300301;-1000000;;0;17500; ;17500; ;17500; ;17500; ;17500; ;17500; ;17500; ;1017500; ; ; ; ; ; ; ; ; ; ; ; ; ; ; ; ; ; ; ; ; ; ; ; ; ; ; ; ; ; ; ; ; ; ; ; ; ; ; ; ; ; ; ; ; ; ; ; ; ; ; ; ; ; ; ; ; ; ; ; ; ; ; ; ; ; ; ; ; ; ; ; ; ; ; ; ; ; ; ; ; ; ; ; ; ; ; ; ; ; ; ; ; ; ; ; ; ; ; 
MEF;20230921;IT0005083057;20460901;-1000000;;0;16250; ;16250; ;16250; ;16250; ;16250; ;16250; ;16250; ;16250; ;16250; ;16250; ;16250; ;16250; ;16250; ;16250; ;16250; ;16250; ;16250; ;16250; ;16250; ;16250; ;16250; ;16250; ;16250; ;16250; ;16250; ;16250; ;16250; ;16250; ;16250; ;16250; ;16250; ;16250;16250;16250;16250;16250;16250;16250;16250;16250;1016250; ; ; ; ; ; ; ; ; ; ; ; ; ; ; ; ; ; ; ; ; ; ; ; ; ; ; ; ; ; ; ; ; ; ; ; ; ; ; ; ; ; 
MEF;20230921;IT0005094088;20320301;-2000000;;0;16500; ;16500; ;16500; ;16500; ;16500; ;16500; ;16500; ;16500; ;16500; ;16500; ;16500; ;2016500; ; ; ; ; ; ; ; ; ; ; ; ; ; ; ; ; ; ; ; ; ; ; ; ; ; ; ; ; ; ; ; ; ; ; ; ; ; ; ; ; ; ; ; ; ; ; ; ; ; ; ; ; ; ; ; ; ; ; ; ; ; ; ; ; ; ; ; ; ; ; ; ; ; ; ; ; ; ; ; ; ; ; ; ; ; ; ; ; ; ; 
MEF;20230921;IT0005162828;20470301;-1000000;;0;13500; ;13500; ;13500; ;13500; ;13500; ;13500; ;13500; ;13500; ;13500; ;13500; ;13500; ;13500; ;13500; ;13500; ;13500; ;13500; ;13500; ;13500; ;13500; ;13500; ;13500; ;13500; ;13500; ;13500; ;13500; ;13500; ;13500; ;13500; ;13500; ;13500; ;13500; ;13500;13500;13500;13500;13500;13500;13500;13500;13500;13500;1013500; ; ; ; ; ; ; ; ; ; ; ; ; ; ; ; ; ; ; ; ; ; ; ; ; ; ; ; ; ; ; ; ; ; ; ; ; ; ; ; ; 
MEF;20230921;IT0005240350;20330901;3000000;;0;-36750; ;-36750; ;-36750; ;-36750; ;-36750; ;-36750; ;-36750; ;-36750; ;-36750; ;-36750; ;-36750; ;-36750; ;-36750; ;-36750; ;-3036750; ; ; ; ; ; ; ; ; ; ; ; ; ; ; ; ; ; ; ; ; ; ; ; ; ; ; ; ; ; ; ; ; ; ; ; ; ; ; ; ; ; ; ; ; ; ; ; ; ; ; ; ; ; ; ; ; ; ; ; ; ; ; ; ; ; ; ; ; ; ; ; ; ; ; ; ; ; ; ; ; ; ; ; ; 
MEF;20230921;IT0005273013;20480301;-1000000;;0;17250; ;17250; ;17250; ;17250; ;17250; ;17250; ;17250; ;17250; ;17250; ;17250; ;17250; ;17250; ;17250; ;17250; ;17250; ;17250; ;17250; ;17250; ;17250; ;17250; ;17250; ;17250; ;17250; ;17250; ;17250; ;17250; ;17250; ;17250; ;17250; ;17250; ;17250; ;17250;17250;17250;17250;17250;17250;17250;17250;17250;17250;17250;17250;1017250; ; ; ; ; ; ; ; ; ; ; ; ; ; ; ; ; ; ; ; ; ; ; ; ; ; ; ; ; ; ; ; ; ; ; ; ; ; ; 
MEF;20230921;IT0005425233;20510901;-1000000;;0;8500; ;8500; ;8500; ;8500; ;8500; ;8500; ;8500; ;8500; ;8500; ;8500; ;8500; ;8500; ;8500; ;8500; ;8500; ;8500; ;8500; ;8500; ;8500; ;8500; ;8500; ;8500; ;8500; ;8500; ;8500; ;8500; ;8500; ;8500; ;8500; ;8500; ;8500; ;8500;8500;8500;8500;8500;8500;8500;8500;8500;8500;8500;8500;8500;8500;8500;8500;8500;8500;8500;1008500; ; ; ; ; ; ; ; ; ; ; ; ; ; ; ; ; ; ; ; ; ; ; ; ; ; ; ; ; ; ; ; 
MEF;20230921;IT0005433195;20370301;-1000000;;0;4750; ;4750; ;4750; ;4750; ;4750; ;4750; ;4750; ;4750; ;4750; ;4750; ;4750; ;4750; ;4750; ;4750; ;4750; ;4750; ;4750; ;4750; ;4750; ;4750; ;4750; ;1004750; ; ; ; ; ; ; ; ; ; ; ; ; ; ; ; ; ; ; ; ; ; ; ; ; ; ; ; ; ; ; ; ; ; ; ; ; ; ; ; ; ; ; ; ; ; ; ; ; ; ; ; ; ; ; ; ; ; ; ; ; ; ; ; ; ; ; ; ; ; ; 
MEF;20230921;IT0005530032;20430901;-1000000;;0;22250; ;22250; ;22250; ;22250; ;22250; ;22250; ;22250; ;22250; ;22250; ;22250; ;22250; ;22250; ;22250; ;22250; ;22250; ;22250; ;22250; ;22250; ;22250; ;22250; ;22250; ;22250; ;22250; ;22250; ;22250; ;22250; ;22250; ;22250; ;22250; ;22250; ;22250; ;22250;22250;22250;1022250; ; ; ; ; ; ; ; ; ; ; ; ; ; ; ; ; ; ; ; ; ; ; ; ; ; ; ; ; ; ; ; ; ; ; ; ; ; ; ; ; ; ; ; ; ; ; ; 
MEF;20230922;IT0005240350;20330901;1000000;;0;-12250; ;-12250; ;-12250; ;-12250; ;-12250; ;-12250; ;-12250; ;-12250; ;-12250; ;-12250; ;-12250; ;-12250; ;-12250; ;-12250; ;-1012250; ; ; ; ; ; ; ; ; ; ; ; ; ; ; ; ; ; ; ; ; ; ; ; ; ; ; ; ; ; ; ; ; ; ; ; ; ; ; ; ; ; ; ; ; ; ; ; ; ; ; ; ; ; ; ; ; ; ; ; ; ; ; ; ; ; ; ; ; ; ; ; ; ; ; ; ; ; ; ; ; ; ; ; ; 
MEF;20230926;IT0005358806;20350301;520000;;0;-8710; ;-8710; ;-8710; ;-8710; ;-8710; ;-8710; ;-8710; ;-8710; ;-8710; ;-8710; ;-8710; ;-8710; ;-8710; ;-8710; ;-8710; ;-8710; ;-8710; ;-528710; ; ; ; ; ; ; ; ; ; ; ; ; ; ; ; ; ; ; ; ; ; ; ; ; ; ; ; ; ; ; ; ; ; ; ; ; ; ; ; ; ; ; ; ; ; ; ; ; ; ; ; ; ; ; ; ; ; ; ; ; ; ; ; ; ; ; ; ; ; ; ; ; ; ; ; ; ; ; 
MEF;20230927;IT0004889033;20280901;14000000;;0;-332500; ;-332500; ;-332500; ;-332500; ;-14332500; ; ; ; ; ; ; ; ; ; ; ; ; ; ; ; ; ; ; ; ; ; ; ; ; ; ; ; ; ; ; ; ; ; ; ; ; ; ; ; ; ; ; ; ; ; ; ; ; ; ; ; ; ; ; ; ; ; ; ; ; ; ; ; ; ; ; ; ; ; ; ; ; ; ; ; ; ; ; ; ; ; ; ; ; ; ; ; ; ; ; ; ; ; ; ; ; ; ; ; ; ; ; ; ; 
MEF;20230928;IT0005273013;20480301;2700000;;0;-46575; ;-46575; ;-46575; ;-46575; ;-46575; ;-46575; ;-46575; ;-46575; ;-46575; ;-46575; ;-46575; ;-46575; ;-46575; ;-46575; ;-46575; ;-46575; ;-46575; ;-46575; ;-46575; ;-46575; ;-46575; ;-46575; ;-46575; ;-46575; ;-46575; ;-46575; ;-46575; ;-46575; ;-46575; ;-46575; ;-46575; ;-46575;-46575;-46575;-46575;-46575;-46575;-46575;-46575;-46575;-46575;-46575;-46575;-2746575; ; ; ; ; ; ; ; ; ; ; ; ; ; ; ; ; ; ; ; ; ; ; ; ; ; ; ; ; ; ; ; ; ; ; ; ; ; ; 
MEF;20230928;IT0005358806;20350301;100000;;0;-1675; ;-1675; ;-1675; ;-1675; ;-1675; ;-1675; ;-1675; ;-1675; ;-1675; ;-1675; ;-1675; ;-1675; ;-1675; ;-1675; ;-1675; ;-1675; ;-1675; ;-101675; ; ; ; ; ; ; ; ; ; ; ; ; ; ; ; ; ; ; ; ; ; ; ; ; ; ; ; ; ; ; ; ; ; ; ; ; ; ; ; ; ; ; ; ; ; ; ; ; ; ; ; ; ; ; ; ; ; ; ; ; ; ; ; ; ; ; ; ; ; ; ; ; ; ; ; ; ; ; 
MEF;20230929;IT0005358806;20350301;7000000;;0;-117250; ;-117250; ;-117250; ;-117250; ;-117250; ;-117250; ;-117250; ;-117250; ;-117250; ;-117250; ;-117250; ;-117250; ;-117250; ;-117250; ;-117250; ;-117250; ;-117250; ;-7117250; ; ; ; ; ; ; ; ; ; ; ; ; ; ; ; ; ; ; ; ; ; ; ; ; ; ; ; ; ; ; ; ; ; ; ; ; ; ; ; ; ; ; ; ; ; ; ; ; ; ; ; ; ; ; ; ; ; ; ; ; ; ; ; ; ; ; ; ; ; ; ; ; ; ; ; ; ; ; 
MEF;20231004;IT0004889033;20280901;2000000;;0;-47500; ;-47500; ;-47500; ;-47500; ;-2047500; ; ; ; ; ; ; ; ; ; ; ; ; ; ; ; ; ; ; ; ; ; ; ; ; ; ; ; ; ; ; ; ; ; ; ; ; ; ; ; ; ; ; ; ; ; ; ; ; ; ; ; ; ; ; ; ; ; ; ; ; ; ; ; ; ; ; ; ; ; ; ; ; ; ; ; ; ; ; ; ; ; ; ; ; ; ; ; ; ; ; ; ; ; ; ; ; ; ; ; ; ; ; ; ; 
MEF;20231004;IT0005358806;20350301;610000;;0;-10217.5; ;-10217.5; ;-10217.5; ;-10217.5; ;-10217.5; ;-10217.5; ;-10217.5; ;-10217.5; ;-10217.5; ;-10217.5; ;-10217.5; ;-10217.5; ;-10217.5; ;-10217.5; ;-10217.5; ;-10217.5; ;-10217.5; ;-620217.5; ; ; ; ; ; ; ; ; ; ; ; ; ; ; ; ; ; ; ; ; ; ; ; ; ; ; ; ; ; ; ; ; ; ; ; ; ; ; ; ; ; ; ; ; ; ; ; ; ; ; ; ; ; ; ; ; ; ; ; ; ; ; ; ; ; ; ; ; ; ; ; ; ; ; ; ; ; ; 
MEF;20231005;IT0005240350;20330901;100000;;0;-1225; ;-1225; ;-1225; ;-1225; ;-1225; ;-1225; ;-1225; ;-1225; ;-1225; ;-1225; ;-1225; ;-1225; ;-1225; ;-1225; ;-101225; ; ; ; ; ; ; ; ; ; ; ; ; ; ; ; ; ; ; ; ; ; ; ; ; ; ; ; ; ; ; ; ; ; ; ; ; ; ; ; ; ; ; ; ; ; ; ; ; ; ; ; ; ; ; ; ; ; ; ; ; ; ; ; ; ; ; ; ; ; ; ; ; ; ; ; ; ; ; ; ; ; ; ; ; 
MEF;20231006;IT0005496770;20380301;14500000;;0;-235625; ;-235625; ;-235625; ;-235625; ;-235625; ;-235625; ;-235625; ;-235625; ;-235625; ;-235625; ;-235625; ;-235625; ;-235625; ;-235625; ;-235625; ;-235625; ;-235625; ;-235625; ;-235625; ;-235625; ;-235625; ;-235625; ;-235625; ;-14735625; ; ; ; ; ; ; ; ; ; ; ; ; ; ; ; ; ; ; ; ; ; ; ; ; ; ; ; ; ; ; ; ; ; ; ; ; ; ; ; ; ; ; ; ; ; ; ; ; ; ; ; ; ; ; ; ; ; ; ; ; ; ; ; ; ; ; 
MEF;20231006;IT0005560948;20340301;-3100000;;0;65100; ;65100; ;65100; ;65100; ;65100; ;65100; ;65100; ;65100; ;65100; ;65100; ;65100; ;65100; ;65100; ;65100; ;65100; ;3165100; ; ; ; ; ; ; ; ; ; ; ; ; ; ; ; ; ; ; ; ; ; ; ; ; ; ; ; ; ; ; ; ; ; ; ; ; ; ; ; ; ; ; ; ; ; ; ; ; ; ; ; ; ; ; ; ; ; ; ; ; ; ; ; ; ; ; ; ; ; ; ; ; ; ; ; ; ; ; ; ; ; ; 
MEF;20231009;IT0004923998;20440901;2000000;;0;-47500; ;-47500; ;-47500; ;-47500; ;-47500; ;-47500; ;-47500; ;-47500; ;-47500; ;-47500; ;-47500; ;-47500; ;-47500; ;-47500; ;-47500; ;-47500; ;-47500; ;-47500; ;-47500; ;-47500; ;-47500; ;-47500; ;-47500; ;-47500; ;-47500; ;-47500; ;-47500; ;-47500; ;-47500; ;-47500; ;-47500; ;-47500;-47500;-47500;-47500;-47500;-2047500; ; ; ; ; ; ; ; ; ; ; ; ; ; ; ; ; ; ; ; ; ; ; ; ; ; ; ; ; ; ; ; ; ; ; ; ; ; ; ; ; ; ; ; ; ; 
MEF;20231009;IT0005024234;20300301;-1100000;;0;19250; ;19250; ;19250; ;19250; ;19250; ;19250; ;19250; ;1119250; ; ; ; ; ; ; ; ; ; ; ; ; ; ; ; ; ; ; ; ; ; ; ; ; ; ; ; ; ; ; ; ; ; ; ; ; ; ; ; ; ; ; ; ; ; ; ; ; ; ; ; ; ; ; ; ; ; ; ; ; ; ; ; ; ; ; ; ; ; ; ; ; ; ; ; ; ; ; ; ; ; ; ; ; ; ; ; ; ; ; ; ; ; ; ; ; ; ; 
MEF;20231009;IT0005177909;20360901;-900000;;0;10125; ;10125; ;10125; ;10125; ;10125; ;10125; ;10125; ;10125; ;10125; ;10125; ;10125; ;10125; ;10125; ;10125; ;10125; ;10125; ;10125; ;10125; ;10125; ;10125; ;910125; ; ; ; ; ; ; ; ; ; ; ; ; ; ; ; ; ; ; ; ; ; ; ; ; ; ; ; ; ; ; ; ; ; ; ; ; ; ; ; ; ; ; ; ; ; ; ; ; ; ; ; ; ; ; ; ; ; ; ; ; ; ; ; ; ; ; ; ; ; ; ; ; 
MEF;20231009;IT0005358806;20350301;170000;;0;-2847.5; ;-2847.5; ;-2847.5; ;-2847.5; ;-2847.5; ;-2847.5; ;-2847.5; ;-2847.5; ;-2847.5; ;-2847.5; ;-2847.5; ;-2847.5; ;-2847.5; ;-2847.5; ;-2847.5; ;-2847.5; ;-2847.5; ;-172847.5; ; ; ; ; ; ; ; ; ; ; ; ; ; ; ; ; ; ; ; ; ; ; ; ; ; ; ; ; ; ; ; ; ; ; ; ; ; ; ; ; ; ; ; ; ; ; ; ; ; ; ; ; ; ; ; ; ; ; ; ; ; ; ; ; ; ; ; ; ; ; ; ; ; ; ; ; ; ; 
MEF;20231009;IT0005363111;20490901;19100000;;0;-367675; ;-367675; ;-367675; ;-367675; ;-367675; ;-367675; ;-367675; ;-367675; ;-367675; ;-367675; ;-367675; ;-367675; ;-367675; ;-367675; ;-367675; ;-367675; ;-367675; ;-367675; ;-367675; ;-367675; ;-367675; ;-367675; ;-367675; ;-367675; ;-367675; ;-367675; ;-367675; ;-367675; ;-367675; ;-367675; ;-367675; ;-367675;-367675;-367675;-367675;-367675;-367675;-367675;-367675;-367675;-367675;-367675;-367675;-367675;-367675;-367675;-19467675; ; ; ; ; ; ; ; ; ; ; ; ; ; ; ; ; ; ; ; ; ; ; ; ; ; ; ; ; ; ; ; ; ; ; ; 
MEF;20231009;IT0005363111;20490901;29000000;;0;-558250; ;-558250; ;-558250; ;-558250; ;-558250; ;-558250; ;-558250; ;-558250; ;-558250; ;-558250; ;-558250; ;-558250; ;-558250; ;-558250; ;-558250; ;-558250; ;-558250; ;-558250; ;-558250; ;-558250; ;-558250; ;-558250; ;-558250; ;-558250; ;-558250; ;-558250; ;-558250; ;-558250; ;-558250; ;-558250; ;-558250; ;-558250;-558250;-558250;-558250;-558250;-558250;-558250;-558250;-558250;-558250;-558250;-558250;-558250;-558250;-558250;-29558250; ; ; ; ; ; ; ; ; ; ; ; ; ; ; ; ; ; ; ; ; ; ; ; ; ; ; ; ; ; ; ; ; ; ; ; 
MEF;20231009;IT0005363111;20490901;6000000;;0;-115500; ;-115500; ;-115500; ;-115500; ;-115500; ;-115500; ;-115500; ;-115500; ;-115500; ;-115500; ;-115500; ;-115500; ;-115500; ;-115500; ;-115500; ;-115500; ;-115500; ;-115500; ;-115500; ;-115500; ;-115500; ;-115500; ;-115500; ;-115500; ;-115500; ;-115500; ;-115500; ;-115500; ;-115500; ;-115500; ;-115500; ;-115500;-115500;-115500;-115500;-115500;-115500;-115500;-115500;-115500;-115500;-115500;-115500;-115500;-115500;-115500;-6115500; ; ; ; ; ; ; ; ; ; ; ; ; ; ; ; ; ; ; ; ; ; ; ; ; ; ; ; ; ; ; ; ; ; ; ; 
MEF;20231009;IT0005402117;20360301;-1100000;;0;7975; ;7975; ;7975; ;7975; ;7975; ;7975; ;7975; ;7975; ;7975; ;7975; ;7975; ;7975; ;7975; ;7975; ;7975; ;7975; ;7975; ;7975; ;7975; ;1107975; ; ; ; ; ; ; ; ; ; ; ; ; ; ; ; ; ; ; ; ; ; ; ; ; ; ; ; ; ; ; ; ; ; ; ; ; ; ; ; ; ; ; ; ; ; ; ; ; ; ; ; ; ; ; ; ; ; ; ; ; ; ; ; ; ; ; ; ; ; ; ; ; ; ; 
MEF;20231009;IT0005530032;20430901;1800000;;0;-40050; ;-40050; ;-40050; ;-40050; ;-40050; ;-40050; ;-40050; ;-40050; ;-40050; ;-40050; ;-40050; ;-40050; ;-40050; ;-40050; ;-40050; ;-40050; ;-40050; ;-40050; ;-40050; ;-40050; ;-40050; ;-40050; ;-40050; ;-40050; ;-40050; ;-40050; ;-40050; ;-40050; ;-40050; ;-40050; ;-40050; ;-40050;-40050;-40050;-1840050; ; ; ; ; ; ; ; ; ; ; ; ; ; ; ; ; ; ; ; ; ; ; ; ; ; ; ; ; ; ; ; ; ; ; ; ; ; ; ; ; ; ; ; ; ; ; ; 
MEF;20231010;IT0004923998;20440901;-2500000;;0;59375; ;59375; ;59375; ;59375; ;59375; ;59375; ;59375; ;59375; ;59375; ;59375; ;59375; ;59375; ;59375; ;59375; ;59375; ;59375; ;59375; ;59375; ;59375; ;59375; ;59375; ;59375; ;59375; ;59375; ;59375; ;59375; ;59375; ;59375; ;59375; ;59375; ;59375; ;59375;59375;59375;59375;59375;2559375; ; ; ; ; ; ; ; ; ; ; ; ; ; ; ; ; ; ; ; ; ; ; ; ; ; ; ; ; ; ; ; ; ; ; ; ; ; ; ; ; ; ; ; ; ; 
MEF;20231010;IT0005083057;20460901;-2100000;;0;34125; ;34125; ;34125; ;34125; ;34125; ;34125; ;34125; ;34125; ;34125; ;34125; ;34125; ;34125; ;34125; ;34125; ;34125; ;34125; ;34125; ;34125; ;34125; ;34125; ;34125; ;34125; ;34125; ;34125; ;34125; ;34125; ;34125; ;34125; ;34125; ;34125; ;34125; ;34125;34125;34125;34125;34125;34125;34125;34125;34125;2134125; ; ; ; ; ; ; ; ; ; ; ; ; ; ; ; ; ; ; ; ; ; ; ; ; ; ; ; ; ; ; ; ; ; ; ; ; ; ; ; ; ; 
MEF;20231010;IT0005162828;20470301;35000000;;0;-472500; ;-472500; ;-472500; ;-472500; ;-472500; ;-472500; ;-472500; ;-472500; ;-472500; ;-472500; ;-472500; ;-472500; ;-472500; ;-472500; ;-472500; ;-472500; ;-472500; ;-472500; ;-472500; ;-472500; ;-472500; ;-472500; ;-472500; ;-472500; ;-472500; ;-472500; ;-472500; ;-472500; ;-472500; ;-472500; ;-472500; ;-472500;-472500;-472500;-472500;-472500;-472500;-472500;-472500;-472500;-472500;-35472500; ; ; ; ; ; ; ; ; ; ; ; ; ; ; ; ; ; ; ; ; ; ; ; ; ; ; ; ; ; ; ; ; ; ; ; ; ; ; ; ; 
MEF;20231010;IT0005273013;20480301;-1400000;;0;24150; ;24150; ;24150; ;24150; ;24150; ;24150; ;24150; ;24150; ;24150; ;24150; ;24150; ;24150; ;24150; ;24150; ;24150; ;24150; ;24150; ;24150; ;24150; ;24150; ;24150; ;24150; ;24150; ;24150; ;24150; ;24150; ;24150; ;24150; ;24150; ;24150; ;24150; ;24150;24150;24150;24150;24150;24150;24150;24150;24150;24150;24150;24150;1424150; ; ; ; ; ; ; ; ; ; ; ; ; ; ; ; ; ; ; ; ; ; ; ; ; ; ; ; ; ; ; ; ; ; ; ; ; ; ; 
MEF;20231010;IT0005363111;20490901;19600000;;0;-377300; ;-377300; ;-377300; ;-377300; ;-377300; ;-377300; ;-377300; ;-377300; ;-377300; ;-377300; ;-377300; ;-377300; ;-377300; ;-377300; ;-377300; ;-377300; ;-377300; ;-377300; ;-377300; ;-377300; ;-377300; ;-377300; ;-377300; ;-377300; ;-377300; ;-377300; ;-377300; ;-377300; ;-377300; ;-377300; ;-377300; ;-377300;-377300;-377300;-377300;-377300;-377300;-377300;-377300;-377300;-377300;-377300;-377300;-377300;-377300;-377300;-19977300; ; ; ; ; ; ; ; ; ; ; ; ; ; ; ; ; ; ; ; ; ; ; ; ; ; ; ; ; ; ; ; ; ; ; ; 
MEF;20231010;IT0005363111;20490901;19650000;;0;-378262.5; ;-378262.5; ;-378262.5; ;-378262.5; ;-378262.5; ;-378262.5; ;-378262.5; ;-378262.5; ;-378262.5; ;-378262.5; ;-378262.5; ;-378262.5; ;-378262.5; ;-378262.5; ;-378262.5; ;-378262.5; ;-378262.5; ;-378262.5; ;-378262.5; ;-378262.5; ;-378262.5; ;-378262.5; ;-378262.5; ;-378262.5; ;-378262.5; ;-378262.5; ;-378262.5; ;-378262.5; ;-378262.5; ;-378262.5; ;-378262.5; ;-378262.5;-378262.5;-378262.5;-378262.5;-378262.5;-378262.5;-378262.5;-378262.5;-378262.5;-378262.5;-378262.5;-378262.5;-378262.5;-378262.5;-378262.5;-20028262.5; ; ; ; ; ; ; ; ; ; ; ; ; ; ; ; ; ; ; ; ; ; ; ; ; ; ; ; ; ; ; ; ; ; ; ; 
MEF;20231010;IT0005363111;20490901;20000000;;0;-385000; ;-385000; ;-385000; ;-385000; ;-385000; ;-385000; ;-385000; ;-385000; ;-385000; ;-385000; ;-385000; ;-385000; ;-385000; ;-385000; ;-385000; ;-385000; ;-385000; ;-385000; ;-385000; ;-385000; ;-385000; ;-385000; ;-385000; ;-385000; ;-385000; ;-385000; ;-385000; ;-385000; ;-385000; ;-385000; ;-385000; ;-385000;-385000;-385000;-385000;-385000;-385000;-385000;-385000;-385000;-385000;-385000;-385000;-385000;-385000;-385000;-20385000; ; ; ; ; ; ; ; ; ; ; ; ; ; ; ; ; ; ; ; ; ; ; ; ; ; ; ; ; ; ; ; ; ; ; ; 
MEF;20231010;IT0005421703;20410301;-1100000;;0;9900; ;9900; ;9900; ;9900; ;9900; ;9900; ;9900; ;9900; ;9900; ;9900; ;9900; ;9900; ;9900; ;9900; ;9900; ;9900; ;9900; ;9900; ;9900; ;9900; ;9900; ;9900; ;9900; ;9900; ;9900; ;9900; ;9900; ;9900; ;9900; ;1109900; ; ; ; ; ; ; ; ; ; ; ; ; ; ; ; ; ; ; ; ; ; ; ; ; ; ; ; ; ; ; ; ; ; ; ; ; ; ; ; ; ; ; ; ; ; ; ; ; ; ; ; ; ; ; 
MEF;20231010;IT0005421703;20410301;-1500000;;0;13500; ;13500; ;13500; ;13500; ;13500; ;13500; ;13500; ;13500; ;13500; ;13500; ;13500; ;13500; ;13500; ;13500; ;13500; ;13500; ;13500; ;13500; ;13500; ;13500; ;13500; ;13500; ;13500; ;13500; ;13500; ;13500; ;13500; ;13500; ;13500; ;1513500; ; ; ; ; ; ; ; ; ; ; ; ; ; ; ; ; ; ; ; ; ; ; ; ; ; ; ; ; ; ; ; ; ; ; ; ; ; ; ; ; ; ; ; ; ; ; ; ; ; ; ; ; ; ; 
MEF;20231010;IT0005433195;20370301;-1200000;;0;5700; ;5700; ;5700; ;5700; ;5700; ;5700; ;5700; ;5700; ;5700; ;5700; ;5700; ;5700; ;5700; ;5700; ;5700; ;5700; ;5700; ;5700; ;5700; ;5700; ;5700; ;1205700; ; ; ; ; ; ; ; ; ; ; ; ; ; ; ; ; ; ; ; ; ; ; ; ; ; ; ; ; ; ; ; ; ; ; ; ; ; ; ; ; ; ; ; ; ; ; ; ; ; ; ; ; ; ; ; ; ; ; ; ; ; ; ; ; ; ; ; ; ; ; 
MEF;20231010;IT0005480980;20520901;6000000;;0;-64500; ;-64500; ;-64500; ;-64500; ;-64500; ;-64500; ;-64500; ;-64500; ;-64500; ;-64500; ;-64500; ;-64500; ;-64500; ;-64500; ;-64500; ;-64500; ;-64500; ;-64500; ;-64500; ;-64500; ;-64500; ;-64500; ;-64500; ;-64500; ;-64500; ;-64500; ;-64500; ;-64500; ;-64500; ;-64500; ;-64500; ;-64500;-64500;-64500;-64500;-64500;-64500;-64500;-64500;-64500;-64500;-64500;-64500;-64500;-64500;-64500;-64500;-64500;-64500;-64500;-64500;-64500;-6064500; ; ; ; ; ; ; ; ; ; ; ; ; ; ; ; ; ; ; ; ; ; ; ; ; ; ; ; ; ; 
MEF;20231011;IT0004889033;20280901;12000000;;0;-285000; ;-285000; ;-285000; ;-285000; ;-12285000; ; ; ; ; ; ; ; ; ; ; ; ; ; ; ; ; ; ; ; ; ; ; ; ; ; ; ; ; ; ; ; ; ; ; ; ; ; ; ; ; ; ; ; ; ; ; ; ; ; ; ; ; ; ; ; ; ; ; ; ; ; ; ; ; ; ; ; ; ; ; ; ; ; ; ; ; ; ; ; ; ; ; ; ; ; ; ; ; ; ; ; ; ; ; ; ; ; ; ; ; ; ; ; ; 
MEF;20231011;IT0004889033;20280901;500000;;0;-11875; ;-11875; ;-11875; ;-11875; ;-511875; ; ; ; ; ; ; ; ; ; ; ; ; ; ; ; ; ; ; ; ; ; ; ; ; ; ; ; ; ; ; ; ; ; ; ; ; ; ; ; ; ; ; ; ; ; ; ; ; ; ; ; ; ; ; ; ; ; ; ; ; ; ; ; ; ; ; ; ; ; ; ; ; ; ; ; ; ; ; ; ; ; ; ; ; ; ; ; ; ; ; ; ; ; ; ; ; ; ; ; ; ; ; ; ; 
MEF;20231011;IT0004889033;20280901;5400000;;0;-128250; ;-128250; ;-128250; ;-128250; ;-5528250; ; ; ; ; ; ; ; ; ; ; ; ; ; ; ; ; ; ; ; ; ; ; ; ; ; ; ; ; ; ; ; ; ; ; ; ; ; ; ; ; ; ; ; ; ; ; ; ; ; ; ; ; ; ; ; ; ; ; ; ; ; ; ; ; ; ; ; ; ; ; ; ; ; ; ; ; ; ; ; ; ; ; ; ; ; ; ; ; ; ; ; ; ; ; ; ; ; ; ; ; ; ; ; ; 
MEF;20231011;IT0005024234;20300301;-1600000;;0;28000; ;28000; ;28000; ;28000; ;28000; ;28000; ;28000; ;1628000; ; ; ; ; ; ; ; ; ; ; ; ; ; ; ; ; ; ; ; ; ; ; ; ; ; ; ; ; ; ; ; ; ; ; ; ; ; ; ; ; ; ; ; ; ; ; ; ; ; ; ; ; ; ; ; ; ; ; ; ; ; ; ; ; ; ; ; ; ; ; ; ; ; ; ; ; ; ; ; ; ; ; ; ; ; ; ; ; ; ; ; ; ; ; ; ; ; ; 
MEF;20231011;IT0005094088;20320301;-2100000;;0;17325; ;17325; ;17325; ;17325; ;17325; ;17325; ;17325; ;17325; ;17325; ;17325; ;17325; ;2117325; ; ; ; ; ; ; ; ; ; ; ; ; ; ; ; ; ; ; ; ; ; ; ; ; ; ; ; ; ; ; ; ; ; ; ; ; ; ; ; ; ; ; ; ; ; ; ; ; ; ; ; ; ; ; ; ; ; ; ; ; ; ; ; ; ; ; ; ; ; ; ; ; ; ; ; ; ; ; ; ; ; ; ; ; ; ; ; ; ; ; 
MEF;20231011;IT0005177909;20360901;-1800000;;0;20250; ;20250; ;20250; ;20250; ;20250; ;20250; ;20250; ;20250; ;20250; ;20250; ;20250; ;20250; ;20250; ;20250; ;20250; ;20250; ;20250; ;20250; ;20250; ;20250; ;1820250; ; ; ; ; ; ; ; ; ; ; ; ; ; ; ; ; ; ; ; ; ; ; ; ; ; ; ; ; ; ; ; ; ; ; ; ; ; ; ; ; ; ; ; ; ; ; ; ; ; ; ; ; ; ; ; ; ; ; ; ; ; ; ; ; ; ; ; ; ; ; ; ; 
MEF;20231011;IT0005240350;20330901;-1900000;;0;23275; ;23275; ;23275; ;23275; ;23275; ;23275; ;23275; ;23275; ;23275; ;23275; ;23275; ;23275; ;23275; ;23275; ;1923275; ; ; ; ; ; ; ; ; ; ; ; ; ; ; ; ; ; ; ; ; ; ; ; ; ; ; ; ; ; ; ; ; ; ; ; ; ; ; ; ; ; ; ; ; ; ; ; ; ; ; ; ; ; ; ; ; ; ; ; ; ; ; ; ; ; ; ; ; ; ; ; ; ; ; ; ; ; ; ; ; ; ; ; ; 
MEF;20231011;IT0005273013;20480301;32000000;;0;-552000; ;-552000; ;-552000; ;-552000; ;-552000; ;-552000; ;-552000; ;-552000; ;-552000; ;-552000; ;-552000; ;-552000; ;-552000; ;-552000; ;-552000; ;-552000; ;-552000; ;-552000; ;-552000; ;-552000; ;-552000; ;-552000; ;-552000; ;-552000; ;-552000; ;-552000; ;-552000; ;-552000; ;-552000; ;-552000; ;-552000; ;-552000;-552000;-552000;-552000;-552000;-552000;-552000;-552000;-552000;-552000;-552000;-552000;-32552000; ; ; ; ; ; ; ; ; ; ; ; ; ; ; ; ; ; ; ; ; ; ; ; ; ; ; ; ; ; ; ; ; ; ; ; ; ; ; 
MEF;20231013;IT0005496770;20380301;5000000;;0;-81250; ;-81250; ;-81250; ;-81250; ;-81250; ;-81250; ;-81250; ;-81250; ;-81250; ;-81250; ;-81250; ;-81250; ;-81250; ;-81250; ;-81250; ;-81250; ;-81250; ;-81250; ;-81250; ;-81250; ;-81250; ;-81250; ;-81250; ;-5081250; ; ; ; ; ; ; ; ; ; ; ; ; ; ; ; ; ; ; ; ; ; ; ; ; ; ; ; ; ; ; ; ; ; ; ; ; ; ; ; ; ; ; ; ; ; ; ; ; ; ; ; ; ; ; ; ; ; ; ; ; ; ; ; ; ; ; 
MEF;20231018;IT0005240350;20330901;500000;;0;-6125; ;-6125; ;-6125; ;-6125; ;-6125; ;-6125; ;-6125; ;-6125; ;-6125; ;-6125; ;-6125; ;-6125; ;-6125; ;-6125; ;-506125; ; ; ; ; ; ; ; ; ; ; ; ; ; ; ; ; ; ; ; ; ; ; ; ; ; ; ; ; ; ; ; ; ; ; ; ; ; ; ; ; ; ; ; ; ; ; ; ; ; ; ; ; ; ; ; ; ; ; ; ; ; ; ; ; ; ; ; ; ; ; ; ; ; ; ; ; ; ; ; ; ; ; ; ; 
MEF;20231019;IT0004889033;20280901;7000000;;0;-166250; ;-166250; ;-166250; ;-166250; ;-7166250; ; ; ; ; ; ; ; ; ; ; ; ; ; ; ; ; ; ; ; ; ; ; ; ; ; ; ; ; ; ; ; ; ; ; ; ; ; ; ; ; ; ; ; ; ; ; ; ; ; ; ; ; ; ; ; ; ; ; ; ; ; ; ; ; ; ; ; ; ; ; ; ; ; ; ; ; ; ; ; ; ; ; ; ; ; ; ; ; ; ; ; ; ; ; ; ; ; ; ; ; ; ; ; ; 
MEF;20231019;IT0005094088;20320301;500000;;0;-4125; ;-4125; ;-4125; ;-4125; ;-4125; ;-4125; ;-4125; ;-4125; ;-4125; ;-4125; ;-4125; ;-504125; ; ; ; ; ; ; ; ; ; ; ; ; ; ; ; ; ; ; ; ; ; ; ; ; ; ; ; ; ; ; ; ; ; ; ; ; ; ; ; ; ; ; ; ; ; ; ; ; ; ; ; ; ; ; ; ; ; ; ; ; ; ; ; ; ; ; ; ; ; ; ; ; ; ; ; ; ; ; ; ; ; ; ; ; ; ; ; ; ; ; 
MEF;20231019;IT0005433195;20370301;-1600000;;0;7600; ;7600; ;7600; ;7600; ;7600; ;7600; ;7600; ;7600; ;7600; ;7600; ;7600; ;7600; ;7600; ;7600; ;7600; ;7600; ;7600; ;7600; ;7600; ;7600; ;7600; ;1607600; ; ; ; ; ; ; ; ; ; ; ; ; ; ; ; ; ; ; ; ; ; ; ; ; ; ; ; ; ; ; ; ; ; ; ; ; ; ; ; ; ; ; ; ; ; ; ; ; ; ; ; ; ; ; ; ; ; ; ; ; ; ; ; ; ; ; ; ; ; ; 
MEF;20231020;IT0004923998;20440901;5900000;;0;-140125; ;-140125; ;-140125; ;-140125; ;-140125; ;-140125; ;-140125; ;-140125; ;-140125; ;-140125; ;-140125; ;-140125; ;-140125; ;-140125; ;-140125; ;-140125; ;-140125; ;-140125; ;-140125; ;-140125; ;-140125; ;-140125; ;-140125; ;-140125; ;-140125; ;-140125; ;-140125; ;-140125; ;-140125; ;-140125; ;-140125; ;-140125;-140125;-140125;-140125;-140125;-6040125; ; ; ; ; ; ; ; ; ; ; ; ; ; ; ; ; ; ; ; ; ; ; ; ; ; ; ; ; ; ; ; ; ; ; ; ; ; ; ; ; ; ; ; ; ; 
MEF;20231023;IT0005377152;20400301;-2100000;;0;32550; ;32550; ;32550; ;32550; ;32550; ;32550; ;32550; ;32550; ;32550; ;32550; ;32550; ;32550; ;32550; ;32550; ;32550; ;32550; ;32550; ;32550; ;32550; ;32550; ;32550; ;32550; ;32550; ;32550; ;32550; ;32550; ;32550; ;2132550; ; ; ; ; ; ; ; ; ; ; ; ; ; ; ; ; ; ; ; ; ; ; ; ; ; ; ; ; ; ; ; ; ; ; ; ; ; ; ; ; ; ; ; ; ; ; ; ; ; ; ; ; ; ; ; ; ; ; 
MEF;20231023;IT0005530032;20430901;-1900000;;0;42275; ;42275; ;42275; ;42275; ;42275; ;42275; ;42275; ;42275; ;42275; ;42275; ;42275; ;42275; ;42275; ;42275; ;42275; ;42275; ;42275; ;42275; ;42275; ;42275; ;42275; ;42275; ;42275; ;42275; ;42275; ;42275; ;42275; ;42275; ;42275; ;42275; ;42275; ;42275;42275;42275;1942275; ; ; ; ; ; ; ; ; ; ; ; ; ; ; ; ; ; ; ; ; ; ; ; ; ; ; ; ; ; ; ; ; ; ; ; ; ; ; ; ; ; ; ; ; ; ; ; 
MEF;20231024;IT0005162828;20470301;-1200000;;0;16200; ;16200; ;16200; ;16200; ;16200; ;16200; ;16200; ;16200; ;16200; ;16200; ;16200; ;16200; ;16200; ;16200; ;16200; ;16200; ;16200; ;16200; ;16200; ;16200; ;16200; ;16200; ;16200; ;16200; ;16200; ;16200; ;16200; ;16200; ;16200; ;16200; ;16200; ;16200;16200;16200;16200;16200;16200;16200;16200;16200;16200;1216200; ; ; ; ; ; ; ; ; ; ; ; ; ; ; ; ; ; ; ; ; ; ; ; ; ; ; ; ; ; ; ; ; ; ; ; ; ; ; ; ; 
MEF;20231024;IT0005321325;20380901;-2400000;;0;35400; ;35400; ;35400; ;35400; ;35400; ;35400; ;35400; ;35400; ;35400; ;35400; ;35400; ;35400; ;35400; ;35400; ;35400; ;35400; ;35400; ;35400; ;35400; ;35400; ;35400; ;35400; ;35400; ;35400; ;2435400; ; ; ; ; ; ; ; ; ; ; ; ; ; ; ; ; ; ; ; ; ; ; ; ; ; ; ; ; ; ; ; ; ; ; ; ; ; ; ; ; ; ; ; ; ; ; ; ; ; ; ; ; ; ; ; ; ; ; ; ; ; ; ; ; 
MEF;20231024;IT0005496770;20380301;-1100000;;0;17875; ;17875; ;17875; ;17875; ;17875; ;17875; ;17875; ;17875; ;17875; ;17875; ;17875; ;17875; ;17875; ;17875; ;17875; ;17875; ;17875; ;17875; ;17875; ;17875; ;17875; ;17875; ;17875; ;1117875; ; ; ; ; ; ; ; ; ; ; ; ; ; ; ; ; ; ; ; ; ; ; ; ; ; ; ; ; ; ; ; ; ; ; ; ; ; ; ; ; ; ; ; ; ; ; ; ; ; ; ; ; ; ; ; ; ; ; ; ; ; ; ; ; ; ; 
MEF;20231025;IT0004889033;20280901;1000000;;0;-23750; ;-23750; ;-23750; ;-23750; ;-1023750; ; ; ; ; ; ; ; ; ; ; ; ; ; ; ; ; ; ; ; ; ; ; ; ; ; ; ; ; ; ; ; ; ; ; ; ; ; ; ; ; ; ; ; ; ; ; ; ; ; ; ; ; ; ; ; ; ; ; ; ; ; ; ; ; ; ; ; ; ; ; ; ; ; ; ; ; ; ; ; ; ; ; ; ; ; ; ; ; ; ; ; ; ; ; ; ; ; ; ; ; ; ; ; ; 
MEF;20231026;IT0005024234;20300301;-2000000;;0;35000; ;35000; ;35000; ;35000; ;35000; ;35000; ;35000; ;2035000; ; ; ; ; ; ; ; ; ; ; ; ; ; ; ; ; ; ; ; ; ; ; ; ; ; ; ; ; ; ; ; ; ; ; ; ; ; ; ; ; ; ; ; ; ; ; ; ; ; ; ; ; ; ; ; ; ; ; ; ; ; ; ; ; ; ; ; ; ; ; ; ; ; ; ; ; ; ; ; ; ; ; ; ; ; ; ; ; ; ; ; ; ; ; ; ; ; ; 
MEF;20231026;IT0005094088;20320301;-1000000;;0;8250; ;8250; ;8250; ;8250; ;8250; ;8250; ;8250; ;8250; ;8250; ;8250; ;8250; ;1008250; ; ; ; ; ; ; ; ; ; ; ; ; ; ; ; ; ; ; ; ; ; ; ; ; ; ; ; ; ; ; ; ; ; ; ; ; ; ; ; ; ; ; ; ; ; ; ; ; ; ; ; ; ; ; ; ; ; ; ; ; ; ; ; ; ; ; ; ; ; ; ; ; ; ; ; ; ; ; ; ; ; ; ; ; ; ; ; ; ; ; 
MEF;20231026;IT0005177909;20360901;-3000000;;0;33750; ;33750; ;33750; ;33750; ;33750; ;33750; ;33750; ;33750; ;33750; ;33750; ;33750; ;33750; ;33750; ;33750; ;33750; ;33750; ;33750; ;33750; ;33750; ;33750; ;3033750; ; ; ; ; ; ; ; ; ; ; ; ; ; ; ; ; ; ; ; ; ; ; ; ; ; ; ; ; ; ; ; ; ; ; ; ; ; ; ; ; ; ; ; ; ; ; ; ; ; ; ; ; ; ; ; ; ; ; ; ; ; ; ; ; ; ; ; ; ; ; ; ; 
MEF;20231026;IT0005273013;20480301;-1000000;;0;17250; ;17250; ;17250; ;17250; ;17250; ;17250; ;17250; ;17250; ;17250; ;17250; ;17250; ;17250; ;17250; ;17250; ;17250; ;17250; ;17250; ;17250; ;17250; ;17250; ;17250; ;17250; ;17250; ;17250; ;17250; ;17250; ;17250; ;17250; ;17250; ;17250; ;17250; ;17250;17250;17250;17250;17250;17250;17250;17250;17250;17250;17250;17250;1017250; ; ; ; ; ; ; ; ; ; ; ; ; ; ; ; ; ; ; ; ; ; ; ; ; ; ; ; ; ; ; ; ; ; ; ; ; ; ; 
MEF;20231026;IT0005321325;20380901;-3000000;;0;44250; ;44250; ;44250; ;44250; ;44250; ;44250; ;44250; ;44250; ;44250; ;44250; ;44250; ;44250; ;44250; ;44250; ;44250; ;44250; ;44250; ;44250; ;44250; ;44250; ;44250; ;44250; ;44250; ;44250; ;3044250; ; ; ; ; ; ; ; ; ; ; ; ; ; ; ; ; ; ; ; ; ; ; ; ; ; ; ; ; ; ; ; ; ; ; ; ; ; ; ; ; ; ; ; ; ; ; ; ; ; ; ; ; ; ; ; ; ; ; ; ; ; ; ; ; 
MEF;20231026;IT0005358806;20350301;-1000000;;0;16750; ;16750; ;16750; ;16750; ;16750; ;16750; ;16750; ;16750; ;16750; ;16750; ;16750; ;16750; ;16750; ;16750; ;16750; ;16750; ;16750; ;1016750; ; ; ; ; ; ; ; ; ; ; ; ; ; ; ; ; ; ; ; ; ; ; ; ; ; ; ; ; ; ; ; ; ; ; ; ; ; ; ; ; ; ; ; ; ; ; ; ; ; ; ; ; ; ; ; ; ; ; ; ; ; ; ; ; ; ; ; ; ; ; ; ; ; ; ; ; ; ; 
MEF;20231026;IT0005377152;20400301;-3000000;;0;46500; ;46500; ;46500; ;46500; ;46500; ;46500; ;46500; ;46500; ;46500; ;46500; ;46500; ;46500; ;46500; ;46500; ;46500; ;46500; ;46500; ;46500; ;46500; ;46500; ;46500; ;46500; ;46500; ;46500; ;46500; ;46500; ;46500; ;3046500; ; ; ; ; ; ; ; ; ; ; ; ; ; ; ; ; ; ; ; ; ; ; ; ; ; ; ; ; ; ; ; ; ; ; ; ; ; ; ; ; ; ; ; ; ; ; ; ; ; ; ; ; ; ; ; ; ; ; 
MEF;20231026;IT0005398406;20500901;-1000000;;0;12250; ;12250; ;12250; ;12250; ;12250; ;12250; ;12250; ;12250; ;12250; ;12250; ;12250; ;12250; ;12250; ;12250; ;12250; ;12250; ;12250; ;12250; ;12250; ;12250; ;12250; ;12250; ;12250; ;12250; ;12250; ;12250; ;12250; ;12250; ;12250; ;12250; ;12250; ;12250;12250;12250;12250;12250;12250;12250;12250;12250;12250;12250;12250;12250;12250;12250;12250;12250;1012250; ; ; ; ; ; ; ; ; ; ; ; ; ; ; ; ; ; ; ; ; ; ; ; ; ; ; ; ; ; ; ; ; ; 
MEF;20231026;IT0005402117;20360301;-4000000;;0;29000; ;29000; ;29000; ;29000; ;29000; ;29000; ;29000; ;29000; ;29000; ;29000; ;29000; ;29000; ;29000; ;29000; ;29000; ;29000; ;29000; ;29000; ;29000; ;4029000; ; ; ; ; ; ; ; ; ; ; ; ; ; ; ; ; ; ; ; ; ; ; ; ; ; ; ; ; ; ; ; ; ; ; ; ; ; ; ; ; ; ; ; ; ; ; ; ; ; ; ; ; ; ; ; ; ; ; ; ; ; ; ; ; ; ; ; ; ; ; ; ; ; ; 
MEF;20231026;IT0005421703;20410301;-4000000;;0;36000; ;36000; ;36000; ;36000; ;36000; ;36000; ;36000; ;36000; ;36000; ;36000; ;36000; ;36000; ;36000; ;36000; ;36000; ;36000; ;36000; ;36000; ;36000; ;36000; ;36000; ;36000; ;36000; ;36000; ;36000; ;36000; ;36000; ;36000; ;36000; ;4036000; ; ; ; ; ; ; ; ; ; ; ; ; ; ; ; ; ; ; ; ; ; ; ; ; ; ; ; ; ; ; ; ; ; ; ; ; ; ; ; ; ; ; ; ; ; ; ; ; ; ; ; ; ; ; 
MEF;20231026;IT0005433195;20370301;-3000000;;0;14250; ;14250; ;14250; ;14250; ;14250; ;14250; ;14250; ;14250; ;14250; ;14250; ;14250; ;14250; ;14250; ;14250; ;14250; ;14250; ;14250; ;14250; ;14250; ;14250; ;14250; ;3014250; ; ; ; ; ; ; ; ; ; ; ; ; ; ; ; ; ; ; ; ; ; ; ; ; ; ; ; ; ; ; ; ; ; ; ; ; ; ; ; ; ; ; ; ; ; ; ; ; ; ; ; ; ; ; ; ; ; ; ; ; ; ; ; ; ; ; ; ; ; ; 
MEF;20231031;IT0005240350;20330901;1000000;;0;-12250; ;-12250; ;-12250; ;-12250; ;-12250; ;-12250; ;-12250; ;-12250; ;-12250; ;-12250; ;-12250; ;-12250; ;-12250; ;-12250; ;-1012250; ; ; ; ; ; ; ; ; ; ; ; ; ; ; ; ; ; ; ; ; ; ; ; ; ; ; ; ; ; ; ; ; ; ; ; ; ; ; ; ; ; ; ; ; ; ; ; ; ; ; ; ; ; ; ; ; ; ; ; ; ; ; ; ; ; ; ; ; ; ; ; ; ; ; ; ; ; ; ; ; ; ; ; ; 
MEF;20231102;IT0005094088;20320301;450000;;0;-3712.5; ;-3712.5; ;-3712.5; ;-3712.5; ;-3712.5; ;-3712.5; ;-3712.5; ;-3712.5; ;-3712.5; ;-3712.5; ;-3712.5; ;-453712.5; ; ; ; ; ; ; ; ; ; ; ; ; ; ; ; ; ; ; ; ; ; ; ; ; ; ; ; ; ; ; ; ; ; ; ; ; ; ; ; ; ; ; ; ; ; ; ; ; ; ; ; ; ; ; ; ; ; ; ; ; ; ; ; ; ; ; ; ; ; ; ; ; ; ; ; ; ; ; ; ; ; ; ; ; ; ; ; ; ; ; 
MEF;20231102;IT0005240350;20330901;1000000;;0;-12250; ;-12250; ;-12250; ;-12250; ;-12250; ;-12250; ;-12250; ;-12250; ;-12250; ;-12250; ;-12250; ;-12250; ;-12250; ;-12250; ;-1012250; ; ; ; ; ; ; ; ; ; ; ; ; ; ; ; ; ; ; ; ; ; ; ; ; ; ; ; ; ; ; ; ; ; ; ; ; ; ; ; ; ; ; ; ; ; ; ; ; ; ; ; ; ; ; ; ; ; ; ; ; ; ; ; ; ; ; ; ; ; ; ; ; ; ; ; ; ; ; ; ; ; ; ; ; 
MEF;20231102;IT0005402117;20360301;-1800000;;0;13050; ;13050; ;13050; ;13050; ;13050; ;13050; ;13050; ;13050; ;13050; ;13050; ;13050; ;13050; ;13050; ;13050; ;13050; ;13050; ;13050; ;13050; ;13050; ;1813050; ; ; ; ; ; ; ; ; ; ; ; ; ; ; ; ; ; ; ; ; ; ; ; ; ; ; ; ; ; ; ; ; ; ; ; ; ; ; ; ; ; ; ; ; ; ; ; ; ; ; ; ; ; ; ; ; ; ; ; ; ; ; ; ; ; ; ; ; ; ; ; ; ; ; 
MEF;20231106;IT0005240350;20330901;3500000;;0;-42875; ;-42875; ;-42875; ;-42875; ;-42875; ;-42875; ;-42875; ;-42875; ;-42875; ;-42875; ;-42875; ;-42875; ;-42875; ;-42875; ;-3542875; ; ; ; ; ; ; ; ; ; ; ; ; ; ; ; ; ; ; ; ; ; ; ; ; ; ; ; ; ; ; ; ; ; ; ; ; ; ; ; ; ; ; ; ; ; ; ; ; ; ; ; ; ; ; ; ; ; ; ; ; ; ; ; ; ; ; ; ; ; ; ; ; ; ; ; ; ; ; ; ; ; ; ; ; 
MEF;20231106;IT0005398406;20500901;1000000;;0;-12250; ;-12250; ;-12250; ;-12250; ;-12250; ;-12250; ;-12250; ;-12250; ;-12250; ;-12250; ;-12250; ;-12250; ;-12250; ;-12250; ;-12250; ;-12250; ;-12250; ;-12250; ;-12250; ;-12250; ;-12250; ;-12250; ;-12250; ;-12250; ;-12250; ;-12250; ;-12250; ;-12250; ;-12250; ;-12250; ;-12250; ;-12250;-12250;-12250;-12250;-12250;-12250;-12250;-12250;-12250;-12250;-12250;-12250;-12250;-12250;-12250;-12250;-12250;-1012250; ; ; ; ; ; ; ; ; ; ; ; ; ; ; ; ; ; ; ; ; ; ; ; ; ; ; ; ; ; ; ; ; ; 
MEF;20231106;IT0005530032;20430901;4000000;;0;-89000; ;-89000; ;-89000; ;-89000; ;-89000; ;-89000; ;-89000; ;-89000; ;-89000; ;-89000; ;-89000; ;-89000; ;-89000; ;-89000; ;-89000; ;-89000; ;-89000; ;-89000; ;-89000; ;-89000; ;-89000; ;-89000; ;-89000; ;-89000; ;-89000; ;-89000; ;-89000; ;-89000; ;-89000; ;-89000; ;-89000; ;-89000;-89000;-89000;-4089000; ; ; ; ; ; ; ; ; ; ; ; ; ; ; ; ; ; ; ; ; ; ; ; ; ; ; ; ; ; ; ; ; ; ; ; ; ; ; ; ; ; ; ; ; ; ; ; 
MEF;20231107;IT0004889033;20280901;500000;;0;-11875; ;-11875; ;-11875; ;-11875; ;-511875; ; ; ; ; ; ; ; ; ; ; ; ; ; ; ; ; ; ; ; ; ; ; ; ; ; ; ; ; ; ; ; ; ; ; ; ; ; ; ; ; ; ; ; ; ; ; ; ; ; ; ; ; ; ; ; ; ; ; ; ; ; ; ; ; ; ; ; ; ; ; ; ; ; ; ; ; ; ; ; ; ; ; ; ; ; ; ; ; ; ; ; ; ; ; ; ; ; ; ; ; ; ; ; ; 
MEF;20231107;IT0005094088;20320301;100000;;0;-825; ;-825; ;-825; ;-825; ;-825; ;-825; ;-825; ;-825; ;-825; ;-825; ;-825; ;-100825; ; ; ; ; ; ; ; ; ; ; ; ; ; ; ; ; ; ; ; ; ; ; ; ; ; ; ; ; ; ; ; ; ; ; ; ; ; ; ; ; ; ; ; ; ; ; ; ; ; ; ; ; ; ; ; ; ; ; ; ; ; ; ; ; ; ; ; ; ; ; ; ; ; ; ; ; ; ; ; ; ; ; ; ; ; ; ; ; ; ; 
MEF;20231107;IT0005162828;20470301;500000;;0;-6750; ;-6750; ;-6750; ;-6750; ;-6750; ;-6750; ;-6750; ;-6750; ;-6750; ;-6750; ;-6750; ;-6750; ;-6750; ;-6750; ;-6750; ;-6750; ;-6750; ;-6750; ;-6750; ;-6750; ;-6750; ;-6750; ;-6750; ;-6750; ;-6750; ;-6750; ;-6750; ;-6750; ;-6750; ;-6750; ;-6750; ;-6750;-6750;-6750;-6750;-6750;-6750;-6750;-6750;-6750;-6750;-506750; ; ; ; ; ; ; ; ; ; ; ; ; ; ; ; ; ; ; ; ; ; ; ; ; ; ; ; ; ; ; ; ; ; ; ; ; ; ; ; ; 
MEF;20231107;IT0005217390;20670301;-7000000;;0;98000; ;98000; ;98000; ;98000; ;98000; ;98000; ;98000; ;98000; ;98000; ;98000; ;98000; ;98000; ;98000; ;98000; ;98000; ;98000; ;98000; ;98000; ;98000; ;98000; ;98000; ;98000; ;98000; ;98000; ;98000; ;98000; ;98000; ;98000; ;98000; ;98000; ;98000; ;98000;98000;98000;98000;98000;98000;98000;98000;98000;98000;98000;98000;98000;98000;98000;98000;98000;98000;98000;98000;98000;98000;98000;98000;98000;98000;98000;98000;98000;98000;98000;98000;98000;98000;98000;98000;98000;98000;98000;98000;98000;98000;98000;98000;98000;98000;98000;98000;98000;98000;7098000; 
MEF;20231107;IT0005240350;20330901;3000000;;0;-36750; ;-36750; ;-36750; ;-36750; ;-36750; ;-36750; ;-36750; ;-36750; ;-36750; ;-36750; ;-36750; ;-36750; ;-36750; ;-36750; ;-3036750; ; ; ; ; ; ; ; ; ; ; ; ; ; ; ; ; ; ; ; ; ; ; ; ; ; ; ; ; ; ; ; ; ; ; ; ; ; ; ; ; ; ; ; ; ; ; ; ; ; ; ; ; ; ; ; ; ; ; ; ; ; ; ; ; ; ; ; ; ; ; ; ; ; ; ; ; ; ; ; ; ; ; ; ; 
MEF;20231109;IT0005240350;20330901;1000000;;0;-12250; ;-12250; ;-12250; ;-12250; ;-12250; ;-12250; ;-12250; ;-12250; ;-12250; ;-12250; ;-12250; ;-12250; ;-12250; ;-12250; ;-1012250; ; ; ; ; ; ; ; ; ; ; ; ; ; ; ; ; ; ; ; ; ; ; ; ; ; ; ; ; ; ; ; ; ; ; ; ; ; ; ; ; ; ; ; ; ; ; ; ; ; ; ; ; ; ; ; ; ; ; ; ; ; ; ; ; ; ; ; ; ; ; ; ; ; ; ; ; ; ; ; ; ; ; ; ; 
MEF;20231109;IT0005240350;20330901;1050000;;0;-12862.5; ;-12862.5; ;-12862.5; ;-12862.5; ;-12862.5; ;-12862.5; ;-12862.5; ;-12862.5; ;-12862.5; ;-12862.5; ;-12862.5; ;-12862.5; ;-12862.5; ;-12862.5; ;-1062862.5; ; ; ; ; ; ; ; ; ; ; ; ; ; ; ; ; ; ; ; ; ; ; ; ; ; ; ; ; ; ; ; ; ; ; ; ; ; ; ; ; ; ; ; ; ; ; ; ; ; ; ; ; ; ; ; ; ; ; ; ; ; ; ; ; ; ; ; ; ; ; ; ; ; ; ; ; ; ; ; ; ; ; ; ; 
MEF;20231113;IT0004889033;20280901;-2700000;;0;64125; ;64125; ;64125; ;64125; ;2764125; ; ; ; ; ; ; ; ; ; ; ; ; ; ; ; ; ; ; ; ; ; ; ; ; ; ; ; ; ; ; ; ; ; ; ; ; ; ; ; ; ; ; ; ; ; ; ; ; ; ; ; ; ; ; ; ; ; ; ; ; ; ; ; ; ; ; ; ; ; ; ; ; ; ; ; ; ; ; ; ; ; ; ; ; ; ; ; ; ; ; ; ; ; ; ; ; ; ; ; ; ; ; ; ; 
MEF;20231113;IT0005094088;20320301;100000;;0;-825; ;-825; ;-825; ;-825; ;-825; ;-825; ;-825; ;-825; ;-825; ;-825; ;-825; ;-100825; ; ; ; ; ; ; ; ; ; ; ; ; ; ; ; ; ; ; ; ; ; ; ; ; ; ; ; ; ; ; ; ; ; ; ; ; ; ; ; ; ; ; ; ; ; ; ; ; ; ; ; ; ; ; ; ; ; ; ; ; ; ; ; ; ; ; ; ; ; ; ; ; ; ; ; ; ; ; ; ; ; ; ; ; ; ; ; ; ; ; 
MEF;20231113;IT0005094088;20320301;226000;;0;-1864.5; ;-1864.5; ;-1864.5; ;-1864.5; ;-1864.5; ;-1864.5; ;-1864.5; ;-1864.5; ;-1864.5; ;-1864.5; ;-1864.5; ;-227864.5; ; ; ; ; ; ; ; ; ; ; ; ; ; ; ; ; ; ; ; ; ; ; ; ; ; ; ; ; ; ; ; ; ; ; ; ; ; ; ; ; ; ; ; ; ; ; ; ; ; ; ; ; ; ; ; ; ; ; ; ; ; ; ; ; ; ; ; ; ; ; ; ; ; ; ; ; ; ; ; ; ; ; ; ; ; ; ; ; ; ; 
MEF;20231113;IT0005496770;20380301;-1100000;;0;17875; ;17875; ;17875; ;17875; ;17875; ;17875; ;17875; ;17875; ;17875; ;17875; ;17875; ;17875; ;17875; ;17875; ;17875; ;17875; ;17875; ;17875; ;17875; ;17875; ;17875; ;17875; ;17875; ;1117875; ; ; ; ; ; ; ; ; ; ; ; ; ; ; ; ; ; ; ; ; ; ; ; ; ; ; ; ; ; ; ; ; ; ; ; ; ; ; ; ; ; ; ; ; ; ; ; ; ; ; ; ; ; ; ; ; ; ; ; ; ; ; ; ; ; ; 
MEF;20231114;IT0005240350;20330901;2000000;;0;-24500; ;-24500; ;-24500; ;-24500; ;-24500; ;-24500; ;-24500; ;-24500; ;-24500; ;-24500; ;-24500; ;-24500; ;-24500; ;-24500; ;-2024500; ; ; ; ; ; ; ; ; ; ; ; ; ; ; ; ; ; ; ; ; ; ; ; ; ; ; ; ; ; ; ; ; ; ; ; ; ; ; ; ; ; ; ; ; ; ; ; ; ; ; ; ; ; ; ; ; ; ; ; ; ; ; ; ; ; ; ; ; ; ; ; ; ; ; ; ; ; ; ; ; ; ; ; ; 
MEF;20231116;IT0005024234;20300301;1000000;;0;-17500; ;-17500; ;-17500; ;-17500; ;-17500; ;-17500; ;-17500; ;-1017500; ; ; ; ; ; ; ; ; ; ; ; ; ; ; ; ; ; ; ; ; ; ; ; ; ; ; ; ; ; ; ; ; ; ; ; ; ; ; ; ; ; ; ; ; ; ; ; ; ; ; ; ; ; ; ; ; ; ; ; ; ; ; ; ; ; ; ; ; ; ; ; ; ; ; ; ; ; ; ; ; ; ; ; ; ; ; ; ; ; ; ; ; ; ; ; ; ; ; 
MEF;20231116;IT0005377152;20400301;5000000;;0;-77500; ;-77500; ;-77500; ;-77500; ;-77500; ;-77500; ;-77500; ;-77500; ;-77500; ;-77500; ;-77500; ;-77500; ;-77500; ;-77500; ;-77500; ;-77500; ;-77500; ;-77500; ;-77500; ;-77500; ;-77500; ;-77500; ;-77500; ;-77500; ;-77500; ;-77500; ;-77500; ;-5077500; ; ; ; ; ; ; ; ; ; ; ; ; ; ; ; ; ; ; ; ; ; ; ; ; ; ; ; ; ; ; ; ; ; ; ; ; ; ; ; ; ; ; ; ; ; ; ; ; ; ; ; ; ; ; ; ; ; ; 
MEF;20231116;IT0005530032;20430901;6000000;;0;-133500; ;-133500; ;-133500; ;-133500; ;-133500; ;-133500; ;-133500; ;-133500; ;-133500; ;-133500; ;-133500; ;-133500; ;-133500; ;-133500; ;-133500; ;-133500; ;-133500; ;-133500; ;-133500; ;-133500; ;-133500; ;-133500; ;-133500; ;-133500; ;-133500; ;-133500; ;-133500; ;-133500; ;-133500; ;-133500; ;-133500; ;-133500;-133500;-133500;-6133500; ; ; ; ; ; ; ; ; ; ; ; ; ; ; ; ; ; ; ; ; ; ; ; ; ; ; ; ; ; ; ; ; ; ; ; ; ; ; ; ; ; ; ; ; ; ; ; 
MEF;20231116;IT0005560948;20340301;-2500000;;0;52500; ;52500; ;52500; ;52500; ;52500; ;52500; ;52500; ;52500; ;52500; ;52500; ;52500; ;52500; ;52500; ;52500; ;52500; ;2552500; ; ; ; ; ; ; ; ; ; ; ; ; ; ; ; ; ; ; ; ; ; ; ; ; ; ; ; ; ; ; ; ; ; ; ; ; ; ; ; ; ; ; ; ; ; ; ; ; ; ; ; ; ; ; ; ; ; ; ; ; ; ; ; ; ; ; ; ; ; ; ; ; ; ; ; ; ; ; ; ; ; ; 
MEF;20231117;IT0005094088;20320301;100000;;0;-825; ;-825; ;-825; ;-825; ;-825; ;-825; ;-825; ;-825; ;-825; ;-825; ;-825; ;-100825; ; ; ; ; ; ; ; ; ; ; ; ; ; ; ; ; ; ; ; ; ; ; ; ; ; ; ; ; ; ; ; ; ; ; ; ; ; ; ; ; ; ; ; ; ; ; ; ; ; ; ; ; ; ; ; ; ; ; ; ; ; ; ; ; ; ; ; ; ; ; ; ; ; ; ; ; ; ; ; ; ; ; ; ; ; ; ; ; ; ; 
MEF;20231117;IT0005377152;20400301;-5000000;;0;77500; ;77500; ;77500; ;77500; ;77500; ;77500; ;77500; ;77500; ;77500; ;77500; ;77500; ;77500; ;77500; ;77500; ;77500; ;77500; ;77500; ;77500; ;77500; ;77500; ;77500; ;77500; ;77500; ;77500; ;77500; ;77500; ;77500; ;5077500; ; ; ; ; ; ; ; ; ; ; ; ; ; ; ; ; ; ; ; ; ; ; ; ; ; ; ; ; ; ; ; ; ; ; ; ; ; ; ; ; ; ; ; ; ; ; ; ; ; ; ; ; ; ; ; ; ; ; 
MEF;20231120;IT0004889033;20280901;-1200000;;0;28500; ;28500; ;28500; ;28500; ;1228500; ; ; ; ; ; ; ; ; ; ; ; ; ; ; ; ; ; ; ; ; ; ; ; ; ; ; ; ; ; ; ; ; ; ; ; ; ; ; ; ; ; ; ; ; ; ; ; ; ; ; ; ; ; ; ; ; ; ; ; ; ; ; ; ; ; ; ; ; ; ; ; ; ; ; ; ; ; ; ; ; ; ; ; ; ; ; ; ; ; ; ; ; ; ; ; ; ; ; ; ; ; ; ; ; 
MEF;20231120;IT0004889033;20280901;500000;;0;-11875; ;-11875; ;-11875; ;-11875; ;-511875; ; ; ; ; ; ; ; ; ; ; ; ; ; ; ; ; ; ; ; ; ; ; ; ; ; ; ; ; ; ; ; ; ; ; ; ; ; ; ; ; ; ; ; ; ; ; ; ; ; ; ; ; ; ; ; ; ; ; ; ; ; ; ; ; ; ; ; ; ; ; ; ; ; ; ; ; ; ; ; ; ; ; ; ; ; ; ; ; ; ; ; ; ; ; ; ; ; ; ; ; ; ; ; ; 
MEF;20231121;IT0004889033;20280901;7000000;;0;-166250; ;-166250; ;-166250; ;-166250; ;-7166250; ; ; ; ; ; ; ; ; ; ; ; ; ; ; ; ; ; ; ; ; ; ; ; ; ; ; ; ; ; ; ; ; ; ; ; ; ; ; ; ; ; ; ; ; ; ; ; ; ; ; ; ; ; ; ; ; ; ; ; ; ; ; ; ; ; ; ; ; ; ; ; ; ; ; ; ; ; ; ; ; ; ; ; ; ; ; ; ; ; ; ; ; ; ; ; ; ; ; ; ; ; ; ; ; 
MEF;20231121;IT0005094088;20320301;200000;;0;-1650; ;-1650; ;-1650; ;-1650; ;-1650; ;-1650; ;-1650; ;-1650; ;-1650; ;-1650; ;-1650; ;-201650; ; ; ; ; ; ; ; ; ; ; ; ; ; ; ; ; ; ; ; ; ; ; ; ; ; ; ; ; ; ; ; ; ; ; ; ; ; ; ; ; ; ; ; ; ; ; ; ; ; ; ; ; ; ; ; ; ; ; ; ; ; ; ; ; ; ; ; ; ; ; ; ; ; ; ; ; ; ; ; ; ; ; ; ; ; ; ; ; ; ; 
MEF;20231121;IT0005240350;20330901;1600000;;0;-19600; ;-19600; ;-19600; ;-19600; ;-19600; ;-19600; ;-19600; ;-19600; ;-19600; ;-19600; ;-19600; ;-19600; ;-19600; ;-19600; ;-1619600; ; ; ; ; ; ; ; ; ; ; ; ; ; ; ; ; ; ; ; ; ; ; ; ; ; ; ; ; ; ; ; ; ; ; ; ; ; ; ; ; ; ; ; ; ; ; ; ; ; ; ; ; ; ; ; ; ; ; ; ; ; ; ; ; ; ; ; ; ; ; ; ; ; ; ; ; ; ; ; ; ; ; ; ; 
MEF;20231122;IT0004889033;20280901;-9200000;;0;218500; ;218500; ;218500; ;218500; ;9418500; ; ; ; ; ; ; ; ; ; ; ; ; ; ; ; ; ; ; ; ; ; ; ; ; ; ; ; ; ; ; ; ; ; ; ; ; ; ; ; ; ; ; ; ; ; ; ; ; ; ; ; ; ; ; ; ; ; ; ; ; ; ; ; ; ; ; ; ; ; ; ; ; ; ; ; ; ; ; ; ; ; ; ; ; ; ; ; ; ; ; ; ; ; ; ; ; ; ; ; ; ; ; ; ; 
MEF;20231124;IT0005094088;20320301;100000;;0;-825; ;-825; ;-825; ;-825; ;-825; ;-825; ;-825; ;-825; ;-825; ;-825; ;-825; ;-100825; ; ; ; ; ; ; ; ; ; ; ; ; ; ; ; ; ; ; ; ; ; ; ; ; ; ; ; ; ; ; ; ; ; ; ; ; ; ; ; ; ; ; ; ; ; ; ; ; ; ; ; ; ; ; ; ; ; ; ; ; ; ; ; ; ; ; ; ; ; ; ; ; ; ; ; ; ; ; ; ; ; ; ; ; ; ; ; ; ; ; 
MEF;20231127;IT0005240350;20330901;2000000;;0;-24500; ;-24500; ;-24500; ;-24500; ;-24500; ;-24500; ;-24500; ;-24500; ;-24500; ;-24500; ;-24500; ;-24500; ;-24500; ;-24500; ;-2024500; ; ; ; ; ; ; ; ; ; ; ; ; ; ; ; ; ; ; ; ; ; ; ; ; ; ; ; ; ; ; ; ; ; ; ; ; ; ; ; ; ; ; ; ; ; ; ; ; ; ; ; ; ; ; ; ; ; ; ; ; ; ; ; ; ; ; ; ; ; ; ; ; ; ; ; ; ; ; ; ; ; ; ; ; 
MEF;20231128;IT0004889033;20280901;130000;;0;-3087.5; ;-3087.5; ;-3087.5; ;-3087.5; ;-133087.5; ; ; ; ; ; ; ; ; ; ; ; ; ; ; ; ; ; ; ; ; ; ; ; ; ; ; ; ; ; ; ; ; ; ; ; ; ; ; ; ; ; ; ; ; ; ; ; ; ; ; ; ; ; ; ; ; ; ; ; ; ; ; ; ; ; ; ; ; ; ; ; ; ; ; ; ; ; ; ; ; ; ; ; ; ; ; ; ; ; ; ; ; ; ; ; ; ; ; ; ; ; ; ; ; 
MEF;20231128;IT0005094088;20320301;320000;;0;-2640; ;-2640; ;-2640; ;-2640; ;-2640; ;-2640; ;-2640; ;-2640; ;-2640; ;-2640; ;-2640; ;-322640; ; ; ; ; ; ; ; ; ; ; ; ; ; ; ; ; ; ; ; ; ; ; ; ; ; ; ; ; ; ; ; ; ; ; ; ; ; ; ; ; ; ; ; ; ; ; ; ; ; ; ; ; ; ; ; ; ; ; ; ; ; ; ; ; ; ; ; ; ; ; ; ; ; ; ; ; ; ; ; ; ; ; ; ; ; ; ; ; ; ; 
MEF;20231128;IT0005240350;20330901;600000;;0;-7350; ;-7350; ;-7350; ;-7350; ;-7350; ;-7350; ;-7350; ;-7350; ;-7350; ;-7350; ;-7350; ;-7350; ;-7350; ;-7350; ;-607350; ; ; ; ; ; ; ; ; ; ; ; ; ; ; ; ; ; ; ; ; ; ; ; ; ; ; ; ; ; ; ; ; ; ; ; ; ; ; ; ; ; ; ; ; ; ; ; ; ; ; ; ; ; ; ; ; ; ; ; ; ; ; ; ; ; ; ; ; ; ; ; ; ; ; ; ; ; ; ; ; ; ; ; ; 
MEF;20231128;IT0005358806;20350301;100000;;0;-1675; ;-1675; ;-1675; ;-1675; ;-1675; ;-1675; ;-1675; ;-1675; ;-1675; ;-1675; ;-1675; ;-1675; ;-1675; ;-1675; ;-1675; ;-1675; ;-1675; ;-101675; ; ; ; ; ; ; ; ; ; ; ; ; ; ; ; ; ; ; ; ; ; ; ; ; ; ; ; ; ; ; ; ; ; ; ; ; ; ; ; ; ; ; ; ; ; ; ; ; ; ; ; ; ; ; ; ; ; ; ; ; ; ; ; ; ; ; ; ; ; ; ; ; ; ; ; ; ; ; 
MEF;20231130;IT0004889033;20280901;1000000;;0;-23750; ;-23750; ;-23750; ;-23750; ;-1023750; ; ; ; ; ; ; ; ; ; ; ; ; ; ; ; ; ; ; ; ; ; ; ; ; ; ; ; ; ; ; ; ; ; ; ; ; ; ; ; ; ; ; ; ; ; ; ; ; ; ; ; ; ; ; ; ; ; ; ; ; ; ; ; ; ; ; ; ; ; ; ; ; ; ; ; ; ; ; ; ; ; ; ; ; ; ; ; ; ; ; ; ; ; ; ; ; ; ; ; ; ; ; ; ; 
MEF;20231201;IT0005240350;20330901;2100000;;0;-25725; ;-25725; ;-25725; ;-25725; ;-25725; ;-25725; ;-25725; ;-25725; ;-25725; ;-25725; ;-25725; ;-25725; ;-25725; ;-25725; ;-2125725; ; ; ; ; ; ; ; ; ; ; ; ; ; ; ; ; ; ; ; ; ; ; ; ; ; ; ; ; ; ; ; ; ; ; ; ; ; ; ; ; ; ; ; ; ; ; ; ; ; ; ; ; ; ; ; ; ; ; ; ; ; ; ; ; ; ; ; ; ; ; ; ; ; ; ; ; ; ; ; ; ; ; ; ; 
MEF;20231204;IT0005240350;20330901;165000;;0;-2021.25; ;-2021.25; ;-2021.25; ;-2021.25; ;-2021.25; ;-2021.25; ;-2021.25; ;-2021.25; ;-2021.25; ;-2021.25; ;-2021.25; ;-2021.25; ;-2021.25; ;-2021.25; ;-167021.25; ; ; ; ; ; ; ; ; ; ; ; ; ; ; ; ; ; ; ; ; ; ; ; ; ; ; ; ; ; ; ; ; ; ; ; ; ; ; ; ; ; ; ; ; ; ; ; ; ; ; ; ; ; ; ; ; ; ; ; ; ; ; ; ; ; ; ; ; ; ; ; ; ; ; ; ; ; ; ; ; ; ; ; ; 
MEF;20231204;IT0005273013;20480301;153000;;0;-2639.25; ;-2639.25; ;-2639.25; ;-2639.25; ;-2639.25; ;-2639.25; ;-2639.25; ;-2639.25; ;-2639.25; ;-2639.25; ;-2639.25; ;-2639.25; ;-2639.25; ;-2639.25; ;-2639.25; ;-2639.25; ;-2639.25; ;-2639.25; ;-2639.25; ;-2639.25; ;-2639.25; ;-2639.25; ;-2639.25; ;-2639.25; ;-2639.25; ;-2639.25; ;-2639.25; ;-2639.25; ;-2639.25; ;-2639.25; ;-2639.25; ;-2639.25;-2639.25;-2639.25;-2639.25;-2639.25;-2639.25;-2639.25;-2639.25;-2639.25;-2639.25;-2639.25;-2639.25;-155639.25; ; ; ; ; ; ; ; ; ; ; ; ; ; ; ; ; ; ; ; ; ; ; ; ; ; ; ; ; ; ; ; ; ; ; ; ; ; ; 
MEF;20231204;IT0005358806;20350301;170000;;0;-2847.5; ;-2847.5; ;-2847.5; ;-2847.5; ;-2847.5; ;-2847.5; ;-2847.5; ;-2847.5; ;-2847.5; ;-2847.5; ;-2847.5; ;-2847.5; ;-2847.5; ;-2847.5; ;-2847.5; ;-2847.5; ;-2847.5; ;-172847.5; ; ; ; ; ; ; ; ; ; ; ; ; ; ; ; ; ; ; ; ; ; ; ; ; ; ; ; ; ; ; ; ; ; ; ; ; ; ; ; ; ; ; ; ; ; ; ; ; ; ; ; ; ; ; ; ; ; ; ; ; ; ; ; ; ; ; ; ; ; ; ; ; ; ; ; ; ; ; 
MEF;20231205;IT0005240350;20330901;2000000;;0;-24500; ;-24500; ;-24500; ;-24500; ;-24500; ;-24500; ;-24500; ;-24500; ;-24500; ;-24500; ;-24500; ;-24500; ;-24500; ;-24500; ;-2024500; ; ; ; ; ; ; ; ; ; ; ; ; ; ; ; ; ; ; ; ; ; ; ; ; ; ; ; ; ; ; ; ; ; ; ; ; ; ; ; ; ; ; ; ; ; ; ; ; ; ; ; ; ; ; ; ; ; ; ; ; ; ; ; ; ; ; ; ; ; ; ; ; ; ; ; ; ; ; ; ; ; ; ; ; 
MEF;20231206;IT0005094088;20320301;100000;;0;-825; ;-825; ;-825; ;-825; ;-825; ;-825; ;-825; ;-825; ;-825; ;-825; ;-825; ;-100825; ; ; ; ; ; ; ; ; ; ; ; ; ; ; ; ; ; ; ; ; ; ; ; ; ; ; ; ; ; ; ; ; ; ; ; ; ; ; ; ; ; ; ; ; ; ; ; ; ; ; ; ; ; ; ; ; ; ; ; ; ; ; ; ; ; ; ; ; ; ; ; ; ; ; ; ; ; ; ; ; ; ; ; ; ; ; ; ; ; ; 
MEF;20231206;IT0005240350;20330901;300000;;0;-3675; ;-3675; ;-3675; ;-3675; ;-3675; ;-3675; ;-3675; ;-3675; ;-3675; ;-3675; ;-3675; ;-3675; ;-3675; ;-3675; ;-303675; ; ; ; ; ; ; ; ; ; ; ; ; ; ; ; ; ; ; ; ; ; ; ; ; ; ; ; ; ; ; ; ; ; ; ; ; ; ; ; ; ; ; ; ; ; ; ; ; ; ; ; ; ; ; ; ; ; ; ; ; ; ; ; ; ; ; ; ; ; ; ; ; ; ; ; ; ; ; ; ; ; ; ; ; 
MEF;20231206;IT0005358806;20350301;500000;;0;-8375; ;-8375; ;-8375; ;-8375; ;-8375; ;-8375; ;-8375; ;-8375; ;-8375; ;-8375; ;-8375; ;-8375; ;-8375; ;-8375; ;-8375; ;-8375; ;-8375; ;-508375; ; ; ; ; ; ; ; ; ; ; ; ; ; ; ; ; ; ; ; ; ; ; ; ; ; ; ; ; ; ; ; ; ; ; ; ; ; ; ; ; ; ; ; ; ; ; ; ; ; ; ; ; ; ; ; ; ; ; ; ; ; ; ; ; ; ; ; ; ; ; ; ; ; ; ; ; ; ; 
MEF;20231207;IT0005083057;20460901;1000000;;0;-16250; ;-16250; ;-16250; ;-16250; ;-16250; ;-16250; ;-16250; ;-16250; ;-16250; ;-16250; ;-16250; ;-16250; ;-16250; ;-16250; ;-16250; ;-16250; ;-16250; ;-16250; ;-16250; ;-16250; ;-16250; ;-16250; ;-16250; ;-16250; ;-16250; ;-16250; ;-16250; ;-16250; ;-16250; ;-16250; ;-16250; ;-16250;-16250;-16250;-16250;-16250;-16250;-16250;-16250;-16250;-1016250; ; ; ; ; ; ; ; ; ; ; ; ; ; ; ; ; ; ; ; ; ; ; ; ; ; ; ; ; ; ; ; ; ; ; ; ; ; ; ; ; ; 
MEF;20231207;IT0005094088;20320301;500000;;0;-4125; ;-4125; ;-4125; ;-4125; ;-4125; ;-4125; ;-4125; ;-4125; ;-4125; ;-4125; ;-4125; ;-504125; ; ; ; ; ; ; ; ; ; ; ; ; ; ; ; ; ; ; ; ; ; ; ; ; ; ; ; ; ; ; ; ; ; ; ; ; ; ; ; ; ; ; ; ; ; ; ; ; ; ; ; ; ; ; ; ; ; ; ; ; ; ; ; ; ; ; ; ; ; ; ; ; ; ; ; ; ; ; ; ; ; ; ; ; ; ; ; ; ; ; 
MEF;20231207;IT0005480980;20520901;1000000;;0;-10750; ;-10750; ;-10750; ;-10750; ;-10750; ;-10750; ;-10750; ;-10750; ;-10750; ;-10750; ;-10750; ;-10750; ;-10750; ;-10750; ;-10750; ;-10750; ;-10750; ;-10750; ;-10750; ;-10750; ;-10750; ;-10750; ;-10750; ;-10750; ;-10750; ;-10750; ;-10750; ;-10750; ;-10750; ;-10750; ;-10750; ;-10750;-10750;-10750;-10750;-10750;-10750;-10750;-10750;-10750;-10750;-10750;-10750;-10750;-10750;-10750;-10750;-10750;-10750;-10750;-10750;-10750;-1010750; ; ; ; ; ; ; ; ; ; ; ; ; ; ; ; ; ; ; ; ; ; ; ; ; ; ; ; ; ; 
MEF;20231212;IT0005240350;20330901;1000000;;0;-12250; ;-12250; ;-12250; ;-12250; ;-12250; ;-12250; ;-12250; ;-12250; ;-12250; ;-12250; ;-12250; ;-12250; ;-12250; ;-12250; ;-1012250; ; ; ; ; ; ; ; ; ; ; ; ; ; ; ; ; ; ; ; ; ; ; ; ; ; ; ; ; ; ; ; ; ; ; ; ; ; ; ; ; ; ; ; ; ; ; ; ; ; ; ; ; ; ; ; ; ; ; ; ; ; ; ; ; ; ; ; ; ; ; ; ; ; ; ; ; ; ; ; ; ; ; ; ; 
MEF;20231218;IT0005240350;20330901;100000;;0;-1225; ;-1225; ;-1225; ;-1225; ;-1225; ;-1225; ;-1225; ;-1225; ;-1225; ;-1225; ;-1225; ;-1225; ;-1225; ;-1225; ;-101225; ; ; ; ; ; ; ; ; ; ; ; ; ; ; ; ; ; ; ; ; ; ; ; ; ; ; ; ; ; ; ; ; ; ; ; ; ; ; ; ; ; ; ; ; ; ; ; ; ; ; ; ; ; ; ; ; ; ; ; ; ; ; ; ; ; ; ; ; ; ; ; ; ; ; ; ; ; ; ; ; ; ; ; ; 
MEF;20231220;IT0005425233;20510901;1000000;;0;-8500; ;-8500; ;-8500; ;-8500; ;-8500; ;-8500; ;-8500; ;-8500; ;-8500; ;-8500; ;-8500; ;-8500; ;-8500; ;-8500; ;-8500; ;-8500; ;-8500; ;-8500; ;-8500; ;-8500; ;-8500; ;-8500; ;-8500; ;-8500; ;-8500; ;-8500; ;-8500; ;-8500; ;-8500; ;-8500; ;-8500; ;-8500;-8500;-8500;-8500;-8500;-8500;-8500;-8500;-8500;-8500;-8500;-8500;-8500;-8500;-8500;-8500;-8500;-8500;-8500;-1008500; ; ; ; ; ; ; ; ; ; ; ; ; ; ; ; ; ; ; ; ; ; ; ; ; ; ; ; ; ; ; ; 
MEF;20231222;IT0005240350;20330901;1000000;;0;-12250; ;-12250; ;-12250; ;-12250; ;-12250; ;-12250; ;-12250; ;-12250; ;-12250; ;-12250; ;-12250; ;-12250; ;-12250; ;-12250; ;-1012250; ; ; ; ; ; ; ; ; ; ; ; ; ; ; ; ; ; ; ; ; ; ; ; ; ; ; ; ; ; ; ; ; ; ; ; ; ; ; ; ; ; ; ; ; ; ; ; ; ; ; ; ; ; ; ; ; ; ; ; ; ; ; ; ; ; ; ; ; ; ; ; ; ; ; ; ; ; ; ; ; ; ; ; ; 
MEF;20231228;IT0005358806;20350301;500000;;0;-8375; ;-8375; ;-8375; ;-8375; ;-8375; ;-8375; ;-8375; ;-8375; ;-8375; ;-8375; ;-8375; ;-8375; ;-8375; ;-8375; ;-8375; ;-8375; ;-8375; ;-508375; ; ; ; ; ; ; ; ; ; ; ; ; ; ; ; ; ; ; ; ; ; ; ; ; ; ; ; ; ; ; ; ; ; ; ; ; ; ; ; ; ; ; ; ; ; ; ; ; ; ; ; ; ; ; ; ; ; ; ; ; ; ; ; ; ; ; ; ; ; ; ; ; ; ; ; ; ; ; 
MEF;20231229;IT0004889033;20280901;-900000;;0;21375; ;21375; ;21375; ;21375; ;921375; ; ; ; ; ; ; ; ; ; ; ; ; ; ; ; ; ; ; ; ; ; ; ; ; ; ; ; ; ; ; ; ; ; ; ; ; ; ; ; ; ; ; ; ; ; ; ; ; ; ; ; ; ; ; ; ; ; ; ; ; ; ; ; ; ; ; ; ; ; ; ; ; ; ; ; ; ; ; ; ; ; ; ; ; ; ; ; ; ; ; ; ; ; ; ; ; ; ; ; ; ; ; ; ; 
MEF;20231229;IT0005425233;20510901;1000000;;0;-8500; ;-8500; ;-8500; ;-8500; ;-8500; ;-8500; ;-8500; ;-8500; ;-8500; ;-8500; ;-8500; ;-8500; ;-8500; ;-8500; ;-8500; ;-8500; ;-8500; ;-8500; ;-8500; ;-8500; ;-8500; ;-8500; ;-8500; ;-8500; ;-8500; ;-8500; ;-8500; ;-8500; ;-8500; ;-8500; ;-8500; ;-8500;-8500;-8500;-8500;-8500;-8500;-8500;-8500;-8500;-8500;-8500;-8500;-8500;-8500;-8500;-8500;-8500;-8500;-8500;-1008500; ; ; ; ; ; ; ; ; ; ; ; ; ; ; ; ; ; ; ; ; ; ; ; ; ; ; ; ; ; ; ; 
MEF;20240102;IT0005480980;20520901;145000;;0;-1558.75; ;-1558.75; ;-1558.75; ;-1558.75; ;-1558.75; ;-1558.75; ;-1558.75; ;-1558.75; ;-1558.75; ;-1558.75; ;-1558.75; ;-1558.75; ;-1558.75; ;-1558.75; ;-1558.75; ;-1558.75; ;-1558.75; ;-1558.75; ;-1558.75; ;-1558.75; ;-1558.75; ;-1558.75; ;-1558.75; ;-1558.75; ;-1558.75; ;-1558.75; ;-1558.75; ;-1558.75; ;-1558.75; ;-1558.75; ;-1558.75; ;-1558.75;-1558.75;-1558.75;-1558.75;-1558.75;-1558.75;-1558.75;-1558.75;-1558.75;-1558.75;-1558.75;-1558.75;-1558.75;-1558.75;-1558.75;-1558.75;-1558.75;-1558.75;-1558.75;-1558.75;-1558.75;-146558.75; ; ; ; ; ; ; ; ; ; ; ; ; ; ; ; ; ; ; ; ; ; ; ; ; ; ; ; ; ; 
MEF;20240103;IT0005560948;20340301;1100000;;0;-23100; ;-23100; ;-23100; ;-23100; ;-23100; ;-23100; ;-23100; ;-23100; ;-23100; ;-23100; ;-23100; ;-23100; ;-23100; ;-23100; ;-23100; ;-1123100; ; ; ; ; ; ; ; ; ; ; ; ; ; ; ; ; ; ; ; ; ; ; ; ; ; ; ; ; ; ; ; ; ; ; ; ; ; ; ; ; ; ; ; ; ; ; ; ; ; ; ; ; ; ; ; ; ; ; ; ; ; ; ; ; ; ; ; ; ; ; ; ; ; ; ; ; ; ; ; ; ; ; 
MEF;20240104;IT0005083057;20460901;1200000;;0;-19500; ;-19500; ;-19500; ;-19500; ;-19500; ;-19500; ;-19500; ;-19500; ;-19500; ;-19500; ;-19500; ;-19500; ;-19500; ;-19500; ;-19500; ;-19500; ;-19500; ;-19500; ;-19500; ;-19500; ;-19500; ;-19500; ;-19500; ;-19500; ;-19500; ;-19500; ;-19500; ;-19500; ;-19500; ;-19500; ;-19500; ;-19500;-19500;-19500;-19500;-19500;-19500;-19500;-19500;-19500;-1219500; ; ; ; ; ; ; ; ; ; ; ; ; ; ; ; ; ; ; ; ; ; ; ; ; ; ; ; ; ; ; ; ; ; ; ; ; ; ; ; ; ; 
MEF;20240104;IT0005240350;20330901;100000;;0;-1225; ;-1225; ;-1225; ;-1225; ;-1225; ;-1225; ;-1225; ;-1225; ;-1225; ;-1225; ;-1225; ;-1225; ;-1225; ;-1225; ;-101225; ; ; ; ; ; ; ; ; ; ; ; ; ; ; ; ; ; ; ; ; ; ; ; ; ; ; ; ; ; ; ; ; ; ; ; ; ; ; ; ; ; ; ; ; ; ; ; ; ; ; ; ; ; ; ; ; ; ; ; ; ; ; ; ; ; ; ; ; ; ; ; ; ; ; ; ; ; ; ; ; ; ; ; ; 
MEF;20240104;IT0005425233;20510901;1000000;;0;-8500; ;-8500; ;-8500; ;-8500; ;-8500; ;-8500; ;-8500; ;-8500; ;-8500; ;-8500; ;-8500; ;-8500; ;-8500; ;-8500; ;-8500; ;-8500; ;-8500; ;-8500; ;-8500; ;-8500; ;-8500; ;-8500; ;-8500; ;-8500; ;-8500; ;-8500; ;-8500; ;-8500; ;-8500; ;-8500; ;-8500; ;-8500;-8500;-8500;-8500;-8500;-8500;-8500;-8500;-8500;-8500;-8500;-8500;-8500;-8500;-8500;-8500;-8500;-8500;-8500;-1008500; ; ; ; ; ; ; ; ; ; ; ; ; ; ; ; ; ; ; ; ; ; ; ; ; ; ; ; ; ; ; ; 
MEF;20240105;IT0005240350;20330901;1000000;;0;-12250; ;-12250; ;-12250; ;-12250; ;-12250; ;-12250; ;-12250; ;-12250; ;-12250; ;-12250; ;-12250; ;-12250; ;-12250; ;-12250; ;-1012250; ; ; ; ; ; ; ; ; ; ; ; ; ; ; ; ; ; ; ; ; ; ; ; ; ; ; ; ; ; ; ; ; ; ; ; ; ; ; ; ; ; ; ; ; ; ; ; ; ; ; ; ; ; ; ; ; ; ; ; ; ; ; ; ; ; ; ; ; ; ; ; ; ; ; ; ; ; ; ; ; ; ; ; ; 
MEF;20240105;IT0005560948;20340301;1500000;;0;-31500; ;-31500; ;-31500; ;-31500; ;-31500; ;-31500; ;-31500; ;-31500; ;-31500; ;-31500; ;-31500; ;-31500; ;-31500; ;-31500; ;-31500; ;-1531500; ; ; ; ; ; ; ; ; ; ; ; ; ; ; ; ; ; ; ; ; ; ; ; ; ; ; ; ; ; ; ; ; ; ; ; ; ; ; ; ; ; ; ; ; ; ; ; ; ; ; ; ; ; ; ; ; ; ; ; ; ; ; ; ; ; ; ; ; ; ; ; ; ; ; ; ; ; ; ; ; ; ; 
MEF;20240108;IT0005358806;20350301;1000000;;0;-16750; ;-16750; ;-16750; ;-16750; ;-16750; ;-16750; ;-16750; ;-16750; ;-16750; ;-16750; ;-16750; ;-16750; ;-16750; ;-16750; ;-16750; ;-16750; ;-16750; ;-1016750; ; ; ; ; ; ; ; ; ; ; ; ; ; ; ; ; ; ; ; ; ; ; ; ; ; ; ; ; ; ; ; ; ; ; ; ; ; ; ; ; ; ; ; ; ; ; ; ; ; ; ; ; ; ; ; ; ; ; ; ; ; ; ; ; ; ; ; ; ; ; ; ; ; ; ; ; ; ; 
MEF;20240108;IT0005560948;20340301;1000000;;0;-21000; ;-21000; ;-21000; ;-21000; ;-21000; ;-21000; ;-21000; ;-21000; ;-21000; ;-21000; ;-21000; ;-21000; ;-21000; ;-21000; ;-21000; ;-1021000; ; ; ; ; ; ; ; ; ; ; ; ; ; ; ; ; ; ; ; ; ; ; ; ; ; ; ; ; ; ; ; ; ; ; ; ; ; ; ; ; ; ; ; ; ; ; ; ; ; ; ; ; ; ; ; ; ; ; ; ; ; ; ; ; ; ; ; ; ; ; ; ; ; ; ; ; ; ; ; ; ; ; 
MEF;20240110;IT0005240350;20330901;1000000;;0;-12250; ;-12250; ;-12250; ;-12250; ;-12250; ;-12250; ;-12250; ;-12250; ;-12250; ;-12250; ;-12250; ;-12250; ;-12250; ;-12250; ;-1012250; ; ; ; ; ; ; ; ; ; ; ; ; ; ; ; ; ; ; ; ; ; ; ; ; ; ; ; ; ; ; ; ; ; ; ; ; ; ; ; ; ; ; ; ; ; ; ; ; ; ; ; ; ; ; ; ; ; ; ; ; ; ; ; ; ; ; ; ; ; ; ; ; ; ; ; ; ; ; ; ; ; ; ; ; 
MEF;20240112;IT0005560948;20340301;1000000;;0;-21000; ;-21000; ;-21000; ;-21000; ;-21000; ;-21000; ;-21000; ;-21000; ;-21000; ;-21000; ;-21000; ;-21000; ;-21000; ;-21000; ;-21000; ;-1021000; ; ; ; ; ; ; ; ; ; ; ; ; ; ; ; ; ; ; ; ; ; ; ; ; ; ; ; ; ; ; ; ; ; ; ; ; ; ; ; ; ; ; ; ; ; ; ; ; ; ; ; ; ; ; ; ; ; ; ; ; ; ; ; ; ; ; ; ; ; ; ; ; ; ; ; ; ; ; ; ; ; ; 
MEF;20240115;IT0005530032;20430901;7000000;;0;-155750; ;-155750; ;-155750; ;-155750; ;-155750; ;-155750; ;-155750; ;-155750; ;-155750; ;-155750; ;-155750; ;-155750; ;-155750; ;-155750; ;-155750; ;-155750; ;-155750; ;-155750; ;-155750; ;-155750; ;-155750; ;-155750; ;-155750; ;-155750; ;-155750; ;-155750; ;-155750; ;-155750; ;-155750; ;-155750; ;-155750; ;-155750;-155750;-155750;-7155750; ; ; ; ; ; ; ; ; ; ; ; ; ; ; ; ; ; ; ; ; ; ; ; ; ; ; ; ; ; ; ; ; ; ; ; ; ; ; ; ; ; ; ; ; ; ; ; 
MEF;20240115;IT0005560948;20340301;800000;;0;-16800; ;-16800; ;-16800; ;-16800; ;-16800; ;-16800; ;-16800; ;-16800; ;-16800; ;-16800; ;-16800; ;-16800; ;-16800; ;-16800; ;-16800; ;-816800; ; ; ; ; ; ; ; ; ; ; ; ; ; ; ; ; ; ; ; ; ; ; ; ; ; ; ; ; ; ; ; ; ; ; ; ; ; ; ; ; ; ; ; ; ; ; ; ; ; ; ; ; ; ; ; ; ; ; ; ; ; ; ; ; ; ; ; ; ; ; ; ; ; ; ; ; ; ; ; ; ; ; 
MEF;20240119;IT0004923998;20440901;8000000;;0;-190000; ;-190000; ;-190000; ;-190000; ;-190000; ;-190000; ;-190000; ;-190000; ;-190000; ;-190000; ;-190000; ;-190000; ;-190000; ;-190000; ;-190000; ;-190000; ;-190000; ;-190000; ;-190000; ;-190000; ;-190000; ;-190000; ;-190000; ;-190000; ;-190000; ;-190000; ;-190000; ;-190000; ;-190000; ;-190000; ;-190000; ;-190000;-190000;-190000;-190000;-190000;-8190000; ; ; ; ; ; ; ; ; ; ; ; ; ; ; ; ; ; ; ; ; ; ; ; ; ; ; ; ; ; ; ; ; ; ; ; ; ; ; ; ; ; ; ; ; ; 
MEF;20240119;IT0005560948;20340301;1100000;;0;-23100; ;-23100; ;-23100; ;-23100; ;-23100; ;-23100; ;-23100; ;-23100; ;-23100; ;-23100; ;-23100; ;-23100; ;-23100; ;-23100; ;-23100; ;-1123100; ; ; ; ; ; ; ; ; ; ; ; ; ; ; ; ; ; ; ; ; ; ; ; ; ; ; ; ; ; ; ; ; ; ; ; ; ; ; ; ; ; ; ; ; ; ; ; ; ; ; ; ; ; ; ; ; ; ; ; ; ; ; ; ; ; ; ; ; ; ; ; ; ; ; ; ; ; ; ; ; ; ; 
MEF;20240123;IT0005530032;20430901;7200000;;0;-160200; ;-160200; ;-160200; ;-160200; ;-160200; ;-160200; ;-160200; ;-160200; ;-160200; ;-160200; ;-160200; ;-160200; ;-160200; ;-160200; ;-160200; ;-160200; ;-160200; ;-160200; ;-160200; ;-160200; ;-160200; ;-160200; ;-160200; ;-160200; ;-160200; ;-160200; ;-160200; ;-160200; ;-160200; ;-160200; ;-160200; ;-160200;-160200;-160200;-7360200; ; ; ; ; ; ; ; ; ; ; ; ; ; ; ; ; ; ; ; ; ; ; ; ; ; ; ; ; ; ; ; ; ; ; ; ; ; ; ; ; ; ; ; ; ; ; ; 
MEF;20240124;IT0005358806;20350301;1600000;;0;-26800; ;-26800; ;-26800; ;-26800; ;-26800; ;-26800; ;-26800; ;-26800; ;-26800; ;-26800; ;-26800; ;-26800; ;-26800; ;-26800; ;-26800; ;-26800; ;-26800; ;-1626800; ; ; ; ; ; ; ; ; ; ; ; ; ; ; ; ; ; ; ; ; ; ; ; ; ; ; ; ; ; ; ; ; ; ; ; ; ; ; ; ; ; ; ; ; ; ; ; ; ; ; ; ; ; ; ; ; ; ; ; ; ; ; ; ; ; ; ; ; ; ; ; ; ; ; ; ; ; ; 
MEF;20240124;IT0005358806;20350301;6000000;;0;-100500; ;-100500; ;-100500; ;-100500; ;-100500; ;-100500; ;-100500; ;-100500; ;-100500; ;-100500; ;-100500; ;-100500; ;-100500; ;-100500; ;-100500; ;-100500; ;-100500; ;-6100500; ; ; ; ; ; ; ; ; ; ; ; ; ; ; ; ; ; ; ; ; ; ; ; ; ; ; ; ; ; ; ; ; ; ; ; ; ; ; ; ; ; ; ; ; ; ; ; ; ; ; ; ; ; ; ; ; ; ; ; ; ; ; ; ; ; ; ; ; ; ; ; ; ; ; ; ; ; ; 
MEF;20240126;IT0005425233;20510901;-1400000;;0;11900; ;11900; ;11900; ;11900; ;11900; ;11900; ;11900; ;11900; ;11900; ;11900; ;11900; ;11900; ;11900; ;11900; ;11900; ;11900; ;11900; ;11900; ;11900; ;11900; ;11900; ;11900; ;11900; ;11900; ;11900; ;11900; ;11900; ;11900; ;11900; ;11900; ;11900; ;11900;11900;11900;11900;11900;11900;11900;11900;11900;11900;11900;11900;11900;11900;11900;11900;11900;11900;11900;1411900; ; ; ; ; ; ; ; ; ; ; ; ; ; ; ; ; ; ; ; ; ; ; ; ; ; ; ; ; ; ; ; 
MEF;20240126;IT0005560948;20340301;1000000;;0;-21000; ;-21000; ;-21000; ;-21000; ;-21000; ;-21000; ;-21000; ;-21000; ;-21000; ;-21000; ;-21000; ;-21000; ;-21000; ;-21000; ;-21000; ;-1021000; ; ; ; ; ; ; ; ; ; ; ; ; ; ; ; ; ; ; ; ; ; ; ; ; ; ; ; ; ; ; ; ; ; ; ; ; ; ; ; ; ; ; ; ; ; ; ; ; ; ; ; ; ; ; ; ; ; ; ; ; ; ; ; ; ; ; ; ; ; ; ; ; ; ; ; ; ; ; ; ; ; ; 
MEF;20240130;IT0005358806;20350301;1000000;;0;-16750; ;-16750; ;-16750; ;-16750; ;-16750; ;-16750; ;-16750; ;-16750; ;-16750; ;-16750; ;-16750; ;-16750; ;-16750; ;-16750; ;-16750; ;-16750; ;-16750; ;-1016750; ; ; ; ; ; ; ; ; ; ; ; ; ; ; ; ; ; ; ; ; ; ; ; ; ; ; ; ; ; ; ; ; ; ; ; ; ; ; ; ; ; ; ; ; ; ; ; ; ; ; ; ; ; ; ; ; ; ; ; ; ; ; ; ; ; ; ; ; ; ; ; ; ; ; ; ; ; ; 
MEF;20240131;IT0005240350;20330901;-900000;;0;11025; ;11025; ;11025; ;11025; ;11025; ;11025; ;11025; ;11025; ;11025; ;11025; ;11025; ;11025; ;11025; ;11025; ;911025; ; ; ; ; ; ; ; ; ; ; ; ; ; ; ; ; ; ; ; ; ; ; ; ; ; ; ; ; ; ; ; ; ; ; ; ; ; ; ; ; ; ; ; ; ; ; ; ; ; ; ; ; ; ; ; ; ; ; ; ; ; ; ; ; ; ; ; ; ; ; ; ; ; ; ; ; ; ; ; ; ; ; ; ; 
MEF;20240201;IT0004889033;20280901;1000000;;0;-23750; ;-23750; ;-23750; ;-23750; ;-1023750; ; ; ; ; ; ; ; ; ; ; ; ; ; ; ; ; ; ; ; ; ; ; ; ; ; ; ; ; ; ; ; ; ; ; ; ; ; ; ; ; ; ; ; ; ; ; ; ; ; ; ; ; ; ; ; ; ; ; ; ; ; ; ; ; ; ; ; ; ; ; ; ; ; ; ; ; ; ; ; ; ; ; ; ; ; ; ; ; ; ; ; ; ; ; ; ; ; ; ; ; ; ; ; ; 
MEF;20240206;IT0005358806;20350301;1000000;;0;-16750; ;-16750; ;-16750; ;-16750; ;-16750; ;-16750; ;-16750; ;-16750; ;-16750; ;-16750; ;-16750; ;-16750; ;-16750; ;-16750; ;-16750; ;-16750; ;-16750; ;-1016750; ; ; ; ; ; ; ; ; ; ; ; ; ; ; ; ; ; ; ; ; ; ; ; ; ; ; ; ; ; ; ; ; ; ; ; ; ; ; ; ; ; ; ; ; ; ; ; ; ; ; ; ; ; ; ; ; ; ; ; ; ; ; ; ; ; ; ; ; ; ; ; ; ; ; ; ; ; ; 
MEF;20240206;IT0005560948;20340301;1000000;;0;-21000; ;-21000; ;-21000; ;-21000; ;-21000; ;-21000; ;-21000; ;-21000; ;-21000; ;-21000; ;-21000; ;-21000; ;-21000; ;-21000; ;-21000; ;-1021000; ; ; ; ; ; ; ; ; ; ; ; ; ; ; ; ; ; ; ; ; ; ; ; ; ; ; ; ; ; ; ; ; ; ; ; ; ; ; ; ; ; ; ; ; ; ; ; ; ; ; ; ; ; ; ; ; ; ; ; ; ; ; ; ; ; ; ; ; ; ; ; ; ; ; ; ; ; ; ; ; ; ; 
MEF;20240213;IT0004923998;20440901;10000000;;0;-237500; ;-237500; ;-237500; ;-237500; ;-237500; ;-237500; ;-237500; ;-237500; ;-237500; ;-237500; ;-237500; ;-237500; ;-237500; ;-237500; ;-237500; ;-237500; ;-237500; ;-237500; ;-237500; ;-237500; ;-237500; ;-237500; ;-237500; ;-237500; ;-237500; ;-237500; ;-237500; ;-237500; ;-237500; ;-237500; ;-237500; ;-237500;-237500;-237500;-237500;-237500;-10237500; ; ; ; ; ; ; ; ; ; ; ; ; ; ; ; ; ; ; ; ; ; ; ; ; ; ; ; ; ; ; ; ; ; ; ; ; ; ; ; ; ; ; ; ; ; 
MEF;20240213;IT0005358806;20350301;1000000;;0;-16750; ;-16750; ;-16750; ;-16750; ;-16750; ;-16750; ;-16750; ;-16750; ;-16750; ;-16750; ;-16750; ;-16750; ;-16750; ;-16750; ;-16750; ;-16750; ;-16750; ;-1016750; ; ; ; ; ; ; ; ; ; ; ; ; ; ; ; ; ; ; ; ; ; ; ; ; ; ; ; ; ; ; ; ; ; ; ; ; ; ; ; ; ; ; ; ; ; ; ; ; ; ; ; ; ; ; ; ; ; ; ; ; ; ; ; ; ; ; ; ; ; ; ; ; ; ; ; ; ; ; 
MEF;20240216;IT0005094088;20320301;-900000;;0;7425; ;7425; ;7425; ;7425; ;7425; ;7425; ;7425; ;7425; ;7425; ;7425; ;7425; ;907425; ; ; ; ; ; ; ; ; ; ; ; ; ; ; ; ; ; ; ; ; ; ; ; ; ; ; ; ; ; ; ; ; ; ; ; ; ; ; ; ; ; ; ; ; ; ; ; ; ; ; ; ; ; ; ; ; ; ; ; ; ; ; ; ; ; ; ; ; ; ; ; ; ; ; ; ; ; ; ; ; ; ; ; ; ; ; ; ; ; ; 
MEF;20240216;IT0005358806;20350301;1000000;;0;-16750; ;-16750; ;-16750; ;-16750; ;-16750; ;-16750; ;-16750; ;-16750; ;-16750; ;-16750; ;-16750; ;-16750; ;-16750; ;-16750; ;-16750; ;-16750; ;-16750; ;-1016750; ; ; ; ; ; ; ; ; ; ; ; ; ; ; ; ; ; ; ; ; ; ; ; ; ; ; ; ; ; ; ; ; ; ; ; ; ; ; ; ; ; ; ; ; ; ; ; ; ; ; ; ; ; ; ; ; ; ; ; ; ; ; ; ; ; ; ; ; ; ; ; ; ; ; ; ; ; ; 
MEF;20240222;IT0004923998;20440901;-9000000;;0;213750; ;213750; ;213750; ;213750; ;213750; ;213750; ;213750; ;213750; ;213750; ;213750; ;213750; ;213750; ;213750; ;213750; ;213750; ;213750; ;213750; ;213750; ;213750; ;213750; ;213750; ;213750; ;213750; ;213750; ;213750; ;213750; ;213750; ;213750; ;213750; ;213750; ;213750; ;213750;213750;213750;213750;213750;9213750; ; ; ; ; ; ; ; ; ; ; ; ; ; ; ; ; ; ; ; ; ; ; ; ; ; ; ; ; ; ; ; ; ; ; ; ; ; ; ; ; ; ; ; ; ; 
MEF;20240304;IT0004889033;20280901;3000000;;0;-71250; ;-71250; ;-71250; ;-71250; ;-3071250; ; ; ; ; ; ; ; ; ; ; ; ; ; ; ; ; ; ; ; ; ; ; ; ; ; ; ; ; ; ; ; ; ; ; ; ; ; ; ; ; ; ; ; ; ; ; ; ; ; ; ; ; ; ; ; ; ; ; ; ; ; ; ; ; ; ; ; ; ; ; ; ; ; ; ; ; ; ; ; ; ; ; ; ; ; ; ; ; ; ; ; ; ; ; ; ; ; ; ; ; ; ; ; ; 
MEF;20240304;IT0005358806;20350301;1500000;;0;-25125; ;-25125; ;-25125; ;-25125; ;-25125; ;-25125; ;-25125; ;-25125; ;-25125; ;-25125; ;-25125; ;-25125; ;-25125; ;-25125; ;-25125; ;-25125; ;-25125; ;-1525125; ; ; ; ; ; ; ; ; ; ; ; ; ; ; ; ; ; ; ; ; ; ; ; ; ; ; ; ; ; ; ; ; ; ; ; ; ; ; ; ; ; ; ; ; ; ; ; ; ; ; ; ; ; ; ; ; ; ; ; ; ; ; ; ; ; ; ; ; ; ; ; ; ; ; ; ; ; ; 
MEF;20240304;IT0005433195;20370301;500000;;0;-2375; ;-2375; ;-2375; ;-2375; ;-2375; ;-2375; ;-2375; ;-2375; ;-2375; ;-2375; ;-2375; ;-2375; ;-2375; ;-2375; ;-2375; ;-2375; ;-2375; ;-2375; ;-2375; ;-2375; ;-2375; ;-502375; ; ; ; ; ; ; ; ; ; ; ; ; ; ; ; ; ; ; ; ; ; ; ; ; ; ; ; ; ; ; ; ; ; ; ; ; ; ; ; ; ; ; ; ; ; ; ; ; ; ; ; ; ; ; ; ; ; ; ; ; ; ; ; ; ; ; ; ; ; ; 
MEF;20240304;IT0005496770;20380301;500000;;0;-8125; ;-8125; ;-8125; ;-8125; ;-8125; ;-8125; ;-8125; ;-8125; ;-8125; ;-8125; ;-8125; ;-8125; ;-8125; ;-8125; ;-8125; ;-8125; ;-8125; ;-8125; ;-8125; ;-8125; ;-8125; ;-8125; ;-8125; ;-508125; ; ; ; ; ; ; ; ; ; ; ; ; ; ; ; ; ; ; ; ; ; ; ; ; ; ; ; ; ; ; ; ; ; ; ; ; ; ; ; ; ; ; ; ; ; ; ; ; ; ; ; ; ; ; ; ; ; ; ; ; ; ; ; ; ; ; 
MEF;20240306;IT0005024234;20300301;22000000;;0;-385000; ;-385000; ;-385000; ;-385000; ;-385000; ;-385000; ;-385000; ;-22385000; ; ; ; ; ; ; ; ; ; ; ; ; ; ; ; ; ; ; ; ; ; ; ; ; ; ; ; ; ; ; ; ; ; ; ; ; ; ; ; ; ; ; ; ; ; ; ; ; ; ; ; ; ; ; ; ; ; ; ; ; ; ; ; ; ; ; ; ; ; ; ; ; ; ; ; ; ; ; ; ; ; ; ; ; ; ; ; ; ; ; ; ; ; ; ; ; ; ; 
MEF;20240306;IT0005358806;20350301;1000000;;0;-16750; ;-16750; ;-16750; ;-16750; ;-16750; ;-16750; ;-16750; ;-16750; ;-16750; ;-16750; ;-16750; ;-16750; ;-16750; ;-16750; ;-16750; ;-16750; ;-16750; ;-1016750; ; ; ; ; ; ; ; ; ; ; ; ; ; ; ; ; ; ; ; ; ; ; ; ; ; ; ; ; ; ; ; ; ; ; ; ; ; ; ; ; ; ; ; ; ; ; ; ; ; ; ; ; ; ; ; ; ; ; ; ; ; ; ; ; ; ; ; ; ; ; ; ; ; ; ; ; ; ; 
MEF;20240307;IT0005358806;20350301;500000;;0;-8375; ;-8375; ;-8375; ;-8375; ;-8375; ;-8375; ;-8375; ;-8375; ;-8375; ;-8375; ;-8375; ;-8375; ;-8375; ;-8375; ;-8375; ;-8375; ;-8375; ;-508375; ; ; ; ; ; ; ; ; ; ; ; ; ; ; ; ; ; ; ; ; ; ; ; ; ; ; ; ; ; ; ; ; ; ; ; ; ; ; ; ; ; ; ; ; ; ; ; ; ; ; ; ; ; ; ; ; ; ; ; ; ; ; ; ; ; ; ; ; ; ; ; ; ; ; ; ; ; ; 
MEF;20240315;IT0005530032;20430901;1000000;;0;-22250; ;-22250; ;-22250; ;-22250; ;-22250; ;-22250; ;-22250; ;-22250; ;-22250; ;-22250; ;-22250; ;-22250; ;-22250; ;-22250; ;-22250; ;-22250; ;-22250; ;-22250; ;-22250; ;-22250; ;-22250; ;-22250; ;-22250; ;-22250; ;-22250; ;-22250; ;-22250; ;-22250; ;-22250; ;-22250; ;-22250; ;-22250;-22250;-22250;-1022250; ; ; ; ; ; ; ; ; ; ; ; ; ; ; ; ; ; ; ; ; ; ; ; ; ; ; ; ; ; ; ; ; ; ; ; ; ; ; ; ; ; ; ; ; ; ; ; 
MEF;20240318;IT0004923998;20440901;5000000;;0;-118750; ;-118750; ;-118750; ;-118750; ;-118750; ;-118750; ;-118750; ;-118750; ;-118750; ;-118750; ;-118750; ;-118750; ;-118750; ;-118750; ;-118750; ;-118750; ;-118750; ;-118750; ;-118750; ;-118750; ;-118750; ;-118750; ;-118750; ;-118750; ;-118750; ;-118750; ;-118750; ;-118750; ;-118750; ;-118750; ;-118750; ;-118750;-118750;-118750;-118750;-118750;-5118750; ; ; ; ; ; ; ; ; ; ; ; ; ; ; ; ; ; ; ; ; ; ; ; ; ; ; ; ; ; ; ; ; ; ; ; ; ; ; ; ; ; ; ; ; ; 
MEF;20240318;IT0005530032;20430901;1000000;;0;-22250; ;-22250; ;-22250; ;-22250; ;-22250; ;-22250; ;-22250; ;-22250; ;-22250; ;-22250; ;-22250; ;-22250; ;-22250; ;-22250; ;-22250; ;-22250; ;-22250; ;-22250; ;-22250; ;-22250; ;-22250; ;-22250; ;-22250; ;-22250; ;-22250; ;-22250; ;-22250; ;-22250; ;-22250; ;-22250; ;-22250; ;-22250;-22250;-22250;-1022250; ; ; ; ; ; ; ; ; ; ; ; ; ; ; ; ; ; ; ; ; ; ; ; ; ; ; ; ; ; ; ; ; ; ; ; ; ; ; ; ; ; ; ; ; ; ; ; 
MEF;20240319;IT0005358806;20350301;1000000;;0;-16750; ;-16750; ;-16750; ;-16750; ;-16750; ;-16750; ;-16750; ;-16750; ;-16750; ;-16750; ;-16750; ;-16750; ;-16750; ;-16750; ;-16750; ;-16750; ;-16750; ;-1016750; ; ; ; ; ; ; ; ; ; ; ; ; ; ; ; ; ; ; ; ; ; ; ; ; ; ; ; ; ; ; ; ; ; ; ; ; ; ; ; ; ; ; ; ; ; ; ; ; ; ; ; ; ; ; ; ; ; ; ; ; ; ; ; ; ; ; ; ; ; ; ; ; ; ; ; ; ; ; 
MEF;20240319;IT0005377152;20400301;1600000;;0;-24800; ;-24800; ;-24800; ;-24800; ;-24800; ;-24800; ;-24800; ;-24800; ;-24800; ;-24800; ;-24800; ;-24800; ;-24800; ;-24800; ;-24800; ;-24800; ;-24800; ;-24800; ;-24800; ;-24800; ;-24800; ;-24800; ;-24800; ;-24800; ;-24800; ;-24800; ;-24800; ;-1624800; ; ; ; ; ; ; ; ; ; ; ; ; ; ; ; ; ; ; ; ; ; ; ; ; ; ; ; ; ; ; ; ; ; ; ; ; ; ; ; ; ; ; ; ; ; ; ; ; ; ; ; ; ; ; ; ; ; ; 
MEF;20240319;IT0005377152;20400301;5000000;;0;-77500; ;-77500; ;-77500; ;-77500; ;-77500; ;-77500; ;-77500; ;-77500; ;-77500; ;-77500; ;-77500; ;-77500; ;-77500; ;-77500; ;-77500; ;-77500; ;-77500; ;-77500; ;-77500; ;-77500; ;-77500; ;-77500; ;-77500; ;-77500; ;-77500; ;-77500; ;-77500; ;-5077500; ; ; ; ; ; ; ; ; ; ; ; ; ; ; ; ; ; ; ; ; ; ; ; ; ; ; ; ; ; ; ; ; ; ; ; ; ; ; ; ; ; ; ; ; ; ; ; ; ; ; ; ; ; ; ; ; ; ; 
MEF;20240319;IT0005530032;20430901;1000000;;0;-22250; ;-22250; ;-22250; ;-22250; ;-22250; ;-22250; ;-22250; ;-22250; ;-22250; ;-22250; ;-22250; ;-22250; ;-22250; ;-22250; ;-22250; ;-22250; ;-22250; ;-22250; ;-22250; ;-22250; ;-22250; ;-22250; ;-22250; ;-22250; ;-22250; ;-22250; ;-22250; ;-22250; ;-22250; ;-22250; ;-22250; ;-22250;-22250;-22250;-1022250; ; ; ; ; ; ; ; ; ; ; ; ; ; ; ; ; ; ; ; ; ; ; ; ; ; ; ; ; ; ; ; ; ; ; ; ; ; ; ; ; ; ; ; ; ; ; ; 
MEF;20240322;IT0004923998;20440901;-1100000;;0;26125; ;26125; ;26125; ;26125; ;26125; ;26125; ;26125; ;26125; ;26125; ;26125; ;26125; ;26125; ;26125; ;26125; ;26125; ;26125; ;26125; ;26125; ;26125; ;26125; ;26125; ;26125; ;26125; ;26125; ;26125; ;26125; ;26125; ;26125; ;26125; ;26125; ;26125; ;26125;26125;26125;26125;26125;1126125; ; ; ; ; ; ; ; ; ; ; ; ; ; ; ; ; ; ; ; ; ; ; ; ; ; ; ; ; ; ; ; ; ; ; ; ; ; ; ; ; ; ; ; ; ; 
MEF;20240322;IT0005024234;20300301;1000000;;0;-17500; ;-17500; ;-17500; ;-17500; ;-17500; ;-17500; ;-17500; ;-1017500; ; ; ; ; ; ; ; ; ; ; ; ; ; ; ; ; ; ; ; ; ; ; ; ; ; ; ; ; ; ; ; ; ; ; ; ; ; ; ; ; ; ; ; ; ; ; ; ; ; ; ; ; ; ; ; ; ; ; ; ; ; ; ; ; ; ; ; ; ; ; ; ; ; ; ; ; ; ; ; ; ; ; ; ; ; ; ; ; ; ; ; ; ; ; ; ; ; ; 
MEF;20240322;IT0005240350;20330901;-1100000;;0;13475; ;13475; ;13475; ;13475; ;13475; ;13475; ;13475; ;13475; ;13475; ;13475; ;13475; ;13475; ;13475; ;13475; ;1113475; ; ; ; ; ; ; ; ; ; ; ; ; ; ; ; ; ; ; ; ; ; ; ; ; ; ; ; ; ; ; ; ; ; ; ; ; ; ; ; ; ; ; ; ; ; ; ; ; ; ; ; ; ; ; ; ; ; ; ; ; ; ; ; ; ; ; ; ; ; ; ; ; ; ; ; ; ; ; ; ; ; ; ; ; 
MEF;20240322;IT0005358806;20350301;-900000;;0;15075; ;15075; ;15075; ;15075; ;15075; ;15075; ;15075; ;15075; ;15075; ;15075; ;15075; ;15075; ;15075; ;15075; ;15075; ;15075; ;15075; ;915075; ; ; ; ; ; ; ; ; ; ; ; ; ; ; ; ; ; ; ; ; ; ; ; ; ; ; ; ; ; ; ; ; ; ; ; ; ; ; ; ; ; ; ; ; ; ; ; ; ; ; ; ; ; ; ; ; ; ; ; ; ; ; ; ; ; ; ; ; ; ; ; ; ; ; ; ; ; ; 
MEF;20240326;IT0004923998;20440901;1000000;;0;-23750; ;-23750; ;-23750; ;-23750; ;-23750; ;-23750; ;-23750; ;-23750; ;-23750; ;-23750; ;-23750; ;-23750; ;-23750; ;-23750; ;-23750; ;-23750; ;-23750; ;-23750; ;-23750; ;-23750; ;-23750; ;-23750; ;-23750; ;-23750; ;-23750; ;-23750; ;-23750; ;-23750; ;-23750; ;-23750; ;-23750; ;-23750;-23750;-23750;-23750;-23750;-1023750; ; ; ; ; ; ; ; ; ; ; ; ; ; ; ; ; ; ; ; ; ; ; ; ; ; ; ; ; ; ; ; ; ; ; ; ; ; ; ; ; ; ; ; ; ; 
MEF;20240326;IT0005358806;20350301;1000000;;0;-16750; ;-16750; ;-16750; ;-16750; ;-16750; ;-16750; ;-16750; ;-16750; ;-16750; ;-16750; ;-16750; ;-16750; ;-16750; ;-16750; ;-16750; ;-16750; ;-16750; ;-1016750; ; ; ; ; ; ; ; ; ; ; ; ; ; ; ; ; ; ; ; ; ; ; ; ; ; ; ; ; ; ; ; ; ; ; ; ; ; ; ; ; ; ; ; ; ; ; ; ; ; ; ; ; ; ; ; ; ; ; ; ; ; ; ; ; ; ; ; ; ; ; ; ; ; ; ; ; ; ; 
MEF;20240328;IT0004923998;20440901;1000000;;0;-23750; ;-23750; ;-23750; ;-23750; ;-23750; ;-23750; ;-23750; ;-23750; ;-23750; ;-23750; ;-23750; ;-23750; ;-23750; ;-23750; ;-23750; ;-23750; ;-23750; ;-23750; ;-23750; ;-23750; ;-23750; ;-23750; ;-23750; ;-23750; ;-23750; ;-23750; ;-23750; ;-23750; ;-23750; ;-23750; ;-23750; ;-23750;-23750;-23750;-23750;-23750;-1023750; ; ; ; ; ; ; ; ; ; ; ; ; ; ; ; ; ; ; ; ; ; ; ; ; ; ; ; ; ; ; ; ; ; ; ; ; ; ; ; ; ; ; ; ; ; 
MEF;20240402;IT0005530032;20430901;-900000;;0;20025; ;20025; ;20025; ;20025; ;20025; ;20025; ;20025; ;20025; ;20025; ;20025; ;20025; ;20025; ;20025; ;20025; ;20025; ;20025; ;20025; ;20025; ;20025; ;20025; ;20025; ;20025; ;20025; ;20025; ;20025; ;20025; ;20025; ;20025; ;20025; ;20025; ;20025; ;20025;20025;20025;920025; ; ; ; ; ; ; ; ; ; ; ; ; ; ; ; ; ; ; ; ; ; ; ; ; ; ; ; ; ; ; ; ; ; ; ; ; ; ; ; ; ; ; ; ; ; ; ; 
MEF;20240403;IT0004923998;20440901;1000000;;0;-23750; ;-23750; ;-23750; ;-23750; ;-23750; ;-23750; ;-23750; ;-23750; ;-23750; ;-23750; ;-23750; ;-23750; ;-23750; ;-23750; ;-23750; ;-23750; ;-23750; ;-23750; ;-23750; ;-23750; ;-23750; ;-23750; ;-23750; ;-23750; ;-23750; ;-23750; ;-23750; ;-23750; ;-23750; ;-23750; ;-23750; ;-23750;-23750;-23750;-23750;-23750;-1023750; ; ; ; ; ; ; ; ; ; ; ; ; ; ; ; ; ; ; ; ; ; ; ; ; ; ; ; ; ; ; ; ; ; ; ; ; ; ; ; ; ; ; ; ; ; 
MEF;20240405;IT0005377152;20400301;1000000;;0;-15500; ;-15500; ;-15500; ;-15500; ;-15500; ;-15500; ;-15500; ;-15500; ;-15500; ;-15500; ;-15500; ;-15500; ;-15500; ;-15500; ;-15500; ;-15500; ;-15500; ;-15500; ;-15500; ;-15500; ;-15500; ;-15500; ;-15500; ;-15500; ;-15500; ;-15500; ;-15500; ;-1015500; ; ; ; ; ; ; ; ; ; ; ; ; ; ; ; ; ; ; ; ; ; ; ; ; ; ; ; ; ; ; ; ; ; ; ; ; ; ; ; ; ; ; ; ; ; ; ; ; ; ; ; ; ; ; ; ; ; ; 
MEF;20240408;IT0004889033;20280901;1000000;;0;-23750; ;-23750; ;-23750; ;-23750; ;-1023750; ; ; ; ; ; ; ; ; ; ; ; ; ; ; ; ; ; ; ; ; ; ; ; ; ; ; ; ; ; ; ; ; ; ; ; ; ; ; ; ; ; ; ; ; ; ; ; ; ; ; ; ; ; ; ; ; ; ; ; ; ; ; ; ; ; ; ; ; ; ; ; ; ; ; ; ; ; ; ; ; ; ; ; ; ; ; ; ; ; ; ; ; ; ; ; ; ; ; ; ; ; ; ; ; 
MEF;20240412;IT0005358806;20350301;1000000;;0;-16750; ;-16750; ;-16750; ;-16750; ;-16750; ;-16750; ;-16750; ;-16750; ;-16750; ;-16750; ;-16750; ;-16750; ;-16750; ;-16750; ;-16750; ;-16750; ;-16750; ;-1016750; ; ; ; ; ; ; ; ; ; ; ; ; ; ; ; ; ; ; ; ; ; ; ; ; ; ; ; ; ; ; ; ; ; ; ; ; ; ; ; ; ; ; ; ; ; ; ; ; ; ; ; ; ; ; ; ; ; ; ; ; ; ; ; ; ; ; ; ; ; ; ; ; ; ; ; ; ; ; 
MEF;20240417;IT0004889033;20280901;24000000;;0;-570000; ;-570000; ;-570000; ;-570000; ;-24570000; ; ; ; ; ; ; ; ; ; ; ; ; ; ; ; ; ; ; ; ; ; ; ; ; ; ; ; ; ; ; ; ; ; ; ; ; ; ; ; ; ; ; ; ; ; ; ; ; ; ; ; ; ; ; ; ; ; ; ; ; ; ; ; ; ; ; ; ; ; ; ; ; ; ; ; ; ; ; ; ; ; ; ; ; ; ; ; ; ; ; ; ; ; ; ; ; ; ; ; ; ; ; ; ; 
MEF;20240417;IT0005094088;20320301;98000000;;0;-808500; ;-808500; ;-808500; ;-808500; ;-808500; ;-808500; ;-808500; ;-808500; ;-808500; ;-808500; ;-808500; ;-98808500; ; ; ; ; ; ; ; ; ; ; ; ; ; ; ; ; ; ; ; ; ; ; ; ; ; ; ; ; ; ; ; ; ; ; ; ; ; ; ; ; ; ; ; ; ; ; ; ; ; ; ; ; ; ; ; ; ; ; ; ; ; ; ; ; ; ; ; ; ; ; ; ; ; ; ; ; ; ; ; ; ; ; ; ; ; ; ; ; ; ; 
MEF;20240417;IT0005358806;20350301;1000000;;0;-16750; ;-16750; ;-16750; ;-16750; ;-16750; ;-16750; ;-16750; ;-16750; ;-16750; ;-16750; ;-16750; ;-16750; ;-16750; ;-16750; ;-16750; ;-16750; ;-16750; ;-1016750; ; ; ; ; ; ; ; ; ; ; ; ; ; ; ; ; ; ; ; ; ; ; ; ; ; ; ; ; ; ; ; ; ; ; ; ; ; ; ; ; ; ; ; ; ; ; ; ; ; ; ; ; ; ; ; ; ; ; ; ; ; ; ; ; ; ; ; ; ; ; ; ; ; ; ; ; ; ; 
MEF;20240419;IT0004889033;20280901;-900000;;0;21375; ;21375; ;21375; ;21375; ;921375; ; ; ; ; ; ; ; ; ; ; ; ; ; ; ; ; ; ; ; ; ; ; ; ; ; ; ; ; ; ; ; ; ; ; ; ; ; ; ; ; ; ; ; ; ; ; ; ; ; ; ; ; ; ; ; ; ; ; ; ; ; ; ; ; ; ; ; ; ; ; ; ; ; ; ; ; ; ; ; ; ; ; ; ; ; ; ; ; ; ; ; ; ; ; ; ; ; ; ; ; ; ; ; ; 
MEF;20240419;IT0004923998;20440901;1000000;;0;-23750; ;-23750; ;-23750; ;-23750; ;-23750; ;-23750; ;-23750; ;-23750; ;-23750; ;-23750; ;-23750; ;-23750; ;-23750; ;-23750; ;-23750; ;-23750; ;-23750; ;-23750; ;-23750; ;-23750; ;-23750; ;-23750; ;-23750; ;-23750; ;-23750; ;-23750; ;-23750; ;-23750; ;-23750; ;-23750; ;-23750; ;-23750;-23750;-23750;-23750;-23750;-1023750; ; ; ; ; ; ; ; ; ; ; ; ; ; ; ; ; ; ; ; ; ; ; ; ; ; ; ; ; ; ; ; ; ; ; ; ; ; ; ; ; ; ; ; ; ; 
MEF;20240419;IT0005094088;20320301;30000000;;0;-247500; ;-247500; ;-247500; ;-247500; ;-247500; ;-247500; ;-247500; ;-247500; ;-247500; ;-247500; ;-247500; ;-30247500; ; ; ; ; ; ; ; ; ; ; ; ; ; ; ; ; ; ; ; ; ; ; ; ; ; ; ; ; ; ; ; ; ; ; ; ; ; ; ; ; ; ; ; ; ; ; ; ; ; ; ; ; ; ; ; ; ; ; ; ; ; ; ; ; ; ; ; ; ; ; ; ; ; ; ; ; ; ; ; ; ; ; ; ; ; ; ; ; ; ; 
MEF;20240424;IT0004889033;20280901;1000000;;0;-23750; ;-23750; ;-23750; ;-23750; ;-1023750; ; ; ; ; ; ; ; ; ; ; ; ; ; ; ; ; ; ; ; ; ; ; ; ; ; ; ; ; ; ; ; ; ; ; ; ; ; ; ; ; ; ; ; ; ; ; ; ; ; ; ; ; ; ; ; ; ; ; ; ; ; ; ; ; ; ; ; ; ; ; ; ; ; ; ; ; ; ; ; ; ; ; ; ; ; ; ; ; ; ; ; ; ; ; ; ; ; ; ; ; ; ; ; ; 
MEF;20240426;IT0004923998;20440901;10000000;;0;-237500; ;-237500; ;-237500; ;-237500; ;-237500; ;-237500; ;-237500; ;-237500; ;-237500; ;-237500; ;-237500; ;-237500; ;-237500; ;-237500; ;-237500; ;-237500; ;-237500; ;-237500; ;-237500; ;-237500; ;-237500; ;-237500; ;-237500; ;-237500; ;-237500; ;-237500; ;-237500; ;-237500; ;-237500; ;-237500; ;-237500; ;-237500;-237500;-237500;-237500;-237500;-10237500; ; ; ; ; ; ; ; ; ; ; ; ; ; ; ; ; ; ; ; ; ; ; ; ; ; ; ; ; ; ; ; ; ; ; ; ; ; ; ; ; ; ; ; ; ; 
MEF;20240426;IT0005094088;20320301;19100000;;0;-157575; ;-157575; ;-157575; ;-157575; ;-157575; ;-157575; ;-157575; ;-157575; ;-157575; ;-157575; ;-157575; ;-19257575; ; ; ; ; ; ; ; ; ; ; ; ; ; ; ; ; ; ; ; ; ; ; ; ; ; ; ; ; ; ; ; ; ; ; ; ; ; ; ; ; ; ; ; ; ; ; ; ; ; ; ; ; ; ; ; ; ; ; ; ; ; ; ; ; ; ; ; ; ; ; ; ; ; ; ; ; ; ; ; ; ; ; ; ; ; ; ; ; ; ; 
MEF;20240429;IT0005162828;20470301;-1000000;;0;13500; ;13500; ;13500; ;13500; ;13500; ;13500; ;13500; ;13500; ;13500; ;13500; ;13500; ;13500; ;13500; ;13500; ;13500; ;13500; ;13500; ;13500; ;13500; ;13500; ;13500; ;13500; ;13500; ;13500; ;13500; ;13500; ;13500; ;13500; ;13500; ;13500; ;13500; ;13500;13500;13500;13500;13500;13500;13500;13500;13500;13500;1013500; ; ; ; ; ; ; ; ; ; ; ; ; ; ; ; ; ; ; ; ; ; ; ; ; ; ; ; ; ; ; ; ; ; ; ; ; ; ; ; ; 
MEF;20240429;IT0005162828;20470301;-4000000;;0;54000; ;54000; ;54000; ;54000; ;54000; ;54000; ;54000; ;54000; ;54000; ;54000; ;54000; ;54000; ;54000; ;54000; ;54000; ;54000; ;54000; ;54000; ;54000; ;54000; ;54000; ;54000; ;54000; ;54000; ;54000; ;54000; ;54000; ;54000; ;54000; ;54000; ;54000; ;54000;54000;54000;54000;54000;54000;54000;54000;54000;54000;4054000; ; ; ; ; ; ; ; ; ; ; ; ; ; ; ; ; ; ; ; ; ; ; ; ; ; ; ; ; ; ; ; ; ; ; ; ; ; ; ; ; 
MEF;20240429;IT0005177909;20360901;-1000000;;0;11250; ;11250; ;11250; ;11250; ;11250; ;11250; ;11250; ;11250; ;11250; ;11250; ;11250; ;11250; ;11250; ;11250; ;11250; ;11250; ;11250; ;11250; ;11250; ;11250; ;1011250; ; ; ; ; ; ; ; ; ; ; ; ; ; ; ; ; ; ; ; ; ; ; ; ; ; ; ; ; ; ; ; ; ; ; ; ; ; ; ; ; ; ; ; ; ; ; ; ; ; ; ; ; ; ; ; ; ; ; ; ; ; ; ; ; ; ; ; ; ; ; ; ; 
MEF;20240429;IT0005240350;20330901;-1000000;;0;12250; ;12250; ;12250; ;12250; ;12250; ;12250; ;12250; ;12250; ;12250; ;12250; ;12250; ;12250; ;12250; ;12250; ;1012250; ; ; ; ; ; ; ; ; ; ; ; ; ; ; ; ; ; ; ; ; ; ; ; ; ; ; ; ; ; ; ; ; ; ; ; ; ; ; ; ; ; ; ; ; ; ; ; ; ; ; ; ; ; ; ; ; ; ; ; ; ; ; ; ; ; ; ; ; ; ; ; ; ; ; ; ; ; ; ; ; ; ; ; ; 
MEF;20240429;IT0005321325;20380901;-2000000;;0;29500; ;29500; ;29500; ;29500; ;29500; ;29500; ;29500; ;29500; ;29500; ;29500; ;29500; ;29500; ;29500; ;29500; ;29500; ;29500; ;29500; ;29500; ;29500; ;29500; ;29500; ;29500; ;29500; ;29500; ;2029500; ; ; ; ; ; ; ; ; ; ; ; ; ; ; ; ; ; ; ; ; ; ; ; ; ; ; ; ; ; ; ; ; ; ; ; ; ; ; ; ; ; ; ; ; ; ; ; ; ; ; ; ; ; ; ; ; ; ; ; ; ; ; ; ; 
MEF;20240429;IT0005402117;20360301;-1000000;;0;7250; ;7250; ;7250; ;7250; ;7250; ;7250; ;7250; ;7250; ;7250; ;7250; ;7250; ;7250; ;7250; ;7250; ;7250; ;7250; ;7250; ;7250; ;7250; ;1007250; ; ; ; ; ; ; ; ; ; ; ; ; ; ; ; ; ; ; ; ; ; ; ; ; ; ; ; ; ; ; ; ; ; ; ; ; ; ; ; ; ; ; ; ; ; ; ; ; ; ; ; ; ; ; ; ; ; ; ; ; ; ; ; ; ; ; ; ; ; ; ; ; ; ; 
MEF;20240429;IT0005433195;20370301;-1000000;;0;4750; ;4750; ;4750; ;4750; ;4750; ;4750; ;4750; ;4750; ;4750; ;4750; ;4750; ;4750; ;4750; ;4750; ;4750; ;4750; ;4750; ;4750; ;4750; ;4750; ;4750; ;1004750; ; ; ; ; ; ; ; ; ; ; ; ; ; ; ; ; ; ; ; ; ; ; ; ; ; ; ; ; ; ; ; ; ; ; ; ; ; ; ; ; ; ; ; ; ; ; ; ; ; ; ; ; ; ; ; ; ; ; ; ; ; ; ; ; ; ; ; ; ; ; 
MEF;20240429;IT0005480980;20520901;-1000000;;0;10750; ;10750; ;10750; ;10750; ;10750; ;10750; ;10750; ;10750; ;10750; ;10750; ;10750; ;10750; ;10750; ;10750; ;10750; ;10750; ;10750; ;10750; ;10750; ;10750; ;10750; ;10750; ;10750; ;10750; ;10750; ;10750; ;10750; ;10750; ;10750; ;10750; ;10750; ;10750;10750;10750;10750;10750;10750;10750;10750;10750;10750;10750;10750;10750;10750;10750;10750;10750;10750;10750;10750;10750;1010750; ; ; ; ; ; ; ; ; ; ; ; ; ; ; ; ; ; ; ; ; ; ; ; ; ; ; ; ; ; 
MEF;20240429;IT0005496770;20380301;-1000000;;0;16250; ;16250; ;16250; ;16250; ;16250; ;16250; ;16250; ;16250; ;16250; ;16250; ;16250; ;16250; ;16250; ;16250; ;16250; ;16250; ;16250; ;16250; ;16250; ;16250; ;16250; ;16250; ;16250; ;1016250; ; ; ; ; ; ; ; ; ; ; ; ; ; ; ; ; ; ; ; ; ; ; ; ; ; ; ; ; ; ; ; ; ; ; ; ; ; ; ; ; ; ; ; ; ; ; ; ; ; ; ; ; ; ; ; ; ; ; ; ; ; ; ; ; ; ; 
MEF;20240429;IT0005560948;20340301;-3000000;;0;63000; ;63000; ;63000; ;63000; ;63000; ;63000; ;63000; ;63000; ;63000; ;63000; ;63000; ;63000; ;63000; ;63000; ;63000; ;3063000; ; ; ; ; ; ; ; ; ; ; ; ; ; ; ; ; ; ; ; ; ; ; ; ; ; ; ; ; ; ; ; ; ; ; ; ; ; ; ; ; ; ; ; ; ; ; ; ; ; ; ; ; ; ; ; ; ; ; ; ; ; ; ; ; ; ; ; ; ; ; ; ; ; ; ; ; ; ; ; ; ; ; 
MEF;20240502;IT0004889033;20280901;-900000;;0;21375; ;21375; ;21375; ;21375; ;921375; ; ; ; ; ; ; ; ; ; ; ; ; ; ; ; ; ; ; ; ; ; ; ; ; ; ; ; ; ; ; ; ; ; ; ; ; ; ; ; ; ; ; ; ; ; ; ; ; ; ; ; ; ; ; ; ; ; ; ; ; ; ; ; ; ; ; ; ; ; ; ; ; ; ; ; ; ; ; ; ; ; ; ; ; ; ; ; ; ; ; ; ; ; ; ; ; ; ; ; ; ; ; ; ; 
MEF;20240502;IT0005377152;20400301;-12600000;;0;195300; ;195300; ;195300; ;195300; ;195300; ;195300; ;195300; ;195300; ;195300; ;195300; ;195300; ;195300; ;195300; ;195300; ;195300; ;195300; ;195300; ;195300; ;195300; ;195300; ;195300; ;195300; ;195300; ;195300; ;195300; ;195300; ;195300; ;12795300; ; ; ; ; ; ; ; ; ; ; ; ; ; ; ; ; ; ; ; ; ; ; ; ; ; ; ; ; ; ; ; ; ; ; ; ; ; ; ; ; ; ; ; ; ; ; ; ; ; ; ; ; ; ; ; ; ; ; 
MEF;20240506;IT0005094088;20320301;20000000;;0;-165000; ;-165000; ;-165000; ;-165000; ;-165000; ;-165000; ;-165000; ;-165000; ;-165000; ;-165000; ;-165000; ;-20165000; ; ; ; ; ; ; ; ; ; ; ; ; ; ; ; ; ; ; ; ; ; ; ; ; ; ; ; ; ; ; ; ; ; ; ; ; ; ; ; ; ; ; ; ; ; ; ; ; ; ; ; ; ; ; ; ; ; ; ; ; ; ; ; ; ; ; ; ; ; ; ; ; ; ; ; ; ; ; ; ; ; ; ; ; ; ; ; ; ; ; 
MEF;20240507;IT0005358806;20350301;1000000;;0;-16750; ;-16750; ;-16750; ;-16750; ;-16750; ;-16750; ;-16750; ;-16750; ;-16750; ;-16750; ;-16750; ;-16750; ;-16750; ;-16750; ;-16750; ;-16750; ;-16750; ;-1016750; ; ; ; ; ; ; ; ; ; ; ; ; ; ; ; ; ; ; ; ; ; ; ; ; ; ; ; ; ; ; ; ; ; ; ; ; ; ; ; ; ; ; ; ; ; ; ; ; ; ; ; ; ; ; ; ; ; ; ; ; ; ; ; ; ; ; ; ; ; ; ; ; ; ; ; ; ; ; 
MEF;20240510;IT0005560948;20340301;-900000;;0;18900; ;18900; ;18900; ;18900; ;18900; ;18900; ;18900; ;18900; ;18900; ;18900; ;18900; ;18900; ;18900; ;18900; ;18900; ;918900; ; ; ; ; ; ; ; ; ; ; ; ; ; ; ; ; ; ; ; ; ; ; ; ; ; ; ; ; ; ; ; ; ; ; ; ; ; ; ; ; ; ; ; ; ; ; ; ; ; ; ; ; ; ; ; ; ; ; ; ; ; ; ; ; ; ; ; ; ; ; ; ; ; ; ; ; ; ; ; ; ; ; 
MEF;20240513;IT0005024234;20300301;1100000;;0;-19250; ;-19250; ;-19250; ;-19250; ;-19250; ;-19250; ;-19250; ;-1119250; ; ; ; ; ; ; ; ; ; ; ; ; ; ; ; ; ; ; ; ; ; ; ; ; ; ; ; ; ; ; ; ; ; ; ; ; ; ; ; ; ; ; ; ; ; ; ; ; ; ; ; ; ; ; ; ; ; ; ; ; ; ; ; ; ; ; ; ; ; ; ; ; ; ; ; ; ; ; ; ; ; ; ; ; ; ; ; ; ; ; ; ; ; ; ; ; ; ; 
MEF;20240513;IT0005217390;20670301;1000000;;0;-14000; ;-14000; ;-14000; ;-14000; ;-14000; ;-14000; ;-14000; ;-14000; ;-14000; ;-14000; ;-14000; ;-14000; ;-14000; ;-14000; ;-14000; ;-14000; ;-14000; ;-14000; ;-14000; ;-14000; ;-14000; ;-14000; ;-14000; ;-14000; ;-14000; ;-14000; ;-14000; ;-14000; ;-14000; ;-14000; ;-14000; ;-14000;-14000;-14000;-14000;-14000;-14000;-14000;-14000;-14000;-14000;-14000;-14000;-14000;-14000;-14000;-14000;-14000;-14000;-14000;-14000;-14000;-14000;-14000;-14000;-14000;-14000;-14000;-14000;-14000;-14000;-14000;-14000;-14000;-14000;-14000;-14000;-14000;-14000;-14000;-14000;-14000;-14000;-14000;-14000;-14000;-14000;-14000;-14000;-14000;-14000;-1014000; 
MEF;20240514;IT0005024234;20300301;1000000;;0;-17500; ;-17500; ;-17500; ;-17500; ;-17500; ;-17500; ;-17500; ;-1017500; ; ; ; ; ; ; ; ; ; ; ; ; ; ; ; ; ; ; ; ; ; ; ; ; ; ; ; ; ; ; ; ; ; ; ; ; ; ; ; ; ; ; ; ; ; ; ; ; ; ; ; ; ; ; ; ; ; ; ; ; ; ; ; ; ; ; ; ; ; ; ; ; ; ; ; ; ; ; ; ; ; ; ; ; ; ; ; ; ; ; ; ; ; ; ; ; ; ; 
MEF;20240517;IT0005024234;20300301;-900000;;0;15750; ;15750; ;15750; ;15750; ;15750; ;15750; ;15750; ;915750; ; ; ; ; ; ; ; ; ; ; ; ; ; ; ; ; ; ; ; ; ; ; ; ; ; ; ; ; ; ; ; ; ; ; ; ; ; ; ; ; ; ; ; ; ; ; ; ; ; ; ; ; ; ; ; ; ; ; ; ; ; ; ; ; ; ; ; ; ; ; ; ; ; ; ; ; ; ; ; ; ; ; ; ; ; ; ; ; ; ; ; ; ; ; ; ; ; ; 
MEF;20240524;IT0004889033;20280901;1000000;;0;-23750; ;-23750; ;-23750; ;-23750; ;-1023750; ; ; ; ; ; ; ; ; ; ; ; ; ; ; ; ; ; ; ; ; ; ; ; ; ; ; ; ; ; ; ; ; ; ; ; ; ; ; ; ; ; ; ; ; ; ; ; ; ; ; ; ; ; ; ; ; ; ; ; ; ; ; ; ; ; ; ; ; ; ; ; ; ; ; ; ; ; ; ; ; ; ; ; ; ; ; ; ; ; ; ; ; ; ; ; ; ; ; ; ; ; ; ; ; 
MEF;20240527;IT0005094088;20320301;29000000;;0;-239250; ;-239250; ;-239250; ;-239250; ;-239250; ;-239250; ;-239250; ;-239250; ;-239250; ;-239250; ;-239250; ;-29239250; ; ; ; ; ; ; ; ; ; ; ; ; ; ; ; ; ; ; ; ; ; ; ; ; ; ; ; ; ; ; ; ; ; ; ; ; ; ; ; ; ; ; ; ; ; ; ; ; ; ; ; ; ; ; ; ; ; ; ; ; ; ; ; ; ; ; ; ; ; ; ; ; ; ; ; ; ; ; ; ; ; ; ; ; ; ; ; ; ; ; 
MEF;20240528;IT0005358806;20350301;1000000;;0;-16750; ;-16750; ;-16750; ;-16750; ;-16750; ;-16750; ;-16750; ;-16750; ;-16750; ;-16750; ;-16750; ;-16750; ;-16750; ;-16750; ;-16750; ;-16750; ;-16750; ;-1016750; ; ; ; ; ; ; ; ; ; ; ; ; ; ; ; ; ; ; ; ; ; ; ; ; ; ; ; ; ; ; ; ; ; ; ; ; ; ; ; ; ; ; ; ; ; ; ; ; ; ; ; ; ; ; ; ; ; ; ; ; ; ; ; ; ; ; ; ; ; ; ; ; ; ; ; ; ; ; 
MEF;20240530;IT0004889033;20280901;16000000;;0;-380000; ;-380000; ;-380000; ;-380000; ;-16380000; ; ; ; ; ; ; ; ; ; ; ; ; ; ; ; ; ; ; ; ; ; ; ; ; ; ; ; ; ; ; ; ; ; ; ; ; ; ; ; ; ; ; ; ; ; ; ; ; ; ; ; ; ; ; ; ; ; ; ; ; ; ; ; ; ; ; ; ; ; ; ; ; ; ; ; ; ; ; ; ; ; ; ; ; ; ; ; ; ; ; ; ; ; ; ; ; ; ; ; ; ; ; ; ; 
MEF;20240531;IT0004923998;20440901;29000000;;0;-688750; ;-688750; ;-688750; ;-688750; ;-688750; ;-688750; ;-688750; ;-688750; ;-688750; ;-688750; ;-688750; ;-688750; ;-688750; ;-688750; ;-688750; ;-688750; ;-688750; ;-688750; ;-688750; ;-688750; ;-688750; ;-688750; ;-688750; ;-688750; ;-688750; ;-688750; ;-688750; ;-688750; ;-688750; ;-688750; ;-688750; ;-688750;-688750;-688750;-688750;-688750;-29688750; ; ; ; ; ; ; ; ; ; ; ; ; ; ; ; ; ; ; ; ; ; ; ; ; ; ; ; ; ; ; ; ; ; ; ; ; ; ; ; ; ; ; ; ; ; 
MEF;20240531;IT0005321325;20380901;7000000;;0;-103250; ;-103250; ;-103250; ;-103250; ;-103250; ;-103250; ;-103250; ;-103250; ;-103250; ;-103250; ;-103250; ;-103250; ;-103250; ;-103250; ;-103250; ;-103250; ;-103250; ;-103250; ;-103250; ;-103250; ;-103250; ;-103250; ;-103250; ;-103250; ;-7103250; ; ; ; ; ; ; ; ; ; ; ; ; ; ; ; ; ; ; ; ; ; ; ; ; ; ; ; ; ; ; ; ; ; ; ; ; ; ; ; ; ; ; ; ; ; ; ; ; ; ; ; ; ; ; ; ; ; ; ; ; ; ; ; ; 
MEF;20240531;IT0005530032;20430901;34000000;;0;-756500; ;-756500; ;-756500; ;-756500; ;-756500; ;-756500; ;-756500; ;-756500; ;-756500; ;-756500; ;-756500; ;-756500; ;-756500; ;-756500; ;-756500; ;-756500; ;-756500; ;-756500; ;-756500; ;-756500; ;-756500; ;-756500; ;-756500; ;-756500; ;-756500; ;-756500; ;-756500; ;-756500; ;-756500; ;-756500; ;-756500; ;-756500;-756500;-756500;-34756500; ; ; ; ; ; ; ; ; ; ; ; ; ; ; ; ; ; ; ; ; ; ; ; ; ; ; ; ; ; ; ; ; ; ; ; ; ; ; ; ; ; ; ; ; ; ; ; 
MEF;20240603;IT0004889033;20280901;-2000000;;0;47500; ;47500; ;47500; ;47500; ;2047500; ; ; ; ; ; ; ; ; ; ; ; ; ; ; ; ; ; ; ; ; ; ; ; ; ; ; ; ; ; ; ; ; ; ; ; ; ; ; ; ; ; ; ; ; ; ; ; ; ; ; ; ; ; ; ; ; ; ; ; ; ; ; ; ; ; ; ; ; ; ; ; ; ; ; ; ; ; ; ; ; ; ; ; ; ; ; ; ; ; ; ; ; ; ; ; ; ; ; ; ; ; ; ; ; 
MEF;20240603;IT0005024234;20300301;-2000000;;0;35000; ;35000; ;35000; ;35000; ;35000; ;35000; ;35000; ;2035000; ; ; ; ; ; ; ; ; ; ; ; ; ; ; ; ; ; ; ; ; ; ; ; ; ; ; ; ; ; ; ; ; ; ; ; ; ; ; ; ; ; ; ; ; ; ; ; ; ; ; ; ; ; ; ; ; ; ; ; ; ; ; ; ; ; ; ; ; ; ; ; ; ; ; ; ; ; ; ; ; ; ; ; ; ; ; ; ; ; ; ; ; ; ; ; ; ; ; 
MEF;20240603;IT0005094088;20320301;-1000000;;0;8250; ;8250; ;8250; ;8250; ;8250; ;8250; ;8250; ;8250; ;8250; ;8250; ;8250; ;1008250; ; ; ; ; ; ; ; ; ; ; ; ; ; ; ; ; ; ; ; ; ; ; ; ; ; ; ; ; ; ; ; ; ; ; ; ; ; ; ; ; ; ; ; ; ; ; ; ; ; ; ; ; ; ; ; ; ; ; ; ; ; ; ; ; ; ; ; ; ; ; ; ; ; ; ; ; ; ; ; ; ; ; ; ; ; ; ; ; ; ; 
MEF;20240603;IT0005177909;20360901;-2000000;;0;22500; ;22500; ;22500; ;22500; ;22500; ;22500; ;22500; ;22500; ;22500; ;22500; ;22500; ;22500; ;22500; ;22500; ;22500; ;22500; ;22500; ;22500; ;22500; ;22500; ;2022500; ; ; ; ; ; ; ; ; ; ; ; ; ; ; ; ; ; ; ; ; ; ; ; ; ; ; ; ; ; ; ; ; ; ; ; ; ; ; ; ; ; ; ; ; ; ; ; ; ; ; ; ; ; ; ; ; ; ; ; ; ; ; ; ; ; ; ; ; ; ; ; ; 
MEF;20240603;IT0005240350;20330901;-1000000;;0;12250; ;12250; ;12250; ;12250; ;12250; ;12250; ;12250; ;12250; ;12250; ;12250; ;12250; ;12250; ;12250; ;12250; ;1012250; ; ; ; ; ; ; ; ; ; ; ; ; ; ; ; ; ; ; ; ; ; ; ; ; ; ; ; ; ; ; ; ; ; ; ; ; ; ; ; ; ; ; ; ; ; ; ; ; ; ; ; ; ; ; ; ; ; ; ; ; ; ; ; ; ; ; ; ; ; ; ; ; ; ; ; ; ; ; ; ; ; ; ; ; 
MEF;20240603;IT0005321325;20380901;-1000000;;0;14750; ;14750; ;14750; ;14750; ;14750; ;14750; ;14750; ;14750; ;14750; ;14750; ;14750; ;14750; ;14750; ;14750; ;14750; ;14750; ;14750; ;14750; ;14750; ;14750; ;14750; ;14750; ;14750; ;14750; ;1014750; ; ; ; ; ; ; ; ; ; ; ; ; ; ; ; ; ; ; ; ; ; ; ; ; ; ; ; ; ; ; ; ; ; ; ; ; ; ; ; ; ; ; ; ; ; ; ; ; ; ; ; ; ; ; ; ; ; ; ; ; ; ; ; ; 
MEF;20240603;IT0005358806;20350301;-1000000;;0;16750; ;16750; ;16750; ;16750; ;16750; ;16750; ;16750; ;16750; ;16750; ;16750; ;16750; ;16750; ;16750; ;16750; ;16750; ;16750; ;16750; ;1016750; ; ; ; ; ; ; ; ; ; ; ; ; ; ; ; ; ; ; ; ; ; ; ; ; ; ; ; ; ; ; ; ; ; ; ; ; ; ; ; ; ; ; ; ; ; ; ; ; ; ; ; ; ; ; ; ; ; ; ; ; ; ; ; ; ; ; ; ; ; ; ; ; ; ; ; ; ; ; 
MEF;20240603;IT0005377152;20400301;-1000000;;0;15500; ;15500; ;15500; ;15500; ;15500; ;15500; ;15500; ;15500; ;15500; ;15500; ;15500; ;15500; ;15500; ;15500; ;15500; ;15500; ;15500; ;15500; ;15500; ;15500; ;15500; ;15500; ;15500; ;15500; ;15500; ;15500; ;15500; ;1015500; ; ; ; ; ; ; ; ; ; ; ; ; ; ; ; ; ; ; ; ; ; ; ; ; ; ; ; ; ; ; ; ; ; ; ; ; ; ; ; ; ; ; ; ; ; ; ; ; ; ; ; ; ; ; ; ; ; ; 
MEF;20240603;IT0005402117;20360301;-1000000;;0;7250; ;7250; ;7250; ;7250; ;7250; ;7250; ;7250; ;7250; ;7250; ;7250; ;7250; ;7250; ;7250; ;7250; ;7250; ;7250; ;7250; ;7250; ;7250; ;1007250; ; ; ; ; ; ; ; ; ; ; ; ; ; ; ; ; ; ; ; ; ; ; ; ; ; ; ; ; ; ; ; ; ; ; ; ; ; ; ; ; ; ; ; ; ; ; ; ; ; ; ; ; ; ; ; ; ; ; ; ; ; ; ; ; ; ; ; ; ; ; ; ; ; ; 
MEF;20240603;IT0005421703;20410301;-2000000;;0;18000; ;18000; ;18000; ;18000; ;18000; ;18000; ;18000; ;18000; ;18000; ;18000; ;18000; ;18000; ;18000; ;18000; ;18000; ;18000; ;18000; ;18000; ;18000; ;18000; ;18000; ;18000; ;18000; ;18000; ;18000; ;18000; ;18000; ;18000; ;18000; ;2018000; ; ; ; ; ; ; ; ; ; ; ; ; ; ; ; ; ; ; ; ; ; ; ; ; ; ; ; ; ; ; ; ; ; ; ; ; ; ; ; ; ; ; ; ; ; ; ; ; ; ; ; ; ; ; 
MEF;20240603;IT0005433195;20370301;-1000000;;0;4750; ;4750; ;4750; ;4750; ;4750; ;4750; ;4750; ;4750; ;4750; ;4750; ;4750; ;4750; ;4750; ;4750; ;4750; ;4750; ;4750; ;4750; ;4750; ;4750; ;4750; ;1004750; ; ; ; ; ; ; ; ; ; ; ; ; ; ; ; ; ; ; ; ; ; ; ; ; ; ; ; ; ; ; ; ; ; ; ; ; ; ; ; ; ; ; ; ; ; ; ; ; ; ; ; ; ; ; ; ; ; ; ; ; ; ; ; ; ; ; ; ; ; ; 
MEF;20240603;IT0005496770;20380301;-2000000;;0;32500; ;32500; ;32500; ;32500; ;32500; ;32500; ;32500; ;32500; ;32500; ;32500; ;32500; ;32500; ;32500; ;32500; ;32500; ;32500; ;32500; ;32500; ;32500; ;32500; ;32500; ;32500; ;32500; ;2032500; ; ; ; ; ; ; ; ; ; ; ; ; ; ; ; ; ; ; ; ; ; ; ; ; ; ; ; ; ; ; ; ; ; ; ; ; ; ; ; ; ; ; ; ; ; ; ; ; ; ; ; ; ; ; ; ; ; ; ; ; ; ; ; ; ; ; 
MEF;20240603;IT0005560948;20340301;-1000000;;0;21000; ;21000; ;21000; ;21000; ;21000; ;21000; ;21000; ;21000; ;21000; ;21000; ;21000; ;21000; ;21000; ;21000; ;21000; ;1021000; ; ; ; ; ; ; ; ; ; ; ; ; ; ; ; ; ; ; ; ; ; ; ; ; ; ; ; ; ; ; ; ; ; ; ; ; ; ; ; ; ; ; ; ; ; ; ; ; ; ; ; ; ; ; ; ; ; ; ; ; ; ; ; ; ; ; ; ; ; ; ; ; ; ; ; ; ; ; ; ; ; ; 
MEF;20240604;IT0005024234;20300301;1000000;;0;-17500; ;-17500; ;-17500; ;-17500; ;-17500; ;-17500; ;-17500; ;-1017500; ; ; ; ; ; ; ; ; ; ; ; ; ; ; ; ; ; ; ; ; ; ; ; ; ; ; ; ; ; ; ; ; ; ; ; ; ; ; ; ; ; ; ; ; ; ; ; ; ; ; ; ; ; ; ; ; ; ; ; ; ; ; ; ; ; ; ; ; ; ; ; ; ; ; ; ; ; ; ; ; ; ; ; ; ; ; ; ; ; ; ; ; ; ; ; ; ; ; 
MEF;20240604;IT0005321325;20380901;1000000;;0;-14750; ;-14750; ;-14750; ;-14750; ;-14750; ;-14750; ;-14750; ;-14750; ;-14750; ;-14750; ;-14750; ;-14750; ;-14750; ;-14750; ;-14750; ;-14750; ;-14750; ;-14750; ;-14750; ;-14750; ;-14750; ;-14750; ;-14750; ;-14750; ;-1014750; ; ; ; ; ; ; ; ; ; ; ; ; ; ; ; ; ; ; ; ; ; ; ; ; ; ; ; ; ; ; ; ; ; ; ; ; ; ; ; ; ; ; ; ; ; ; ; ; ; ; ; ; ; ; ; ; ; ; ; ; ; ; ; ; 
MEF;20240605;IT0004889033;20280901;1000000;;0;-23750; ;-23750; ;-23750; ;-23750; ;-1023750; ; ; ; ; ; ; ; ; ; ; ; ; ; ; ; ; ; ; ; ; ; ; ; ; ; ; ; ; ; ; ; ; ; ; ; ; ; ; ; ; ; ; ; ; ; ; ; ; ; ; ; ; ; ; ; ; ; ; ; ; ; ; ; ; ; ; ; ; ; ; ; ; ; ; ; ; ; ; ; ; ; ; ; ; ; ; ; ; ; ; ; ; ; ; ; ; ; ; ; ; ; ; ; ; 
MEF;20240607;IT0004889033;20280901;-1200000;;0;28500; ;28500; ;28500; ;28500; ;1228500; ; ; ; ; ; ; ; ; ; ; ; ; ; ; ; ; ; ; ; ; ; ; ; ; ; ; ; ; ; ; ; ; ; ; ; ; ; ; ; ; ; ; ; ; ; ; ; ; ; ; ; ; ; ; ; ; ; ; ; ; ; ; ; ; ; ; ; ; ; ; ; ; ; ; ; ; ; ; ; ; ; ; ; ; ; ; ; ; ; ; ; ; ; ; ; ; ; ; ; ; ; ; ; ; 
MEF;20240607;IT0005177909;20360901;-900000;;0;10125; ;10125; ;10125; ;10125; ;10125; ;10125; ;10125; ;10125; ;10125; ;10125; ;10125; ;10125; ;10125; ;10125; ;10125; ;10125; ;10125; ;10125; ;10125; ;10125; ;910125; ; ; ; ; ; ; ; ; ; ; ; ; ; ; ; ; ; ; ; ; ; ; ; ; ; ; ; ; ; ; ; ; ; ; ; ; ; ; ; ; ; ; ; ; ; ; ; ; ; ; ; ; ; ; ; ; ; ; ; ; ; ; ; ; ; ; ; ; ; ; ; ; 
MEF;20240607;IT0005217390;20670301;-900000;;0;12600; ;12600; ;12600; ;12600; ;12600; ;12600; ;12600; ;12600; ;12600; ;12600; ;12600; ;12600; ;12600; ;12600; ;12600; ;12600; ;12600; ;12600; ;12600; ;12600; ;12600; ;12600; ;12600; ;12600; ;12600; ;12600; ;12600; ;12600; ;12600; ;12600; ;12600; ;12600;12600;12600;12600;12600;12600;12600;12600;12600;12600;12600;12600;12600;12600;12600;12600;12600;12600;12600;12600;12600;12600;12600;12600;12600;12600;12600;12600;12600;12600;12600;12600;12600;12600;12600;12600;12600;12600;12600;12600;12600;12600;12600;12600;12600;12600;12600;12600;12600;12600;912600; 
MEF;20240607;IT0005240350;20330901;-1200000;;0;14700; ;14700; ;14700; ;14700; ;14700; ;14700; ;14700; ;14700; ;14700; ;14700; ;14700; ;14700; ;14700; ;14700; ;1214700; ; ; ; ; ; ; ; ; ; ; ; ; ; ; ; ; ; ; ; ; ; ; ; ; ; ; ; ; ; ; ; ; ; ; ; ; ; ; ; ; ; ; ; ; ; ; ; ; ; ; ; ; ; ; ; ; ; ; ; ; ; ; ; ; ; ; ; ; ; ; ; ; ; ; ; ; ; ; ; ; ; ; ; ; 
MEF;20240607;IT0005358806;20350301;-900000;;0;15075; ;15075; ;15075; ;15075; ;15075; ;15075; ;15075; ;15075; ;15075; ;15075; ;15075; ;15075; ;15075; ;15075; ;15075; ;15075; ;15075; ;915075; ; ; ; ; ; ; ; ; ; ; ; ; ; ; ; ; ; ; ; ; ; ; ; ; ; ; ; ; ; ; ; ; ; ; ; ; ; ; ; ; ; ; ; ; ; ; ; ; ; ; ; ; ; ; ; ; ; ; ; ; ; ; ; ; ; ; ; ; ; ; ; ; ; ; ; ; ; ; 
MEF;20240610;IT0005321325;20380901;4800000;;0;-70800; ;-70800; ;-70800; ;-70800; ;-70800; ;-70800; ;-70800; ;-70800; ;-70800; ;-70800; ;-70800; ;-70800; ;-70800; ;-70800; ;-70800; ;-70800; ;-70800; ;-70800; ;-70800; ;-70800; ;-70800; ;-70800; ;-70800; ;-70800; ;-4870800; ; ; ; ; ; ; ; ; ; ; ; ; ; ; ; ; ; ; ; ; ; ; ; ; ; ; ; ; ; ; ; ; ; ; ; ; ; ; ; ; ; ; ; ; ; ; ; ; ; ; ; ; ; ; ; ; ; ; ; ; ; ; ; ; 
MEF;20240610;IT0005358806;20350301;4500000;;0;-75375; ;-75375; ;-75375; ;-75375; ;-75375; ;-75375; ;-75375; ;-75375; ;-75375; ;-75375; ;-75375; ;-75375; ;-75375; ;-75375; ;-75375; ;-75375; ;-75375; ;-4575375; ; ; ; ; ; ; ; ; ; ; ; ; ; ; ; ; ; ; ; ; ; ; ; ; ; ; ; ; ; ; ; ; ; ; ; ; ; ; ; ; ; ; ; ; ; ; ; ; ; ; ; ; ; ; ; ; ; ; ; ; ; ; ; ; ; ; ; ; ; ; ; ; ; ; ; ; ; ; 
MEF;20240610;IT0005530032;20430901;-2444000;;0;54379; ;54379; ;54379; ;54379; ;54379; ;54379; ;54379; ;54379; ;54379; ;54379; ;54379; ;54379; ;54379; ;54379; ;54379; ;54379; ;54379; ;54379; ;54379; ;54379; ;54379; ;54379; ;54379; ;54379; ;54379; ;54379; ;54379; ;54379; ;54379; ;54379; ;54379; ;54379;54379;54379;2498379; ; ; ; ; ; ; ; ; ; ; ; ; ; ; ; ; ; ; ; ; ; ; ; ; ; ; ; ; ; ; ; ; ; ; ; ; ; ; ; ; ; ; ; ; ; ; ; 
MEF;20240610;IT0005530032;20430901;-5000000;;0;111250; ;111250; ;111250; ;111250; ;111250; ;111250; ;111250; ;111250; ;111250; ;111250; ;111250; ;111250; ;111250; ;111250; ;111250; ;111250; ;111250; ;111250; ;111250; ;111250; ;111250; ;111250; ;111250; ;111250; ;111250; ;111250; ;111250; ;111250; ;111250; ;111250; ;111250; ;111250;111250;111250;5111250; ; ; ; ; ; ; ; ; ; ; ; ; ; ; ; ; ; ; ; ; ; ; ; ; ; ; ; ; ; ; ; ; ; ; ; ; ; ; ; ; ; ; ; ; ; ; ; 
MEF;20240610;IT0005530032;20430901;4800000;;0;-106800; ;-106800; ;-106800; ;-106800; ;-106800; ;-106800; ;-106800; ;-106800; ;-106800; ;-106800; ;-106800; ;-106800; ;-106800; ;-106800; ;-106800; ;-106800; ;-106800; ;-106800; ;-106800; ;-106800; ;-106800; ;-106800; ;-106800; ;-106800; ;-106800; ;-106800; ;-106800; ;-106800; ;-106800; ;-106800; ;-106800; ;-106800;-106800;-106800;-4906800; ; ; ; ; ; ; ; ; ; ; ; ; ; ; ; ; ; ; ; ; ; ; ; ; ; ; ; ; ; ; ; ; ; ; ; ; ; ; ; ; ; ; ; ; ; ; ; 
MEF;20240611;IT0005177909;20360901;1000000;;0;-11250; ;-11250; ;-11250; ;-11250; ;-11250; ;-11250; ;-11250; ;-11250; ;-11250; ;-11250; ;-11250; ;-11250; ;-11250; ;-11250; ;-11250; ;-11250; ;-11250; ;-11250; ;-11250; ;-11250; ;-1011250; ; ; ; ; ; ; ; ; ; ; ; ; ; ; ; ; ; ; ; ; ; ; ; ; ; ; ; ; ; ; ; ; ; ; ; ; ; ; ; ; ; ; ; ; ; ; ; ; ; ; ; ; ; ; ; ; ; ; ; ; ; ; ; ; ; ; ; ; ; ; ; ; 
MEF;20240611;IT0005358806;20350301;1400000;;0;-23450; ;-23450; ;-23450; ;-23450; ;-23450; ;-23450; ;-23450; ;-23450; ;-23450; ;-23450; ;-23450; ;-23450; ;-23450; ;-23450; ;-23450; ;-23450; ;-23450; ;-1423450; ; ; ; ; ; ; ; ; ; ; ; ; ; ; ; ; ; ; ; ; ; ; ; ; ; ; ; ; ; ; ; ; ; ; ; ; ; ; ; ; ; ; ; ; ; ; ; ; ; ; ; ; ; ; ; ; ; ; ; ; ; ; ; ; ; ; ; ; ; ; ; ; ; ; ; ; ; ; 
MEF;20240611;IT0005402117;20360301;1000000;;0;-7250; ;-7250; ;-7250; ;-7250; ;-7250; ;-7250; ;-7250; ;-7250; ;-7250; ;-7250; ;-7250; ;-7250; ;-7250; ;-7250; ;-7250; ;-7250; ;-7250; ;-7250; ;-7250; ;-1007250; ; ; ; ; ; ; ; ; ; ; ; ; ; ; ; ; ; ; ; ; ; ; ; ; ; ; ; ; ; ; ; ; ; ; ; ; ; ; ; ; ; ; ; ; ; ; ; ; ; ; ; ; ; ; ; ; ; ; ; ; ; ; ; ; ; ; ; ; ; ; ; ; ; ; 
MEF;20240611;IT0005433195;20370301;1000000;;0;-4750; ;-4750; ;-4750; ;-4750; ;-4750; ;-4750; ;-4750; ;-4750; ;-4750; ;-4750; ;-4750; ;-4750; ;-4750; ;-4750; ;-4750; ;-4750; ;-4750; ;-4750; ;-4750; ;-4750; ;-4750; ;-1004750; ; ; ; ; ; ; ; ; ; ; ; ; ; ; ; ; ; ; ; ; ; ; ; ; ; ; ; ; ; ; ; ; ; ; ; ; ; ; ; ; ; ; ; ; ; ; ; ; ; ; ; ; ; ; ; ; ; ; ; ; ; ; ; ; ; ; ; ; ; ; 
MEF;20240611;IT0005496770;20380301;1000000;;0;-16250; ;-16250; ;-16250; ;-16250; ;-16250; ;-16250; ;-16250; ;-16250; ;-16250; ;-16250; ;-16250; ;-16250; ;-16250; ;-16250; ;-16250; ;-16250; ;-16250; ;-16250; ;-16250; ;-16250; ;-16250; ;-16250; ;-16250; ;-1016250; ; ; ; ; ; ; ; ; ; ; ; ; ; ; ; ; ; ; ; ; ; ; ; ; ; ; ; ; ; ; ; ; ; ; ; ; ; ; ; ; ; ; ; ; ; ; ; ; ; ; ; ; ; ; ; ; ; ; ; ; ; ; ; ; ; ; 
MEF;20240611;IT0005496770;20380301;4800000;;0;-78000; ;-78000; ;-78000; ;-78000; ;-78000; ;-78000; ;-78000; ;-78000; ;-78000; ;-78000; ;-78000; ;-78000; ;-78000; ;-78000; ;-78000; ;-78000; ;-78000; ;-78000; ;-78000; ;-78000; ;-78000; ;-78000; ;-78000; ;-4878000; ; ; ; ; ; ; ; ; ; ; ; ; ; ; ; ; ; ; ; ; ; ; ; ; ; ; ; ; ; ; ; ; ; ; ; ; ; ; ; ; ; ; ; ; ; ; ; ; ; ; ; ; ; ; ; ; ; ; ; ; ; ; ; ; ; ; 
MEF;20240611;IT0005496770;20380301;5000000;;0;-81250; ;-81250; ;-81250; ;-81250; ;-81250; ;-81250; ;-81250; ;-81250; ;-81250; ;-81250; ;-81250; ;-81250; ;-81250; ;-81250; ;-81250; ;-81250; ;-81250; ;-81250; ;-81250; ;-81250; ;-81250; ;-81250; ;-81250; ;-5081250; ; ; ; ; ; ; ; ; ; ; ; ; ; ; ; ; ; ; ; ; ; ; ; ; ; ; ; ; ; ; ; ; ; ; ; ; ; ; ; ; ; ; ; ; ; ; ; ; ; ; ; ; ; ; ; ; ; ; ; ; ; ; ; ; ; ; 
MEF;20240612;IT0005321325;20380901;-5000000;;0;73750; ;73750; ;73750; ;73750; ;73750; ;73750; ;73750; ;73750; ;73750; ;73750; ;73750; ;73750; ;73750; ;73750; ;73750; ;73750; ;73750; ;73750; ;73750; ;73750; ;73750; ;73750; ;73750; ;73750; ;5073750; ; ; ; ; ; ; ; ; ; ; ; ; ; ; ; ; ; ; ; ; ; ; ; ; ; ; ; ; ; ; ; ; ; ; ; ; ; ; ; ; ; ; ; ; ; ; ; ; ; ; ; ; ; ; ; ; ; ; ; ; ; ; ; ; 
MEF;20240612;IT0005363111;20490901;24600000;;0;-473550; ;-473550; ;-473550; ;-473550; ;-473550; ;-473550; ;-473550; ;-473550; ;-473550; ;-473550; ;-473550; ;-473550; ;-473550; ;-473550; ;-473550; ;-473550; ;-473550; ;-473550; ;-473550; ;-473550; ;-473550; ;-473550; ;-473550; ;-473550; ;-473550; ;-473550; ;-473550; ;-473550; ;-473550; ;-473550; ;-473550; ;-473550;-473550;-473550;-473550;-473550;-473550;-473550;-473550;-473550;-473550;-473550;-473550;-473550;-473550;-473550;-25073550; ; ; ; ; ; ; ; ; ; ; ; ; ; ; ; ; ; ; ; ; ; ; ; ; ; ; ; ; ; ; ; ; ; ; ; 
MEF;20240612;IT0005496770;20380301;-10900000;;0;177125; ;177125; ;177125; ;177125; ;177125; ;177125; ;177125; ;177125; ;177125; ;177125; ;177125; ;177125; ;177125; ;177125; ;177125; ;177125; ;177125; ;177125; ;177125; ;177125; ;177125; ;177125; ;177125; ;11077125; ; ; ; ; ; ; ; ; ; ; ; ; ; ; ; ; ; ; ; ; ; ; ; ; ; ; ; ; ; ; ; ; ; ; ; ; ; ; ; ; ; ; ; ; ; ; ; ; ; ; ; ; ; ; ; ; ; ; ; ; ; ; ; ; ; ; 
MEF;20240612;IT0005496770;20380301;-5000000;;0;81250; ;81250; ;81250; ;81250; ;81250; ;81250; ;81250; ;81250; ;81250; ;81250; ;81250; ;81250; ;81250; ;81250; ;81250; ;81250; ;81250; ;81250; ;81250; ;81250; ;81250; ;81250; ;81250; ;5081250; ; ; ; ; ; ; ; ; ; ; ; ; ; ; ; ; ; ; ; ; ; ; ; ; ; ; ; ; ; ; ; ; ; ; ; ; ; ; ; ; ; ; ; ; ; ; ; ; ; ; ; ; ; ; ; ; ; ; ; ; ; ; ; ; ; ; 
MEF;20240612;IT0005496770;20380301;4500000;;0;-73125; ;-73125; ;-73125; ;-73125; ;-73125; ;-73125; ;-73125; ;-73125; ;-73125; ;-73125; ;-73125; ;-73125; ;-73125; ;-73125; ;-73125; ;-73125; ;-73125; ;-73125; ;-73125; ;-73125; ;-73125; ;-73125; ;-73125; ;-4573125; ; ; ; ; ; ; ; ; ; ; ; ; ; ; ; ; ; ; ; ; ; ; ; ; ; ; ; ; ; ; ; ; ; ; ; ; ; ; ; ; ; ; ; ; ; ; ; ; ; ; ; ; ; ; ; ; ; ; ; ; ; ; ; ; ; ; 
MEF;20240614;IT0004889033;20280901;-1200000;;0;28500; ;28500; ;28500; ;28500; ;1228500; ; ; ; ; ; ; ; ; ; ; ; ; ; ; ; ; ; ; ; ; ; ; ; ; ; ; ; ; ; ; ; ; ; ; ; ; ; ; ; ; ; ; ; ; ; ; ; ; ; ; ; ; ; ; ; ; ; ; ; ; ; ; ; ; ; ; ; ; ; ; ; ; ; ; ; ; ; ; ; ; ; ; ; ; ; ; ; ; ; ; ; ; ; ; ; ; ; ; ; ; ; ; ; ; 
MEF;20240614;IT0004923998;20440901;-900000;;0;21375; ;21375; ;21375; ;21375; ;21375; ;21375; ;21375; ;21375; ;21375; ;21375; ;21375; ;21375; ;21375; ;21375; ;21375; ;21375; ;21375; ;21375; ;21375; ;21375; ;21375; ;21375; ;21375; ;21375; ;21375; ;21375; ;21375; ;21375; ;21375; ;21375; ;21375; ;21375;21375;21375;21375;21375;921375; ; ; ; ; ; ; ; ; ; ; ; ; ; ; ; ; ; ; ; ; ; ; ; ; ; ; ; ; ; ; ; ; ; ; ; ; ; ; ; ; ; ; ; ; ; 
MEF;20240614;IT0005024234;20300301;-900000;;0;15750; ;15750; ;15750; ;15750; ;15750; ;15750; ;15750; ;915750; ; ; ; ; ; ; ; ; ; ; ; ; ; ; ; ; ; ; ; ; ; ; ; ; ; ; ; ; ; ; ; ; ; ; ; ; ; ; ; ; ; ; ; ; ; ; ; ; ; ; ; ; ; ; ; ; ; ; ; ; ; ; ; ; ; ; ; ; ; ; ; ; ; ; ; ; ; ; ; ; ; ; ; ; ; ; ; ; ; ; ; ; ; ; ; ; ; ; 
MEF;20240614;IT0005083057;20460901;-1200000;;0;19500; ;19500; ;19500; ;19500; ;19500; ;19500; ;19500; ;19500; ;19500; ;19500; ;19500; ;19500; ;19500; ;19500; ;19500; ;19500; ;19500; ;19500; ;19500; ;19500; ;19500; ;19500; ;19500; ;19500; ;19500; ;19500; ;19500; ;19500; ;19500; ;19500; ;19500; ;19500;19500;19500;19500;19500;19500;19500;19500;19500;1219500; ; ; ; ; ; ; ; ; ; ; ; ; ; ; ; ; ; ; ; ; ; ; ; ; ; ; ; ; ; ; ; ; ; ; ; ; ; ; ; ; ; 
MEF;20240614;IT0005094088;20320301;-1200000;;0;9900; ;9900; ;9900; ;9900; ;9900; ;9900; ;9900; ;9900; ;9900; ;9900; ;9900; ;1209900; ; ; ; ; ; ; ; ; ; ; ; ; ; ; ; ; ; ; ; ; ; ; ; ; ; ; ; ; ; ; ; ; ; ; ; ; ; ; ; ; ; ; ; ; ; ; ; ; ; ; ; ; ; ; ; ; ; ; ; ; ; ; ; ; ; ; ; ; ; ; ; ; ; ; ; ; ; ; ; ; ; ; ; ; ; ; ; ; ; ; 
MEF;20240614;IT0005240350;20330901;-1100000;;0;13475; ;13475; ;13475; ;13475; ;13475; ;13475; ;13475; ;13475; ;13475; ;13475; ;13475; ;13475; ;13475; ;13475; ;1113475; ; ; ; ; ; ; ; ; ; ; ; ; ; ; ; ; ; ; ; ; ; ; ; ; ; ; ; ; ; ; ; ; ; ; ; ; ; ; ; ; ; ; ; ; ; ; ; ; ; ; ; ; ; ; ; ; ; ; ; ; ; ; ; ; ; ; ; ; ; ; ; ; ; ; ; ; ; ; ; ; ; ; ; ; 
MEF;20240614;IT0005321325;20380901;-900000;;0;13275; ;13275; ;13275; ;13275; ;13275; ;13275; ;13275; ;13275; ;13275; ;13275; ;13275; ;13275; ;13275; ;13275; ;13275; ;13275; ;13275; ;13275; ;13275; ;13275; ;13275; ;13275; ;13275; ;13275; ;913275; ; ; ; ; ; ; ; ; ; ; ; ; ; ; ; ; ; ; ; ; ; ; ; ; ; ; ; ; ; ; ; ; ; ; ; ; ; ; ; ; ; ; ; ; ; ; ; ; ; ; ; ; ; ; ; ; ; ; ; ; ; ; ; ; 
MEF;20240614;IT0005402117;20360301;-900000;;0;6525; ;6525; ;6525; ;6525; ;6525; ;6525; ;6525; ;6525; ;6525; ;6525; ;6525; ;6525; ;6525; ;6525; ;6525; ;6525; ;6525; ;6525; ;6525; ;906525; ; ; ; ; ; ; ; ; ; ; ; ; ; ; ; ; ; ; ; ; ; ; ; ; ; ; ; ; ; ; ; ; ; ; ; ; ; ; ; ; ; ; ; ; ; ; ; ; ; ; ; ; ; ; ; ; ; ; ; ; ; ; ; ; ; ; ; ; ; ; ; ; ; ; 
MEF;20240614;IT0005421703;20410301;-1200000;;0;10800; ;10800; ;10800; ;10800; ;10800; ;10800; ;10800; ;10800; ;10800; ;10800; ;10800; ;10800; ;10800; ;10800; ;10800; ;10800; ;10800; ;10800; ;10800; ;10800; ;10800; ;10800; ;10800; ;10800; ;10800; ;10800; ;10800; ;10800; ;10800; ;1210800; ; ; ; ; ; ; ; ; ; ; ; ; ; ; ; ; ; ; ; ; ; ; ; ; ; ; ; ; ; ; ; ; ; ; ; ; ; ; ; ; ; ; ; ; ; ; ; ; ; ; ; ; ; ; 
MEF;20240614;IT0005433195;20370301;-900000;;0;4275; ;4275; ;4275; ;4275; ;4275; ;4275; ;4275; ;4275; ;4275; ;4275; ;4275; ;4275; ;4275; ;4275; ;4275; ;4275; ;4275; ;4275; ;4275; ;4275; ;4275; ;904275; ; ; ; ; ; ; ; ; ; ; ; ; ; ; ; ; ; ; ; ; ; ; ; ; ; ; ; ; ; ; ; ; ; ; ; ; ; ; ; ; ; ; ; ; ; ; ; ; ; ; ; ; ; ; ; ; ; ; ; ; ; ; ; ; ; ; ; ; ; ; 
MEF;20240614;IT0005496770;20380301;-900000;;0;14625; ;14625; ;14625; ;14625; ;14625; ;14625; ;14625; ;14625; ;14625; ;14625; ;14625; ;14625; ;14625; ;14625; ;14625; ;14625; ;14625; ;14625; ;14625; ;14625; ;14625; ;14625; ;14625; ;914625; ; ; ; ; ; ; ; ; ; ; ; ; ; ; ; ; ; ; ; ; ; ; ; ; ; ; ; ; ; ; ; ; ; ; ; ; ; ; ; ; ; ; ; ; ; ; ; ; ; ; ; ; ; ; ; ; ; ; ; ; ; ; ; ; ; ; 
MEF;20240614;IT0005560948;20340301;-1100000;;0;23100; ;23100; ;23100; ;23100; ;23100; ;23100; ;23100; ;23100; ;23100; ;23100; ;23100; ;23100; ;23100; ;23100; ;23100; ;1123100; ; ; ; ; ; ; ; ; ; ; ; ; ; ; ; ; ; ; ; ; ; ; ; ; ; ; ; ; ; ; ; ; ; ; ; ; ; ; ; ; ; ; ; ; ; ; ; ; ; ; ; ; ; ; ; ; ; ; ; ; ; ; ; ; ; ; ; ; ; ; ; ; ; ; ; ; ; ; ; ; ; ; 
MEF;20240619;IT0005480980;20520901;1000000;;0;-10750; ;-10750; ;-10750; ;-10750; ;-10750; ;-10750; ;-10750; ;-10750; ;-10750; ;-10750; ;-10750; ;-10750; ;-10750; ;-10750; ;-10750; ;-10750; ;-10750; ;-10750; ;-10750; ;-10750; ;-10750; ;-10750; ;-10750; ;-10750; ;-10750; ;-10750; ;-10750; ;-10750; ;-10750; ;-10750; ;-10750; ;-10750;-10750;-10750;-10750;-10750;-10750;-10750;-10750;-10750;-10750;-10750;-10750;-10750;-10750;-10750;-10750;-10750;-10750;-10750;-10750;-10750;-1010750; ; ; ; ; ; ; ; ; ; ; ; ; ; ; ; ; ; ; ; ; ; ; ; ; ; ; ; ; ; 
MEF;20240701;IT0005217390;20670301;25000000;;0;-350000; ;-350000; ;-350000; ;-350000; ;-350000; ;-350000; ;-350000; ;-350000; ;-350000; ;-350000; ;-350000; ;-350000; ;-350000; ;-350000; ;-350000; ;-350000; ;-350000; ;-350000; ;-350000; ;-350000; ;-350000; ;-350000; ;-350000; ;-350000; ;-350000; ;-350000; ;-350000; ;-350000; ;-350000; ;-350000; ;-350000; ;-350000;-350000;-350000;-350000;-350000;-350000;-350000;-350000;-350000;-350000;-350000;-350000;-350000;-350000;-350000;-350000;-350000;-350000;-350000;-350000;-350000;-350000;-350000;-350000;-350000;-350000;-350000;-350000;-350000;-350000;-350000;-350000;-350000;-350000;-350000;-350000;-350000;-350000;-350000;-350000;-350000;-350000;-350000;-350000;-350000;-350000;-350000;-350000;-350000;-350000;-25350000; 
MEF;20240703;IT0005162828;20470301;1000000;;0;-13500; ;-13500; ;-13500; ;-13500; ;-13500; ;-13500; ;-13500; ;-13500; ;-13500; ;-13500; ;-13500; ;-13500; ;-13500; ;-13500; ;-13500; ;-13500; ;-13500; ;-13500; ;-13500; ;-13500; ;-13500; ;-13500; ;-13500; ;-13500; ;-13500; ;-13500; ;-13500; ;-13500; ;-13500; ;-13500; ;-13500; ;-13500;-13500;-13500;-13500;-13500;-13500;-13500;-13500;-13500;-13500;-1013500; ; ; ; ; ; ; ; ; ; ; ; ; ; ; ; ; ; ; ; ; ; ; ; ; ; ; ; ; ; ; ; ; ; ; ; ; ; ; ; ; 
MEF;20240703;IT0005480980;20520901;1000000;;0;-10750; ;-10750; ;-10750; ;-10750; ;-10750; ;-10750; ;-10750; ;-10750; ;-10750; ;-10750; ;-10750; ;-10750; ;-10750; ;-10750; ;-10750; ;-10750; ;-10750; ;-10750; ;-10750; ;-10750; ;-10750; ;-10750; ;-10750; ;-10750; ;-10750; ;-10750; ;-10750; ;-10750; ;-10750; ;-10750; ;-10750; ;-10750;-10750;-10750;-10750;-10750;-10750;-10750;-10750;-10750;-10750;-10750;-10750;-10750;-10750;-10750;-10750;-10750;-10750;-10750;-10750;-10750;-1010750; ; ; ; ; ; ; ; ; ; ; ; ; ; ; ; ; ; ; ; ; ; ; ; ; ; ; ; ; ; 
MEF;20240705;IT0005162828;20470301;-1100000;;0;14850; ;14850; ;14850; ;14850; ;14850; ;14850; ;14850; ;14850; ;14850; ;14850; ;14850; ;14850; ;14850; ;14850; ;14850; ;14850; ;14850; ;14850; ;14850; ;14850; ;14850; ;14850; ;14850; ;14850; ;14850; ;14850; ;14850; ;14850; ;14850; ;14850; ;14850; ;14850;14850;14850;14850;14850;14850;14850;14850;14850;14850;1114850; ; ; ; ; ; ; ; ; ; ; ; ; ; ; ; ; ; ; ; ; ; ; ; ; ; ; ; ; ; ; ; ; ; ; ; ; ; ; ; ; 
MEF;20240705;IT0005177909;20360901;-1100000;;0;12375; ;12375; ;12375; ;12375; ;12375; ;12375; ;12375; ;12375; ;12375; ;12375; ;12375; ;12375; ;12375; ;12375; ;12375; ;12375; ;12375; ;12375; ;12375; ;12375; ;1112375; ; ; ; ; ; ; ; ; ; ; ; ; ; ; ; ; ; ; ; ; ; ; ; ; ; ; ; ; ; ; ; ; ; ; ; ; ; ; ; ; ; ; ; ; ; ; ; ; ; ; ; ; ; ; ; ; ; ; ; ; ; ; ; ; ; ; ; ; ; ; ; ; 
MEF;20240705;IT0005402117;20360301;-900000;;0;6525; ;6525; ;6525; ;6525; ;6525; ;6525; ;6525; ;6525; ;6525; ;6525; ;6525; ;6525; ;6525; ;6525; ;6525; ;6525; ;6525; ;6525; ;6525; ;906525; ; ; ; ; ; ; ; ; ; ; ; ; ; ; ; ; ; ; ; ; ; ; ; ; ; ; ; ; ; ; ; ; ; ; ; ; ; ; ; ; ; ; ; ; ; ; ; ; ; ; ; ; ; ; ; ; ; ; ; ; ; ; ; ; ; ; ; ; ; ; ; ; ; ; 
MEF;20240705;IT0005425233;20510901;-1200000;;0;10200; ;10200; ;10200; ;10200; ;10200; ;10200; ;10200; ;10200; ;10200; ;10200; ;10200; ;10200; ;10200; ;10200; ;10200; ;10200; ;10200; ;10200; ;10200; ;10200; ;10200; ;10200; ;10200; ;10200; ;10200; ;10200; ;10200; ;10200; ;10200; ;10200; ;10200; ;10200;10200;10200;10200;10200;10200;10200;10200;10200;10200;10200;10200;10200;10200;10200;10200;10200;10200;10200;1210200; ; ; ; ; ; ; ; ; ; ; ; ; ; ; ; ; ; ; ; ; ; ; ; ; ; ; ; ; ; ; ; 
MEF;20240705;IT0005433195;20370301;-900000;;0;4275; ;4275; ;4275; ;4275; ;4275; ;4275; ;4275; ;4275; ;4275; ;4275; ;4275; ;4275; ;4275; ;4275; ;4275; ;4275; ;4275; ;4275; ;4275; ;4275; ;4275; ;904275; ; ; ; ; ; ; ; ; ; ; ; ; ; ; ; ; ; ; ; ; ; ; ; ; ; ; ; ; ; ; ; ; ; ; ; ; ; ; ; ; ; ; ; ; ; ; ; ; ; ; ; ; ; ; ; ; ; ; ; ; ; ; ; ; ; ; ; ; ; ; 
MEF;20240705;IT0005480980;20520901;-900000;;0;9675; ;9675; ;9675; ;9675; ;9675; ;9675; ;9675; ;9675; ;9675; ;9675; ;9675; ;9675; ;9675; ;9675; ;9675; ;9675; ;9675; ;9675; ;9675; ;9675; ;9675; ;9675; ;9675; ;9675; ;9675; ;9675; ;9675; ;9675; ;9675; ;9675; ;9675; ;9675;9675;9675;9675;9675;9675;9675;9675;9675;9675;9675;9675;9675;9675;9675;9675;9675;9675;9675;9675;9675;909675; ; ; ; ; ; ; ; ; ; ; ; ; ; ; ; ; ; ; ; ; ; ; ; ; ; ; ; ; ; 
MEF;20240709;IT0005162828;20470301;-900000;;0;12150; ;12150; ;12150; ;12150; ;12150; ;12150; ;12150; ;12150; ;12150; ;12150; ;12150; ;12150; ;12150; ;12150; ;12150; ;12150; ;12150; ;12150; ;12150; ;12150; ;12150; ;12150; ;12150; ;12150; ;12150; ;12150; ;12150; ;12150; ;12150; ;12150; ;12150; ;12150;12150;12150;12150;12150;12150;12150;12150;12150;12150;912150; ; ; ; ; ; ; ; ; ; ; ; ; ; ; ; ; ; ; ; ; ; ; ; ; ; ; ; ; ; ; ; ; ; ; ; ; ; ; ; ; 
MEF;20240709;IT0005480980;20520901;-1100000;;0;11825; ;11825; ;11825; ;11825; ;11825; ;11825; ;11825; ;11825; ;11825; ;11825; ;11825; ;11825; ;11825; ;11825; ;11825; ;11825; ;11825; ;11825; ;11825; ;11825; ;11825; ;11825; ;11825; ;11825; ;11825; ;11825; ;11825; ;11825; ;11825; ;11825; ;11825; ;11825;11825;11825;11825;11825;11825;11825;11825;11825;11825;11825;11825;11825;11825;11825;11825;11825;11825;11825;11825;11825;1111825; ; ; ; ; ; ; ; ; ; ; ; ; ; ; ; ; ; ; ; ; ; ; ; ; ; ; ; ; ; 
MEF;20240712;IT0004889033;20280901;-1400000;;0;33250; ;33250; ;33250; ;33250; ;1433250; ; ; ; ; ; ; ; ; ; ; ; ; ; ; ; ; ; ; ; ; ; ; ; ; ; ; ; ; ; ; ; ; ; ; ; ; ; ; ; ; ; ; ; ; ; ; ; ; ; ; ; ; ; ; ; ; ; ; ; ; ; ; ; ; ; ; ; ; ; ; ; ; ; ; ; ; ; ; ; ; ; ; ; ; ; ; ; ; ; ; ; ; ; ; ; ; ; ; ; ; ; ; ; ; 
MEF;20240719;IT0005425233;20510901;113000;;0;-960.5; ;-960.5; ;-960.5; ;-960.5; ;-960.5; ;-960.5; ;-960.5; ;-960.5; ;-960.5; ;-960.5; ;-960.5; ;-960.5; ;-960.5; ;-960.5; ;-960.5; ;-960.5; ;-960.5; ;-960.5; ;-960.5; ;-960.5; ;-960.5; ;-960.5; ;-960.5; ;-960.5; ;-960.5; ;-960.5; ;-960.5; ;-960.5; ;-960.5; ;-960.5; ;-960.5; ;-960.5;-960.5;-960.5;-960.5;-960.5;-960.5;-960.5;-960.5;-960.5;-960.5;-960.5;-960.5;-960.5;-960.5;-960.5;-960.5;-960.5;-960.5;-960.5;-113960.5; ; ; ; ; ; ; ; ; ; ; ; ; ; ; ; ; ; ; ; ; ; ; ; ; ; ; ; ; ; ; ; 
MEF;20240722;IT0005024234;20300301;1000000;;0;-17500; ;-17500; ;-17500; ;-17500; ;-17500; ;-17500; ;-17500; ;-1017500; ; ; ; ; ; ; ; ; ; ; ; ; ; ; ; ; ; ; ; ; ; ; ; ; ; ; ; ; ; ; ; ; ; ; ; ; ; ; ; ; ; ; ; ; ; ; ; ; ; ; ; ; ; ; ; ; ; ; ; ; ; ; ; ; ; ; ; ; ; ; ; ; ; ; ; ; ; ; ; ; ; ; ; ; ; ; ; ; ; ; ; ; ; ; ; ; ; ; 
MEF;20240725;IT0005358806;20350301;1000000;;0;-16750; ;-16750; ;-16750; ;-16750; ;-16750; ;-16750; ;-16750; ;-16750; ;-16750; ;-16750; ;-16750; ;-16750; ;-16750; ;-16750; ;-16750; ;-16750; ;-16750; ;-1016750; ; ; ; ; ; ; ; ; ; ; ; ; ; ; ; ; ; ; ; ; ; ; ; ; ; ; ; ; ; ; ; ; ; ; ; ; ; ; ; ; ; ; ; ; ; ; ; ; ; ; ; ; ; ; ; ; ; ; ; ; ; ; ; ; ; ; ; ; ; ; ; ; ; ; ; ; ; ; 
MEF;20240726;IT0005024234;20300301;-900000;;0;15750; ;15750; ;15750; ;15750; ;15750; ;15750; ;15750; ;915750; ; ; ; ; ; ; ; ; ; ; ; ; ; ; ; ; ; ; ; ; ; ; ; ; ; ; ; ; ; ; ; ; ; ; ; ; ; ; ; ; ; ; ; ; ; ; ; ; ; ; ; ; ; ; ; ; ; ; ; ; ; ; ; ; ; ; ; ; ; ; ; ; ; ; ; ; ; ; ; ; ; ; ; ; ; ; ; ; ; ; ; ; ; ; ; ; ; ; 
MEF;20240726;IT0005358806;20350301;-900000;;0;15075; ;15075; ;15075; ;15075; ;15075; ;15075; ;15075; ;15075; ;15075; ;15075; ;15075; ;15075; ;15075; ;15075; ;15075; ;15075; ;15075; ;915075; ; ; ; ; ; ; ; ; ; ; ; ; ; ; ; ; ; ; ; ; ; ; ; ; ; ; ; ; ; ; ; ; ; ; ; ; ; ; ; ; ; ; ; ; ; ; ; ; ; ; ; ; ; ; ; ; ; ; ; ; ; ; ; ; ; ; ; ; ; ; ; ; ; ; ; ; ; ; 
MEF;20240731;IT0005421703;20410301;-200000;;0;1800; ;1800; ;1800; ;1800; ;1800; ;1800; ;1800; ;1800; ;1800; ;1800; ;1800; ;1800; ;1800; ;1800; ;1800; ;1800; ;1800; ;1800; ;1800; ;1800; ;1800; ;1800; ;1800; ;1800; ;1800; ;1800; ;1800; ;1800; ;1800; ;201800; ; ; ; ; ; ; ; ; ; ; ; ; ; ; ; ; ; ; ; ; ; ; ; ; ; ; ; ; ; ; ; ; ; ; ; ; ; ; ; ; ; ; ; ; ; ; ; ; ; ; ; ; ; ; 
MEF;20240802;IT0005377152;20400301;1000000;;0;-15500; ;-15500; ;-15500; ;-15500; ;-15500; ;-15500; ;-15500; ;-15500; ;-15500; ;-15500; ;-15500; ;-15500; ;-15500; ;-15500; ;-15500; ;-15500; ;-15500; ;-15500; ;-15500; ;-15500; ;-15500; ;-15500; ;-15500; ;-15500; ;-15500; ;-15500; ;-15500; ;-1015500; ; ; ; ; ; ; ; ; ; ; ; ; ; ; ; ; ; ; ; ; ; ; ; ; ; ; ; ; ; ; ; ; ; ; ; ; ; ; ; ; ; ; ; ; ; ; ; ; ; ; ; ; ; ; ; ; ; ; 
MEF;20240802;IT0005480980;20520901;1000000;;0;-10750; ;-10750; ;-10750; ;-10750; ;-10750; ;-10750; ;-10750; ;-10750; ;-10750; ;-10750; ;-10750; ;-10750; ;-10750; ;-10750; ;-10750; ;-10750; ;-10750; ;-10750; ;-10750; ;-10750; ;-10750; ;-10750; ;-10750; ;-10750; ;-10750; ;-10750; ;-10750; ;-10750; ;-10750; ;-10750; ;-10750; ;-10750;-10750;-10750;-10750;-10750;-10750;-10750;-10750;-10750;-10750;-10750;-10750;-10750;-10750;-10750;-10750;-10750;-10750;-10750;-10750;-10750;-1010750; ; ; ; ; ; ; ; ; ; ; ; ; ; ; ; ; ; ; ; ; ; ; ; ; ; ; ; ; ; 
MEF;20240805;IT0004889033;20280901;7000000;;0;-166250; ;-166250; ;-166250; ;-166250; ;-7166250; ; ; ; ; ; ; ; ; ; ; ; ; ; ; ; ; ; ; ; ; ; ; ; ; ; ; ; ; ; ; ; ; ; ; ; ; ; ; ; ; ; ; ; ; ; ; ; ; ; ; ; ; ; ; ; ; ; ; ; ; ; ; ; ; ; ; ; ; ; ; ; ; ; ; ; ; ; ; ; ; ; ; ; ; ; ; ; ; ; ; ; ; ; ; ; ; ; ; ; ; ; ; ; ; 
MEF;20240809;IT0005358806;20350301;-1100000;;0;18425; ;18425; ;18425; ;18425; ;18425; ;18425; ;18425; ;18425; ;18425; ;18425; ;18425; ;18425; ;18425; ;18425; ;18425; ;18425; ;18425; ;1118425; ; ; ; ; ; ; ; ; ; ; ; ; ; ; ; ; ; ; ; ; ; ; ; ; ; ; ; ; ; ; ; ; ; ; ; ; ; ; ; ; ; ; ; ; ; ; ; ; ; ; ; ; ; ; ; ; ; ; ; ; ; ; ; ; ; ; ; ; ; ; ; ; ; ; ; ; ; ; 
MEF;20240813;IT0005377152;20400301;1100000;;0;-17050; ;-17050; ;-17050; ;-17050; ;-17050; ;-17050; ;-17050; ;-17050; ;-17050; ;-17050; ;-17050; ;-17050; ;-17050; ;-17050; ;-17050; ;-17050; ;-17050; ;-17050; ;-17050; ;-17050; ;-17050; ;-17050; ;-17050; ;-17050; ;-17050; ;-17050; ;-17050; ;-1117050; ; ; ; ; ; ; ; ; ; ; ; ; ; ; ; ; ; ; ; ; ; ; ; ; ; ; ; ; ; ; ; ; ; ; ; ; ; ; ; ; ; ; ; ; ; ; ; ; ; ; ; ; ; ; ; ; ; ; 
MEF;20240814;IT0004889033;20280901;2000000;;0;-47500; ;-47500; ;-47500; ;-47500; ;-2047500; ; ; ; ; ; ; ; ; ; ; ; ; ; ; ; ; ; ; ; ; ; ; ; ; ; ; ; ; ; ; ; ; ; ; ; ; ; ; ; ; ; ; ; ; ; ; ; ; ; ; ; ; ; ; ; ; ; ; ; ; ; ; ; ; ; ; ; ; ; ; ; ; ; ; ; ; ; ; ; ; ; ; ; ; ; ; ; ; ; ; ; ; ; ; ; ; ; ; ; ; ; ; ; ; 
MEF;20240820;IT0005358806;20350301;1000000;;0;-16750; ;-16750; ;-16750; ;-16750; ;-16750; ;-16750; ;-16750; ;-16750; ;-16750; ;-16750; ;-16750; ;-16750; ;-16750; ;-16750; ;-16750; ;-16750; ;-16750; ;-1016750; ; ; ; ; ; ; ; ; ; ; ; ; ; ; ; ; ; ; ; ; ; ; ; ; ; ; ; ; ; ; ; ; ; ; ; ; ; ; ; ; ; ; ; ; ; ; ; ; ; ; ; ; ; ; ; ; ; ; ; ; ; ; ; ; ; ; ; ; ; ; ; ; ; ; ; ; ; ; 
MEF;20240903;IT0005377152;20400301;1000000;;0;-15500; ;-15500; ;-15500; ;-15500; ;-15500; ;-15500; ;-15500; ;-15500; ;-15500; ;-15500; ;-15500; ;-15500; ;-15500; ;-15500; ;-15500; ;-15500; ;-15500; ;-15500; ;-15500; ;-15500; ;-15500; ;-15500; ;-15500; ;-15500; ;-15500; ;-15500; ;-15500; ;-1015500; ; ; ; ; ; ; ; ; ; ; ; ; ; ; ; ; ; ; ; ; ; ; ; ; ; ; ; ; ; ; ; ; ; ; ; ; ; ; ; ; ; ; ; ; ; ; ; ; ; ; ; ; ; ; ; ; ; ; 
MEF;20240905;IT0004889033;20280901;-1000000;;0;23750; ;23750; ;23750; ;23750; ;1023750; ; ; ; ; ; ; ; ; ; ; ; ; ; ; ; ; ; ; ; ; ; ; ; ; ; ; ; ; ; ; ; ; ; ; ; ; ; ; ; ; ; ; ; ; ; ; ; ; ; ; ; ; ; ; ; ; ; ; ; ; ; ; ; ; ; ; ; ; ; ; ; ; ; ; ; ; ; ; ; ; ; ; ; ; ; ; ; ; ; ; ; ; ; ; ; ; ; ; ; ; ; ; ; ; 
MEF;20240905;IT0005425233;20510901;-1000000;;0;8500; ;8500; ;8500; ;8500; ;8500; ;8500; ;8500; ;8500; ;8500; ;8500; ;8500; ;8500; ;8500; ;8500; ;8500; ;8500; ;8500; ;8500; ;8500; ;8500; ;8500; ;8500; ;8500; ;8500; ;8500; ;8500; ;8500; ;8500; ;8500; ;8500; ;8500; ;8500;8500;8500;8500;8500;8500;8500;8500;8500;8500;8500;8500;8500;8500;8500;8500;8500;8500;8500;1008500; ; ; ; ; ; ; ; ; ; ; ; ; ; ; ; ; ; ; ; ; ; ; ; ; ; ; ; ; ; ; ; 
MEF;20240906;IT0005425233;20510901;1000000;;0;-8500; ;-8500; ;-8500; ;-8500; ;-8500; ;-8500; ;-8500; ;-8500; ;-8500; ;-8500; ;-8500; ;-8500; ;-8500; ;-8500; ;-8500; ;-8500; ;-8500; ;-8500; ;-8500; ;-8500; ;-8500; ;-8500; ;-8500; ;-8500; ;-8500; ;-8500; ;-8500; ;-8500; ;-8500; ;-8500; ;-8500; ;-8500;-8500;-8500;-8500;-8500;-8500;-8500;-8500;-8500;-8500;-8500;-8500;-8500;-8500;-8500;-8500;-8500;-8500;-8500;-1008500; ; ; ; ; ; ; ; ; ; ; ; ; ; ; ; ; ; ; ; ; ; ; ; ; ; ; ; ; ; ; ; 
MEF;20240909;IT0004889033;20280901;-1200000;;0;28500; ;28500; ;28500; ;28500; ;1228500; ; ; ; ; ; ; ; ; ; ; ; ; ; ; ; ; ; ; ; ; ; ; ; ; ; ; ; ; ; ; ; ; ; ; ; ; ; ; ; ; ; ; ; ; ; ; ; ; ; ; ; ; ; ; ; ; ; ; ; ; ; ; ; ; ; ; ; ; ; ; ; ; ; ; ; ; ; ; ; ; ; ; ; ; ; ; ; ; ; ; ; ; ; ; ; ; ; ; ; ; ; ; ; ; 
MEF;20240909;IT0005480980;20520901;1000000;;0;-10750; ;-10750; ;-10750; ;-10750; ;-10750; ;-10750; ;-10750; ;-10750; ;-10750; ;-10750; ;-10750; ;-10750; ;-10750; ;-10750; ;-10750; ;-10750; ;-10750; ;-10750; ;-10750; ;-10750; ;-10750; ;-10750; ;-10750; ;-10750; ;-10750; ;-10750; ;-10750; ;-10750; ;-10750; ;-10750; ;-10750; ;-10750;-10750;-10750;-10750;-10750;-10750;-10750;-10750;-10750;-10750;-10750;-10750;-10750;-10750;-10750;-10750;-10750;-10750;-10750;-10750;-10750;-1010750; ; ; ; ; ; ; ; ; ; ; ; ; ; ; ; ; ; ; ; ; ; ; ; ; ; ; ; ; ; 
MEF;20240911;IT0004889033;20280901;1000000;;0;-23750; ;-23750; ;-23750; ;-23750; ;-1023750; ; ; ; ; ; ; ; ; ; ; ; ; ; ; ; ; ; ; ; ; ; ; ; ; ; ; ; ; ; ; ; ; ; ; ; ; ; ; ; ; ; ; ; ; ; ; ; ; ; ; ; ; ; ; ; ; ; ; ; ; ; ; ; ; ; ; ; ; ; ; ; ; ; ; ; ; ; ; ; ; ; ; ; ; ; ; ; ; ; ; ; ; ; ; ; ; ; ; ; ; ; ; ; ; 
MEF;20240912;IT0004889033;20280901;1000000;;0;-23750; ;-23750; ;-23750; ;-23750; ;-1023750; ; ; ; ; ; ; ; ; ; ; ; ; ; ; ; ; ; ; ; ; ; ; ; ; ; ; ; ; ; ; ; ; ; ; ; ; ; ; ; ; ; ; ; ; ; ; ; ; ; ; ; ; ; ; ; ; ; ; ; ; ; ; ; ; ; ; ; ; ; ; ; ; ; ; ; ; ; ; ; ; ; ; ; ; ; ; ; ; ; ; ; ; ; ; ; ; ; ; ; ; ; ; ; ; 
MEF;20240912;IT0005217390;20670301;1000000;;0;-14000; ;-14000; ;-14000; ;-14000; ;-14000; ;-14000; ;-14000; ;-14000; ;-14000; ;-14000; ;-14000; ;-14000; ;-14000; ;-14000; ;-14000; ;-14000; ;-14000; ;-14000; ;-14000; ;-14000; ;-14000; ;-14000; ;-14000; ;-14000; ;-14000; ;-14000; ;-14000; ;-14000; ;-14000; ;-14000; ;-14000; ;-14000;-14000;-14000;-14000;-14000;-14000;-14000;-14000;-14000;-14000;-14000;-14000;-14000;-14000;-14000;-14000;-14000;-14000;-14000;-14000;-14000;-14000;-14000;-14000;-14000;-14000;-14000;-14000;-14000;-14000;-14000;-14000;-14000;-14000;-14000;-14000;-14000;-14000;-14000;-14000;-14000;-14000;-14000;-14000;-14000;-14000;-14000;-14000;-14000;-14000;-1014000; 
MEF;20240913;IT0005425233;20510901;-900000;;0;7650; ;7650; ;7650; ;7650; ;7650; ;7650; ;7650; ;7650; ;7650; ;7650; ;7650; ;7650; ;7650; ;7650; ;7650; ;7650; ;7650; ;7650; ;7650; ;7650; ;7650; ;7650; ;7650; ;7650; ;7650; ;7650; ;7650; ;7650; ;7650; ;7650; ;7650; ;7650;7650;7650;7650;7650;7650;7650;7650;7650;7650;7650;7650;7650;7650;7650;7650;7650;7650;7650;907650; ; ; ; ; ; ; ; ; ; ; ; ; ; ; ; ; ; ; ; ; ; ; ; ; ; ; ; ; ; ; ; 
MEF;20240917;IT0005480980;20520901;-1200000;;0;12900; ;12900; ;12900; ;12900; ;12900; ;12900; ;12900; ;12900; ;12900; ;12900; ;12900; ;12900; ;12900; ;12900; ;12900; ;12900; ;12900; ;12900; ;12900; ;12900; ;12900; ;12900; ;12900; ;12900; ;12900; ;12900; ;12900; ;12900; ;12900; ;12900; ;12900; ;12900;12900;12900;12900;12900;12900;12900;12900;12900;12900;12900;12900;12900;12900;12900;12900;12900;12900;12900;12900;12900;1212900; ; ; ; ; ; ; ; ; ; ; ; ; ; ; ; ; ; ; ; ; ; ; ; ; ; ; ; ; ; 
MEF;20240920;IT0004889033;20280901;1000000;;0;-23750; ;-23750; ;-23750; ;-23750; ;-1023750; ; ; ; ; ; ; ; ; ; ; ; ; ; ; ; ; ; ; ; ; ; ; ; ; ; ; ; ; ; ; ; ; ; ; ; ; ; ; ; ; ; ; ; ; ; ; ; ; ; ; ; ; ; ; ; ; ; ; ; ; ; ; ; ; ; ; ; ; ; ; ; ; ; ; ; ; ; ; ; ; ; ; ; ; ; ; ; ; ; ; ; ; ; ; ; ; ; ; ; ; ; ; ; ; 
MEF;20240923;IT0004889033;20280901;-1000000;;0;23750; ;23750; ;23750; ;23750; ;1023750; ; ; ; ; ; ; ; ; ; ; ; ; ; ; ; ; ; ; ; ; ; ; ; ; ; ; ; ; ; ; ; ; ; ; ; ; ; ; ; ; ; ; ; ; ; ; ; ; ; ; ; ; ; ; ; ; ; ; ; ; ; ; ; ; ; ; ; ; ; ; ; ; ; ; ; ; ; ; ; ; ; ; ; ; ; ; ; ; ; ; ; ; ; ; ; ; ; ; ; ; ; ; ; ; 
MEF;20240923;IT0005240350;20330901;-1000000;;0;12250; ;12250; ;12250; ;12250; ;12250; ;12250; ;12250; ;12250; ;12250; ;12250; ;12250; ;12250; ;12250; ;12250; ;1012250; ; ; ; ; ; ; ; ; ; ; ; ; ; ; ; ; ; ; ; ; ; ; ; ; ; ; ; ; ; ; ; ; ; ; ; ; ; ; ; ; ; ; ; ; ; ; ; ; ; ; ; ; ; ; ; ; ; ; ; ; ; ; ; ; ; ; ; ; ; ; ; ; ; ; ; ; ; ; ; ; ; ; ; ; 
MEF;20240927;IT0004889033;20280901;-900000;;0;21375; ;21375; ;21375; ;21375; ;921375; ; ; ; ; ; ; ; ; ; ; ; ; ; ; ; ; ; ; ; ; ; ; ; ; ; ; ; ; ; ; ; ; ; ; ; ; ; ; ; ; ; ; ; ; ; ; ; ; ; ; ; ; ; ; ; ; ; ; ; ; ; ; ; ; ; ; ; ; ; ; ; ; ; ; ; ; ; ; ; ; ; ; ; ; ; ; ; ; ; ; ; ; ; ; ; ; ; ; ; ; ; ; ; ; 
MEF;20240927;IT0005217390;20670301;1000000;;0;-14000; ;-14000; ;-14000; ;-14000; ;-14000; ;-14000; ;-14000; ;-14000; ;-14000; ;-14000; ;-14000; ;-14000; ;-14000; ;-14000; ;-14000; ;-14000; ;-14000; ;-14000; ;-14000; ;-14000; ;-14000; ;-14000; ;-14000; ;-14000; ;-14000; ;-14000; ;-14000; ;-14000; ;-14000; ;-14000; ;-14000; ;-14000;-14000;-14000;-14000;-14000;-14000;-14000;-14000;-14000;-14000;-14000;-14000;-14000;-14000;-14000;-14000;-14000;-14000;-14000;-14000;-14000;-14000;-14000;-14000;-14000;-14000;-14000;-14000;-14000;-14000;-14000;-14000;-14000;-14000;-14000;-14000;-14000;-14000;-14000;-14000;-14000;-14000;-14000;-14000;-14000;-14000;-14000;-14000;-14000;-14000;-1014000; 
MEF;20240927;IT0005496770;20380301;1000000;;0;-16250; ;-16250; ;-16250; ;-16250; ;-16250; ;-16250; ;-16250; ;-16250; ;-16250; ;-16250; ;-16250; ;-16250; ;-16250; ;-16250; ;-16250; ;-16250; ;-16250; ;-16250; ;-16250; ;-16250; ;-16250; ;-16250; ;-16250; ;-1016250; ; ; ; ; ; ; ; ; ; ; ; ; ; ; ; ; ; ; ; ; ; ; ; ; ; ; ; ; ; ; ; ; ; ; ; ; ; ; ; ; ; ; ; ; ; ; ; ; ; ; ; ; ; ; ; ; ; ; ; ; ; ; ; ; ; ; 
MEF;20241001;IT0004923998;20440901;1000000;;0;-23750; ;-23750; ;-23750; ;-23750; ;-23750; ;-23750; ;-23750; ;-23750; ;-23750; ;-23750; ;-23750; ;-23750; ;-23750; ;-23750; ;-23750; ;-23750; ;-23750; ;-23750; ;-23750; ;-23750; ;-23750; ;-23750; ;-23750; ;-23750; ;-23750; ;-23750; ;-23750; ;-23750; ;-23750; ;-23750; ;-23750; ;-23750;-23750;-23750;-23750;-23750;-1023750; ; ; ; ; ; ; ; ; ; ; ; ; ; ; ; ; ; ; ; ; ; ; ; ; ; ; ; ; ; ; ; ; ; ; ; ; ; ; ; ; ; ; ; ; ; 
MEF;20241002;IT0005217390;20670301;1000000;;0;-14000; ;-14000; ;-14000; ;-14000; ;-14000; ;-14000; ;-14000; ;-14000; ;-14000; ;-14000; ;-14000; ;-14000; ;-14000; ;-14000; ;-14000; ;-14000; ;-14000; ;-14000; ;-14000; ;-14000; ;-14000; ;-14000; ;-14000; ;-14000; ;-14000; ;-14000; ;-14000; ;-14000; ;-14000; ;-14000; ;-14000; ;-14000;-14000;-14000;-14000;-14000;-14000;-14000;-14000;-14000;-14000;-14000;-14000;-14000;-14000;-14000;-14000;-14000;-14000;-14000;-14000;-14000;-14000;-14000;-14000;-14000;-14000;-14000;-14000;-14000;-14000;-14000;-14000;-14000;-14000;-14000;-14000;-14000;-14000;-14000;-14000;-14000;-14000;-14000;-14000;-14000;-14000;-14000;-14000;-14000;-14000;-1014000; 
MEF;20241007;IT0005358806;20350301;1000000;;0;-16750; ;-16750; ;-16750; ;-16750; ;-16750; ;-16750; ;-16750; ;-16750; ;-16750; ;-16750; ;-16750; ;-16750; ;-16750; ;-16750; ;-16750; ;-16750; ;-16750; ;-1016750; ; ; ; ; ; ; ; ; ; ; ; ; ; ; ; ; ; ; ; ; ; ; ; ; ; ; ; ; ; ; ; ; ; ; ; ; ; ; ; ; ; ; ; ; ; ; ; ; ; ; ; ; ; ; ; ; ; ; ; ; ; ; ; ; ; ; ; ; ; ; ; ; ; ; ; ; ; ; 
MEF;20241009;IT0004545890;20410915;-28000000;IT0004548290;28000000; ;387128.76; ;387128.76; ;387128.76; ;387128.76; ;387128.76; ;387128.76; ;387128.76; ;387128.76; ;387128.76; ;387128.76; ;387128.76; ;387128.76; ;387128.76; ;387128.76; ;387128.76; ;387128.76; ;387128.76; ;387128.76; ;387128.76; ;387128.76; ;387128.76; ;387128.76; ;387128.76; ;387128.76; ;387128.76; ;387128.76; ;387128.76; ;387128.76; ;387128.76; ;387128.76; ;387128.76; ; ; ; ; ; ; ; ; ; ; ; ; ; ; ; ; ; ; ; ; ; ; ; ; ; ; ; ; ; ; ; ; ; ; ; ; ; ; ; ; ; ; ; ; ; ; ; ; ; ; ; 
MEF;20241009;IT0005358806;20350301;1800000;;0;-30150; ;-30150; ;-30150; ;-30150; ;-30150; ;-30150; ;-30150; ;-30150; ;-30150; ;-30150; ;-30150; ;-30150; ;-30150; ;-30150; ;-30150; ;-30150; ;-30150; ;-1830150; ; ; ; ; ; ; ; ; ; ; ; ; ; ; ; ; ; ; ; ; ; ; ; ; ; ; ; ; ; ; ; ; ; ; ; ; ; ; ; ; ; ; ; ; ; ; ; ; ; ; ; ; ; ; ; ; ; ; ; ; ; ; ; ; ; ; ; ; ; ; ; ; ; ; ; ; ; ; 
MEF;20241010;IT0005358806;20350301;2300000;;0;-38525; ;-38525; ;-38525; ;-38525; ;-38525; ;-38525; ;-38525; ;-38525; ;-38525; ;-38525; ;-38525; ;-38525; ;-38525; ;-38525; ;-38525; ;-38525; ;-38525; ;-2338525; ; ; ; ; ; ; ; ; ; ; ; ; ; ; ; ; ; ; ; ; ; ; ; ; ; ; ; ; ; ; ; ; ; ; ; ; ; ; ; ; ; ; ; ; ; ; ; ; ; ; ; ; ; ; ; ; ; ; ; ; ; ; ; ; ; ; ; ; ; ; ; ; ; ; ; ; ; ; 
MEF;20241011;IT0005240350;20330901;-900000;;0;11025; ;11025; ;11025; ;11025; ;11025; ;11025; ;11025; ;11025; ;11025; ;11025; ;11025; ;11025; ;11025; ;11025; ;911025; ; ; ; ; ; ; ; ; ; ; ; ; ; ; ; ; ; ; ; ; ; ; ; ; ; ; ; ; ; ; ; ; ; ; ; ; ; ; ; ; ; ; ; ; ; ; ; ; ; ; ; ; ; ; ; ; ; ; ; ; ; ; ; ; ; ; ; ; ; ; ; ; ; ; ; ; ; ; ; ; ; ; ; ; 
MEF;20241011;IT0005358806;20350301;1000000;;0;-16750; ;-16750; ;-16750; ;-16750; ;-16750; ;-16750; ;-16750; ;-16750; ;-16750; ;-16750; ;-16750; ;-16750; ;-16750; ;-16750; ;-16750; ;-16750; ;-16750; ;-1016750; ; ; ; ; ; ; ; ; ; ; ; ; ; ; ; ; ; ; ; ; ; ; ; ; ; ; ; ; ; ; ; ; ; ; ; ; ; ; ; ; ; ; ; ; ; ; ; ; ; ; ; ; ; ; ; ; ; ; ; ; ; ; ; ; ; ; ; ; ; ; ; ; ; ; ; ; ; ; 
MEF;20241014;IT0005094088;20320301;9900000;;0;-81675; ;-81675; ;-81675; ;-81675; ;-81675; ;-81675; ;-81675; ;-81675; ;-81675; ;-81675; ;-81675; ;-9981675; ; ; ; ; ; ; ; ; ; ; ; ; ; ; ; ; ; ; ; ; ; ; ; ; ; ; ; ; ; ; ; ; ; ; ; ; ; ; ; ; ; ; ; ; ; ; ; ; ; ; ; ; ; ; ; ; ; ; ; ; ; ; ; ; ; ; ; ; ; ; ; ; ; ; ; ; ; ; ; ; ; ; ; ; ; ; ; ; ; ; 
MEF;20241016;IT0005094088;20320301;-900000;;0;7425; ;7425; ;7425; ;7425; ;7425; ;7425; ;7425; ;7425; ;7425; ;7425; ;7425; ;907425; ; ; ; ; ; ; ; ; ; ; ; ; ; ; ; ; ; ; ; ; ; ; ; ; ; ; ; ; ; ; ; ; ; ; ; ; ; ; ; ; ; ; ; ; ; ; ; ; ; ; ; ; ; ; ; ; ; ; ; ; ; ; ; ; ; ; ; ; ; ; ; ; ; ; ; ; ; ; ; ; ; ; ; ; ; ; ; ; ; ; 
MEF;20241016;IT0005094088;20320301;1000000;;0;-8250; ;-8250; ;-8250; ;-8250; ;-8250; ;-8250; ;-8250; ;-8250; ;-8250; ;-8250; ;-8250; ;-1008250; ; ; ; ; ; ; ; ; ; ; ; ; ; ; ; ; ; ; ; ; ; ; ; ; ; ; ; ; ; ; ; ; ; ; ; ; ; ; ; ; ; ; ; ; ; ; ; ; ; ; ; ; ; ; ; ; ; ; ; ; ; ; ; ; ; ; ; ; ; ; ; ; ; ; ; ; ; ; ; ; ; ; ; ; ; ; ; ; ; ; 
MEF;20241016;IT0005094088;20320301;19700000;;0;-162525; ;-162525; ;-162525; ;-162525; ;-162525; ;-162525; ;-162525; ;-162525; ;-162525; ;-162525; ;-162525; ;-19862525; ; ; ; ; ; ; ; ; ; ; ; ; ; ; ; ; ; ; ; ; ; ; ; ; ; ; ; ; ; ; ; ; ; ; ; ; ; ; ; ; ; ; ; ; ; ; ; ; ; ; ; ; ; ; ; ; ; ; ; ; ; ; ; ; ; ; ; ; ; ; ; ; ; ; ; ; ; ; ; ; ; ; ; ; ; ; ; ; ; ; 
MEF;20241017;IT0004889033;20280901;1000000;;0;-23750; ;-23750; ;-23750; ;-23750; ;-1023750; ; ; ; ; ; ; ; ; ; ; ; ; ; ; ; ; ; ; ; ; ; ; ; ; ; ; ; ; ; ; ; ; ; ; ; ; ; ; ; ; ; ; ; ; ; ; ; ; ; ; ; ; ; ; ; ; ; ; ; ; ; ; ; ; ; ; ; ; ; ; ; ; ; ; ; ; ; ; ; ; ; ; ; ; ; ; ; ; ; ; ; ; ; ; ; ; ; ; ; ; ; ; ; ; 
MEF;20241021;IT0004532559;20400901;10000000;;0;-250000; ;-250000; ;-250000; ;-250000; ;-250000; ;-250000; ;-250000; ;-250000; ;-250000; ;-250000; ;-250000; ;-250000; ;-250000; ;-250000; ;-250000; ;-250000; ;-250000; ;-250000; ;-250000; ;-250000; ;-250000; ;-250000; ;-250000; ;-250000; ;-250000; ;-250000; ;-250000; ;-250000; ;-10250000; ; ; ; ; ; ; ; ; ; ; ; ; ; ; ; ; ; ; ; ; ; ; ; ; ; ; ; ; ; ; ; ; ; ; ; ; ; ; ; ; ; ; ; ; ; ; ; ; ; ; ; ; ; ; ; ; 
MEF;20241021;IT0005217390;20670301;500000;;0;-7000; ;-7000; ;-7000; ;-7000; ;-7000; ;-7000; ;-7000; ;-7000; ;-7000; ;-7000; ;-7000; ;-7000; ;-7000; ;-7000; ;-7000; ;-7000; ;-7000; ;-7000; ;-7000; ;-7000; ;-7000; ;-7000; ;-7000; ;-7000; ;-7000; ;-7000; ;-7000; ;-7000; ;-7000; ;-7000; ;-7000; ;-7000;-7000;-7000;-7000;-7000;-7000;-7000;-7000;-7000;-7000;-7000;-7000;-7000;-7000;-7000;-7000;-7000;-7000;-7000;-7000;-7000;-7000;-7000;-7000;-7000;-7000;-7000;-7000;-7000;-7000;-7000;-7000;-7000;-7000;-7000;-7000;-7000;-7000;-7000;-7000;-7000;-7000;-7000;-7000;-7000;-7000;-7000;-7000;-7000;-7000;-507000; 
MEF;20241022;IT0005162828;20470301;-1000000;;0;13500; ;13500; ;13500; ;13500; ;13500; ;13500; ;13500; ;13500; ;13500; ;13500; ;13500; ;13500; ;13500; ;13500; ;13500; ;13500; ;13500; ;13500; ;13500; ;13500; ;13500; ;13500; ;13500; ;13500; ;13500; ;13500; ;13500; ;13500; ;13500; ;13500; ;13500; ;13500;13500;13500;13500;13500;13500;13500;13500;13500;13500;1013500; ; ; ; ; ; ; ; ; ; ; ; ; ; ; ; ; ; ; ; ; ; ; ; ; ; ; ; ; ; ; ; ; ; ; ; ; ; ; ; ; 
MEF;20241023;IT0004532559;20400901;11400000;;0;-285000; ;-285000; ;-285000; ;-285000; ;-285000; ;-285000; ;-285000; ;-285000; ;-285000; ;-285000; ;-285000; ;-285000; ;-285000; ;-285000; ;-285000; ;-285000; ;-285000; ;-285000; ;-285000; ;-285000; ;-285000; ;-285000; ;-285000; ;-285000; ;-285000; ;-285000; ;-285000; ;-285000; ;-11685000; ; ; ; ; ; ; ; ; ; ; ; ; ; ; ; ; ; ; ; ; ; ; ; ; ; ; ; ; ; ; ; ; ; ; ; ; ; ; ; ; ; ; ; ; ; ; ; ; ; ; ; ; ; ; ; ; 
MEF;20241023;IT0005377152;20400301;1000000;;0;-15500; ;-15500; ;-15500; ;-15500; ;-15500; ;-15500; ;-15500; ;-15500; ;-15500; ;-15500; ;-15500; ;-15500; ;-15500; ;-15500; ;-15500; ;-15500; ;-15500; ;-15500; ;-15500; ;-15500; ;-15500; ;-15500; ;-15500; ;-15500; ;-15500; ;-15500; ;-15500; ;-1015500; ; ; ; ; ; ; ; ; ; ; ; ; ; ; ; ; ; ; ; ; ; ; ; ; ; ; ; ; ; ; ; ; ; ; ; ; ; ; ; ; ; ; ; ; ; ; ; ; ; ; ; ; ; ; ; ; ; ; 
MEF;20241023;IT0005480980;20520901;-1200000;;0;12900; ;12900; ;12900; ;12900; ;12900; ;12900; ;12900; ;12900; ;12900; ;12900; ;12900; ;12900; ;12900; ;12900; ;12900; ;12900; ;12900; ;12900; ;12900; ;12900; ;12900; ;12900; ;12900; ;12900; ;12900; ;12900; ;12900; ;12900; ;12900; ;12900; ;12900; ;12900;12900;12900;12900;12900;12900;12900;12900;12900;12900;12900;12900;12900;12900;12900;12900;12900;12900;12900;12900;12900;1212900; ; ; ; ; ; ; ; ; ; ; ; ; ; ; ; ; ; ; ; ; ; ; ; ; ; ; ; ; ; 
MEF;20241023;IT0005496770;20380301;1000000;;0;-16250; ;-16250; ;-16250; ;-16250; ;-16250; ;-16250; ;-16250; ;-16250; ;-16250; ;-16250; ;-16250; ;-16250; ;-16250; ;-16250; ;-16250; ;-16250; ;-16250; ;-16250; ;-16250; ;-16250; ;-16250; ;-16250; ;-16250; ;-1016250; ; ; ; ; ; ; ; ; ; ; ; ; ; ; ; ; ; ; ; ; ; ; ; ; ; ; ; ; ; ; ; ; ; ; ; ; ; ; ; ; ; ; ; ; ; ; ; ; ; ; ; ; ; ; ; ; ; ; ; ; ; ; ; ; ; ; 
MEF;20241024;IT0004532559;20400901;1000000;;0;-25000; ;-25000; ;-25000; ;-25000; ;-25000; ;-25000; ;-25000; ;-25000; ;-25000; ;-25000; ;-25000; ;-25000; ;-25000; ;-25000; ;-25000; ;-25000; ;-25000; ;-25000; ;-25000; ;-25000; ;-25000; ;-25000; ;-25000; ;-25000; ;-25000; ;-25000; ;-25000; ;-25000; ;-1025000; ; ; ; ; ; ; ; ; ; ; ; ; ; ; ; ; ; ; ; ; ; ; ; ; ; ; ; ; ; ; ; ; ; ; ; ; ; ; ; ; ; ; ; ; ; ; ; ; ; ; ; ; ; ; ; ; 
MEF;20241024;IT0005358806;20350301;1000000;;0;-16750; ;-16750; ;-16750; ;-16750; ;-16750; ;-16750; ;-16750; ;-16750; ;-16750; ;-16750; ;-16750; ;-16750; ;-16750; ;-16750; ;-16750; ;-16750; ;-16750; ;-1016750; ; ; ; ; ; ; ; ; ; ; ; ; ; ; ; ; ; ; ; ; ; ; ; ; ; ; ; ; ; ; ; ; ; ; ; ; ; ; ; ; ; ; ; ; ; ; ; ; ; ; ; ; ; ; ; ; ; ; ; ; ; ; ; ; ; ; ; ; ; ; ; ; ; ; ; ; ; ; 
MEF;20241024;IT0005358806;20350301;2500000;;0;-41875; ;-41875; ;-41875; ;-41875; ;-41875; ;-41875; ;-41875; ;-41875; ;-41875; ;-41875; ;-41875; ;-41875; ;-41875; ;-41875; ;-41875; ;-41875; ;-41875; ;-2541875; ; ; ; ; ; ; ; ; ; ; ; ; ; ; ; ; ; ; ; ; ; ; ; ; ; ; ; ; ; ; ; ; ; ; ; ; ; ; ; ; ; ; ; ; ; ; ; ; ; ; ; ; ; ; ; ; ; ; ; ; ; ; ; ; ; ; ; ; ; ; ; ; ; ; ; ; ; ; 
MEF;20241024;IT0005358806;20350301;2600000;;0;-43550; ;-43550; ;-43550; ;-43550; ;-43550; ;-43550; ;-43550; ;-43550; ;-43550; ;-43550; ;-43550; ;-43550; ;-43550; ;-43550; ;-43550; ;-43550; ;-43550; ;-2643550; ; ; ; ; ; ; ; ; ; ; ; ; ; ; ; ; ; ; ; ; ; ; ; ; ; ; ; ; ; ; ; ; ; ; ; ; ; ; ; ; ; ; ; ; ; ; ; ; ; ; ; ; ; ; ; ; ; ; ; ; ; ; ; ; ; ; ; ; ; ; ; ; ; ; ; ; ; ; 
MEF;20241025;IT0005094088;20320301;-900000;;0;7425; ;7425; ;7425; ;7425; ;7425; ;7425; ;7425; ;7425; ;7425; ;7425; ;7425; ;907425; ; ; ; ; ; ; ; ; ; ; ; ; ; ; ; ; ; ; ; ; ; ; ; ; ; ; ; ; ; ; ; ; ; ; ; ; ; ; ; ; ; ; ; ; ; ; ; ; ; ; ; ; ; ; ; ; ; ; ; ; ; ; ; ; ; ; ; ; ; ; ; ; ; ; ; ; ; ; ; ; ; ; ; ; ; ; ; ; ; ; 
MEF;20241025;IT0005377152;20400301;-4450000;;0;68975; ;68975; ;68975; ;68975; ;68975; ;68975; ;68975; ;68975; ;68975; ;68975; ;68975; ;68975; ;68975; ;68975; ;68975; ;68975; ;68975; ;68975; ;68975; ;68975; ;68975; ;68975; ;68975; ;68975; ;68975; ;68975; ;68975; ;4518975; ; ; ; ; ; ; ; ; ; ; ; ; ; ; ; ; ; ; ; ; ; ; ; ; ; ; ; ; ; ; ; ; ; ; ; ; ; ; ; ; ; ; ; ; ; ; ; ; ; ; ; ; ; ; ; ; ; ; 
MEF;20241025;IT0005560948;20340301;-1600000;;0;33600; ;33600; ;33600; ;33600; ;33600; ;33600; ;33600; ;33600; ;33600; ;33600; ;33600; ;33600; ;33600; ;33600; ;33600; ;1633600; ; ; ; ; ; ; ; ; ; ; ; ; ; ; ; ; ; ; ; ; ; ; ; ; ; ; ; ; ; ; ; ; ; ; ; ; ; ; ; ; ; ; ; ; ; ; ; ; ; ; ; ; ; ; ; ; ; ; ; ; ; ; ; ; ; ; ; ; ; ; ; ; ; ; ; ; ; ; ; ; ; ; 
MEF;20241031;IT0004889033;20280901;-900000;;0;21375; ;21375; ;21375; ;21375; ;921375; ; ; ; ; ; ; ; ; ; ; ; ; ; ; ; ; ; ; ; ; ; ; ; ; ; ; ; ; ; ; ; ; ; ; ; ; ; ; ; ; ; ; ; ; ; ; ; ; ; ; ; ; ; ; ; ; ; ; ; ; ; ; ; ; ; ; ; ; ; ; ; ; ; ; ; ; ; ; ; ; ; ; ; ; ; ; ; ; ; ; ; ; ; ; ; ; ; ; ; ; ; ; ; ; 
MEF;20241101;IT0005094088;20320301;-10000000;;0;82500; ;82500; ;82500; ;82500; ;82500; ;82500; ;82500; ;82500; ;82500; ;82500; ;82500; ;10082500; ; ; ; ; ; ; ; ; ; ; ; ; ; ; ; ; ; ; ; ; ; ; ; ; ; ; ; ; ; ; ; ; ; ; ; ; ; ; ; ; ; ; ; ; ; ; ; ; ; ; ; ; ; ; ; ; ; ; ; ; ; ; ; ; ; ; ; ; ; ; ; ; ; ; ; ; ; ; ; ; ; ; ; ; ; ; ; ; ; ; 
MEF;20241101;IT0005358806;20350301;2000000;;0;-33500; ;-33500; ;-33500; ;-33500; ;-33500; ;-33500; ;-33500; ;-33500; ;-33500; ;-33500; ;-33500; ;-33500; ;-33500; ;-33500; ;-33500; ;-33500; ;-33500; ;-2033500; ; ; ; ; ; ; ; ; ; ; ; ; ; ; ; ; ; ; ; ; ; ; ; ; ; ; ; ; ; ; ; ; ; ; ; ; ; ; ; ; ; ; ; ; ; ; ; ; ; ; ; ; ; ; ; ; ; ; ; ; ; ; ; ; ; ; ; ; ; ; ; ; ; ; ; ; ; ; 
MEF;20241104;IT0005358806;20350301;1000000;;0;-16750; ;-16750; ;-16750; ;-16750; ;-16750; ;-16750; ;-16750; ;-16750; ;-16750; ;-16750; ;-16750; ;-16750; ;-16750; ;-16750; ;-16750; ;-16750; ;-16750; ;-1016750; ; ; ; ; ; ; ; ; ; ; ; ; ; ; ; ; ; ; ; ; ; ; ; ; ; ; ; ; ; ; ; ; ; ; ; ; ; ; ; ; ; ; ; ; ; ; ; ; ; ; ; ; ; ; ; ; ; ; ; ; ; ; ; ; ; ; ; ; ; ; ; ; ; ; ; ; ; ; 
MEF;20241105;IT0005358806;20350301;3000000;;0;-50250; ;-50250; ;-50250; ;-50250; ;-50250; ;-50250; ;-50250; ;-50250; ;-50250; ;-50250; ;-50250; ;-50250; ;-50250; ;-50250; ;-50250; ;-50250; ;-50250; ;-3050250; ; ; ; ; ; ; ; ; ; ; ; ; ; ; ; ; ; ; ; ; ; ; ; ; ; ; ; ; ; ; ; ; ; ; ; ; ; ; ; ; ; ; ; ; ; ; ; ; ; ; ; ; ; ; ; ; ; ; ; ; ; ; ; ; ; ; ; ; ; ; ; ; ; ; ; ; ; ; 
MEF;20241106;IT0004889033;20280901;1000000;;0;-23750; ;-23750; ;-23750; ;-23750; ;-1023750; ; ; ; ; ; ; ; ; ; ; ; ; ; ; ; ; ; ; ; ; ; ; ; ; ; ; ; ; ; ; ; ; ; ; ; ; ; ; ; ; ; ; ; ; ; ; ; ; ; ; ; ; ; ; ; ; ; ; ; ; ; ; ; ; ; ; ; ; ; ; ; ; ; ; ; ; ; ; ; ; ; ; ; ; ; ; ; ; ; ; ; ; ; ; ; ; ; ; ; ; ; ; ; ; 
MEF;20241107;IT0005358806;20350301;2000000;;0;-33500; ;-33500; ;-33500; ;-33500; ;-33500; ;-33500; ;-33500; ;-33500; ;-33500; ;-33500; ;-33500; ;-33500; ;-33500; ;-33500; ;-33500; ;-33500; ;-33500; ;-2033500; ; ; ; ; ; ; ; ; ; ; ; ; ; ; ; ; ; ; ; ; ; ; ; ; ; ; ; ; ; ; ; ; ; ; ; ; ; ; ; ; ; ; ; ; ; ; ; ; ; ; ; ; ; ; ; ; ; ; ; ; ; ; ; ; ; ; ; ; ; ; ; ; ; ; ; ; ; ; 
MEF;20241108;IT0005024234;20300301;-900000;;0;15750; ;15750; ;15750; ;15750; ;15750; ;15750; ;15750; ;915750; ; ; ; ; ; ; ; ; ; ; ; ; ; ; ; ; ; ; ; ; ; ; ; ; ; ; ; ; ; ; ; ; ; ; ; ; ; ; ; ; ; ; ; ; ; ; ; ; ; ; ; ; ; ; ; ; ; ; ; ; ; ; ; ; ; ; ; ; ; ; ; ; ; ; ; ; ; ; ; ; ; ; ; ; ; ; ; ; ; ; ; ; ; ; ; ; ; ; 
MEF;20241108;IT0005358806;20350301;3000000;;0;-50250; ;-50250; ;-50250; ;-50250; ;-50250; ;-50250; ;-50250; ;-50250; ;-50250; ;-50250; ;-50250; ;-50250; ;-50250; ;-50250; ;-50250; ;-50250; ;-50250; ;-3050250; ; ; ; ; ; ; ; ; ; ; ; ; ; ; ; ; ; ; ; ; ; ; ; ; ; ; ; ; ; ; ; ; ; ; ; ; ; ; ; ; ; ; ; ; ; ; ; ; ; ; ; ; ; ; ; ; ; ; ; ; ; ; ; ; ; ; ; ; ; ; ; ; ; ; ; ; ; ; 
MEF;20241111;IT0004889033;20280901;-1000000;;0;23750; ;23750; ;23750; ;23750; ;1023750; ; ; ; ; ; ; ; ; ; ; ; ; ; ; ; ; ; ; ; ; ; ; ; ; ; ; ; ; ; ; ; ; ; ; ; ; ; ; ; ; ; ; ; ; ; ; ; ; ; ; ; ; ; ; ; ; ; ; ; ; ; ; ; ; ; ; ; ; ; ; ; ; ; ; ; ; ; ; ; ; ; ; ; ; ; ; ; ; ; ; ; ; ; ; ; ; ; ; ; ; ; ; ; ; 
MEF;20241111;IT0005083057;20460901;-3000000;;0;48750; ;48750; ;48750; ;48750; ;48750; ;48750; ;48750; ;48750; ;48750; ;48750; ;48750; ;48750; ;48750; ;48750; ;48750; ;48750; ;48750; ;48750; ;48750; ;48750; ;48750; ;48750; ;48750; ;48750; ;48750; ;48750; ;48750; ;48750; ;48750; ;48750; ;48750; ;48750;48750;48750;48750;48750;48750;48750;48750;48750;3048750; ; ; ; ; ; ; ; ; ; ; ; ; ; ; ; ; ; ; ; ; ; ; ; ; ; ; ; ; ; ; ; ; ; ; ; ; ; ; ; ; ; 
MEF;20241111;IT0005240350;20330901;-1000000;;0;12250; ;12250; ;12250; ;12250; ;12250; ;12250; ;12250; ;12250; ;12250; ;12250; ;12250; ;12250; ;12250; ;12250; ;1012250; ; ; ; ; ; ; ; ; ; ; ; ; ; ; ; ; ; ; ; ; ; ; ; ; ; ; ; ; ; ; ; ; ; ; ; ; ; ; ; ; ; ; ; ; ; ; ; ; ; ; ; ; ; ; ; ; ; ; ; ; ; ; ; ; ; ; ; ; ; ; ; ; ; ; ; ; ; ; ; ; ; ; ; ; 
MEF;20241113;IT0005358806;20350301;1000000;;0;-16750; ;-16750; ;-16750; ;-16750; ;-16750; ;-16750; ;-16750; ;-16750; ;-16750; ;-16750; ;-16750; ;-16750; ;-16750; ;-16750; ;-16750; ;-16750; ;-16750; ;-1016750; ; ; ; ; ; ; ; ; ; ; ; ; ; ; ; ; ; ; ; ; ; ; ; ; ; ; ; ; ; ; ; ; ; ; ; ; ; ; ; ; ; ; ; ; ; ; ; ; ; ; ; ; ; ; ; ; ; ; ; ; ; ; ; ; ; ; ; ; ; ; ; ; ; ; ; ; ; ; 
MEF;20241121;IT0005024234;20300301;1000000;;0;-17500; ;-17500; ;-17500; ;-17500; ;-17500; ;-17500; ;-17500; ;-1017500; ; ; ; ; ; ; ; ; ; ; ; ; ; ; ; ; ; ; ; ; ; ; ; ; ; ; ; ; ; ; ; ; ; ; ; ; ; ; ; ; ; ; ; ; ; ; ; ; ; ; ; ; ; ; ; ; ; ; ; ; ; ; ; ; ; ; ; ; ; ; ; ; ; ; ; ; ; ; ; ; ; ; ; ; ; ; ; ; ; ; ; ; ; ; ; ; ; ; 
MEF;20241127;IT0004889033;20280901;1000000;;0;-23750; ;-23750; ;-23750; ;-23750; ;-1023750; ; ; ; ; ; ; ; ; ; ; ; ; ; ; ; ; ; ; ; ; ; ; ; ; ; ; ; ; ; ; ; ; ; ; ; ; ; ; ; ; ; ; ; ; ; ; ; ; ; ; ; ; ; ; ; ; ; ; ; ; ; ; ; ; ; ; ; ; ; ; ; ; ; ; ; ; ; ; ; ; ; ; ; ; ; ; ; ; ; ; ; ; ; ; ; ; ; ; ; ; ; ; ; ; 
MEF;20241129;IT0005358806;20350301;2000000;;0;-33500; ;-33500; ;-33500; ;-33500; ;-33500; ;-33500; ;-33500; ;-33500; ;-33500; ;-33500; ;-33500; ;-33500; ;-33500; ;-33500; ;-33500; ;-33500; ;-33500; ;-2033500; ; ; ; ; ; ; ; ; ; ; ; ; ; ; ; ; ; ; ; ; ; ; ; ; ; ; ; ; ; ; ; ; ; ; ; ; ; ; ; ; ; ; ; ; ; ; ; ; ; ; ; ; ; ; ; ; ; ; ; ; ; ; ; ; ; ; ; ; ; ; ; ; ; ; ; ; ; ; 
MEF;20241202;IT0005496770;20380301;9200000;;0;-149500; ;-149500; ;-149500; ;-149500; ;-149500; ;-149500; ;-149500; ;-149500; ;-149500; ;-149500; ;-149500; ;-149500; ;-149500; ;-149500; ;-149500; ;-149500; ;-149500; ;-149500; ;-149500; ;-149500; ;-149500; ;-149500; ;-149500; ;-9349500; ; ; ; ; ; ; ; ; ; ; ; ; ; ; ; ; ; ; ; ; ; ; ; ; ; ; ; ; ; ; ; ; ; ; ; ; ; ; ; ; ; ; ; ; ; ; ; ; ; ; ; ; ; ; ; ; ; ; ; ; ; ; ; ; ; ; 
MEF;20241203;IT0005358806;20350301;3000000;;0;-50250; ;-50250; ;-50250; ;-50250; ;-50250; ;-50250; ;-50250; ;-50250; ;-50250; ;-50250; ;-50250; ;-50250; ;-50250; ;-50250; ;-50250; ;-50250; ;-50250; ;-3050250; ; ; ; ; ; ; ; ; ; ; ; ; ; ; ; ; ; ; ; ; ; ; ; ; ; ; ; ; ; ; ; ; ; ; ; ; ; ; ; ; ; ; ; ; ; ; ; ; ; ; ; ; ; ; ; ; ; ; ; ; ; ; ; ; ; ; ; ; ; ; ; ; ; ; ; ; ; ; 
MEF;20241204;IT0005358806;20350301;3000000;;0;-50250; ;-50250; ;-50250; ;-50250; ;-50250; ;-50250; ;-50250; ;-50250; ;-50250; ;-50250; ;-50250; ;-50250; ;-50250; ;-50250; ;-50250; ;-50250; ;-50250; ;-3050250; ; ; ; ; ; ; ; ; ; ; ; ; ; ; ; ; ; ; ; ; ; ; ; ; ; ; ; ; ; ; ; ; ; ; ; ; ; ; ; ; ; ; ; ; ; ; ; ; ; ; ; ; ; ; ; ; ; ; ; ; ; ; ; ; ; ; ; ; ; ; ; ; ; ; ; ; ; ; 
MEF;20241205;IT0005273013;20480301;1000000;;0;-17250; ;-17250; ;-17250; ;-17250; ;-17250; ;-17250; ;-17250; ;-17250; ;-17250; ;-17250; ;-17250; ;-17250; ;-17250; ;-17250; ;-17250; ;-17250; ;-17250; ;-17250; ;-17250; ;-17250; ;-17250; ;-17250; ;-17250; ;-17250; ;-17250; ;-17250; ;-17250; ;-17250; ;-17250; ;-17250; ;-17250; ;-17250;-17250;-17250;-17250;-17250;-17250;-17250;-17250;-17250;-17250;-17250;-17250;-1017250; ; ; ; ; ; ; ; ; ; ; ; ; ; ; ; ; ; ; ; ; ; ; ; ; ; ; ; ; ; ; ; ; ; ; ; ; ; ; 
MEF;20241206;IT0005240350;20330901;-1100000;;0;13475; ;13475; ;13475; ;13475; ;13475; ;13475; ;13475; ;13475; ;13475; ;13475; ;13475; ;13475; ;13475; ;13475; ;1113475; ; ; ; ; ; ; ; ; ; ; ; ; ; ; ; ; ; ; ; ; ; ; ; ; ; ; ; ; ; ; ; ; ; ; ; ; ; ; ; ; ; ; ; ; ; ; ; ; ; ; ; ; ; ; ; ; ; ; ; ; ; ; ; ; ; ; ; ; ; ; ; ; ; ; ; ; ; ; ; ; ; ; ; ; 
MEF;20241209;IT0005217390;20670301;1000000;;0;-14000; ;-14000; ;-14000; ;-14000; ;-14000; ;-14000; ;-14000; ;-14000; ;-14000; ;-14000; ;-14000; ;-14000; ;-14000; ;-14000; ;-14000; ;-14000; ;-14000; ;-14000; ;-14000; ;-14000; ;-14000; ;-14000; ;-14000; ;-14000; ;-14000; ;-14000; ;-14000; ;-14000; ;-14000; ;-14000; ;-14000; ;-14000;-14000;-14000;-14000;-14000;-14000;-14000;-14000;-14000;-14000;-14000;-14000;-14000;-14000;-14000;-14000;-14000;-14000;-14000;-14000;-14000;-14000;-14000;-14000;-14000;-14000;-14000;-14000;-14000;-14000;-14000;-14000;-14000;-14000;-14000;-14000;-14000;-14000;-14000;-14000;-14000;-14000;-14000;-14000;-14000;-14000;-14000;-14000;-14000;-14000;-1014000; 
MEF;20241212;IT0005358806;20350301;2000000;;0;-33500; ;-33500; ;-33500; ;-33500; ;-33500; ;-33500; ;-33500; ;-33500; ;-33500; ;-33500; ;-33500; ;-33500; ;-33500; ;-33500; ;-33500; ;-33500; ;-33500; ;-2033500; ; ; ; ; ; ; ; ; ; ; ; ; ; ; ; ; ; ; ; ; ; ; ; ; ; ; ; ; ; ; ; ; ; ; ; ; ; ; ; ; ; ; ; ; ; ; ; ; ; ; ; ; ; ; ; ; ; ; ; ; ; ; ; ; ; ; ; ; ; ; ; ; ; ; ; ; ; ; 
MEF;20241216;IT0005358806;20350301;3000000;;0;-50250; ;-50250; ;-50250; ;-50250; ;-50250; ;-50250; ;-50250; ;-50250; ;-50250; ;-50250; ;-50250; ;-50250; ;-50250; ;-50250; ;-50250; ;-50250; ;-50250; ;-3050250; ; ; ; ; ; ; ; ; ; ; ; ; ; ; ; ; ; ; ; ; ; ; ; ; ; ; ; ; ; ; ; ; ; ; ; ; ; ; ; ; ; ; ; ; ; ; ; ; ; ; ; ; ; ; ; ; ; ; ; ; ; ; ; ; ; ; ; ; ; ; ; ; ; ; ; ; ; ; 
MEF;20241217;IT0005496770;20380301;8000000;;0;-130000; ;-130000; ;-130000; ;-130000; ;-130000; ;-130000; ;-130000; ;-130000; ;-130000; ;-130000; ;-130000; ;-130000; ;-130000; ;-130000; ;-130000; ;-130000; ;-130000; ;-130000; ;-130000; ;-130000; ;-130000; ;-130000; ;-130000; ;-8130000; ; ; ; ; ; ; ; ; ; ; ; ; ; ; ; ; ; ; ; ; ; ; ; ; ; ; ; ; ; ; ; ; ; ; ; ; ; ; ; ; ; ; ; ; ; ; ; ; ; ; ; ; ; ; ; ; ; ; ; ; ; ; ; ; ; ; 
MEF;20241218;IT0005177909;20360901;7100000;;0;-79875; ;-79875; ;-79875; ;-79875; ;-79875; ;-79875; ;-79875; ;-79875; ;-79875; ;-79875; ;-79875; ;-79875; ;-79875; ;-79875; ;-79875; ;-79875; ;-79875; ;-79875; ;-79875; ;-79875; ;-7179875; ; ; ; ; ; ; ; ; ; ; ; ; ; ; ; ; ; ; ; ; ; ; ; ; ; ; ; ; ; ; ; ; ; ; ; ; ; ; ; ; ; ; ; ; ; ; ; ; ; ; ; ; ; ; ; ; ; ; ; ; ; ; ; ; ; ; ; ; ; ; ; ; 
MEF;20241218;IT0005358806;20350301;1700000;;0;-28475; ;-28475; ;-28475; ;-28475; ;-28475; ;-28475; ;-28475; ;-28475; ;-28475; ;-28475; ;-28475; ;-28475; ;-28475; ;-28475; ;-28475; ;-28475; ;-28475; ;-1728475; ; ; ; ; ; ; ; ; ; ; ; ; ; ; ; ; ; ; ; ; ; ; ; ; ; ; ; ; ; ; ; ; ; ; ; ; ; ; ; ; ; ; ; ; ; ; ; ; ; ; ; ; ; ; ; ; ; ; ; ; ; ; ; ; ; ; ; ; ; ; ; ; ; ; ; ; ; ; 
MEF;20241218;IT0005358806;20350301;2000000;;0;-33500; ;-33500; ;-33500; ;-33500; ;-33500; ;-33500; ;-33500; ;-33500; ;-33500; ;-33500; ;-33500; ;-33500; ;-33500; ;-33500; ;-33500; ;-33500; ;-33500; ;-2033500; ; ; ; ; ; ; ; ; ; ; ; ; ; ; ; ; ; ; ; ; ; ; ; ; ; ; ; ; ; ; ; ; ; ; ; ; ; ; ; ; ; ; ; ; ; ; ; ; ; ; ; ; ; ; ; ; ; ; ; ; ; ; ; ; ; ; ; ; ; ; ; ; ; ; ; ; ; ; 
MEF;20241218;IT0005433195;20370301;7000000;;0;-33250; ;-33250; ;-33250; ;-33250; ;-33250; ;-33250; ;-33250; ;-33250; ;-33250; ;-33250; ;-33250; ;-33250; ;-33250; ;-33250; ;-33250; ;-33250; ;-33250; ;-33250; ;-33250; ;-33250; ;-33250; ;-7033250; ; ; ; ; ; ; ; ; ; ; ; ; ; ; ; ; ; ; ; ; ; ; ; ; ; ; ; ; ; ; ; ; ; ; ; ; ; ; ; ; ; ; ; ; ; ; ; ; ; ; ; ; ; ; ; ; ; ; ; ; ; ; ; ; ; ; ; ; ; ; 
MEF;20241219;IT0005363111;20490901;3000000;;0;-57750; ;-57750; ;-57750; ;-57750; ;-57750; ;-57750; ;-57750; ;-57750; ;-57750; ;-57750; ;-57750; ;-57750; ;-57750; ;-57750; ;-57750; ;-57750; ;-57750; ;-57750; ;-57750; ;-57750; ;-57750; ;-57750; ;-57750; ;-57750; ;-57750; ;-57750; ;-57750; ;-57750; ;-57750; ;-57750; ;-57750; ;-57750;-57750;-57750;-57750;-57750;-57750;-57750;-57750;-57750;-57750;-57750;-57750;-57750;-57750;-57750;-3057750; ; ; ; ; ; ; ; ; ; ; ; ; ; ; ; ; ; ; ; ; ; ; ; ; ; ; ; ; ; ; ; ; ; ; ; 
MEF;20241219;IT0005377152;20400301;1000000;;0;-15500; ;-15500; ;-15500; ;-15500; ;-15500; ;-15500; ;-15500; ;-15500; ;-15500; ;-15500; ;-15500; ;-15500; ;-15500; ;-15500; ;-15500; ;-15500; ;-15500; ;-15500; ;-15500; ;-15500; ;-15500; ;-15500; ;-15500; ;-15500; ;-15500; ;-15500; ;-15500; ;-1015500; ; ; ; ; ; ; ; ; ; ; ; ; ; ; ; ; ; ; ; ; ; ; ; ; ; ; ; ; ; ; ; ; ; ; ; ; ; ; ; ; ; ; ; ; ; ; ; ; ; ; ; ; ; ; ; ; ; ; 
MEF;20241219;IT0005530032;20430901;1000000;;0;-22250; ;-22250; ;-22250; ;-22250; ;-22250; ;-22250; ;-22250; ;-22250; ;-22250; ;-22250; ;-22250; ;-22250; ;-22250; ;-22250; ;-22250; ;-22250; ;-22250; ;-22250; ;-22250; ;-22250; ;-22250; ;-22250; ;-22250; ;-22250; ;-22250; ;-22250; ;-22250; ;-22250; ;-22250; ;-22250; ;-22250; ;-22250;-22250;-22250;-1022250; ; ; ; ; ; ; ; ; ; ; ; ; ; ; ; ; ; ; ; ; ; ; ; ; ; ; ; ; ; ; ; ; ; ; ; ; ; ; ; ; ; ; ; ; ; ; ; 
MEF;20241220;IT0004889033;20280901;1000000;;0;-23750; ;-23750; ;-23750; ;-23750; ;-1023750; ; ; ; ; ; ; ; ; ; ; ; ; ; ; ; ; ; ; ; ; ; ; ; ; ; ; ; ; ; ; ; ; ; ; ; ; ; ; ; ; ; ; ; ; ; ; ; ; ; ; ; ; ; ; ; ; ; ; ; ; ; ; ; ; ; ; ; ; ; ; ; ; ; ; ; ; ; ; ; ; ; ; ; ; ; ; ; ; ; ; ; ; ; ; ; ; ; ; ; ; ; ; ; ; 
MEF;20241220;IT0005094088;20320301;-900000;;0;7425; ;7425; ;7425; ;7425; ;7425; ;7425; ;7425; ;7425; ;7425; ;7425; ;7425; ;907425; ; ; ; ; ; ; ; ; ; ; ; ; ; ; ; ; ; ; ; ; ; ; ; ; ; ; ; ; ; ; ; ; ; ; ; ; ; ; ; ; ; ; ; ; ; ; ; ; ; ; ; ; ; ; ; ; ; ; ; ; ; ; ; ; ; ; ; ; ; ; ; ; ; ; ; ; ; ; ; ; ; ; ; ; ; ; ; ; ; ; 
MEF;20241220;IT0005496770;20380301;16000000;;0;-260000; ;-260000; ;-260000; ;-260000; ;-260000; ;-260000; ;-260000; ;-260000; ;-260000; ;-260000; ;-260000; ;-260000; ;-260000; ;-260000; ;-260000; ;-260000; ;-260000; ;-260000; ;-260000; ;-260000; ;-260000; ;-260000; ;-260000; ;-16260000; ; ; ; ; ; ; ; ; ; ; ; ; ; ; ; ; ; ; ; ; ; ; ; ; ; ; ; ; ; ; ; ; ; ; ; ; ; ; ; ; ; ; ; ; ; ; ; ; ; ; ; ; ; ; ; ; ; ; ; ; ; ; ; ; ; ; 
MEF;20241220;IT0005496770;20380301;57000000;;0;-926250; ;-926250; ;-926250; ;-926250; ;-926250; ;-926250; ;-926250; ;-926250; ;-926250; ;-926250; ;-926250; ;-926250; ;-926250; ;-926250; ;-926250; ;-926250; ;-926250; ;-926250; ;-926250; ;-926250; ;-926250; ;-926250; ;-926250; ;-57926250; ; ; ; ; ; ; ; ; ; ; ; ; ; ; ; ; ; ; ; ; ; ; ; ; ; ; ; ; ; ; ; ; ; ; ; ; ; ; ; ; ; ; ; ; ; ; ; ; ; ; ; ; ; ; ; ; ; ; ; ; ; ; ; ; ; ; 
MEF;20241224;IT0004532559;20400901;10000000;;0;-250000; ;-250000; ;-250000; ;-250000; ;-250000; ;-250000; ;-250000; ;-250000; ;-250000; ;-250000; ;-250000; ;-250000; ;-250000; ;-250000; ;-250000; ;-250000; ;-250000; ;-250000; ;-250000; ;-250000; ;-250000; ;-250000; ;-250000; ;-250000; ;-250000; ;-250000; ;-250000; ;-250000; ;-10250000; ; ; ; ; ; ; ; ; ; ; ; ; ; ; ; ; ; ; ; ; ; ; ; ; ; ; ; ; ; ; ; ; ; ; ; ; ; ; ; ; ; ; ; ; ; ; ; ; ; ; ; ; ; ; ; ; 
MEF;20241227;IT0005024234;20300301;-1100000;;0;19250; ;19250; ;19250; ;19250; ;19250; ;19250; ;19250; ;1119250; ; ; ; ; ; ; ; ; ; ; ; ; ; ; ; ; ; ; ; ; ; ; ; ; ; ; ; ; ; ; ; ; ; ; ; ; ; ; ; ; ; ; ; ; ; ; ; ; ; ; ; ; ; ; ; ; ; ; ; ; ; ; ; ; ; ; ; ; ; ; ; ; ; ; ; ; ; ; ; ; ; ; ; ; ; ; ; ; ; ; ; ; ; ; ; ; ; ; 
MEF;20241227;IT0005240350;20330901;-900000;;0;11025; ;11025; ;11025; ;11025; ;11025; ;11025; ;11025; ;11025; ;11025; ;11025; ;11025; ;11025; ;11025; ;11025; ;911025; ; ; ; ; ; ; ; ; ; ; ; ; ; ; ; ; ; ; ; ; ; ; ; ; ; ; ; ; ; ; ; ; ; ; ; ; ; ; ; ; ; ; ; ; ; ; ; ; ; ; ; ; ; ; ; ; ; ; ; ; ; ; ; ; ; ; ; ; ; ; ; ; ; ; ; ; ; ; ; ; ; ; ; ; 
MEF;20241227;IT0005273013;20480301;3000000;;0;-51750; ;-51750; ;-51750; ;-51750; ;-51750; ;-51750; ;-51750; ;-51750; ;-51750; ;-51750; ;-51750; ;-51750; ;-51750; ;-51750; ;-51750; ;-51750; ;-51750; ;-51750; ;-51750; ;-51750; ;-51750; ;-51750; ;-51750; ;-51750; ;-51750; ;-51750; ;-51750; ;-51750; ;-51750; ;-51750; ;-51750; ;-51750;-51750;-51750;-51750;-51750;-51750;-51750;-51750;-51750;-51750;-51750;-51750;-3051750; ; ; ; ; ; ; ; ; ; ; ; ; ; ; ; ; ; ; ; ; ; ; ; ; ; ; ; ; ; ; ; ; ; ; ; ; ; ; 
MEF;20241227;IT0005358806;20350301;-2300000;;0;38525; ;38525; ;38525; ;38525; ;38525; ;38525; ;38525; ;38525; ;38525; ;38525; ;38525; ;38525; ;38525; ;38525; ;38525; ;38525; ;38525; ;2338525; ; ; ; ; ; ; ; ; ; ; ; ; ; ; ; ; ; ; ; ; ; ; ; ; ; ; ; ; ; ; ; ; ; ; ; ; ; ; ; ; ; ; ; ; ; ; ; ; ; ; ; ; ; ; ; ; ; ; ; ; ; ; ; ; ; ; ; ; ; ; ; ; ; ; ; ; ; ; 
MEF;20241227;IT0005530032;20430901;5000000;;0;-111250; ;-111250; ;-111250; ;-111250; ;-111250; ;-111250; ;-111250; ;-111250; ;-111250; ;-111250; ;-111250; ;-111250; ;-111250; ;-111250; ;-111250; ;-111250; ;-111250; ;-111250; ;-111250; ;-111250; ;-111250; ;-111250; ;-111250; ;-111250; ;-111250; ;-111250; ;-111250; ;-111250; ;-111250; ;-111250; ;-111250; ;-111250;-111250;-111250;-5111250; ; ; ; ; ; ; ; ; ; ; ; ; ; ; ; ; ; ; ; ; ; ; ; ; ; ; ; ; ; ; ; ; ; ; ; ; ; ; ; ; ; ; ; ; ; ; ; 
MEF;20250107;IT0005358806;20350301;2300000;;0;-38525; ;-38525; ;-38525; ;-38525; ;-38525; ;-38525; ;-38525; ;-38525; ;-38525; ;-38525; ;-38525; ;-38525; ;-38525; ;-38525; ;-38525; ;-38525; ;-38525; ;-2338525; ; ; ; ; ; ; ; ; ; ; ; ; ; ; ; ; ; ; ; ; ; ; ; ; ; ; ; ; ; ; ; ; ; ; ; ; ; ; ; ; ; ; ; ; ; ; ; ; ; ; ; ; ; ; ; ; ; ; ; ; ; ; ; ; ; ; ; ; ; ; ; ; ; ; ; ; ; ; 
MEF;20250109;IT0005358806;20350301;2000000;;0;-33500; ;-33500; ;-33500; ;-33500; ;-33500; ;-33500; ;-33500; ;-33500; ;-33500; ;-33500; ;-33500; ;-33500; ;-33500; ;-33500; ;-33500; ;-33500; ;-33500; ;-2033500; ; ; ; ; ; ; ; ; ; ; ; ; ; ; ; ; ; ; ; ; ; ; ; ; ; ; ; ; ; ; ; ; ; ; ; ; ; ; ; ; ; ; ; ; ; ; ; ; ; ; ; ; ; ; ; ; ; ; ; ; ; ; ; ; ; ; ; ; ; ; ; ; ; ; ; ; ; ; 
MEF;20250110;IT0004889033;20280901;-1200000;;0;28500; ;28500; ;28500; ;28500; ;1228500; ; ; ; ; ; ; ; ; ; ; ; ; ; ; ; ; ; ; ; ; ; ; ; ; ; ; ; ; ; ; ; ; ; ; ; ; ; ; ; ; ; ; ; ; ; ; ; ; ; ; ; ; ; ; ; ; ; ; ; ; ; ; ; ; ; ; ; ; ; ; ; ; ; ; ; ; ; ; ; ; ; ; ; ; ; ; ; ; ; ; ; ; ; ; ; ; ; ; ; ; ; ; ; ; 
MEF;20250110;IT0005358806;20350301;3000000;;0;-50250; ;-50250; ;-50250; ;-50250; ;-50250; ;-50250; ;-50250; ;-50250; ;-50250; ;-50250; ;-50250; ;-50250; ;-50250; ;-50250; ;-50250; ;-50250; ;-50250; ;-3050250; ; ; ; ; ; ; ; ; ; ; ; ; ; ; ; ; ; ; ; ; ; ; ; ; ; ; ; ; ; ; ; ; ; ; ; ; ; ; ; ; ; ; ; ; ; ; ; ; ; ; ; ; ; ; ; ; ; ; ; ; ; ; ; ; ; ; ; ; ; ; ; ; ; ; ; ; ; ; 
MEF;20250114;IT0004532559;20400901;9300000;;0;-232500; ;-232500; ;-232500; ;-232500; ;-232500; ;-232500; ;-232500; ;-232500; ;-232500; ;-232500; ;-232500; ;-232500; ;-232500; ;-232500; ;-232500; ;-232500; ;-232500; ;-232500; ;-232500; ;-232500; ;-232500; ;-232500; ;-232500; ;-232500; ;-232500; ;-232500; ;-232500; ;-232500; ;-9532500; ; ; ; ; ; ; ; ; ; ; ; ; ; ; ; ; ; ; ; ; ; ; ; ; ; ; ; ; ; ; ; ; ; ; ; ; ; ; ; ; ; ; ; ; ; ; ; ; ; ; ; ; ; ; ; ; 
MEF;20250114;IT0004889033;20280901;1000000;;0;-23750; ;-23750; ;-23750; ;-23750; ;-1023750; ; ; ; ; ; ; ; ; ; ; ; ; ; ; ; ; ; ; ; ; ; ; ; ; ; ; ; ; ; ; ; ; ; ; ; ; ; ; ; ; ; ; ; ; ; ; ; ; ; ; ; ; ; ; ; ; ; ; ; ; ; ; ; ; ; ; ; ; ; ; ; ; ; ; ; ; ; ; ; ; ; ; ; ; ; ; ; ; ; ; ; ; ; ; ; ; ; ; ; ; ; ; ; ; 
MEF;20250114;IT0005358806;20350301;2900000;;0;-48575; ;-48575; ;-48575; ;-48575; ;-48575; ;-48575; ;-48575; ;-48575; ;-48575; ;-48575; ;-48575; ;-48575; ;-48575; ;-48575; ;-48575; ;-48575; ;-48575; ;-2948575; ; ; ; ; ; ; ; ; ; ; ; ; ; ; ; ; ; ; ; ; ; ; ; ; ; ; ; ; ; ; ; ; ; ; ; ; ; ; ; ; ; ; ; ; ; ; ; ; ; ; ; ; ; ; ; ; ; ; ; ; ; ; ; ; ; ; ; ; ; ; ; ; ; ; ; ; ; ; 
MEF;20250114;IT0005358806;20350301;3000000;;0;-50250; ;-50250; ;-50250; ;-50250; ;-50250; ;-50250; ;-50250; ;-50250; ;-50250; ;-50250; ;-50250; ;-50250; ;-50250; ;-50250; ;-50250; ;-50250; ;-50250; ;-3050250; ; ; ; ; ; ; ; ; ; ; ; ; ; ; ; ; ; ; ; ; ; ; ; ; ; ; ; ; ; ; ; ; ; ; ; ; ; ; ; ; ; ; ; ; ; ; ; ; ; ; ; ; ; ; ; ; ; ; ; ; ; ; ; ; ; ; ; ; ; ; ; ; ; ; ; ; ; ; 
MEF;20250115;IT0004532559;20400901;1000000;;0;-25000; ;-25000; ;-25000; ;-25000; ;-25000; ;-25000; ;-25000; ;-25000; ;-25000; ;-25000; ;-25000; ;-25000; ;-25000; ;-25000; ;-25000; ;-25000; ;-25000; ;-25000; ;-25000; ;-25000; ;-25000; ;-25000; ;-25000; ;-25000; ;-25000; ;-25000; ;-25000; ;-25000; ;-1025000; ; ; ; ; ; ; ; ; ; ; ; ; ; ; ; ; ; ; ; ; ; ; ; ; ; ; ; ; ; ; ; ; ; ; ; ; ; ; ; ; ; ; ; ; ; ; ; ; ; ; ; ; ; ; ; ; 
MEF;20250115;IT0005358806;20350301;2600000;;0;-43550; ;-43550; ;-43550; ;-43550; ;-43550; ;-43550; ;-43550; ;-43550; ;-43550; ;-43550; ;-43550; ;-43550; ;-43550; ;-43550; ;-43550; ;-43550; ;-43550; ;-2643550; ; ; ; ; ; ; ; ; ; ; ; ; ; ; ; ; ; ; ; ; ; ; ; ; ; ; ; ; ; ; ; ; ; ; ; ; ; ; ; ; ; ; ; ; ; ; ; ; ; ; ; ; ; ; ; ; ; ; ; ; ; ; ; ; ; ; ; ; ; ; ; ; ; ; ; ; ; ; 
MEF;20250117;IT0004889033;20280901;-900000;;0;21375; ;21375; ;21375; ;21375; ;921375; ; ; ; ; ; ; ; ; ; ; ; ; ; ; ; ; ; ; ; ; ; ; ; ; ; ; ; ; ; ; ; ; ; ; ; ; ; ; ; ; ; ; ; ; ; ; ; ; ; ; ; ; ; ; ; ; ; ; ; ; ; ; ; ; ; ; ; ; ; ; ; ; ; ; ; ; ; ; ; ; ; ; ; ; ; ; ; ; ; ; ; ; ; ; ; ; ; ; ; ; ; ; ; ; 
MEF;20250117;IT0005358806;20350301;2000000;;0;-33500; ;-33500; ;-33500; ;-33500; ;-33500; ;-33500; ;-33500; ;-33500; ;-33500; ;-33500; ;-33500; ;-33500; ;-33500; ;-33500; ;-33500; ;-33500; ;-33500; ;-2033500; ; ; ; ; ; ; ; ; ; ; ; ; ; ; ; ; ; ; ; ; ; ; ; ; ; ; ; ; ; ; ; ; ; ; ; ; ; ; ; ; ; ; ; ; ; ; ; ; ; ; ; ; ; ; ; ; ; ; ; ; ; ; ; ; ; ; ; ; ; ; ; ; ; ; ; ; ; ; 
MEF;20250120;IT0004532559;20400901;13000000;;0;-325000; ;-325000; ;-325000; ;-325000; ;-325000; ;-325000; ;-325000; ;-325000; ;-325000; ;-325000; ;-325000; ;-325000; ;-325000; ;-325000; ;-325000; ;-325000; ;-325000; ;-325000; ;-325000; ;-325000; ;-325000; ;-325000; ;-325000; ;-325000; ;-325000; ;-325000; ;-325000; ;-325000; ;-13325000; ; ; ; ; ; ; ; ; ; ; ; ; ; ; ; ; ; ; ; ; ; ; ; ; ; ; ; ; ; ; ; ; ; ; ; ; ; ; ; ; ; ; ; ; ; ; ; ; ; ; ; ; ; ; ; ; 
MEF;20250121;IT0005024234;20300301;1000000;;0;-17500; ;-17500; ;-17500; ;-17500; ;-17500; ;-17500; ;-17500; ;-1017500; ; ; ; ; ; ; ; ; ; ; ; ; ; ; ; ; ; ; ; ; ; ; ; ; ; ; ; ; ; ; ; ; ; ; ; ; ; ; ; ; ; ; ; ; ; ; ; ; ; ; ; ; ; ; ; ; ; ; ; ; ; ; ; ; ; ; ; ; ; ; ; ; ; ; ; ; ; ; ; ; ; ; ; ; ; ; ; ; ; ; ; ; ; ; ; ; ; ; 
MEF;20250121;IT0005358806;20350301;3000000;;0;-50250; ;-50250; ;-50250; ;-50250; ;-50250; ;-50250; ;-50250; ;-50250; ;-50250; ;-50250; ;-50250; ;-50250; ;-50250; ;-50250; ;-50250; ;-50250; ;-50250; ;-3050250; ; ; ; ; ; ; ; ; ; ; ; ; ; ; ; ; ; ; ; ; ; ; ; ; ; ; ; ; ; ; ; ; ; ; ; ; ; ; ; ; ; ; ; ; ; ; ; ; ; ; ; ; ; ; ; ; ; ; ; ; ; ; ; ; ; ; ; ; ; ; ; ; ; ; ; ; ; ; 
MEF;20250123;IT0005530032;20430901;1000000;;0;-22250; ;-22250; ;-22250; ;-22250; ;-22250; ;-22250; ;-22250; ;-22250; ;-22250; ;-22250; ;-22250; ;-22250; ;-22250; ;-22250; ;-22250; ;-22250; ;-22250; ;-22250; ;-22250; ;-22250; ;-22250; ;-22250; ;-22250; ;-22250; ;-22250; ;-22250; ;-22250; ;-22250; ;-22250; ;-22250; ;-22250; ;-22250;-22250;-22250;-1022250; ; ; ; ; ; ; ; ; ; ; ; ; ; ; ; ; ; ; ; ; ; ; ; ; ; ; ; ; ; ; ; ; ; ; ; ; ; ; ; ; ; ; ; ; ; ; ; 
MEF;20250124;IT0005094088;20320301;-1800000;;0;14850; ;14850; ;14850; ;14850; ;14850; ;14850; ;14850; ;14850; ;14850; ;14850; ;14850; ;1814850; ; ; ; ; ; ; ; ; ; ; ; ; ; ; ; ; ; ; ; ; ; ; ; ; ; ; ; ; ; ; ; ; ; ; ; ; ; ; ; ; ; ; ; ; ; ; ; ; ; ; ; ; ; ; ; ; ; ; ; ; ; ; ; ; ; ; ; ; ; ; ; ; ; ; ; ; ; ; ; ; ; ; ; ; ; ; ; ; ; ; 
MEF;20250124;IT0005358806;20350301;3000000;;0;-50250; ;-50250; ;-50250; ;-50250; ;-50250; ;-50250; ;-50250; ;-50250; ;-50250; ;-50250; ;-50250; ;-50250; ;-50250; ;-50250; ;-50250; ;-50250; ;-50250; ;-3050250; ; ; ; ; ; ; ; ; ; ; ; ; ; ; ; ; ; ; ; ; ; ; ; ; ; ; ; ; ; ; ; ; ; ; ; ; ; ; ; ; ; ; ; ; ; ; ; ; ; ; ; ; ; ; ; ; ; ; ; ; ; ; ; ; ; ; ; ; ; ; ; ; ; ; ; ; ; ; 
MEF;20250127;IT0004532559;20400901;10000000;;0;-250000; ;-250000; ;-250000; ;-250000; ;-250000; ;-250000; ;-250000; ;-250000; ;-250000; ;-250000; ;-250000; ;-250000; ;-250000; ;-250000; ;-250000; ;-250000; ;-250000; ;-250000; ;-250000; ;-250000; ;-250000; ;-250000; ;-250000; ;-250000; ;-250000; ;-250000; ;-250000; ;-250000; ;-10250000; ; ; ; ; ; ; ; ; ; ; ; ; ; ; ; ; ; ; ; ; ; ; ; ; ; ; ; ; ; ; ; ; ; ; ; ; ; ; ; ; ; ; ; ; ; ; ; ; ; ; ; ; ; ; ; ; 
MEF;20250128;IT0005358806;20350301;2000000;;0;-33500; ;-33500; ;-33500; ;-33500; ;-33500; ;-33500; ;-33500; ;-33500; ;-33500; ;-33500; ;-33500; ;-33500; ;-33500; ;-33500; ;-33500; ;-33500; ;-33500; ;-2033500; ; ; ; ; ; ; ; ; ; ; ; ; ; ; ; ; ; ; ; ; ; ; ; ; ; ; ; ; ; ; ; ; ; ; ; ; ; ; ; ; ; ; ; ; ; ; ; ; ; ; ; ; ; ; ; ; ; ; ; ; ; ; ; ; ; ; ; ; ; ; ; ; ; ; ; ; ; ; 
MEF;20250130;IT0005358806;20350301;1000000;;0;-16750; ;-16750; ;-16750; ;-16750; ;-16750; ;-16750; ;-16750; ;-16750; ;-16750; ;-16750; ;-16750; ;-16750; ;-16750; ;-16750; ;-16750; ;-16750; ;-16750; ;-1016750; ; ; ; ; ; ; ; ; ; ; ; ; ; ; ; ; ; ; ; ; ; ; ; ; ; ; ; ; ; ; ; ; ; ; ; ; ; ; ; ; ; ; ; ; ; ; ; ; ; ; ; ; ; ; ; ; ; ; ; ; ; ; ; ; ; ; ; ; ; ; ; ; ; ; ; ; ; ; 
MEF;20250131;IT0004889033;20280901;-900000;;0;21375; ;21375; ;21375; ;21375; ;921375; ; ; ; ; ; ; ; ; ; ; ; ; ; ; ; ; ; ; ; ; ; ; ; ; ; ; ; ; ; ; ; ; ; ; ; ; ; ; ; ; ; ; ; ; ; ; ; ; ; ; ; ; ; ; ; ; ; ; ; ; ; ; ; ; ; ; ; ; ; ; ; ; ; ; ; ; ; ; ; ; ; ; ; ; ; ; ; ; ; ; ; ; ; ; ; ; ; ; ; ; ; ; ; ; 
MEF;20250131;IT0005094088;20320301;-1200000;;0;9900; ;9900; ;9900; ;9900; ;9900; ;9900; ;9900; ;9900; ;9900; ;9900; ;9900; ;1209900; ; ; ; ; ; ; ; ; ; ; ; ; ; ; ; ; ; ; ; ; ; ; ; ; ; ; ; ; ; ; ; ; ; ; ; ; ; ; ; ; ; ; ; ; ; ; ; ; ; ; ; ; ; ; ; ; ; ; ; ; ; ; ; ; ; ; ; ; ; ; ; ; ; ; ; ; ; ; ; ; ; ; ; ; ; ; ; ; ; ; 
MEF;20250131;IT0005240350;20330901;-1100000;;0;13475; ;13475; ;13475; ;13475; ;13475; ;13475; ;13475; ;13475; ;13475; ;13475; ;13475; ;13475; ;13475; ;13475; ;1113475; ; ; ; ; ; ; ; ; ; ; ; ; ; ; ; ; ; ; ; ; ; ; ; ; ; ; ; ; ; ; ; ; ; ; ; ; ; ; ; ; ; ; ; ; ; ; ; ; ; ; ; ; ; ; ; ; ; ; ; ; ; ; ; ; ; ; ; ; ; ; ; ; ; ; ; ; ; ; ; ; ; ; ; ; 
MEF;20250207;IT0005560948;20340301;-900000;;0;18900; ;18900; ;18900; ;18900; ;18900; ;18900; ;18900; ;18900; ;18900; ;18900; ;18900; ;18900; ;18900; ;18900; ;18900; ;918900; ; ; ; ; ; ; ; ; ; ; ; ; ; ; ; ; ; ; ; ; ; ; ; ; ; ; ; ; ; ; ; ; ; ; ; ; ; ; ; ; ; ; ; ; ; ; ; ; ; ; ; ; ; ; ; ; ; ; ; ; ; ; ; ; ; ; ; ; ; ; ; ; ; ; ; ; ; ; ; ; ; ; 
MEF;20250212;IT0004889033;20280901;1000000;;0;-23750; ;-23750; ;-23750; ;-23750; ;-1023750; ; ; ; ; ; ; ; ; ; ; ; ; ; ; ; ; ; ; ; ; ; ; ; ; ; ; ; ; ; ; ; ; ; ; ; ; ; ; ; ; ; ; ; ; ; ; ; ; ; ; ; ; ; ; ; ; ; ; ; ; ; ; ; ; ; ; ; ; ; ; ; ; ; ; ; ; ; ; ; ; ; ; ; ; ; ; ; ; ; ; ; ; ; ; ; ; ; ; ; ; ; ; ; ; 
MEF;20250212;IT0005024234;20300301;1000000;;0;-17500; ;-17500; ;-17500; ;-17500; ;-17500; ;-17500; ;-17500; ;-1017500; ; ; ; ; ; ; ; ; ; ; ; ; ; ; ; ; ; ; ; ; ; ; ; ; ; ; ; ; ; ; ; ; ; ; ; ; ; ; ; ; ; ; ; ; ; ; ; ; ; ; ; ; ; ; ; ; ; ; ; ; ; ; ; ; ; ; ; ; ; ; ; ; ; ; ; ; ; ; ; ; ; ; ; ; ; ; ; ; ; ; ; ; ; ; ; ; ; ; 
MEF;20250214;IT0005358806;20350301;-1100000;;0;18425; ;18425; ;18425; ;18425; ;18425; ;18425; ;18425; ;18425; ;18425; ;18425; ;18425; ;18425; ;18425; ;18425; ;18425; ;18425; ;18425; ;1118425; ; ; ; ; ; ; ; ; ; ; ; ; ; ; ; ; ; ; ; ; ; ; ; ; ; ; ; ; ; ; ; ; ; ; ; ; ; ; ; ; ; ; ; ; ; ; ; ; ; ; ; ; ; ; ; ; ; ; ; ; ; ; ; ; ; ; ; ; ; ; ; ; ; ; ; ; ; ; 
MEF;20250219;IT0005496770;20380301;9400000;;0;-152750; ;-152750; ;-152750; ;-152750; ;-152750; ;-152750; ;-152750; ;-152750; ;-152750; ;-152750; ;-152750; ;-152750; ;-152750; ;-152750; ;-152750; ;-152750; ;-152750; ;-152750; ;-152750; ;-152750; ;-152750; ;-152750; ;-152750; ;-9552750; ; ; ; ; ; ; ; ; ; ; ; ; ; ; ; ; ; ; ; ; ; ; ; ; ; ; ; ; ; ; ; ; ; ; ; ; ; ; ; ; ; ; ; ; ; ; ; ; ; ; ; ; ; ; ; ; ; ; ; ; ; ; ; ; ; ; 
MEF;20250220;IT0005358806;20350301;3000000;;0;-50250; ;-50250; ;-50250; ;-50250; ;-50250; ;-50250; ;-50250; ;-50250; ;-50250; ;-50250; ;-50250; ;-50250; ;-50250; ;-50250; ;-50250; ;-50250; ;-50250; ;-3050250; ; ; ; ; ; ; ; ; ; ; ; ; ; ; ; ; ; ; ; ; ; ; ; ; ; ; ; ; ; ; ; ; ; ; ; ; ; ; ; ; ; ; ; ; ; ; ; ; ; ; ; ; ; ; ; ; ; ; ; ; ; ; ; ; ; ; ; ; ; ; ; ; ; ; ; ; ; ; 
MEF;20250220;IT0005496770;20380301;1000000;;0;-16250; ;-16250; ;-16250; ;-16250; ;-16250; ;-16250; ;-16250; ;-16250; ;-16250; ;-16250; ;-16250; ;-16250; ;-16250; ;-16250; ;-16250; ;-16250; ;-16250; ;-16250; ;-16250; ;-16250; ;-16250; ;-16250; ;-16250; ;-1016250; ; ; ; ; ; ; ; ; ; ; ; ; ; ; ; ; ; ; ; ; ; ; ; ; ; ; ; ; ; ; ; ; ; ; ; ; ; ; ; ; ; ; ; ; ; ; ; ; ; ; ; ; ; ; ; ; ; ; ; ; ; ; ; ; ; ; 
MEF;20250221;IT0004889033;20280901;-900000;;0;21375; ;21375; ;21375; ;21375; ;921375; ; ; ; ; ; ; ; ; ; ; ; ; ; ; ; ; ; ; ; ; ; ; ; ; ; ; ; ; ; ; ; ; ; ; ; ; ; ; ; ; ; ; ; ; ; ; ; ; ; ; ; ; ; ; ; ; ; ; ; ; ; ; ; ; ; ; ; ; ; ; ; ; ; ; ; ; ; ; ; ; ; ; ; ; ; ; ; ; ; ; ; ; ; ; ; ; ; ; ; ; ; ; ; ; 
MEF;20250221;IT0005358806;20350301;2000000;;0;-33500; ;-33500; ;-33500; ;-33500; ;-33500; ;-33500; ;-33500; ;-33500; ;-33500; ;-33500; ;-33500; ;-33500; ;-33500; ;-33500; ;-33500; ;-33500; ;-33500; ;-2033500; ; ; ; ; ; ; ; ; ; ; ; ; ; ; ; ; ; ; ; ; ; ; ; ; ; ; ; ; ; ; ; ; ; ; ; ; ; ; ; ; ; ; ; ; ; ; ; ; ; ; ; ; ; ; ; ; ; ; ; ; ; ; ; ; ; ; ; ; ; ; ; ; ; ; ; ; ; ; 
MEF;20250221;IT0005402117;20360301;-900000;;0;6525; ;6525; ;6525; ;6525; ;6525; ;6525; ;6525; ;6525; ;6525; ;6525; ;6525; ;6525; ;6525; ;6525; ;6525; ;6525; ;6525; ;6525; ;6525; ;906525; ; ; ; ; ; ; ; ; ; ; ; ; ; ; ; ; ; ; ; ; ; ; ; ; ; ; ; ; ; ; ; ; ; ; ; ; ; ; ; ; ; ; ; ; ; ; ; ; ; ; ; ; ; ; ; ; ; ; ; ; ; ; ; ; ; ; ; ; ; ; ; ; ; ; 
MEF;20250304;IT0005358806;20350301;1000000;;0;-16750; ;-16750; ;-16750; ;-16750; ;-16750; ;-16750; ;-16750; ;-16750; ;-16750; ;-16750; ;-16750; ;-16750; ;-16750; ;-16750; ;-16750; ;-16750; ;-16750; ;-1016750; ; ; ; ; ; ; ; ; ; ; ; ; ; ; ; ; ; ; ; ; ; ; ; ; ; ; ; ; ; ; ; ; ; ; ; ; ; ; ; ; ; ; ; ; ; ; ; ; ; ; ; ; ; ; ; ; ; ; ; ; ; ; ; ; ; ; ; ; ; ; ; ; ; ; ; ; ; ; 
MEF;20250305;IT0004889033;20280901;1000000;;0;-23750; ;-23750; ;-23750; ;-23750; ;-1023750; ; ; ; ; ; ; ; ; ; ; ; ; ; ; ; ; ; ; ; ; ; ; ; ; ; ; ; ; ; ; ; ; ; ; ; ; ; ; ; ; ; ; ; ; ; ; ; ; ; ; ; ; ; ; ; ; ; ; ; ; ; ; ; ; ; ; ; ; ; ; ; ; ; ; ; ; ; ; ; ; ; ; ; ; ; ; ; ; ; ; ; ; ; ; ; ; ; ; ; ; ; ; ; ; 
MEF;20250306;IT0005358806;20350301;1800000;;0;-30150; ;-30150; ;-30150; ;-30150; ;-30150; ;-30150; ;-30150; ;-30150; ;-30150; ;-30150; ;-30150; ;-30150; ;-30150; ;-30150; ;-30150; ;-30150; ;-30150; ;-1830150; ; ; ; ; ; ; ; ; ; ; ; ; ; ; ; ; ; ; ; ; ; ; ; ; ; ; ; ; ; ; ; ; ; ; ; ; ; ; ; ; ; ; ; ; ; ; ; ; ; ; ; ; ; ; ; ; ; ; ; ; ; ; ; ; ; ; ; ; ; ; ; ; ; ; ; ; ; ; 
MEF;20250306;IT0005358806;20350301;2600000;;0;-43550; ;-43550; ;-43550; ;-43550; ;-43550; ;-43550; ;-43550; ;-43550; ;-43550; ;-43550; ;-43550; ;-43550; ;-43550; ;-43550; ;-43550; ;-43550; ;-43550; ;-2643550; ; ; ; ; ; ; ; ; ; ; ; ; ; ; ; ; ; ; ; ; ; ; ; ; ; ; ; ; ; ; ; ; ; ; ; ; ; ; ; ; ; ; ; ; ; ; ; ; ; ; ; ; ; ; ; ; ; ; ; ; ; ; ; ; ; ; ; ; ; ; ; ; ; ; ; ; ; ; 
MEF;20250307;IT0004889033;20280901;-900000;;0;21375; ;21375; ;21375; ;21375; ;921375; ; ; ; ; ; ; ; ; ; ; ; ; ; ; ; ; ; ; ; ; ; ; ; ; ; ; ; ; ; ; ; ; ; ; ; ; ; ; ; ; ; ; ; ; ; ; ; ; ; ; ; ; ; ; ; ; ; ; ; ; ; ; ; ; ; ; ; ; ; ; ; ; ; ; ; ; ; ; ; ; ; ; ; ; ; ; ; ; ; ; ; ; ; ; ; ; ; ; ; ; ; ; ; ; 
MEF;20250307;IT0005024234;20300301;14000000;;0;-245000; ;-245000; ;-245000; ;-245000; ;-245000; ;-245000; ;-245000; ;-14245000; ; ; ; ; ; ; ; ; ; ; ; ; ; ; ; ; ; ; ; ; ; ; ; ; ; ; ; ; ; ; ; ; ; ; ; ; ; ; ; ; ; ; ; ; ; ; ; ; ; ; ; ; ; ; ; ; ; ; ; ; ; ; ; ; ; ; ; ; ; ; ; ; ; ; ; ; ; ; ; ; ; ; ; ; ; ; ; ; ; ; ; ; ; ; ; ; ; ; 
MEF;20250307;IT0005358806;20350301;2000000;;0;-33500; ;-33500; ;-33500; ;-33500; ;-33500; ;-33500; ;-33500; ;-33500; ;-33500; ;-33500; ;-33500; ;-33500; ;-33500; ;-33500; ;-33500; ;-33500; ;-33500; ;-2033500; ; ; ; ; ; ; ; ; ; ; ; ; ; ; ; ; ; ; ; ; ; ; ; ; ; ; ; ; ; ; ; ; ; ; ; ; ; ; ; ; ; ; ; ; ; ; ; ; ; ; ; ; ; ; ; ; ; ; ; ; ; ; ; ; ; ; ; ; ; ; ; ; ; ; ; ; ; ; 
MEF;20250307;IT0005358806;20350301;2500000;;0;-41875; ;-41875; ;-41875; ;-41875; ;-41875; ;-41875; ;-41875; ;-41875; ;-41875; ;-41875; ;-41875; ;-41875; ;-41875; ;-41875; ;-41875; ;-41875; ;-41875; ;-2541875; ; ; ; ; ; ; ; ; ; ; ; ; ; ; ; ; ; ; ; ; ; ; ; ; ; ; ; ; ; ; ; ; ; ; ; ; ; ; ; ; ; ; ; ; ; ; ; ; ; ; ; ; ; ; ; ; ; ; ; ; ; ; ; ; ; ; ; ; ; ; ; ; ; ; ; ; ; ; 
MEF;20250307;IT0005363111;20490901;20000000;;0;-385000; ;-385000; ;-385000; ;-385000; ;-385000; ;-385000; ;-385000; ;-385000; ;-385000; ;-385000; ;-385000; ;-385000; ;-385000; ;-385000; ;-385000; ;-385000; ;-385000; ;-385000; ;-385000; ;-385000; ;-385000; ;-385000; ;-385000; ;-385000; ;-385000; ;-385000; ;-385000; ;-385000; ;-385000; ;-385000; ;-385000; ;-385000;-385000;-385000;-385000;-385000;-385000;-385000;-385000;-385000;-385000;-385000;-385000;-385000;-385000;-385000;-20385000; ; ; ; ; ; ; ; ; ; ; ; ; ; ; ; ; ; ; ; ; ; ; ; ; ; ; ; ; ; ; ; ; ; ; ; 
MEF;20250307;IT0005530032;20430901;30000000;;0;-667500; ;-667500; ;-667500; ;-667500; ;-667500; ;-667500; ;-667500; ;-667500; ;-667500; ;-667500; ;-667500; ;-667500; ;-667500; ;-667500; ;-667500; ;-667500; ;-667500; ;-667500; ;-667500; ;-667500; ;-667500; ;-667500; ;-667500; ;-667500; ;-667500; ;-667500; ;-667500; ;-667500; ;-667500; ;-667500; ;-667500; ;-667500;-667500;-667500;-30667500; ; ; ; ; ; ; ; ; ; ; ; ; ; ; ; ; ; ; ; ; ; ; ; ; ; ; ; ; ; ; ; ; ; ; ; ; ; ; ; ; ; ; ; ; ; ; ; 
MEF;20250310;IT0005358806;20350301;3000000;;0;-50250; ;-50250; ;-50250; ;-50250; ;-50250; ;-50250; ;-50250; ;-50250; ;-50250; ;-50250; ;-50250; ;-50250; ;-50250; ;-50250; ;-50250; ;-50250; ;-50250; ;-3050250; ; ; ; ; ; ; ; ; ; ; ; ; ; ; ; ; ; ; ; ; ; ; ; ; ; ; ; ; ; ; ; ; ; ; ; ; ; ; ; ; ; ; ; ; ; ; ; ; ; ; ; ; ; ; ; ; ; ; ; ; ; ; ; ; ; ; ; ; ; ; ; ; ; ; ; ; ; ; 
MEF;20250311;IT0005358806;20350301;1000000;;0;-16750; ;-16750; ;-16750; ;-16750; ;-16750; ;-16750; ;-16750; ;-16750; ;-16750; ;-16750; ;-16750; ;-16750; ;-16750; ;-16750; ;-16750; ;-16750; ;-16750; ;-1016750; ; ; ; ; ; ; ; ; ; ; ; ; ; ; ; ; ; ; ; ; ; ; ; ; ; ; ; ; ; ; ; ; ; ; ; ; ; ; ; ; ; ; ; ; ; ; ; ; ; ; ; ; ; ; ; ; ; ; ; ; ; ; ; ; ; ; ; ; ; ; ; ; ; ; ; ; ; ; 
MEF;20250311;IT0005358806;20350301;2000000;;0;-33500; ;-33500; ;-33500; ;-33500; ;-33500; ;-33500; ;-33500; ;-33500; ;-33500; ;-33500; ;-33500; ;-33500; ;-33500; ;-33500; ;-33500; ;-33500; ;-33500; ;-2033500; ; ; ; ; ; ; ; ; ; ; ; ; ; ; ; ; ; ; ; ; ; ; ; ; ; ; ; ; ; ; ; ; ; ; ; ; ; ; ; ; ; ; ; ; ; ; ; ; ; ; ; ; ; ; ; ; ; ; ; ; ; ; ; ; ; ; ; ; ; ; ; ; ; ; ; ; ; ; 
MEF;20250313;IT0005358806;20350301;3000000;;0;-50250; ;-50250; ;-50250; ;-50250; ;-50250; ;-50250; ;-50250; ;-50250; ;-50250; ;-50250; ;-50250; ;-50250; ;-50250; ;-50250; ;-50250; ;-50250; ;-50250; ;-3050250; ; ; ; ; ; ; ; ; ; ; ; ; ; ; ; ; ; ; ; ; ; ; ; ; ; ; ; ; ; ; ; ; ; ; ; ; ; ; ; ; ; ; ; ; ; ; ; ; ; ; ; ; ; ; ; ; ; ; ; ; ; ; ; ; ; ; ; ; ; ; ; ; ; ; ; ; ; ; 
MEF;20250313;IT0005560948;20340301;95000000;;0;-1995000; ;-1995000; ;-1995000; ;-1995000; ;-1995000; ;-1995000; ;-1995000; ;-1995000; ;-1995000; ;-1995000; ;-1995000; ;-1995000; ;-1995000; ;-1995000; ;-1995000; ;-96995000; ; ; ; ; ; ; ; ; ; ; ; ; ; ; ; ; ; ; ; ; ; ; ; ; ; ; ; ; ; ; ; ; ; ; ; ; ; ; ; ; ; ; ; ; ; ; ; ; ; ; ; ; ; ; ; ; ; ; ; ; ; ; ; ; ; ; ; ; ; ; ; ; ; ; ; ; ; ; ; ; ; ; 
MEF;20250314;IT0004889033;20280901;-1100000;;0;26125; ;26125; ;26125; ;26125; ;1126125; ; ; ; ; ; ; ; ; ; ; ; ; ; ; ; ; ; ; ; ; ; ; ; ; ; ; ; ; ; ; ; ; ; ; ; ; ; ; ; ; ; ; ; ; ; ; ; ; ; ; ; ; ; ; ; ; ; ; ; ; ; ; ; ; ; ; ; ; ; ; ; ; ; ; ; ; ; ; ; ; ; ; ; ; ; ; ; ; ; ; ; ; ; ; ; ; ; ; ; ; ; ; ; ; 
MEF;20250314;IT0005024234;20300301;-900000;;0;15750; ;15750; ;15750; ;15750; ;15750; ;15750; ;15750; ;915750; ; ; ; ; ; ; ; ; ; ; ; ; ; ; ; ; ; ; ; ; ; ; ; ; ; ; ; ; ; ; ; ; ; ; ; ; ; ; ; ; ; ; ; ; ; ; ; ; ; ; ; ; ; ; ; ; ; ; ; ; ; ; ; ; ; ; ; ; ; ; ; ; ; ; ; ; ; ; ; ; ; ; ; ; ; ; ; ; ; ; ; ; ; ; ; ; ; ; 
MEF;20250314;IT0005240350;20330901;-900000;;0;11025; ;11025; ;11025; ;11025; ;11025; ;11025; ;11025; ;11025; ;11025; ;11025; ;11025; ;11025; ;11025; ;11025; ;911025; ; ; ; ; ; ; ; ; ; ; ; ; ; ; ; ; ; ; ; ; ; ; ; ; ; ; ; ; ; ; ; ; ; ; ; ; ; ; ; ; ; ; ; ; ; ; ; ; ; ; ; ; ; ; ; ; ; ; ; ; ; ; ; ; ; ; ; ; ; ; ; ; ; ; ; ; ; ; ; ; ; ; ; ; 
MEF;20250314;IT0005480980;20520901;1000000;;0;-10750; ;-10750; ;-10750; ;-10750; ;-10750; ;-10750; ;-10750; ;-10750; ;-10750; ;-10750; ;-10750; ;-10750; ;-10750; ;-10750; ;-10750; ;-10750; ;-10750; ;-10750; ;-10750; ;-10750; ;-10750; ;-10750; ;-10750; ;-10750; ;-10750; ;-10750; ;-10750; ;-10750; ;-10750; ;-10750; ;-10750; ;-10750;-10750;-10750;-10750;-10750;-10750;-10750;-10750;-10750;-10750;-10750;-10750;-10750;-10750;-10750;-10750;-10750;-10750;-10750;-10750;-10750;-1010750; ; ; ; ; ; ; ; ; ; ; ; ; ; ; ; ; ; ; ; ; ; ; ; ; ; ; ; ; ; 
MEF;20250317;IT0005363111;20490901;-1000000;;0;19250; ;19250; ;19250; ;19250; ;19250; ;19250; ;19250; ;19250; ;19250; ;19250; ;19250; ;19250; ;19250; ;19250; ;19250; ;19250; ;19250; ;19250; ;19250; ;19250; ;19250; ;19250; ;19250; ;19250; ;19250; ;19250; ;19250; ;19250; ;19250; ;19250; ;19250; ;19250;19250;19250;19250;19250;19250;19250;19250;19250;19250;19250;19250;19250;19250;19250;1019250; ; ; ; ; ; ; ; ; ; ; ; ; ; ; ; ; ; ; ; ; ; ; ; ; ; ; ; ; ; ; ; ; ; ; ; 
MEF;20250317;IT0005480980;20520901;-1100000;;0;11825; ;11825; ;11825; ;11825; ;11825; ;11825; ;11825; ;11825; ;11825; ;11825; ;11825; ;11825; ;11825; ;11825; ;11825; ;11825; ;11825; ;11825; ;11825; ;11825; ;11825; ;11825; ;11825; ;11825; ;11825; ;11825; ;11825; ;11825; ;11825; ;11825; ;11825; ;11825;11825;11825;11825;11825;11825;11825;11825;11825;11825;11825;11825;11825;11825;11825;11825;11825;11825;11825;11825;11825;1111825; ; ; ; ; ; ; ; ; ; ; ; ; ; ; ; ; ; ; ; ; ; ; ; ; ; ; ; ; ; 
MEF;20250317;IT0005496770;20380301;-2000000;;0;32500; ;32500; ;32500; ;32500; ;32500; ;32500; ;32500; ;32500; ;32500; ;32500; ;32500; ;32500; ;32500; ;32500; ;32500; ;32500; ;32500; ;32500; ;32500; ;32500; ;32500; ;32500; ;32500; ;2032500; ; ; ; ; ; ; ; ; ; ; ; ; ; ; ; ; ; ; ; ; ; ; ; ; ; ; ; ; ; ; ; ; ; ; ; ; ; ; ; ; ; ; ; ; ; ; ; ; ; ; ; ; ; ; ; ; ; ; ; ; ; ; ; ; ; ; 
MEF;20250319;IT0005358806;20350301;26700000;;0;-447225; ;-447225; ;-447225; ;-447225; ;-447225; ;-447225; ;-447225; ;-447225; ;-447225; ;-447225; ;-447225; ;-447225; ;-447225; ;-447225; ;-447225; ;-447225; ;-447225; ;-27147225; ; ; ; ; ; ; ; ; ; ; ; ; ; ; ; ; ; ; ; ; ; ; ; ; ; ; ; ; ; ; ; ; ; ; ; ; ; ; ; ; ; ; ; ; ; ; ; ; ; ; ; ; ; ; ; ; ; ; ; ; ; ; ; ; ; ; ; ; ; ; ; ; ; ; ; ; ; ; 
MEF;20250319;IT0005560948;20340301;7000000;;0;-147000; ;-147000; ;-147000; ;-147000; ;-147000; ;-147000; ;-147000; ;-147000; ;-147000; ;-147000; ;-147000; ;-147000; ;-147000; ;-147000; ;-147000; ;-7147000; ; ; ; ; ; ; ; ; ; ; ; ; ; ; ; ; ; ; ; ; ; ; ; ; ; ; ; ; ; ; ; ; ; ; ; ; ; ; ; ; ; ; ; ; ; ; ; ; ; ; ; ; ; ; ; ; ; ; ; ; ; ; ; ; ; ; ; ; ; ; ; ; ; ; ; ; ; ; ; ; ; ; 
MEF;20250320;IT0005024234;20300301;-2000000;;0;35000; ;35000; ;35000; ;35000; ;35000; ;35000; ;35000; ;2035000; ; ; ; ; ; ; ; ; ; ; ; ; ; ; ; ; ; ; ; ; ; ; ; ; ; ; ; ; ; ; ; ; ; ; ; ; ; ; ; ; ; ; ; ; ; ; ; ; ; ; ; ; ; ; ; ; ; ; ; ; ; ; ; ; ; ; ; ; ; ; ; ; ; ; ; ; ; ; ; ; ; ; ; ; ; ; ; ; ; ; ; ; ; ; ; ; ; ; 
MEF;20250320;IT0005094088;20320301;-5000000;;0;41250; ;41250; ;41250; ;41250; ;41250; ;41250; ;41250; ;41250; ;41250; ;41250; ;41250; ;5041250; ; ; ; ; ; ; ; ; ; ; ; ; ; ; ; ; ; ; ; ; ; ; ; ; ; ; ; ; ; ; ; ; ; ; ; ; ; ; ; ; ; ; ; ; ; ; ; ; ; ; ; ; ; ; ; ; ; ; ; ; ; ; ; ; ; ; ; ; ; ; ; ; ; ; ; ; ; ; ; ; ; ; ; ; ; ; ; ; ; ; 
MEF;20250320;IT0005177909;20360901;-2000000;;0;22500; ;22500; ;22500; ;22500; ;22500; ;22500; ;22500; ;22500; ;22500; ;22500; ;22500; ;22500; ;22500; ;22500; ;22500; ;22500; ;22500; ;22500; ;22500; ;22500; ;2022500; ; ; ; ; ; ; ; ; ; ; ; ; ; ; ; ; ; ; ; ; ; ; ; ; ; ; ; ; ; ; ; ; ; ; ; ; ; ; ; ; ; ; ; ; ; ; ; ; ; ; ; ; ; ; ; ; ; ; ; ; ; ; ; ; ; ; ; ; ; ; ; ; 
MEF;20250320;IT0005321325;20380901;-2000000;;0;29500; ;29500; ;29500; ;29500; ;29500; ;29500; ;29500; ;29500; ;29500; ;29500; ;29500; ;29500; ;29500; ;29500; ;29500; ;29500; ;29500; ;29500; ;29500; ;29500; ;29500; ;29500; ;29500; ;29500; ;2029500; ; ; ; ; ; ; ; ; ; ; ; ; ; ; ; ; ; ; ; ; ; ; ; ; ; ; ; ; ; ; ; ; ; ; ; ; ; ; ; ; ; ; ; ; ; ; ; ; ; ; ; ; ; ; ; ; ; ; ; ; ; ; ; ; 
MEF;20250320;IT0005358806;20350301;1000000;;0;-16750; ;-16750; ;-16750; ;-16750; ;-16750; ;-16750; ;-16750; ;-16750; ;-16750; ;-16750; ;-16750; ;-16750; ;-16750; ;-16750; ;-16750; ;-16750; ;-16750; ;-1016750; ; ; ; ; ; ; ; ; ; ; ; ; ; ; ; ; ; ; ; ; ; ; ; ; ; ; ; ; ; ; ; ; ; ; ; ; ; ; ; ; ; ; ; ; ; ; ; ; ; ; ; ; ; ; ; ; ; ; ; ; ; ; ; ; ; ; ; ; ; ; ; ; ; ; ; ; ; ; 
MEF;20250320;IT0005377152;20400301;-1000000;;0;15500; ;15500; ;15500; ;15500; ;15500; ;15500; ;15500; ;15500; ;15500; ;15500; ;15500; ;15500; ;15500; ;15500; ;15500; ;15500; ;15500; ;15500; ;15500; ;15500; ;15500; ;15500; ;15500; ;15500; ;15500; ;15500; ;15500; ;1015500; ; ; ; ; ; ; ; ; ; ; ; ; ; ; ; ; ; ; ; ; ; ; ; ; ; ; ; ; ; ; ; ; ; ; ; ; ; ; ; ; ; ; ; ; ; ; ; ; ; ; ; ; ; ; ; ; ; ; 
MEF;20250320;IT0005402117;20360301;-2000000;;0;14500; ;14500; ;14500; ;14500; ;14500; ;14500; ;14500; ;14500; ;14500; ;14500; ;14500; ;14500; ;14500; ;14500; ;14500; ;14500; ;14500; ;14500; ;14500; ;2014500; ; ; ; ; ; ; ; ; ; ; ; ; ; ; ; ; ; ; ; ; ; ; ; ; ; ; ; ; ; ; ; ; ; ; ; ; ; ; ; ; ; ; ; ; ; ; ; ; ; ; ; ; ; ; ; ; ; ; ; ; ; ; ; ; ; ; ; ; ; ; ; ; ; ; 
MEF;20250320;IT0005421703;20410301;-1000000;;0;9000; ;9000; ;9000; ;9000; ;9000; ;9000; ;9000; ;9000; ;9000; ;9000; ;9000; ;9000; ;9000; ;9000; ;9000; ;9000; ;9000; ;9000; ;9000; ;9000; ;9000; ;9000; ;9000; ;9000; ;9000; ;9000; ;9000; ;9000; ;9000; ;1009000; ; ; ; ; ; ; ; ; ; ; ; ; ; ; ; ; ; ; ; ; ; ; ; ; ; ; ; ; ; ; ; ; ; ; ; ; ; ; ; ; ; ; ; ; ; ; ; ; ; ; ; ; ; ; 
MEF;20250320;IT0005433195;20370301;-2000000;;0;9500; ;9500; ;9500; ;9500; ;9500; ;9500; ;9500; ;9500; ;9500; ;9500; ;9500; ;9500; ;9500; ;9500; ;9500; ;9500; ;9500; ;9500; ;9500; ;9500; ;9500; ;2009500; ; ; ; ; ; ; ; ; ; ; ; ; ; ; ; ; ; ; ; ; ; ; ; ; ; ; ; ; ; ; ; ; ; ; ; ; ; ; ; ; ; ; ; ; ; ; ; ; ; ; ; ; ; ; ; ; ; ; ; ; ; ; ; ; ; ; ; ; ; ; 
MEF;20250320;IT0005530032;20430901;-2000000;;0;44500; ;44500; ;44500; ;44500; ;44500; ;44500; ;44500; ;44500; ;44500; ;44500; ;44500; ;44500; ;44500; ;44500; ;44500; ;44500; ;44500; ;44500; ;44500; ;44500; ;44500; ;44500; ;44500; ;44500; ;44500; ;44500; ;44500; ;44500; ;44500; ;44500; ;44500; ;44500;44500;44500;2044500; ; ; ; ; ; ; ; ; ; ; ; ; ; ; ; ; ; ; ; ; ; ; ; ; ; ; ; ; ; ; ; ; ; ; ; ; ; ; ; ; ; ; ; ; ; ; ; 
MEF;20250320;IT0005530032;20430901;15000000;;0;-333750; ;-333750; ;-333750; ;-333750; ;-333750; ;-333750; ;-333750; ;-333750; ;-333750; ;-333750; ;-333750; ;-333750; ;-333750; ;-333750; ;-333750; ;-333750; ;-333750; ;-333750; ;-333750; ;-333750; ;-333750; ;-333750; ;-333750; ;-333750; ;-333750; ;-333750; ;-333750; ;-333750; ;-333750; ;-333750; ;-333750; ;-333750;-333750;-333750;-15333750; ; ; ; ; ; ; ; ; ; ; ; ; ; ; ; ; ; ; ; ; ; ; ; ; ; ; ; ; ; ; ; ; ; ; ; ; ; ; ; ; ; ; ; ; ; ; ; 
MEF;20250321;IT0004889033;20280901;-3000000;;0;71250; ;71250; ;71250; ;71250; ;3071250; ; ; ; ; ; ; ; ; ; ; ; ; ; ; ; ; ; ; ; ; ; ; ; ; ; ; ; ; ; ; ; ; ; ; ; ; ; ; ; ; ; ; ; ; ; ; ; ; ; ; ; ; ; ; ; ; ; ; ; ; ; ; ; ; ; ; ; ; ; ; ; ; ; ; ; ; ; ; ; ; ; ; ; ; ; ; ; ; ; ; ; ; ; ; ; ; ; ; ; ; ; ; ; ; 
MEF;20250321;IT0005083057;20460901;-2000000;;0;32500; ;32500; ;32500; ;32500; ;32500; ;32500; ;32500; ;32500; ;32500; ;32500; ;32500; ;32500; ;32500; ;32500; ;32500; ;32500; ;32500; ;32500; ;32500; ;32500; ;32500; ;32500; ;32500; ;32500; ;32500; ;32500; ;32500; ;32500; ;32500; ;32500; ;32500; ;32500;32500;32500;32500;32500;32500;32500;32500;32500;2032500; ; ; ; ; ; ; ; ; ; ; ; ; ; ; ; ; ; ; ; ; ; ; ; ; ; ; ; ; ; ; ; ; ; ; ; ; ; ; ; ; ; 
MEF;20250321;IT0005240350;20330901;-5000000;;0;61250; ;61250; ;61250; ;61250; ;61250; ;61250; ;61250; ;61250; ;61250; ;61250; ;61250; ;61250; ;61250; ;61250; ;5061250; ; ; ; ; ; ; ; ; ; ; ; ; ; ; ; ; ; ; ; ; ; ; ; ; ; ; ; ; ; ; ; ; ; ; ; ; ; ; ; ; ; ; ; ; ; ; ; ; ; ; ; ; ; ; ; ; ; ; ; ; ; ; ; ; ; ; ; ; ; ; ; ; ; ; ; ; ; ; ; ; ; ; ; ; 
MEF;20250321;IT0005358806;20350301;1000000;;0;-16750; ;-16750; ;-16750; ;-16750; ;-16750; ;-16750; ;-16750; ;-16750; ;-16750; ;-16750; ;-16750; ;-16750; ;-16750; ;-16750; ;-16750; ;-16750; ;-16750; ;-1016750; ; ; ; ; ; ; ; ; ; ; ; ; ; ; ; ; ; ; ; ; ; ; ; ; ; ; ; ; ; ; ; ; ; ; ; ; ; ; ; ; ; ; ; ; ; ; ; ; ; ; ; ; ; ; ; ; ; ; ; ; ; ; ; ; ; ; ; ; ; ; ; ; ; ; ; ; ; ; 
MEF;20250327;IT0005530032;20430901;10000000;;0;-222500; ;-222500; ;-222500; ;-222500; ;-222500; ;-222500; ;-222500; ;-222500; ;-222500; ;-222500; ;-222500; ;-222500; ;-222500; ;-222500; ;-222500; ;-222500; ;-222500; ;-222500; ;-222500; ;-222500; ;-222500; ;-222500; ;-222500; ;-222500; ;-222500; ;-222500; ;-222500; ;-222500; ;-222500; ;-222500; ;-222500; ;-222500;-222500;-222500;-10222500; ; ; ; ; ; ; ; ; ; ; ; ; ; ; ; ; ; ; ; ; ; ; ; ; ; ; ; ; ; ; ; ; ; ; ; ; ; ; ; ; ; ; ; ; ; ; ; 
MEF;20250328;IT0005094088;20320301;-1100000;;0;9075; ;9075; ;9075; ;9075; ;9075; ;9075; ;9075; ;9075; ;9075; ;9075; ;9075; ;1109075; ; ; ; ; ; ; ; ; ; ; ; ; ; ; ; ; ; ; ; ; ; ; ; ; ; ; ; ; ; ; ; ; ; ; ; ; ; ; ; ; ; ; ; ; ; ; ; ; ; ; ; ; ; ; ; ; ; ; ; ; ; ; ; ; ; ; ; ; ; ; ; ; ; ; ; ; ; ; ; ; ; ; ; ; ; ; ; ; ; ; 
MEF;20250328;IT0005240350;20330901;-900000;;0;11025; ;11025; ;11025; ;11025; ;11025; ;11025; ;11025; ;11025; ;11025; ;11025; ;11025; ;11025; ;11025; ;11025; ;911025; ; ; ; ; ; ; ; ; ; ; ; ; ; ; ; ; ; ; ; ; ; ; ; ; ; ; ; ; ; ; ; ; ; ; ; ; ; ; ; ; ; ; ; ; ; ; ; ; ; ; ; ; ; ; ; ; ; ; ; ; ; ; ; ; ; ; ; ; ; ; ; ; ; ; ; ; ; ; ; ; ; ; ; ; 
MEF;20250328;IT0005358806;20350301;-900000;;0;15075; ;15075; ;15075; ;15075; ;15075; ;15075; ;15075; ;15075; ;15075; ;15075; ;15075; ;15075; ;15075; ;15075; ;15075; ;15075; ;15075; ;915075; ; ; ; ; ; ; ; ; ; ; ; ; ; ; ; ; ; ; ; ; ; ; ; ; ; ; ; ; ; ; ; ; ; ; ; ; ; ; ; ; ; ; ; ; ; ; ; ; ; ; ; ; ; ; ; ; ; ; ; ; ; ; ; ; ; ; ; ; ; ; ; ; ; ; ; ; ; ; 
MEF;20250331;IT0005496770;20380301;6600000;;0;-107250; ;-107250; ;-107250; ;-107250; ;-107250; ;-107250; ;-107250; ;-107250; ;-107250; ;-107250; ;-107250; ;-107250; ;-107250; ;-107250; ;-107250; ;-107250; ;-107250; ;-107250; ;-107250; ;-107250; ;-107250; ;-107250; ;-107250; ;-6707250; ; ; ; ; ; ; ; ; ; ; ; ; ; ; ; ; ; ; ; ; ; ; ; ; ; ; ; ; ; ; ; ; ; ; ; ; ; ; ; ; ; ; ; ; ; ; ; ; ; ; ; ; ; ; ; ; ; ; ; ; ; ; ; ; ; ; 
MEF;20250331;IT0005530032;20430901;23600000;;0;-525100; ;-525100; ;-525100; ;-525100; ;-525100; ;-525100; ;-525100; ;-525100; ;-525100; ;-525100; ;-525100; ;-525100; ;-525100; ;-525100; ;-525100; ;-525100; ;-525100; ;-525100; ;-525100; ;-525100; ;-525100; ;-525100; ;-525100; ;-525100; ;-525100; ;-525100; ;-525100; ;-525100; ;-525100; ;-525100; ;-525100; ;-525100;-525100;-525100;-24125100; ; ; ; ; ; ; ; ; ; ; ; ; ; ; ; ; ; ; ; ; ; ; ; ; ; ; ; ; ; ; ; ; ; ; ; ; ; ; ; ; ; ; ; ; ; ; ; 
MEF;20250402;IT0004532559;20400901;5600000;;0;-140000; ;-140000; ;-140000; ;-140000; ;-140000; ;-140000; ;-140000; ;-140000; ;-140000; ;-140000; ;-140000; ;-140000; ;-140000; ;-140000; ;-140000; ;-140000; ;-140000; ;-140000; ;-140000; ;-140000; ;-140000; ;-140000; ;-140000; ;-140000; ;-140000; ;-140000; ;-140000; ;-140000; ;-5740000; ; ; ; ; ; ; ; ; ; ; ; ; ; ; ; ; ; ; ; ; ; ; ; ; ; ; ; ; ; ; ; ; ; ; ; ; ; ; ; ; ; ; ; ; ; ; ; ; ; ; ; ; ; ; ; ; 
MEF;20250403;IT0004889033;20280901;1000000;;0;-23750; ;-23750; ;-23750; ;-23750; ;-1023750; ; ; ; ; ; ; ; ; ; ; ; ; ; ; ; ; ; ; ; ; ; ; ; ; ; ; ; ; ; ; ; ; ; ; ; ; ; ; ; ; ; ; ; ; ; ; ; ; ; ; ; ; ; ; ; ; ; ; ; ; ; ; ; ; ; ; ; ; ; ; ; ; ; ; ; ; ; ; ; ; ; ; ; ; ; ; ; ; ; ; ; ; ; ; ; ; ; ; ; ; ; ; ; ; 
MEF;20250404;IT0004889033;20280901;-1200000;;0;28500; ;28500; ;28500; ;28500; ;1228500; ; ; ; ; ; ; ; ; ; ; ; ; ; ; ; ; ; ; ; ; ; ; ; ; ; ; ; ; ; ; ; ; ; ; ; ; ; ; ; ; ; ; ; ; ; ; ; ; ; ; ; ; ; ; ; ; ; ; ; ; ; ; ; ; ; ; ; ; ; ; ; ; ; ; ; ; ; ; ; ; ; ; ; ; ; ; ; ; ; ; ; ; ; ; ; ; ; ; ; ; ; ; ; ; 
MEF;20250404;IT0005177909;20360901;-900000;;0;10125; ;10125; ;10125; ;10125; ;10125; ;10125; ;10125; ;10125; ;10125; ;10125; ;10125; ;10125; ;10125; ;10125; ;10125; ;10125; ;10125; ;10125; ;10125; ;10125; ;910125; ; ; ; ; ; ; ; ; ; ; ; ; ; ; ; ; ; ; ; ; ; ; ; ; ; ; ; ; ; ; ; ; ; ; ; ; ; ; ; ; ; ; ; ; ; ; ; ; ; ; ; ; ; ; ; ; ; ; ; ; ; ; ; ; ; ; ; ; ; ; ; ; 
MEF;20250404;IT0005321325;20380901;-1200000;;0;17700; ;17700; ;17700; ;17700; ;17700; ;17700; ;17700; ;17700; ;17700; ;17700; ;17700; ;17700; ;17700; ;17700; ;17700; ;17700; ;17700; ;17700; ;17700; ;17700; ;17700; ;17700; ;17700; ;17700; ;1217700; ; ; ; ; ; ; ; ; ; ; ; ; ; ; ; ; ; ; ; ; ; ; ; ; ; ; ; ; ; ; ; ; ; ; ; ; ; ; ; ; ; ; ; ; ; ; ; ; ; ; ; ; ; ; ; ; ; ; ; ; ; ; ; ; 
MEF;20250404;IT0005377152;20400301;-1200000;;0;18600; ;18600; ;18600; ;18600; ;18600; ;18600; ;18600; ;18600; ;18600; ;18600; ;18600; ;18600; ;18600; ;18600; ;18600; ;18600; ;18600; ;18600; ;18600; ;18600; ;18600; ;18600; ;18600; ;18600; ;18600; ;18600; ;18600; ;1218600; ; ; ; ; ; ; ; ; ; ; ; ; ; ; ; ; ; ; ; ; ; ; ; ; ; ; ; ; ; ; ; ; ; ; ; ; ; ; ; ; ; ; ; ; ; ; ; ; ; ; ; ; ; ; ; ; ; ; 
MEF;20250404;IT0005433195;20370301;-900000;;0;4275; ;4275; ;4275; ;4275; ;4275; ;4275; ;4275; ;4275; ;4275; ;4275; ;4275; ;4275; ;4275; ;4275; ;4275; ;4275; ;4275; ;4275; ;4275; ;4275; ;4275; ;904275; ; ; ; ; ; ; ; ; ; ; ; ; ; ; ; ; ; ; ; ; ; ; ; ; ; ; ; ; ; ; ; ; ; ; ; ; ; ; ; ; ; ; ; ; ; ; ; ; ; ; ; ; ; ; ; ; ; ; ; ; ; ; ; ; ; ; ; ; ; ; 
MEF;20250404;IT0005560948;20340301;-1400000;;0;29400; ;29400; ;29400; ;29400; ;29400; ;29400; ;29400; ;29400; ;29400; ;29400; ;29400; ;29400; ;29400; ;29400; ;29400; ;1429400; ; ; ; ; ; ; ; ; ; ; ; ; ; ; ; ; ; ; ; ; ; ; ; ; ; ; ; ; ; ; ; ; ; ; ; ; ; ; ; ; ; ; ; ; ; ; ; ; ; ; ; ; ; ; ; ; ; ; ; ; ; ; ; ; ; ; ; ; ; ; ; ; ; ; ; ; ; ; ; ; ; ; 
MEF;20250409;IT0005480980;20520901;1000000;;0;-10750; ;-10750; ;-10750; ;-10750; ;-10750; ;-10750; ;-10750; ;-10750; ;-10750; ;-10750; ;-10750; ;-10750; ;-10750; ;-10750; ;-10750; ;-10750; ;-10750; ;-10750; ;-10750; ;-10750; ;-10750; ;-10750; ;-10750; ;-10750; ;-10750; ;-10750; ;-10750; ;-10750; ;-10750; ;-10750; ;-10750; ;-10750;-10750;-10750;-10750;-10750;-10750;-10750;-10750;-10750;-10750;-10750;-10750;-10750;-10750;-10750;-10750;-10750;-10750;-10750;-10750;-10750;-1010750; ; ; ; ; ; ; ; ; ; ; ; ; ; ; ; ; ; ; ; ; ; ; ; ; ; ; ; ; ; 
MEF;20250411;IT0005240350;20330901;-1800000;;0;22050; ;22050; ;22050; ;22050; ;22050; ;22050; ;22050; ;22050; ;22050; ;22050; ;22050; ;22050; ;22050; ;22050; ;1822050; ; ; ; ; ; ; ; ; ; ; ; ; ; ; ; ; ; ; ; ; ; ; ; ; ; ; ; ; ; ; ; ; ; ; ; ; ; ; ; ; ; ; ; ; ; ; ; ; ; ; ; ; ; ; ; ; ; ; ; ; ; ; ; ; ; ; ; ; ; ; ; ; ; ; ; ; ; ; ; ; ; ; ; ; 
MEF;20250414;IT0004532559;20400901;2500000;;0;-62500; ;-62500; ;-62500; ;-62500; ;-62500; ;-62500; ;-62500; ;-62500; ;-62500; ;-62500; ;-62500; ;-62500; ;-62500; ;-62500; ;-62500; ;-62500; ;-62500; ;-62500; ;-62500; ;-62500; ;-62500; ;-62500; ;-62500; ;-62500; ;-62500; ;-62500; ;-62500; ;-62500; ;-2562500; ; ; ; ; ; ; ; ; ; ; ; ; ; ; ; ; ; ; ; ; ; ; ; ; ; ; ; ; ; ; ; ; ; ; ; ; ; ; ; ; ; ; ; ; ; ; ; ; ; ; ; ; ; ; ; ; 
MEF;20250414;IT0005530032;20430901;2500000;;0;-55625; ;-55625; ;-55625; ;-55625; ;-55625; ;-55625; ;-55625; ;-55625; ;-55625; ;-55625; ;-55625; ;-55625; ;-55625; ;-55625; ;-55625; ;-55625; ;-55625; ;-55625; ;-55625; ;-55625; ;-55625; ;-55625; ;-55625; ;-55625; ;-55625; ;-55625; ;-55625; ;-55625; ;-55625; ;-55625; ;-55625; ;-55625;-55625;-55625;-2555625; ; ; ; ; ; ; ; ; ; ; ; ; ; ; ; ; ; ; ; ; ; ; ; ; ; ; ; ; ; ; ; ; ; ; ; ; ; ; ; ; ; ; ; ; ; ; ; 
MEF;20250416;IT0005480980;20520901;1000000;;0;-10750; ;-10750; ;-10750; ;-10750; ;-10750; ;-10750; ;-10750; ;-10750; ;-10750; ;-10750; ;-10750; ;-10750; ;-10750; ;-10750; ;-10750; ;-10750; ;-10750; ;-10750; ;-10750; ;-10750; ;-10750; ;-10750; ;-10750; ;-10750; ;-10750; ;-10750; ;-10750; ;-10750; ;-10750; ;-10750; ;-10750; ;-10750;-10750;-10750;-10750;-10750;-10750;-10750;-10750;-10750;-10750;-10750;-10750;-10750;-10750;-10750;-10750;-10750;-10750;-10750;-10750;-10750;-1010750; ; ; ; ; ; ; ; ; ; ; ; ; ; ; ; ; ; ; ; ; ; ; ; ; ; ; ; ; ; 
MEF;20250425;IT0004889033;20280901;2000000;;0;-47500; ;-47500; ;-47500; ;-47500; ;-2047500; ; ; ; ; ; ; ; ; ; ; ; ; ; ; ; ; ; ; ; ; ; ; ; ; ; ; ; ; ; ; ; ; ; ; ; ; ; ; ; ; ; ; ; ; ; ; ; ; ; ; ; ; ; ; ; ; ; ; ; ; ; ; ; ; ; ; ; ; ; ; ; ; ; ; ; ; ; ; ; ; ; ; ; ; ; ; ; ; ; ; ; ; ; ; ; ; ; ; ; ; ; ; ; ; 
MEF;20250425;IT0005024234;20300301;2000000;;0;-35000; ;-35000; ;-35000; ;-35000; ;-35000; ;-35000; ;-35000; ;-2035000; ; ; ; ; ; ; ; ; ; ; ; ; ; ; ; ; ; ; ; ; ; ; ; ; ; ; ; ; ; ; ; ; ; ; ; ; ; ; ; ; ; ; ; ; ; ; ; ; ; ; ; ; ; ; ; ; ; ; ; ; ; ; ; ; ; ; ; ; ; ; ; ; ; ; ; ; ; ; ; ; ; ; ; ; ; ; ; ; ; ; ; ; ; ; ; ; ; ; 
MEF;20250425;IT0005083057;20460901;1000000;;0;-16250; ;-16250; ;-16250; ;-16250; ;-16250; ;-16250; ;-16250; ;-16250; ;-16250; ;-16250; ;-16250; ;-16250; ;-16250; ;-16250; ;-16250; ;-16250; ;-16250; ;-16250; ;-16250; ;-16250; ;-16250; ;-16250; ;-16250; ;-16250; ;-16250; ;-16250; ;-16250; ;-16250; ;-16250; ;-16250; ;-16250; ;-16250;-16250;-16250;-16250;-16250;-16250;-16250;-16250;-16250;-1016250; ; ; ; ; ; ; ; ; ; ; ; ; ; ; ; ; ; ; ; ; ; ; ; ; ; ; ; ; ; ; ; ; ; ; ; ; ; ; ; ; ; 
MEF;20250425;IT0005094088;20320301;2000000;;0;-16500; ;-16500; ;-16500; ;-16500; ;-16500; ;-16500; ;-16500; ;-16500; ;-16500; ;-16500; ;-16500; ;-2016500; ; ; ; ; ; ; ; ; ; ; ; ; ; ; ; ; ; ; ; ; ; ; ; ; ; ; ; ; ; ; ; ; ; ; ; ; ; ; ; ; ; ; ; ; ; ; ; ; ; ; ; ; ; ; ; ; ; ; ; ; ; ; ; ; ; ; ; ; ; ; ; ; ; ; ; ; ; ; ; ; ; ; ; ; ; ; ; ; ; ; 
MEF;20250425;IT0005240350;20330901;2000000;;0;-24500; ;-24500; ;-24500; ;-24500; ;-24500; ;-24500; ;-24500; ;-24500; ;-24500; ;-24500; ;-24500; ;-24500; ;-24500; ;-24500; ;-2024500; ; ; ; ; ; ; ; ; ; ; ; ; ; ; ; ; ; ; ; ; ; ; ; ; ; ; ; ; ; ; ; ; ; ; ; ; ; ; ; ; ; ; ; ; ; ; ; ; ; ; ; ; ; ; ; ; ; ; ; ; ; ; ; ; ; ; ; ; ; ; ; ; ; ; ; ; ; ; ; ; ; ; ; ; 
MEF;20250428;IT0005358806;20350301;1000000;;0;-16750; ;-16750; ;-16750; ;-16750; ;-16750; ;-16750; ;-16750; ;-16750; ;-16750; ;-16750; ;-16750; ;-16750; ;-16750; ;-16750; ;-16750; ;-16750; ;-16750; ;-1016750; ; ; ; ; ; ; ; ; ; ; ; ; ; ; ; ; ; ; ; ; ; ; ; ; ; ; ; ; ; ; ; ; ; ; ; ; ; ; ; ; ; ; ; ; ; ; ; ; ; ; ; ; ; ; ; ; ; ; ; ; ; ; ; ; ; ; ; ; ; ; ; ; ; ; ; ; ; ; 
MEF;20250428;IT0005480980;20520901;-900000;;0;9675; ;9675; ;9675; ;9675; ;9675; ;9675; ;9675; ;9675; ;9675; ;9675; ;9675; ;9675; ;9675; ;9675; ;9675; ;9675; ;9675; ;9675; ;9675; ;9675; ;9675; ;9675; ;9675; ;9675; ;9675; ;9675; ;9675; ;9675; ;9675; ;9675; ;9675; ;9675;9675;9675;9675;9675;9675;9675;9675;9675;9675;9675;9675;9675;9675;9675;9675;9675;9675;9675;9675;9675;909675; ; ; ; ; ; ; ; ; ; ; ; ; ; ; ; ; ; ; ; ; ; ; ; ; ; ; ; ; ; 
MEF;20250428;IT0005480980;20520901;1000000;;0;-10750; ;-10750; ;-10750; ;-10750; ;-10750; ;-10750; ;-10750; ;-10750; ;-10750; ;-10750; ;-10750; ;-10750; ;-10750; ;-10750; ;-10750; ;-10750; ;-10750; ;-10750; ;-10750; ;-10750; ;-10750; ;-10750; ;-10750; ;-10750; ;-10750; ;-10750; ;-10750; ;-10750; ;-10750; ;-10750; ;-10750; ;-10750;-10750;-10750;-10750;-10750;-10750;-10750;-10750;-10750;-10750;-10750;-10750;-10750;-10750;-10750;-10750;-10750;-10750;-10750;-10750;-10750;-1010750; ; ; ; ; ; ; ; ; ; ; ; ; ; ; ; ; ; ; ; ; ; ; ; ; ; ; ; ; ; 
MEF;20250428;IT0005560948;20340301;-67000000;;0;1407000; ;1407000; ;1407000; ;1407000; ;1407000; ;1407000; ;1407000; ;1407000; ;1407000; ;1407000; ;1407000; ;1407000; ;1407000; ;1407000; ;1407000; ;68407000; ; ; ; ; ; ; ; ; ; ; ; ; ; ; ; ; ; ; ; ; ; ; ; ; ; ; ; ; ; ; ; ; ; ; ; ; ; ; ; ; ; ; ; ; ; ; ; ; ; ; ; ; ; ; ; ; ; ; ; ; ; ; ; ; ; ; ; ; ; ; ; ; ; ; ; ; ; ; ; ; ; ; 
MEF;20250430;IT0005358806;20350301;-900000;;0;15075; ;15075; ;15075; ;15075; ;15075; ;15075; ;15075; ;15075; ;15075; ;15075; ;15075; ;15075; ;15075; ;15075; ;15075; ;15075; ;15075; ;915075; ; ; ; ; ; ; ; ; ; ; ; ; ; ; ; ; ; ; ; ; ; ; ; ; ; ; ; ; ; ; ; ; ; ; ; ; ; ; ; ; ; ; ; ; ; ; ; ; ; ; ; ; ; ; ; ; ; ; ; ; ; ; ; ; ; ; ; ; ; ; ; ; ; ; ; ; ; ; 
MEF;20250430;IT0005421703;20410301;-900000;;0;8100; ;8100; ;8100; ;8100; ;8100; ;8100; ;8100; ;8100; ;8100; ;8100; ;8100; ;8100; ;8100; ;8100; ;8100; ;8100; ;8100; ;8100; ;8100; ;8100; ;8100; ;8100; ;8100; ;8100; ;8100; ;8100; ;8100; ;8100; ;8100; ;908100; ; ; ; ; ; ; ; ; ; ; ; ; ; ; ; ; ; ; ; ; ; ; ; ; ; ; ; ; ; ; ; ; ; ; ; ; ; ; ; ; ; ; ; ; ; ; ; ; ; ; ; ; ; ; 
MEF;20250508;IT0005421703;20410301;1000000;;0;-9000; ;-9000; ;-9000; ;-9000; ;-9000; ;-9000; ;-9000; ;-9000; ;-9000; ;-9000; ;-9000; ;-9000; ;-9000; ;-9000; ;-9000; ;-9000; ;-9000; ;-9000; ;-9000; ;-9000; ;-9000; ;-9000; ;-9000; ;-9000; ;-9000; ;-9000; ;-9000; ;-9000; ;-9000; ;-1009000; ; ; ; ; ; ; ; ; ; ; ; ; ; ; ; ; ; ; ; ; ; ; ; ; ; ; ; ; ; ; ; ; ; ; ; ; ; ; ; ; ; ; ; ; ; ; ; ; ; ; ; ; ; ; 
MEF;20250509;IT0005358806;20350301;-900000;;0;15075; ;15075; ;15075; ;15075; ;15075; ;15075; ;15075; ;15075; ;15075; ;15075; ;15075; ;15075; ;15075; ;15075; ;15075; ;15075; ;15075; ;915075; ; ; ; ; ; ; ; ; ; ; ; ; ; ; ; ; ; ; ; ; ; ; ; ; ; ; ; ; ; ; ; ; ; ; ; ; ; ; ; ; ; ; ; ; ; ; ; ; ; ; ; ; ; ; ; ; ; ; ; ; ; ; ; ; ; ; ; ; ; ; ; ; ; ; ; ; ; ; 
MEF;20250512;IT0004889033;20280901;1000000;;0;-23750; ;-23750; ;-23750; ;-23750; ;-1023750; ; ; ; ; ; ; ; ; ; ; ; ; ; ; ; ; ; ; ; ; ; ; ; ; ; ; ; ; ; ; ; ; ; ; ; ; ; ; ; ; ; ; ; ; ; ; ; ; ; ; ; ; ; ; ; ; ; ; ; ; ; ; ; ; ; ; ; ; ; ; ; ; ; ; ; ; ; ; ; ; ; ; ; ; ; ; ; ; ; ; ; ; ; ; ; ; ; ; ; ; ; ; ; ; 
MEF;20250512;IT0005024234;20300301;1000000;;0;-17500; ;-17500; ;-17500; ;-17500; ;-17500; ;-17500; ;-17500; ;-1017500; ; ; ; ; ; ; ; ; ; ; ; ; ; ; ; ; ; ; ; ; ; ; ; ; ; ; ; ; ; ; ; ; ; ; ; ; ; ; ; ; ; ; ; ; ; ; ; ; ; ; ; ; ; ; ; ; ; ; ; ; ; ; ; ; ; ; ; ; ; ; ; ; ; ; ; ; ; ; ; ; ; ; ; ; ; ; ; ; ; ; ; ; ; ; ; ; ; ; 
MEF;20250515;IT0005363111;20490901;2000000;;0;-38500; ;-38500; ;-38500; ;-38500; ;-38500; ;-38500; ;-38500; ;-38500; ;-38500; ;-38500; ;-38500; ;-38500; ;-38500; ;-38500; ;-38500; ;-38500; ;-38500; ;-38500; ;-38500; ;-38500; ;-38500; ;-38500; ;-38500; ;-38500; ;-38500; ;-38500; ;-38500; ;-38500; ;-38500; ;-38500; ;-38500; ;-38500;-38500;-38500;-38500;-38500;-38500;-38500;-38500;-38500;-38500;-38500;-38500;-38500;-38500;-38500;-2038500; ; ; ; ; ; ; ; ; ; ; ; ; ; ; ; ; ; ; ; ; ; ; ; ; ; ; ; ; ; ; ; ; ; ; ; 
MEF;20250515;IT0005363111;20490901;2300000;;0;-44275; ;-44275; ;-44275; ;-44275; ;-44275; ;-44275; ;-44275; ;-44275; ;-44275; ;-44275; ;-44275; ;-44275; ;-44275; ;-44275; ;-44275; ;-44275; ;-44275; ;-44275; ;-44275; ;-44275; ;-44275; ;-44275; ;-44275; ;-44275; ;-44275; ;-44275; ;-44275; ;-44275; ;-44275; ;-44275; ;-44275; ;-44275;-44275;-44275;-44275;-44275;-44275;-44275;-44275;-44275;-44275;-44275;-44275;-44275;-44275;-44275;-2344275; ; ; ; ; ; ; ; ; ; ; ; ; ; ; ; ; ; ; ; ; ; ; ; ; ; ; ; ; ; ; ; ; ; ; ; 
MEF;20250516;IT0004889033;20280901;-1100000;;0;26125; ;26125; ;26125; ;26125; ;1126125; ; ; ; ; ; ; ; ; ; ; ; ; ; ; ; ; ; ; ; ; ; ; ; ; ; ; ; ; ; ; ; ; ; ; ; ; ; ; ; ; ; ; ; ; ; ; ; ; ; ; ; ; ; ; ; ; ; ; ; ; ; ; ; ; ; ; ; ; ; ; ; ; ; ; ; ; ; ; ; ; ; ; ; ; ; ; ; ; ; ; ; ; ; ; ; ; ; ; ; ; ; ; ; ; 
MEF;20250516;IT0005024234;20300301;-900000;;0;15750; ;15750; ;15750; ;15750; ;15750; ;15750; ;15750; ;915750; ; ; ; ; ; ; ; ; ; ; ; ; ; ; ; ; ; ; ; ; ; ; ; ; ; ; ; ; ; ; ; ; ; ; ; ; ; ; ; ; ; ; ; ; ; ; ; ; ; ; ; ; ; ; ; ; ; ; ; ; ; ; ; ; ; ; ; ; ; ; ; ; ; ; ; ; ; ; ; ; ; ; ; ; ; ; ; ; ; ; ; ; ; ; ; ; ; ; 
MEF;20250516;IT0005421703;20410301;-900000;;0;8100; ;8100; ;8100; ;8100; ;8100; ;8100; ;8100; ;8100; ;8100; ;8100; ;8100; ;8100; ;8100; ;8100; ;8100; ;8100; ;8100; ;8100; ;8100; ;8100; ;8100; ;8100; ;8100; ;8100; ;8100; ;8100; ;8100; ;8100; ;8100; ;908100; ; ; ; ; ; ; ; ; ; ; ; ; ; ; ; ; ; ; ; ; ; ; ; ; ; ; ; ; ; ; ; ; ; ; ; ; ; ; ; ; ; ; ; ; ; ; ; ; ; ; ; ; ; ; 
MEF;20250519;IT0004889033;20280901;1000000;;0;-23750; ;-23750; ;-23750; ;-23750; ;-1023750; ; ; ; ; ; ; ; ; ; ; ; ; ; ; ; ; ; ; ; ; ; ; ; ; ; ; ; ; ; ; ; ; ; ; ; ; ; ; ; ; ; ; ; ; ; ; ; ; ; ; ; ; ; ; ; ; ; ; ; ; ; ; ; ; ; ; ; ; ; ; ; ; ; ; ; ; ; ; ; ; ; ; ; ; ; ; ; ; ; ; ; ; ; ; ; ; ; ; ; ; ; ; ; ; 
MEF;20250519;IT0005094088;20320301;-1100000;;0;9075; ;9075; ;9075; ;9075; ;9075; ;9075; ;9075; ;9075; ;9075; ;9075; ;9075; ;1109075; ; ; ; ; ; ; ; ; ; ; ; ; ; ; ; ; ; ; ; ; ; ; ; ; ; ; ; ; ; ; ; ; ; ; ; ; ; ; ; ; ; ; ; ; ; ; ; ; ; ; ; ; ; ; ; ; ; ; ; ; ; ; ; ; ; ; ; ; ; ; ; ; ; ; ; ; ; ; ; ; ; ; ; ; ; ; ; ; ; ; 
MEF;20250519;IT0005480980;20520901;-1900000;;0;20425; ;20425; ;20425; ;20425; ;20425; ;20425; ;20425; ;20425; ;20425; ;20425; ;20425; ;20425; ;20425; ;20425; ;20425; ;20425; ;20425; ;20425; ;20425; ;20425; ;20425; ;20425; ;20425; ;20425; ;20425; ;20425; ;20425; ;20425; ;20425; ;20425; ;20425; ;20425;20425;20425;20425;20425;20425;20425;20425;20425;20425;20425;20425;20425;20425;20425;20425;20425;20425;20425;20425;20425;1920425; ; ; ; ; ; ; ; ; ; ; ; ; ; ; ; ; ; ; ; ; ; ; ; ; ; ; ; ; ; 
MEF;20250521;IT0005024234;20300301;1000000;;0;-17500; ;-17500; ;-17500; ;-17500; ;-17500; ;-17500; ;-17500; ;-1017500; ; ; ; ; ; ; ; ; ; ; ; ; ; ; ; ; ; ; ; ; ; ; ; ; ; ; ; ; ; ; ; ; ; ; ; ; ; ; ; ; ; ; ; ; ; ; ; ; ; ; ; ; ; ; ; ; ; ; ; ; ; ; ; ; ; ; ; ; ; ; ; ; ; ; ; ; ; ; ; ; ; ; ; ; ; ; ; ; ; ; ; ; ; ; ; ; ; ; 
MEF;20250526;IT0004889033;20280901;1000000;;0;-23750; ;-23750; ;-23750; ;-23750; ;-1023750; ; ; ; ; ; ; ; ; ; ; ; ; ; ; ; ; ; ; ; ; ; ; ; ; ; ; ; ; ; ; ; ; ; ; ; ; ; ; ; ; ; ; ; ; ; ; ; ; ; ; ; ; ; ; ; ; ; ; ; ; ; ; ; ; ; ; ; ; ; ; ; ; ; ; ; ; ; ; ; ; ; ; ; ; ; ; ; ; ; ; ; ; ; ; ; ; ; ; ; ; ; ; ; ; 
MEF;20250526;IT0005024234;20300301;1000000;;0;-17500; ;-17500; ;-17500; ;-17500; ;-17500; ;-17500; ;-17500; ;-1017500; ; ; ; ; ; ; ; ; ; ; ; ; ; ; ; ; ; ; ; ; ; ; ; ; ; ; ; ; ; ; ; ; ; ; ; ; ; ; ; ; ; ; ; ; ; ; ; ; ; ; ; ; ; ; ; ; ; ; ; ; ; ; ; ; ; ; ; ; ; ; ; ; ; ; ; ; ; ; ; ; ; ; ; ; ; ; ; ; ; ; ; ; ; ; ; ; ; ; 
MEF;20250526;IT0005358806;20350301;10000000;;0;-167500; ;-167500; ;-167500; ;-167500; ;-167500; ;-167500; ;-167500; ;-167500; ;-167500; ;-167500; ;-167500; ;-167500; ;-167500; ;-167500; ;-167500; ;-167500; ;-167500; ;-10167500; ; ; ; ; ; ; ; ; ; ; ; ; ; ; ; ; ; ; ; ; ; ; ; ; ; ; ; ; ; ; ; ; ; ; ; ; ; ; ; ; ; ; ; ; ; ; ; ; ; ; ; ; ; ; ; ; ; ; ; ; ; ; ; ; ; ; ; ; ; ; ; ; ; ; ; ; ; ; 
MEF;20250526;IT0005358806;20350301;4000000;;0;-67000; ;-67000; ;-67000; ;-67000; ;-67000; ;-67000; ;-67000; ;-67000; ;-67000; ;-67000; ;-67000; ;-67000; ;-67000; ;-67000; ;-67000; ;-67000; ;-67000; ;-4067000; ; ; ; ; ; ; ; ; ; ; ; ; ; ; ; ; ; ; ; ; ; ; ; ; ; ; ; ; ; ; ; ; ; ; ; ; ; ; ; ; ; ; ; ; ; ; ; ; ; ; ; ; ; ; ; ; ; ; ; ; ; ; ; ; ; ; ; ; ; ; ; ; ; ; ; ; ; ; 
MEF;20250527;IT0005358806;20350301;-18000000;;0;301500; ;301500; ;301500; ;301500; ;301500; ;301500; ;301500; ;301500; ;301500; ;301500; ;301500; ;301500; ;301500; ;301500; ;301500; ;301500; ;301500; ;18301500; ; ; ; ; ; ; ; ; ; ; ; ; ; ; ; ; ; ; ; ; ; ; ; ; ; ; ; ; ; ; ; ; ; ; ; ; ; ; ; ; ; ; ; ; ; ; ; ; ; ; ; ; ; ; ; ; ; ; ; ; ; ; ; ; ; ; ; ; ; ; ; ; ; ; ; ; ; ; 
MEF;20250527;IT0005560948;20340301;-32000000;;0;672000; ;672000; ;672000; ;672000; ;672000; ;672000; ;672000; ;672000; ;672000; ;672000; ;672000; ;672000; ;672000; ;672000; ;672000; ;32672000; ; ; ; ; ; ; ; ; ; ; ; ; ; ; ; ; ; ; ; ; ; ; ; ; ; ; ; ; ; ; ; ; ; ; ; ; ; ; ; ; ; ; ; ; ; ; ; ; ; ; ; ; ; ; ; ; ; ; ; ; ; ; ; ; ; ; ; ; ; ; ; ; ; ; ; ; ; ; ; ; ; ; 
MEF;20250528;IT0004532559;20400901;10000000;;0;-250000; ;-250000; ;-250000; ;-250000; ;-250000; ;-250000; ;-250000; ;-250000; ;-250000; ;-250000; ;-250000; ;-250000; ;-250000; ;-250000; ;-250000; ;-250000; ;-250000; ;-250000; ;-250000; ;-250000; ;-250000; ;-250000; ;-250000; ;-250000; ;-250000; ;-250000; ;-250000; ;-250000; ;-10250000; ; ; ; ; ; ; ; ; ; ; ; ; ; ; ; ; ; ; ; ; ; ; ; ; ; ; ; ; ; ; ; ; ; ; ; ; ; ; ; ; ; ; ; ; ; ; ; ; ; ; ; ; ; ; ; ; 
MEF;20250528;IT0005496770;20380301;1000000;;0;-16250; ;-16250; ;-16250; ;-16250; ;-16250; ;-16250; ;-16250; ;-16250; ;-16250; ;-16250; ;-16250; ;-16250; ;-16250; ;-16250; ;-16250; ;-16250; ;-16250; ;-16250; ;-16250; ;-16250; ;-16250; ;-16250; ;-16250; ;-1016250; ; ; ; ; ; ; ; ; ; ; ; ; ; ; ; ; ; ; ; ; ; ; ; ; ; ; ; ; ; ; ; ; ; ; ; ; ; ; ; ; ; ; ; ; ; ; ; ; ; ; ; ; ; ; ; ; ; ; ; ; ; ; ; ; ; ; 
MEF;20250529;IT0004532559;20400901;9400000;;0;-235000; ;-235000; ;-235000; ;-235000; ;-235000; ;-235000; ;-235000; ;-235000; ;-235000; ;-235000; ;-235000; ;-235000; ;-235000; ;-235000; ;-235000; ;-235000; ;-235000; ;-235000; ;-235000; ;-235000; ;-235000; ;-235000; ;-235000; ;-235000; ;-235000; ;-235000; ;-235000; ;-235000; ;-9635000; ; ; ; ; ; ; ; ; ; ; ; ; ; ; ; ; ; ; ; ; ; ; ; ; ; ; ; ; ; ; ; ; ; ; ; ; ; ; ; ; ; ; ; ; ; ; ; ; ; ; ; ; ; ; ; ; 
MEF;20250529;IT0005024234;20300301;1000000;;0;-17500; ;-17500; ;-17500; ;-17500; ;-17500; ;-17500; ;-17500; ;-1017500; ; ; ; ; ; ; ; ; ; ; ; ; ; ; ; ; ; ; ; ; ; ; ; ; ; ; ; ; ; ; ; ; ; ; ; ; ; ; ; ; ; ; ; ; ; ; ; ; ; ; ; ; ; ; ; ; ; ; ; ; ; ; ; ; ; ; ; ; ; ; ; ; ; ; ; ; ; ; ; ; ; ; ; ; ; ; ; ; ; ; ; ; ; ; ; ; ; ; 
MEF;20250530;IT0005024234;20300301;32000000;;0;-560000; ;-560000; ;-560000; ;-560000; ;-560000; ;-560000; ;-560000; ;-32560000; ; ; ; ; ; ; ; ; ; ; ; ; ; ; ; ; ; ; ; ; ; ; ; ; ; ; ; ; ; ; ; ; ; ; ; ; ; ; ; ; ; ; ; ; ; ; ; ; ; ; ; ; ; ; ; ; ; ; ; ; ; ; ; ; ; ; ; ; ; ; ; ; ; ; ; ; ; ; ; ; ; ; ; ; ; ; ; ; ; ; ; ; ; ; ; ; ; ; 
MEF;20250530;IT0005177909;20360901;-1100000;;0;12375; ;12375; ;12375; ;12375; ;12375; ;12375; ;12375; ;12375; ;12375; ;12375; ;12375; ;12375; ;12375; ;12375; ;12375; ;12375; ;12375; ;12375; ;12375; ;12375; ;1112375; ; ; ; ; ; ; ; ; ; ; ; ; ; ; ; ; ; ; ; ; ; ; ; ; ; ; ; ; ; ; ; ; ; ; ; ; ; ; ; ; ; ; ; ; ; ; ; ; ; ; ; ; ; ; ; ; ; ; ; ; ; ; ; ; ; ; ; ; ; ; ; ; 
MEF;20250530;IT0005402117;20360301;-1400000;;0;10150; ;10150; ;10150; ;10150; ;10150; ;10150; ;10150; ;10150; ;10150; ;10150; ;10150; ;10150; ;10150; ;10150; ;10150; ;10150; ;10150; ;10150; ;10150; ;1410150; ; ; ; ; ; ; ; ; ; ; ; ; ; ; ; ; ; ; ; ; ; ; ; ; ; ; ; ; ; ; ; ; ; ; ; ; ; ; ; ; ; ; ; ; ; ; ; ; ; ; ; ; ; ; ; ; ; ; ; ; ; ; ; ; ; ; ; ; ; ; ; ; ; ; 
MEF;20250530;IT0005433195;20370301;-900000;;0;4275; ;4275; ;4275; ;4275; ;4275; ;4275; ;4275; ;4275; ;4275; ;4275; ;4275; ;4275; ;4275; ;4275; ;4275; ;4275; ;4275; ;4275; ;4275; ;4275; ;4275; ;904275; ; ; ; ; ; ; ; ; ; ; ; ; ; ; ; ; ; ; ; ; ; ; ; ; ; ; ; ; ; ; ; ; ; ; ; ; ; ; ; ; ; ; ; ; ; ; ; ; ; ; ; ; ; ; ; ; ; ; ; ; ; ; ; ; ; ; ; ; ; ; 
MEF;20250602;IT0004532559;20400901;19400000;;0;-485000; ;-485000; ;-485000; ;-485000; ;-485000; ;-485000; ;-485000; ;-485000; ;-485000; ;-485000; ;-485000; ;-485000; ;-485000; ;-485000; ;-485000; ;-485000; ;-485000; ;-485000; ;-485000; ;-485000; ;-485000; ;-485000; ;-485000; ;-485000; ;-485000; ;-485000; ;-485000; ;-485000; ;-19885000; ; ; ; ; ; ; ; ; ; ; ; ; ; ; ; ; ; ; ; ; ; ; ; ; ; ; ; ; ; ; ; ; ; ; ; ; ; ; ; ; ; ; ; ; ; ; ; ; ; ; ; ; ; ; ; ; 
MEF;20250602;IT0004532559;20400901;9800000;;0;-245000; ;-245000; ;-245000; ;-245000; ;-245000; ;-245000; ;-245000; ;-245000; ;-245000; ;-245000; ;-245000; ;-245000; ;-245000; ;-245000; ;-245000; ;-245000; ;-245000; ;-245000; ;-245000; ;-245000; ;-245000; ;-245000; ;-245000; ;-245000; ;-245000; ;-245000; ;-245000; ;-245000; ;-10045000; ; ; ; ; ; ; ; ; ; ; ; ; ; ; ; ; ; ; ; ; ; ; ; ; ; ; ; ; ; ; ; ; ; ; ; ; ; ; ; ; ; ; ; ; ; ; ; ; ; ; ; ; ; ; ; ; 
MEF;20250602;IT0005024234;20300301;1000000;;0;-17500; ;-17500; ;-17500; ;-17500; ;-17500; ;-17500; ;-17500; ;-1017500; ; ; ; ; ; ; ; ; ; ; ; ; ; ; ; ; ; ; ; ; ; ; ; ; ; ; ; ; ; ; ; ; ; ; ; ; ; ; ; ; ; ; ; ; ; ; ; ; ; ; ; ; ; ; ; ; ; ; ; ; ; ; ; ; ; ; ; ; ; ; ; ; ; ; ; ; ; ; ; ; ; ; ; ; ; ; ; ; ; ; ; ; ; ; ; ; ; ; 
MEF;20250603;IT0004532559;20400901;1000000;;0;-25000; ;-25000; ;-25000; ;-25000; ;-25000; ;-25000; ;-25000; ;-25000; ;-25000; ;-25000; ;-25000; ;-25000; ;-25000; ;-25000; ;-25000; ;-25000; ;-25000; ;-25000; ;-25000; ;-25000; ;-25000; ;-25000; ;-25000; ;-25000; ;-25000; ;-25000; ;-25000; ;-25000; ;-1025000; ; ; ; ; ; ; ; ; ; ; ; ; ; ; ; ; ; ; ; ; ; ; ; ; ; ; ; ; ; ; ; ; ; ; ; ; ; ; ; ; ; ; ; ; ; ; ; ; ; ; ; ; ; ; ; ; 
MEF;20250605;IT0004889033;20280901;1000000;;0;-23750; ;-23750; ;-23750; ;-23750; ;-1023750; ; ; ; ; ; ; ; ; ; ; ; ; ; ; ; ; ; ; ; ; ; ; ; ; ; ; ; ; ; ; ; ; ; ; ; ; ; ; ; ; ; ; ; ; ; ; ; ; ; ; ; ; ; ; ; ; ; ; ; ; ; ; ; ; ; ; ; ; ; ; ; ; ; ; ; ; ; ; ; ; ; ; ; ; ; ; ; ; ; ; ; ; ; ; ; ; ; ; ; ; ; ; ; ; 
MEF;20250606;IT0004532559;20400901;13800000;;0;-345000; ;-345000; ;-345000; ;-345000; ;-345000; ;-345000; ;-345000; ;-345000; ;-345000; ;-345000; ;-345000; ;-345000; ;-345000; ;-345000; ;-345000; ;-345000; ;-345000; ;-345000; ;-345000; ;-345000; ;-345000; ;-345000; ;-345000; ;-345000; ;-345000; ;-345000; ;-345000; ;-345000; ;-14145000; ; ; ; ; ; ; ; ; ; ; ; ; ; ; ; ; ; ; ; ; ; ; ; ; ; ; ; ; ; ; ; ; ; ; ; ; ; ; ; ; ; ; ; ; ; ; ; ; ; ; ; ; ; ; ; ; 
MEF;20250616;IT0005240350;20330901;-1700000;;0;20825; ;20825; ;20825; ;20825; ;20825; ;20825; ;20825; ;20825; ;20825; ;20825; ;20825; ;20825; ;20825; ;20825; ;1720825; ; ; ; ; ; ; ; ; ; ; ; ; ; ; ; ; ; ; ; ; ; ; ; ; ; ; ; ; ; ; ; ; ; ; ; ; ; ; ; ; ; ; ; ; ; ; ; ; ; ; ; ; ; ; ; ; ; ; ; ; ; ; ; ; ; ; ; ; ; ; ; ; ; ; ; ; ; ; ; ; ; ; ; ; 
MEF;20250617;IT0004889033;20280901;1000000;;0;-23750; ;-23750; ;-23750; ;-23750; ;-1023750; ; ; ; ; ; ; ; ; ; ; ; ; ; ; ; ; ; ; ; ; ; ; ; ; ; ; ; ; ; ; ; ; ; ; ; ; ; ; ; ; ; ; ; ; ; ; ; ; ; ; ; ; ; ; ; ; ; ; ; ; ; ; ; ; ; ; ; ; ; ; ; ; ; ; ; ; ; ; ; ; ; ; ; ; ; ; ; ; ; ; ; ; ; ; ; ; ; ; ; ; ; ; ; ; 
MEF;20250619;IT0004532559;20400901;19500000;;0;-487500; ;-487500; ;-487500; ;-487500; ;-487500; ;-487500; ;-487500; ;-487500; ;-487500; ;-487500; ;-487500; ;-487500; ;-487500; ;-487500; ;-487500; ;-487500; ;-487500; ;-487500; ;-487500; ;-487500; ;-487500; ;-487500; ;-487500; ;-487500; ;-487500; ;-487500; ;-487500; ;-487500; ;-19987500; ; ; ; ; ; ; ; ; ; ; ; ; ; ; ; ; ; ; ; ; ; ; ; ; ; ; ; ; ; ; ; ; ; ; ; ; ; ; ; ; ; ; ; ; ; ; ; ; ; ; ; ; ; ; ; ; 
MEF;20250620;IT0005024234;20300301;-4700000;;0;82250; ;82250; ;82250; ;82250; ;82250; ;82250; ;82250; ;4782250; ; ; ; ; ; ; ; ; ; ; ; ; ; ; ; ; ; ; ; ; ; ; ; ; ; ; ; ; ; ; ; ; ; ; ; ; ; ; ; ; ; ; ; ; ; ; ; ; ; ; ; ; ; ; ; ; ; ; ; ; ; ; ; ; ; ; ; ; ; ; ; ; ; ; ; ; ; ; ; ; ; ; ; ; ; ; ; ; ; ; ; ; ; ; ; ; ; ; 
MEF;20250620;IT0005024234;20300301;1000000;;0;-17500; ;-17500; ;-17500; ;-17500; ;-17500; ;-17500; ;-17500; ;-1017500; ; ; ; ; ; ; ; ; ; ; ; ; ; ; ; ; ; ; ; ; ; ; ; ; ; ; ; ; ; ; ; ; ; ; ; ; ; ; ; ; ; ; ; ; ; ; ; ; ; ; ; ; ; ; ; ; ; ; ; ; ; ; ; ; ; ; ; ; ; ; ; ; ; ; ; ; ; ; ; ; ; ; ; ; ; ; ; ; ; ; ; ; ; ; ; ; ; ; 
MEF;20250623;IT0005480980;20520901;93000000;;0;-999750; ;-999750; ;-999750; ;-999750; ;-999750; ;-999750; ;-999750; ;-999750; ;-999750; ;-999750; ;-999750; ;-999750; ;-999750; ;-999750; ;-999750; ;-999750; ;-999750; ;-999750; ;-999750; ;-999750; ;-999750; ;-999750; ;-999750; ;-999750; ;-999750; ;-999750; ;-999750; ;-999750; ;-999750; ;-999750; ;-999750; ;-999750;-999750;-999750;-999750;-999750;-999750;-999750;-999750;-999750;-999750;-999750;-999750;-999750;-999750;-999750;-999750;-999750;-999750;-999750;-999750;-999750;-93999750; ; ; ; ; ; ; ; ; ; ; ; ; ; ; ; ; ; ; ; ; ; ; ; ; ; ; ; ; ; 
MEF;20250625;IT0004889033;20280901;-13400000;;0;318250; ;318250; ;318250; ;318250; ;13718250; ; ; ; ; ; ; ; ; ; ; ; ; ; ; ; ; ; ; ; ; ; ; ; ; ; ; ; ; ; ; ; ; ; ; ; ; ; ; ; ; ; ; ; ; ; ; ; ; ; ; ; ; ; ; ; ; ; ; ; ; ; ; ; ; ; ; ; ; ; ; ; ; ; ; ; ; ; ; ; ; ; ; ; ; ; ; ; ; ; ; ; ; ; ; ; ; ; ; ; ; ; ; ; ; 
MEF;20250630;IT0004923998;20440901;-1200000;;0;28500; ;28500; ;28500; ;28500; ;28500; ;28500; ;28500; ;28500; ;28500; ;28500; ;28500; ;28500; ;28500; ;28500; ;28500; ;28500; ;28500; ;28500; ;28500; ;28500; ;28500; ;28500; ;28500; ;28500; ;28500; ;28500; ;28500; ;28500; ;28500; ;28500; ;28500; ;28500;28500;28500;28500;28500;1228500; ; ; ; ; ; ; ; ; ; ; ; ; ; ; ; ; ; ; ; ; ; ; ; ; ; ; ; ; ; ; ; ; ; ; ; ; ; ; ; ; ; ; ; ; ; 
MEF;20250630;IT0005024234;20300301;-900000;;0;15750; ;15750; ;15750; ;15750; ;15750; ;15750; ;15750; ;915750; ; ; ; ; ; ; ; ; ; ; ; ; ; ; ; ; ; ; ; ; ; ; ; ; ; ; ; ; ; ; ; ; ; ; ; ; ; ; ; ; ; ; ; ; ; ; ; ; ; ; ; ; ; ; ; ; ; ; ; ; ; ; ; ; ; ; ; ; ; ; ; ; ; ; ; ; ; ; ; ; ; ; ; ; ; ; ; ; ; ; ; ; ; ; ; ; ; ; 
MEF;20250630;IT0005083057;20460901;-1600000;;0;26000; ;26000; ;26000; ;26000; ;26000; ;26000; ;26000; ;26000; ;26000; ;26000; ;26000; ;26000; ;26000; ;26000; ;26000; ;26000; ;26000; ;26000; ;26000; ;26000; ;26000; ;26000; ;26000; ;26000; ;26000; ;26000; ;26000; ;26000; ;26000; ;26000; ;26000; ;26000;26000;26000;26000;26000;26000;26000;26000;26000;1626000; ; ; ; ; ; ; ; ; ; ; ; ; ; ; ; ; ; ; ; ; ; ; ; ; ; ; ; ; ; ; ; ; ; ; ; ; ; ; ; ; ; 
MEF;20250630;IT0005162828;20470301;-1400000;;0;18900; ;18900; ;18900; ;18900; ;18900; ;18900; ;18900; ;18900; ;18900; ;18900; ;18900; ;18900; ;18900; ;18900; ;18900; ;18900; ;18900; ;18900; ;18900; ;18900; ;18900; ;18900; ;18900; ;18900; ;18900; ;18900; ;18900; ;18900; ;18900; ;18900; ;18900; ;18900;18900;18900;18900;18900;18900;18900;18900;18900;18900;1418900; ; ; ; ; ; ; ; ; ; ; ; ; ; ; ; ; ; ; ; ; ; ; ; ; ; ; ; ; ; ; ; ; ; ; ; ; ; ; ; ; 
MEF;20250630;IT0005240350;20330901;-2700000;;0;33075; ;33075; ;33075; ;33075; ;33075; ;33075; ;33075; ;33075; ;33075; ;33075; ;33075; ;33075; ;33075; ;33075; ;2733075; ; ; ; ; ; ; ; ; ; ; ; ; ; ; ; ; ; ; ; ; ; ; ; ; ; ; ; ; ; ; ; ; ; ; ; ; ; ; ; ; ; ; ; ; ; ; ; ; ; ; ; ; ; ; ; ; ; ; ; ; ; ; ; ; ; ; ; ; ; ; ; ; ; ; ; ; ; ; ; ; ; ; ; ; 
MEF;20250630;IT0005273013;20480301;-1900000;;0;32775; ;32775; ;32775; ;32775; ;32775; ;32775; ;32775; ;32775; ;32775; ;32775; ;32775; ;32775; ;32775; ;32775; ;32775; ;32775; ;32775; ;32775; ;32775; ;32775; ;32775; ;32775; ;32775; ;32775; ;32775; ;32775; ;32775; ;32775; ;32775; ;32775; ;32775; ;32775;32775;32775;32775;32775;32775;32775;32775;32775;32775;32775;32775;1932775; ; ; ; ; ; ; ; ; ; ; ; ; ; ; ; ; ; ; ; ; ; ; ; ; ; ; ; ; ; ; ; ; ; ; ; ; ; ; 
MEF;20250630;IT0005321325;20380901;-1100000;;0;16225; ;16225; ;16225; ;16225; ;16225; ;16225; ;16225; ;16225; ;16225; ;16225; ;16225; ;16225; ;16225; ;16225; ;16225; ;16225; ;16225; ;16225; ;16225; ;16225; ;16225; ;16225; ;16225; ;16225; ;1116225; ; ; ; ; ; ; ; ; ; ; ; ; ; ; ; ; ; ; ; ; ; ; ; ; ; ; ; ; ; ; ; ; ; ; ; ; ; ; ; ; ; ; ; ; ; ; ; ; ; ; ; ; ; ; ; ; ; ; ; ; ; ; ; ; 
MEF;20250630;IT0005358806;20350301;-1100000;;0;18425; ;18425; ;18425; ;18425; ;18425; ;18425; ;18425; ;18425; ;18425; ;18425; ;18425; ;18425; ;18425; ;18425; ;18425; ;18425; ;18425; ;1118425; ; ; ; ; ; ; ; ; ; ; ; ; ; ; ; ; ; ; ; ; ; ; ; ; ; ; ; ; ; ; ; ; ; ; ; ; ; ; ; ; ; ; ; ; ; ; ; ; ; ; ; ; ; ; ; ; ; ; ; ; ; ; ; ; ; ; ; ; ; ; ; ; ; ; ; ; ; ; 
MEF;20250630;IT0005398406;20500901;-1200000;;0;14700; ;14700; ;14700; ;14700; ;14700; ;14700; ;14700; ;14700; ;14700; ;14700; ;14700; ;14700; ;14700; ;14700; ;14700; ;14700; ;14700; ;14700; ;14700; ;14700; ;14700; ;14700; ;14700; ;14700; ;14700; ;14700; ;14700; ;14700; ;14700; ;14700; ;14700; ;14700;14700;14700;14700;14700;14700;14700;14700;14700;14700;14700;14700;14700;14700;14700;14700;14700;1214700; ; ; ; ; ; ; ; ; ; ; ; ; ; ; ; ; ; ; ; ; ; ; ; ; ; ; ; ; ; ; ; ; ; 
MEF;20250630;IT0005402117;20360301;-900000;;0;6525; ;6525; ;6525; ;6525; ;6525; ;6525; ;6525; ;6525; ;6525; ;6525; ;6525; ;6525; ;6525; ;6525; ;6525; ;6525; ;6525; ;6525; ;6525; ;906525; ; ; ; ; ; ; ; ; ; ; ; ; ; ; ; ; ; ; ; ; ; ; ; ; ; ; ; ; ; ; ; ; ; ; ; ; ; ; ; ; ; ; ; ; ; ; ; ; ; ; ; ; ; ; ; ; ; ; ; ; ; ; ; ; ; ; ; ; ; ; ; ; ; ; 
MEF;20250630;IT0005425233;20510901;-1200000;;0;10200; ;10200; ;10200; ;10200; ;10200; ;10200; ;10200; ;10200; ;10200; ;10200; ;10200; ;10200; ;10200; ;10200; ;10200; ;10200; ;10200; ;10200; ;10200; ;10200; ;10200; ;10200; ;10200; ;10200; ;10200; ;10200; ;10200; ;10200; ;10200; ;10200; ;10200; ;10200;10200;10200;10200;10200;10200;10200;10200;10200;10200;10200;10200;10200;10200;10200;10200;10200;10200;10200;1210200; ; ; ; ; ; ; ; ; ; ; ; ; ; ; ; ; ; ; ; ; ; ; ; ; ; ; ; ; ; ; ; 
MEF;20250702;IT0005094088;20320301;-1400000;;0;11550; ;11550; ;11550; ;11550; ;11550; ;11550; ;11550; ;11550; ;11550; ;11550; ;11550; ;1411550; ; ; ; ; ; ; ; ; ; ; ; ; ; ; ; ; ; ; ; ; ; ; ; ; ; ; ; ; ; ; ; ; ; ; ; ; ; ; ; ; ; ; ; ; ; ; ; ; ; ; ; ; ; ; ; ; ; ; ; ; ; ; ; ; ; ; ; ; ; ; ; ; ; ; ; ; ; ; ; ; ; ; ; ; ; ; ; ; ; ; 
MEF;20250702;IT0005094088;20320301;1000000;;0;-8250; ;-8250; ;-8250; ;-8250; ;-8250; ;-8250; ;-8250; ;-8250; ;-8250; ;-8250; ;-8250; ;-1008250; ; ; ; ; ; ; ; ; ; ; ; ; ; ; ; ; ; ; ; ; ; ; ; ; ; ; ; ; ; ; ; ; ; ; ; ; ; ; ; ; ; ; ; ; ; ; ; ; ; ; ; ; ; ; ; ; ; ; ; ; ; ; ; ; ; ; ; ; ; ; ; ; ; ; ; ; ; ; ; ; ; ; ; ; ; ; ; ; ; ; 
MEF;20250707;IT0004889033;20280901;1000000;;0;-23750; ;-23750; ;-23750; ;-23750; ;-1023750; ; ; ; ; ; ; ; ; ; ; ; ; ; ; ; ; ; ; ; ; ; ; ; ; ; ; ; ; ; ; ; ; ; ; ; ; ; ; ; ; ; ; ; ; ; ; ; ; ; ; ; ; ; ; ; ; ; ; ; ; ; ; ; ; ; ; ; ; ; ; ; ; ; ; ; ; ; ; ; ; ; ; ; ; ; ; ; ; ; ; ; ; ; ; ; ; ; ; ; ; ; ; ; ; 
MEF;20250709;IT0005358806;20350301;1000000;;0;-16750; ;-16750; ;-16750; ;-16750; ;-16750; ;-16750; ;-16750; ;-16750; ;-16750; ;-16750; ;-16750; ;-16750; ;-16750; ;-16750; ;-16750; ;-16750; ;-16750; ;-1016750; ; ; ; ; ; ; ; ; ; ; ; ; ; ; ; ; ; ; ; ; ; ; ; ; ; ; ; ; ; ; ; ; ; ; ; ; ; ; ; ; ; ; ; ; ; ; ; ; ; ; ; ; ; ; ; ; ; ; ; ; ; ; ; ; ; ; ; ; ; ; ; ; ; ; ; ; ; ; 
MEF;20250710;IT0005530032;20430901;1000000;;0;-22250; ;-22250; ;-22250; ;-22250; ;-22250; ;-22250; ;-22250; ;-22250; ;-22250; ;-22250; ;-22250; ;-22250; ;-22250; ;-22250; ;-22250; ;-22250; ;-22250; ;-22250; ;-22250; ;-22250; ;-22250; ;-22250; ;-22250; ;-22250; ;-22250; ;-22250; ;-22250; ;-22250; ;-22250; ;-22250; ;-22250; ;-22250;-22250;-22250;-1022250; ; ; ; ; ; ; ; ; ; ; ; ; ; ; ; ; ; ; ; ; ; ; ; ; ; ; ; ; ; ; ; ; ; ; ; ; ; ; ; ; ; ; ; ; ; ; ; 
MEF;20250711;IT0004889033;20280901;-900000;;0;21375; ;21375; ;21375; ;21375; ;921375; ; ; ; ; ; ; ; ; ; ; ; ; ; ; ; ; ; ; ; ; ; ; ; ; ; ; ; ; ; ; ; ; ; ; ; ; ; ; ; ; ; ; ; ; ; ; ; ; ; ; ; ; ; ; ; ; ; ; ; ; ; ; ; ; ; ; ; ; ; ; ; ; ; ; ; ; ; ; ; ; ; ; ; ; ; ; ; ; ; ; ; ; ; ; ; ; ; ; ; ; ; ; ; ; 
MEF;20250711;IT0005094088;20320301;-1200000;;0;9900; ;9900; ;9900; ;9900; ;9900; ;9900; ;9900; ;9900; ;9900; ;9900; ;9900; ;1209900; ; ; ; ; ; ; ; ; ; ; ; ; ; ; ; ; ; ; ; ; ; ; ; ; ; ; ; ; ; ; ; ; ; ; ; ; ; ; ; ; ; ; ; ; ; ; ; ; ; ; ; ; ; ; ; ; ; ; ; ; ; ; ; ; ; ; ; ; ; ; ; ; ; ; ; ; ; ; ; ; ; ; ; ; ; ; ; ; ; ; 
MEF;20250714;IT0004889033;20280901;1000000;;0;-23750; ;-23750; ;-23750; ;-23750; ;-1023750; ; ; ; ; ; ; ; ; ; ; ; ; ; ; ; ; ; ; ; ; ; ; ; ; ; ; ; ; ; ; ; ; ; ; ; ; ; ; ; ; ; ; ; ; ; ; ; ; ; ; ; ; ; ; ; ; ; ; ; ; ; ; ; ; ; ; ; ; ; ; ; ; ; ; ; ; ; ; ; ; ; ; ; ; ; ; ; ; ; ; ; ; ; ; ; ; ; ; ; ; ; ; ; ; 
MEF;20250715;IT0005421703;20410301;-1000000;;0;9000; ;9000; ;9000; ;9000; ;9000; ;9000; ;9000; ;9000; ;9000; ;9000; ;9000; ;9000; ;9000; ;9000; ;9000; ;9000; ;9000; ;9000; ;9000; ;9000; ;9000; ;9000; ;9000; ;9000; ;9000; ;9000; ;9000; ;9000; ;9000; ;1009000; ; ; ; ; ; ; ; ; ; ; ; ; ; ; ; ; ; ; ; ; ; ; ; ; ; ; ; ; ; ; ; ; ; ; ; ; ; ; ; ; ; ; ; ; ; ; ; ; ; ; ; ; ; ; 
MEF;20250717;IT0005024234;20300301;1000000;;0;-17500; ;-17500; ;-17500; ;-17500; ;-17500; ;-17500; ;-17500; ;-1017500; ; ; ; ; ; ; ; ; ; ; ; ; ; ; ; ; ; ; ; ; ; ; ; ; ; ; ; ; ; ; ; ; ; ; ; ; ; ; ; ; ; ; ; ; ; ; ; ; ; ; ; ; ; ; ; ; ; ; ; ; ; ; ; ; ; ; ; ; ; ; ; ; ; ; ; ; ; ; ; ; ; ; ; ; ; ; ; ; ; ; ; ; ; ; ; ; ; ; 
MEF;20250718;IT0005240350;20330901;-1100000;;0;13475; ;13475; ;13475; ;13475; ;13475; ;13475; ;13475; ;13475; ;13475; ;13475; ;13475; ;13475; ;13475; ;13475; ;1113475; ; ; ; ; ; ; ; ; ; ; ; ; ; ; ; ; ; ; ; ; ; ; ; ; ; ; ; ; ; ; ; ; ; ; ; ; ; ; ; ; ; ; ; ; ; ; ; ; ; ; ; ; ; ; ; ; ; ; ; ; ; ; ; ; ; ; ; ; ; ; ; ; ; ; ; ; ; ; ; ; ; ; ; ; 
MEF;20250718;IT0005358806;20350301;-900000;;0;15075; ;15075; ;15075; ;15075; ;15075; ;15075; ;15075; ;15075; ;15075; ;15075; ;15075; ;15075; ;15075; ;15075; ;15075; ;15075; ;15075; ;915075; ; ; ; ; ; ; ; ; ; ; ; ; ; ; ; ; ; ; ; ; ; ; ; ; ; ; ; ; ; ; ; ; ; ; ; ; ; ; ; ; ; ; ; ; ; ; ; ; ; ; ; ; ; ; ; ; ; ; ; ; ; ; ; ; ; ; ; ; ; ; ; ; ; ; ; ; ; ; 
MEF;20250722;IT0004532559;20400901;48800000;;0;-1220000; ;-1220000; ;-1220000; ;-1220000; ;-1220000; ;-1220000; ;-1220000; ;-1220000; ;-1220000; ;-1220000; ;-1220000; ;-1220000; ;-1220000; ;-1220000; ;-1220000; ;-1220000; ;-1220000; ;-1220000; ;-1220000; ;-1220000; ;-1220000; ;-1220000; ;-1220000; ;-1220000; ;-1220000; ;-1220000; ;-1220000; ;-1220000; ;-50020000; ; ; ; ; ; ; ; ; ; ; ; ; ; ; ; ; ; ; ; ; ; ; ; ; ; ; ; ; ; ; ; ; ; ; ; ; ; ; ; ; ; ; ; ; ; ; ; ; ; ; ; ; ; ; ; ; 
MEF;20250722;IT0004889033;20280901;1000000;;0;-23750; ;-23750; ;-23750; ;-23750; ;-1023750; ; ; ; ; ; ; ; ; ; ; ; ; ; ; ; ; ; ; ; ; ; ; ; ; ; ; ; ; ; ; ; ; ; ; ; ; ; ; ; ; ; ; ; ; ; ; ; ; ; ; ; ; ; ; ; ; ; ; ; ; ; ; ; ; ; ; ; ; ; ; ; ; ; ; ; ; ; ; ; ; ; ; ; ; ; ; ; ; ; ; ; ; ; ; ; ; ; ; ; ; ; ; ; ; 
MEF;20250722;IT0005273013;20480301;1000000;;0;-17250; ;-17250; ;-17250; ;-17250; ;-17250; ;-17250; ;-17250; ;-17250; ;-17250; ;-17250; ;-17250; ;-17250; ;-17250; ;-17250; ;-17250; ;-17250; ;-17250; ;-17250; ;-17250; ;-17250; ;-17250; ;-17250; ;-17250; ;-17250; ;-17250; ;-17250; ;-17250; ;-17250; ;-17250; ;-17250; ;-17250; ;-17250;-17250;-17250;-17250;-17250;-17250;-17250;-17250;-17250;-17250;-17250;-17250;-1017250; ; ; ; ; ; ; ; ; ; ; ; ; ; ; ; ; ; ; ; ; ; ; ; ; ; ; ; ; ; ; ; ; ; ; ; ; ; ; 
MEF;20250731;IT0004889033;20280901;1000000;;0;-23750; ;-23750; ;-23750; ;-23750; ;-1023750; ; ; ; ; ; ; ; ; ; ; ; ; ; ; ; ; ; ; ; ; ; ; ; ; ; ; ; ; ; ; ; ; ; ; ; ; ; ; ; ; ; ; ; ; ; ; ; ; ; ; ; ; ; ; ; ; ; ; ; ; ; ; ; ; ; ; ; ; ; ; ; ; ; ; ; ; ; ; ; ; ; ; ; ; ; ; ; ; ; ; ; ; ; ; ; ; ; ; ; ; ; ; ; ; 
MEF;20250804;IT0005398406;20500901;-7000000;;0;85750; ;85750; ;85750; ;85750; ;85750; ;85750; ;85750; ;85750; ;85750; ;85750; ;85750; ;85750; ;85750; ;85750; ;85750; ;85750; ;85750; ;85750; ;85750; ;85750; ;85750; ;85750; ;85750; ;85750; ;85750; ;85750; ;85750; ;85750; ;85750; ;85750; ;85750; ;85750;85750;85750;85750;85750;85750;85750;85750;85750;85750;85750;85750;85750;85750;85750;85750;85750;7085750; ; ; ; ; ; ; ; ; ; ; ; ; ; ; ; ; ; ; ; ; ; ; ; ; ; ; ; ; ; ; ; ; ; 
MEF;20250807;IT0005094088;20320301;1000000;;0;-8250; ;-8250; ;-8250; ;-8250; ;-8250; ;-8250; ;-8250; ;-8250; ;-8250; ;-8250; ;-8250; ;-1008250; ; ; ; ; ; ; ; ; ; ; ; ; ; ; ; ; ; ; ; ; ; ; ; ; ; ; ; ; ; ; ; ; ; ; ; ; ; ; ; ; ; ; ; ; ; ; ; ; ; ; ; ; ; ; ; ; ; ; ; ; ; ; ; ; ; ; ; ; ; ; ; ; ; ; ; ; ; ; ; ; ; ; ; ; ; ; ; ; ; ; 
MEF;20250808;IT0004889033;20280901;-1900000;;0;45125; ;45125; ;45125; ;45125; ;1945125; ; ; ; ; ; ; ; ; ; ; ; ; ; ; ; ; ; ; ; ; ; ; ; ; ; ; ; ; ; ; ; ; ; ; ; ; ; ; ; ; ; ; ; ; ; ; ; ; ; ; ; ; ; ; ; ; ; ; ; ; ; ; ; ; ; ; ; ; ; ; ; ; ; ; ; ; ; ; ; ; ; ; ; ; ; ; ; ; ; ; ; ; ; ; ; ; ; ; ; ; ; ; ; ; 
MEF;20250808;IT0005094088;20320301;-1100000;;0;9075; ;9075; ;9075; ;9075; ;9075; ;9075; ;9075; ;9075; ;9075; ;9075; ;9075; ;1109075; ; ; ; ; ; ; ; ; ; ; ; ; ; ; ; ; ; ; ; ; ; ; ; ; ; ; ; ; ; ; ; ; ; ; ; ; ; ; ; ; ; ; ; ; ; ; ; ; ; ; ; ; ; ; ; ; ; ; ; ; ; ; ; ; ; ; ; ; ; ; ; ; ; ; ; ; ; ; ; ; ; ; ; ; ; ; ; ; ; ; 
MEF;20250808;IT0005217390;20670301;-1200000;;0;16800; ;16800; ;16800; ;16800; ;16800; ;16800; ;16800; ;16800; ;16800; ;16800; ;16800; ;16800; ;16800; ;16800; ;16800; ;16800; ;16800; ;16800; ;16800; ;16800; ;16800; ;16800; ;16800; ;16800; ;16800; ;16800; ;16800; ;16800; ;16800; ;16800; ;16800; ;16800;16800;16800;16800;16800;16800;16800;16800;16800;16800;16800;16800;16800;16800;16800;16800;16800;16800;16800;16800;16800;16800;16800;16800;16800;16800;16800;16800;16800;16800;16800;16800;16800;16800;16800;16800;16800;16800;16800;16800;16800;16800;16800;16800;16800;16800;16800;16800;16800;16800;1216800; 
MEF;20250808;IT0005358806;20350301;-1100000;;0;18425; ;18425; ;18425; ;18425; ;18425; ;18425; ;18425; ;18425; ;18425; ;18425; ;18425; ;18425; ;18425; ;18425; ;18425; ;18425; ;18425; ;1118425; ; ; ; ; ; ; ; ; ; ; ; ; ; ; ; ; ; ; ; ; ; ; ; ; ; ; ; ; ; ; ; ; ; ; ; ; ; ; ; ; ; ; ; ; ; ; ; ; ; ; ; ; ; ; ; ; ; ; ; ; ; ; ; ; ; ; ; ; ; ; ; ; ; ; ; ; ; ; 
MEF;20250808;IT0005530032;20430901;8000000;;0;-178000; ;-178000; ;-178000; ;-178000; ;-178000; ;-178000; ;-178000; ;-178000; ;-178000; ;-178000; ;-178000; ;-178000; ;-178000; ;-178000; ;-178000; ;-178000; ;-178000; ;-178000; ;-178000; ;-178000; ;-178000; ;-178000; ;-178000; ;-178000; ;-178000; ;-178000; ;-178000; ;-178000; ;-178000; ;-178000; ;-178000; ;-178000;-178000;-178000;-8178000; ; ; ; ; ; ; ; ; ; ; ; ; ; ; ; ; ; ; ; ; ; ; ; ; ; ; ; ; ; ; ; ; ; ; ; ; ; ; ; ; ; ; ; ; ; ; ; 
MEF;20250808;IT0005560948;20340301;-2300000;;0;48300; ;48300; ;48300; ;48300; ;48300; ;48300; ;48300; ;48300; ;48300; ;48300; ;48300; ;48300; ;48300; ;48300; ;48300; ;2348300; ; ; ; ; ; ; ; ; ; ; ; ; ; ; ; ; ; ; ; ; ; ; ; ; ; ; ; ; ; ; ; ; ; ; ; ; ; ; ; ; ; ; ; ; ; ; ; ; ; ; ; ; ; ; ; ; ; ; ; ; ; ; ; ; ; ; ; ; ; ; ; ; ; ; ; ; ; ; ; ; ; ; 
MEF;20250811;IT0005138828;20320915;16000000;IT0005155442;-16000000; ;-99699.06; ;-99699.06; ;-99699.06; ;-99699.06; ;-99699.06; ;-99699.06; ;-99699.06; ;-99699.06; ;-99699.06; ;-99699.06; ;-99699.06; ;-99699.06; ;-99699.06; ; ; ; ; ; ; ; ; ; ; ; ; ; ; ; ; ; ; ; ; ; ; ; ; ; ; ; ; ; ; ; ; ; ; ; ; ; ; ; ; ; ; ; ; ; ; ; ; ; ; ; ; ; ; ; ; ; ; ; ; ; ; ; ; ; ; ; ; ; ; ; ; ; ; ; ; ; ; ; ; ; ; ; ; ; ; ; 
MEF;20250813;IT0004889033;20280901;1000000;;0;-23750; ;-23750; ;-23750; ;-23750; ;-1023750; ; ; ; ; ; ; ; ; ; ; ; ; ; ; ; ; ; ; ; ; ; ; ; ; ; ; ; ; ; ; ; ; ; ; ; ; ; ; ; ; ; ; ; ; ; ; ; ; ; ; ; ; ; ; ; ; ; ; ; ; ; ; ; ; ; ; ; ; ; ; ; ; ; ; ; ; ; ; ; ; ; ; ; ; ; ; ; ; ; ; ; ; ; ; ; ; ; ; ; ; ; ; ; ; 
MEF;20250814;IT0005377152;20400301;49000000;;0;-759500; ;-759500; ;-759500; ;-759500; ;-759500; ;-759500; ;-759500; ;-759500; ;-759500; ;-759500; ;-759500; ;-759500; ;-759500; ;-759500; ;-759500; ;-759500; ;-759500; ;-759500; ;-759500; ;-759500; ;-759500; ;-759500; ;-759500; ;-759500; ;-759500; ;-759500; ;-759500; ;-49759500; ; ; ; ; ; ; ; ; ; ; ; ; ; ; ; ; ; ; ; ; ; ; ; ; ; ; ; ; ; ; ; ; ; ; ; ; ; ; ; ; ; ; ; ; ; ; ; ; ; ; ; ; ; ; ; ; ; ; 
MEF;20250814;IT0005560948;20340301;47000000;;0;-987000; ;-987000; ;-987000; ;-987000; ;-987000; ;-987000; ;-987000; ;-987000; ;-987000; ;-987000; ;-987000; ;-987000; ;-987000; ;-987000; ;-987000; ;-47987000; ; ; ; ; ; ; ; ; ; ; ; ; ; ; ; ; ; ; ; ; ; ; ; ; ; ; ; ; ; ; ; ; ; ; ; ; ; ; ; ; ; ; ; ; ; ; ; ; ; ; ; ; ; ; ; ; ; ; ; ; ; ; ; ; ; ; ; ; ; ; ; ; ; ; ; ; ; ; ; ; ; ; 
MEF;20250902;IT0004532559;20400901;25000000;;0;-625000; ;-625000; ;-625000; ;-625000; ;-625000; ;-625000; ;-625000; ;-625000; ;-625000; ;-625000; ;-625000; ;-625000; ;-625000; ;-625000; ;-625000; ;-625000; ;-625000; ;-625000; ;-625000; ;-625000; ;-625000; ;-625000; ;-625000; ;-625000; ;-625000; ;-625000; ;-625000; ;-625000; ;-25625000; ; ; ; ; ; ; ; ; ; ; ; ; ; ; ; ; ; ; ; ; ; ; ; ; ; ; ; ; ; ; ; ; ; ; ; ; ; ; ; ; ; ; ; ; ; ; ; ; ; ; ; ; ; ; ; ; 
MEF;20250902;IT0004889033;20280901;1000000;;0;-23750; ;-23750; ;-23750; ;-23750; ;-1023750; ; ; ; ; ; ; ; ; ; ; ; ; ; ; ; ; ; ; ; ; ; ; ; ; ; ; ; ; ; ; ; ; ; ; ; ; ; ; ; ; ; ; ; ; ; ; ; ; ; ; ; ; ; ; ; ; ; ; ; ; ; ; ; ; ; ; ; ; ; ; ; ; ; ; ; ; ; ; ; ; ; ; ; ; ; ; ; ; ; ; ; ; ; ; ; ; ; ; ; ; ; ; ; ; 
MEF;20250902;IT0005530032;20430901;10000000;;0;-222500; ;-222500; ;-222500; ;-222500; ;-222500; ;-222500; ;-222500; ;-222500; ;-222500; ;-222500; ;-222500; ;-222500; ;-222500; ;-222500; ;-222500; ;-222500; ;-222500; ;-222500; ;-222500; ;-222500; ;-222500; ;-222500; ;-222500; ;-222500; ;-222500; ;-222500; ;-222500; ;-222500; ;-222500; ;-222500; ;-222500; ;-222500;-222500;-222500;-10222500; ; ; ; ; ; ; ; ; ; ; ; ; ; ; ; ; ; ; ; ; ; ; ; ; ; ; ; ; ; ; ; ; ; ; ; ; ; ; ; ; ; ; ; ; ; ; ; 
MEF;20250904;IT0005240350;20330901;1000000;;0;-12250; ;-12250; ;-12250; ;-12250; ;-12250; ;-12250; ;-12250; ;-12250; ;-12250; ;-12250; ;-12250; ;-12250; ;-12250; ;-12250; ;-1012250; ; ; ; ; ; ; ; ; ; ; ; ; ; ; ; ; ; ; ; ; ; ; ; ; ; ; ; ; ; ; ; ; ; ; ; ; ; ; ; ; ; ; ; ; ; ; ; ; ; ; ; ; ; ; ; ; ; ; ; ; ; ; ; ; ; ; ; ; ; ; ; ; ; ; ; ; ; ; ; ; ; ; ; ; 
MEF;20250904;IT0005560948;20340301;500000;;0;-10500; ;-10500; ;-10500; ;-10500; ;-10500; ;-10500; ;-10500; ;-10500; ;-10500; ;-10500; ;-10500; ;-10500; ;-10500; ;-10500; ;-10500; ;-510500; ; ; ; ; ; ; ; ; ; ; ; ; ; ; ; ; ; ; ; ; ; ; ; ; ; ; ; ; ; ; ; ; ; ; ; ; ; ; ; ; ; ; ; ; ; ; ; ; ; ; ; ; ; ; ; ; ; ; ; ; ; ; ; ; ; ; ; ; ; ; ; ; ; ; ; ; ; ; ; ; ; ; 
MEF;20250905;IT0005321325;20380901;1000000;;0;-14750; ;-14750; ;-14750; ;-14750; ;-14750; ;-14750; ;-14750; ;-14750; ;-14750; ;-14750; ;-14750; ;-14750; ;-14750; ;-14750; ;-14750; ;-14750; ;-14750; ;-14750; ;-14750; ;-14750; ;-14750; ;-14750; ;-14750; ;-14750; ;-1014750; ; ; ; ; ; ; ; ; ; ; ; ; ; ; ; ; ; ; ; ; ; ; ; ; ; ; ; ; ; ; ; ; ; ; ; ; ; ; ; ; ; ; ; ; ; ; ; ; ; ; ; ; ; ; ; ; ; ; ; ; ; ; ; ; 
MEF;20250908;IT0004923998;20440901;1000000;;0;-23750; ;-23750; ;-23750; ;-23750; ;-23750; ;-23750; ;-23750; ;-23750; ;-23750; ;-23750; ;-23750; ;-23750; ;-23750; ;-23750; ;-23750; ;-23750; ;-23750; ;-23750; ;-23750; ;-23750; ;-23750; ;-23750; ;-23750; ;-23750; ;-23750; ;-23750; ;-23750; ;-23750; ;-23750; ;-23750; ;-23750; ;-23750;-23750;-23750;-23750;-23750;-1023750; ; ; ; ; ; ; ; ; ; ; ; ; ; ; ; ; ; ; ; ; ; ; ; ; ; ; ; ; ; ; ; ; ; ; ; ; ; ; ; ; ; ; ; ; ; 
MEF;20250908;IT0005024234;20300301;500000;;0;-8750; ;-8750; ;-8750; ;-8750; ;-8750; ;-8750; ;-8750; ;-508750; ; ; ; ; ; ; ; ; ; ; ; ; ; ; ; ; ; ; ; ; ; ; ; ; ; ; ; ; ; ; ; ; ; ; ; ; ; ; ; ; ; ; ; ; ; ; ; ; ; ; ; ; ; ; ; ; ; ; ; ; ; ; ; ; ; ; ; ; ; ; ; ; ; ; ; ; ; ; ; ; ; ; ; ; ; ; ; ; ; ; ; ; ; ; ; ; ; ; 
MEF;20250908;IT0005094088;20320301;200000;;0;-1650; ;-1650; ;-1650; ;-1650; ;-1650; ;-1650; ;-1650; ;-1650; ;-1650; ;-1650; ;-1650; ;-201650; ; ; ; ; ; ; ; ; ; ; ; ; ; ; ; ; ; ; ; ; ; ; ; ; ; ; ; ; ; ; ; ; ; ; ; ; ; ; ; ; ; ; ; ; ; ; ; ; ; ; ; ; ; ; ; ; ; ; ; ; ; ; ; ; ; ; ; ; ; ; ; ; ; ; ; ; ; ; ; ; ; ; ; ; ; ; ; ; ; ; 
MEF;20250909;IT0005560948;20340301;1000000;;0;-21000; ;-21000; ;-21000; ;-21000; ;-21000; ;-21000; ;-21000; ;-21000; ;-21000; ;-21000; ;-21000; ;-21000; ;-21000; ;-21000; ;-21000; ;-1021000; ; ; ; ; ; ; ; ; ; ; ; ; ; ; ; ; ; ; ; ; ; ; ; ; ; ; ; ; ; ; ; ; ; ; ; ; ; ; ; ; ; ; ; ; ; ; ; ; ; ; ; ; ; ; ; ; ; ; ; ; ; ; ; ; ; ; ; ; ; ; ; ; ; ; ; ; ; ; ; ; ; ; 
MEF;20250911;IT0004889033;20280901;2000000;;0;-47500; ;-47500; ;-47500; ;-47500; ;-2047500; ; ; ; ; ; ; ; ; ; ; ; ; ; ; ; ; ; ; ; ; ; ; ; ; ; ; ; ; ; ; ; ; ; ; ; ; ; ; ; ; ; ; ; ; ; ; ; ; ; ; ; ; ; ; ; ; ; ; ; ; ; ; ; ; ; ; ; ; ; ; ; ; ; ; ; ; ; ; ; ; ; ; ; ; ; ; ; ; ; ; ; ; ; ; ; ; ; ; ; ; ; ; ; ; 
MEF;20250912;IT0005398406;20500901;-7600000;;0;93100; ;93100; ;93100; ;93100; ;93100; ;93100; ;93100; ;93100; ;93100; ;93100; ;93100; ;93100; ;93100; ;93100; ;93100; ;93100; ;93100; ;93100; ;93100; ;93100; ;93100; ;93100; ;93100; ;93100; ;93100; ;93100; ;93100; ;93100; ;93100; ;93100; ;93100; ;93100;93100;93100;93100;93100;93100;93100;93100;93100;93100;93100;93100;93100;93100;93100;93100;93100;7693100; ; ; ; ; ; ; ; ; ; ; ; ; ; ; ; ; ; ; ; ; ; ; ; ; ; ; ; ; ; ; ; ; ; 
MEF;20250925;IT0005240350;20330901;200000;;0;-2450; ;-2450; ;-2450; ;-2450; ;-2450; ;-2450; ;-2450; ;-2450; ;-2450; ;-2450; ;-2450; ;-2450; ;-2450; ;-2450; ;-202450; ; ; ; ; ; ; ; ; ; ; ; ; ; ; ; ; ; ; ; ; ; ; ; ; ; ; ; ; ; ; ; ; ; ; ; ; ; ; ; ; ; ; ; ; ; ; ; ; ; ; ; ; ; ; ; ; ; ; ; ; ; ; ; ; ; ; ; ; ; ; ; ; ; ; ; ; ; ; ; ; ; ; ; ; 
MEF;20250925;IT0005496770;20380301;400000;;0;-6500; ;-6500; ;-6500; ;-6500; ;-6500; ;-6500; ;-6500; ;-6500; ;-6500; ;-6500; ;-6500; ;-6500; ;-6500; ;-6500; ;-6500; ;-6500; ;-6500; ;-6500; ;-6500; ;-6500; ;-6500; ;-6500; ;-6500; ;-406500; ; ; ; ; ; ; ; ; ; ; ; ; ; ; ; ; ; ; ; ; ; ; ; ; ; ; ; ; ; ; ; ; ; ; ; ; ; ; ; ; ; ; ; ; ; ; ; ; ; ; ; ; ; ; ; ; ; ; ; ; ; ; ; ; ; ; 
MEF;20250930;IT0005358806;20350301;200000;;0;-3350; ;-3350; ;-3350; ;-3350; ;-3350; ;-3350; ;-3350; ;-3350; ;-3350; ;-3350; ;-3350; ;-3350; ;-3350; ;-3350; ;-3350; ;-3350; ;-3350; ;-203350; ; ; ; ; ; ; ; ; ; ; ; ; ; ; ; ; ; ; ; ; ; ; ; ; ; ; ; ; ; ; ; ; ; ; ; ; ; ; ; ; ; ; ; ; ; ; ; ; ; ; ; ; ; ; ; ; ; ; ; ; ; ; ; ; ; ; ; ; ; ; ; ; ; ; ; ; ; ; 
MEF;20250930;IT0005402117;20360301;200000;;0;-1450; ;-1450; ;-1450; ;-1450; ;-1450; ;-1450; ;-1450; ;-1450; ;-1450; ;-1450; ;-1450; ;-1450; ;-1450; ;-1450; ;-1450; ;-1450; ;-1450; ;-1450; ;-1450; ;-201450; ; ; ; ; ; ; ; ; ; ; ; ; ; ; ; ; ; ; ; ; ; ; ; ; ; ; ; ; ; ; ; ; ; ; ; ; ; ; ; ; ; ; ; ; ; ; ; ; ; ; ; ; ; ; ; ; ; ; ; ; ; ; ; ; ; ; ; ; ; ; ; ; ; ; 
MEF;20251002;IT0004889033;20280901;500000;;0;-11875; ;-11875; ;-11875; ;-11875; ;-511875; ; ; ; ; ; ; ; ; ; ; ; ; ; ; ; ; ; ; ; ; ; ; ; ; ; ; ; ; ; ; ; ; ; ; ; ; ; ; ; ; ; ; ; ; ; ; ; ; ; ; ; ; ; ; ; ; ; ; ; ; ; ; ; ; ; ; ; ; ; ; ; ; ; ; ; ; ; ; ; ; ; ; ; ; ; ; ; ; ; ; ; ; ; ; ; ; ; ; ; ; ; ; ; ; 
MEF;20251002;IT0005024234;20300301;20600000;;0;-360500; ;-360500; ;-360500; ;-360500; ;-360500; ;-360500; ;-360500; ;-20960500; ; ; ; ; ; ; ; ; ; ; ; ; ; ; ; ; ; ; ; ; ; ; ; ; ; ; ; ; ; ; ; ; ; ; ; ; ; ; ; ; ; ; ; ; ; ; ; ; ; ; ; ; ; ; ; ; ; ; ; ; ; ; ; ; ; ; ; ; ; ; ; ; ; ; ; ; ; ; ; ; ; ; ; ; ; ; ; ; ; ; ; ; ; ; ; ; ; ; 
MEF;20251002;IT0005433195;20370301;200000;;0;-950; ;-950; ;-950; ;-950; ;-950; ;-950; ;-950; ;-950; ;-950; ;-950; ;-950; ;-950; ;-950; ;-950; ;-950; ;-950; ;-950; ;-950; ;-950; ;-950; ;-950; ;-200950; ; ; ; ; ; ; ; ; ; ; ; ; ; ; ; ; ; ; ; ; ; ; ; ; ; ; ; ; ; ; ; ; ; ; ; ; ; ; ; ; ; ; ; ; ; ; ; ; ; ; ; ; ; ; ; ; ; ; ; ; ; ; ; ; ; ; ; ; ; ; 
MEF;20251003;IT0004889033;20280901;-1400000;;0;33250; ;33250; ;33250; ;33250; ;1433250; ; ; ; ; ; ; ; ; ; ; ; ; ; ; ; ; ; ; ; ; ; ; ; ; ; ; ; ; ; ; ; ; ; ; ; ; ; ; ; ; ; ; ; ; ; ; ; ; ; ; ; ; ; ; ; ; ; ; ; ; ; ; ; ; ; ; ; ; ; ; ; ; ; ; ; ; ; ; ; ; ; ; ; ; ; ; ; ; ; ; ; ; ; ; ; ; ; ; ; ; ; ; ; ; 
MEF;20251003;IT0005177909;20360901;-3800000;;0;42750; ;42750; ;42750; ;42750; ;42750; ;42750; ;42750; ;42750; ;42750; ;42750; ;42750; ;42750; ;42750; ;42750; ;42750; ;42750; ;42750; ;42750; ;42750; ;42750; ;3842750; ; ; ; ; ; ; ; ; ; ; ; ; ; ; ; ; ; ; ; ; ; ; ; ; ; ; ; ; ; ; ; ; ; ; ; ; ; ; ; ; ; ; ; ; ; ; ; ; ; ; ; ; ; ; ; ; ; ; ; ; ; ; ; ; ; ; ; ; ; ; ; ; 
MEF;20251003;IT0005240350;20330901;-2200000;;0;26950; ;26950; ;26950; ;26950; ;26950; ;26950; ;26950; ;26950; ;26950; ;26950; ;26950; ;26950; ;26950; ;26950; ;2226950; ; ; ; ; ; ; ; ; ; ; ; ; ; ; ; ; ; ; ; ; ; ; ; ; ; ; ; ; ; ; ; ; ; ; ; ; ; ; ; ; ; ; ; ; ; ; ; ; ; ; ; ; ; ; ; ; ; ; ; ; ; ; ; ; ; ; ; ; ; ; ; ; ; ; ; ; ; ; ; ; ; ; ; ; 
MEF;20251003;IT0005398406;20500901;-2400000;;0;29400; ;29400; ;29400; ;29400; ;29400; ;29400; ;29400; ;29400; ;29400; ;29400; ;29400; ;29400; ;29400; ;29400; ;29400; ;29400; ;29400; ;29400; ;29400; ;29400; ;29400; ;29400; ;29400; ;29400; ;29400; ;29400; ;29400; ;29400; ;29400; ;29400; ;29400; ;29400;29400;29400;29400;29400;29400;29400;29400;29400;29400;29400;29400;29400;29400;29400;29400;29400;2429400; ; ; ; ; ; ; ; ; ; ; ; ; ; ; ; ; ; ; ; ; ; ; ; ; ; ; ; ; ; ; ; ; ; 
MEF;20251006;IT0005138828;20320915;15000000;IT0005155442;-15000000; ;-93467.87; ;-93467.87; ;-93467.87; ;-93467.87; ;-93467.87; ;-93467.87; ;-93467.87; ;-93467.87; ;-93467.87; ;-93467.87; ;-93467.87; ;-93467.87; ;-93467.87; ; ; ; ; ; ; ; ; ; ; ; ; ; ; ; ; ; ; ; ; ; ; ; ; ; ; ; ; ; ; ; ; ; ; ; ; ; ; ; ; ; ; ; ; ; ; ; ; ; ; ; ; ; ; ; ; ; ; ; ; ; ; ; ; ; ; ; ; ; ; ; ; ; ; ; ; ; ; ; ; ; ; ; ; ; ; ; 
MEF;20251010;IT0004889033;20280901;1000000;;0;-23750; ;-23750; ;-23750; ;-23750; ;-1023750; ; ; ; ; ; ; ; ; ; ; ; ; ; ; ; ; ; ; ; ; ; ; ; ; ; ; ; ; ; ; ; ; ; ; ; ; ; ; ; ; ; ; ; ; ; ; ; ; ; ; ; ; ; ; ; ; ; ; ; ; ; ; ; ; ; ; ; ; ; ; ; ; ; ; ; ; ; ; ; ; ; ; ; ; ; ; ; ; ; ; ; ; ; ; ; ; ; ; ; ; ; ; ; ; 
MEF;20251010;IT0005094088;20320301;-1400000;;0;11550; ;11550; ;11550; ;11550; ;11550; ;11550; ;11550; ;11550; ;11550; ;11550; ;11550; ;1411550; ; ; ; ; ; ; ; ; ; ; ; ; ; ; ; ; ; ; ; ; ; ; ; ; ; ; ; ; ; ; ; ; ; ; ; ; ; ; ; ; ; ; ; ; ; ; ; ; ; ; ; ; ; ; ; ; ; ; ; ; ; ; ; ; ; ; ; ; ; ; ; ; ; ; ; ; ; ; ; ; ; ; ; ; ; ; ; ; ; ; 
MEF;20251010;IT0005358806;20350301;-1200000;;0;20100; ;20100; ;20100; ;20100; ;20100; ;20100; ;20100; ;20100; ;20100; ;20100; ;20100; ;20100; ;20100; ;20100; ;20100; ;20100; ;20100; ;1220100; ; ; ; ; ; ; ; ; ; ; ; ; ; ; ; ; ; ; ; ; ; ; ; ; ; ; ; ; ; ; ; ; ; ; ; ; ; ; ; ; ; ; ; ; ; ; ; ; ; ; ; ; ; ; ; ; ; ; ; ; ; ; ; ; ; ; ; ; ; ; ; ; ; ; ; ; ; ; 
MEF;20251016;IT0005177909;20360901;1000000;;0;-11250; ;-11250; ;-11250; ;-11250; ;-11250; ;-11250; ;-11250; ;-11250; ;-11250; ;-11250; ;-11250; ;-11250; ;-11250; ;-11250; ;-11250; ;-11250; ;-11250; ;-11250; ;-11250; ;-11250; ;-1011250; ; ; ; ; ; ; ; ; ; ; ; ; ; ; ; ; ; ; ; ; ; ; ; ; ; ; ; ; ; ; ; ; ; ; ; ; ; ; ; ; ; ; ; ; ; ; ; ; ; ; ; ; ; ; ; ; ; ; ; ; ; ; ; ; ; ; ; ; ; ; ; ; 
MEF;20251023;IT0004545890;20410915;-43000000;IT0004548290;43000000; ;594519.17; ;594519.17; ;594519.17; ;594519.17; ;594519.17; ;594519.17; ;594519.17; ;594519.17; ;594519.17; ;594519.17; ;594519.17; ;594519.17; ;594519.17; ;594519.17; ;594519.17; ;594519.17; ;594519.17; ;594519.17; ;594519.17; ;594519.17; ;594519.17; ;594519.17; ;594519.17; ;594519.17; ;594519.17; ;594519.17; ;594519.17; ;594519.17; ;594519.17; ;594519.17; ;594519.17; ; ; ; ; ; ; ; ; ; ; ; ; ; ; ; ; ; ; ; ; ; ; ; ; ; ; ; ; ; ; ; ; ; ; ; ; ; ; ; ; ; ; ; ; ; ; ; ; ; ; ; 
MEF;20251023;IT0004889033;20280901;-1000000;;0;23750; ;23750; ;23750; ;23750; ;1023750; ; ; ; ; ; ; ; ; ; ; ; ; ; ; ; ; ; ; ; ; ; ; ; ; ; ; ; ; ; ; ; ; ; ; ; ; ; ; ; ; ; ; ; ; ; ; ; ; ; ; ; ; ; ; ; ; ; ; ; ; ; ; ; ; ; ; ; ; ; ; ; ; ; ; ; ; ; ; ; ; ; ; ; ; ; ; ; ; ; ; ; ; ; ; ; ; ; ; ; ; ; ; ; ; 
MEF;20251023;IT0005024234;20300301;-1000000;;0;17500; ;17500; ;17500; ;17500; ;17500; ;17500; ;17500; ;1017500; ; ; ; ; ; ; ; ; ; ; ; ; ; ; ; ; ; ; ; ; ; ; ; ; ; ; ; ; ; ; ; ; ; ; ; ; ; ; ; ; ; ; ; ; ; ; ; ; ; ; ; ; ; ; ; ; ; ; ; ; ; ; ; ; ; ; ; ; ; ; ; ; ; ; ; ; ; ; ; ; ; ; ; ; ; ; ; ; ; ; ; ; ; ; ; ; ; ; 
MEF;20251023;IT0005402117;20360301;1000000;;0;-7250; ;-7250; ;-7250; ;-7250; ;-7250; ;-7250; ;-7250; ;-7250; ;-7250; ;-7250; ;-7250; ;-7250; ;-7250; ;-7250; ;-7250; ;-7250; ;-7250; ;-7250; ;-7250; ;-1007250; ; ; ; ; ; ; ; ; ; ; ; ; ; ; ; ; ; ; ; ; ; ; ; ; ; ; ; ; ; ; ; ; ; ; ; ; ; ; ; ; ; ; ; ; ; ; ; ; ; ; ; ; ; ; ; ; ; ; ; ; ; ; ; ; ; ; ; ; ; ; ; ; ; ; 
MEF;20251023;IT0005496770;20380301;-2000000;;0;32500; ;32500; ;32500; ;32500; ;32500; ;32500; ;32500; ;32500; ;32500; ;32500; ;32500; ;32500; ;32500; ;32500; ;32500; ;32500; ;32500; ;32500; ;32500; ;32500; ;32500; ;32500; ;32500; ;2032500; ; ; ; ; ; ; ; ; ; ; ; ; ; ; ; ; ; ; ; ; ; ; ; ; ; ; ; ; ; ; ; ; ; ; ; ; ; ; ; ; ; ; ; ; ; ; ; ; ; ; ; ; ; ; ; ; ; ; ; ; ; ; ; ; ; ; 
MEF;20251023;IT0005560948;20340301;-49000000;;0;1029000; ;1029000; ;1029000; ;1029000; ;1029000; ;1029000; ;1029000; ;1029000; ;1029000; ;1029000; ;1029000; ;1029000; ;1029000; ;1029000; ;1029000; ;50029000; ; ; ; ; ; ; ; ; ; ; ; ; ; ; ; ; ; ; ; ; ; ; ; ; ; ; ; ; ; ; ; ; ; ; ; ; ; ; ; ; ; ; ; ; ; ; ; ; ; ; ; ; ; ; ; ; ; ; ; ; ; ; ; ; ; ; ; ; ; ; ; ; ; ; ; ; ; ; ; ; ; ; 
MEF;20251024;IT0004889033;20280901;-900000;;0;21375; ;21375; ;21375; ;21375; ;921375; ; ; ; ; ; ; ; ; ; ; ; ; ; ; ; ; ; ; ; ; ; ; ; ; ; ; ; ; ; ; ; ; ; ; ; ; ; ; ; ; ; ; ; ; ; ; ; ; ; ; ; ; ; ; ; ; ; ; ; ; ; ; ; ; ; ; ; ; ; ; ; ; ; ; ; ; ; ; ; ; ; ; ; ; ; ; ; ; ; ; ; ; ; ; ; ; ; ; ; ; ; ; ; ; 
MEF;20251024;IT0004923998;20440901;-2400000;;0;57000; ;57000; ;57000; ;57000; ;57000; ;57000; ;57000; ;57000; ;57000; ;57000; ;57000; ;57000; ;57000; ;57000; ;57000; ;57000; ;57000; ;57000; ;57000; ;57000; ;57000; ;57000; ;57000; ;57000; ;57000; ;57000; ;57000; ;57000; ;57000; ;57000; ;57000; ;57000;57000;57000;57000;57000;2457000; ; ; ; ; ; ; ; ; ; ; ; ; ; ; ; ; ; ; ; ; ; ; ; ; ; ; ; ; ; ; ; ; ; ; ; ; ; ; ; ; ; ; ; ; ; 
MEF;20251028;IT0005083057;20460901;-1000000;;0;16250; ;16250; ;16250; ;16250; ;16250; ;16250; ;16250; ;16250; ;16250; ;16250; ;16250; ;16250; ;16250; ;16250; ;16250; ;16250; ;16250; ;16250; ;16250; ;16250; ;16250; ;16250; ;16250; ;16250; ;16250; ;16250; ;16250; ;16250; ;16250; ;16250; ;16250; ;16250;16250;16250;16250;16250;16250;16250;16250;16250;1016250; ; ; ; ; ; ; ; ; ; ; ; ; ; ; ; ; ; ; ; ; ; ; ; ; ; ; ; ; ; ; ; ; ; ; ; ; ; ; ; ; ; 
MEF;20251028;IT0005094088;20320301;-1000000;;0;8250; ;8250; ;8250; ;8250; ;8250; ;8250; ;8250; ;8250; ;8250; ;8250; ;8250; ;1008250; ; ; ; ; ; ; ; ; ; ; ; ; ; ; ; ; ; ; ; ; ; ; ; ; ; ; ; ; ; ; ; ; ; ; ; ; ; ; ; ; ; ; ; ; ; ; ; ; ; ; ; ; ; ; ; ; ; ; ; ; ; ; ; ; ; ; ; ; ; ; ; ; ; ; ; ; ; ; ; ; ; ; ; ; ; ; ; ; ; ; 
MEF;20251028;IT0005177909;20360901;-1000000;;0;11250; ;11250; ;11250; ;11250; ;11250; ;11250; ;11250; ;11250; ;11250; ;11250; ;11250; ;11250; ;11250; ;11250; ;11250; ;11250; ;11250; ;11250; ;11250; ;11250; ;1011250; ; ; ; ; ; ; ; ; ; ; ; ; ; ; ; ; ; ; ; ; ; ; ; ; ; ; ; ; ; ; ; ; ; ; ; ; ; ; ; ; ; ; ; ; ; ; ; ; ; ; ; ; ; ; ; ; ; ; ; ; ; ; ; ; ; ; ; ; ; ; ; ; 
MEF;20251028;IT0005240350;20330901;-1000000;;0;12250; ;12250; ;12250; ;12250; ;12250; ;12250; ;12250; ;12250; ;12250; ;12250; ;12250; ;12250; ;12250; ;12250; ;1012250; ; ; ; ; ; ; ; ; ; ; ; ; ; ; ; ; ; ; ; ; ; ; ; ; ; ; ; ; ; ; ; ; ; ; ; ; ; ; ; ; ; ; ; ; ; ; ; ; ; ; ; ; ; ; ; ; ; ; ; ; ; ; ; ; ; ; ; ; ; ; ; ; ; ; ; ; ; ; ; ; ; ; ; ; 
MEF;20251028;IT0005321325;20380901;-1000000;;0;14750; ;14750; ;14750; ;14750; ;14750; ;14750; ;14750; ;14750; ;14750; ;14750; ;14750; ;14750; ;14750; ;14750; ;14750; ;14750; ;14750; ;14750; ;14750; ;14750; ;14750; ;14750; ;14750; ;14750; ;1014750; ; ; ; ; ; ; ; ; ; ; ; ; ; ; ; ; ; ; ; ; ; ; ; ; ; ; ; ; ; ; ; ; ; ; ; ; ; ; ; ; ; ; ; ; ; ; ; ; ; ; ; ; ; ; ; ; ; ; ; ; ; ; ; ; 
MEF;20251028;IT0005377152;20400301;-1000000;;0;15500; ;15500; ;15500; ;15500; ;15500; ;15500; ;15500; ;15500; ;15500; ;15500; ;15500; ;15500; ;15500; ;15500; ;15500; ;15500; ;15500; ;15500; ;15500; ;15500; ;15500; ;15500; ;15500; ;15500; ;15500; ;15500; ;15500; ;1015500; ; ; ; ; ; ; ; ; ; ; ; ; ; ; ; ; ; ; ; ; ; ; ; ; ; ; ; ; ; ; ; ; ; ; ; ; ; ; ; ; ; ; ; ; ; ; ; ; ; ; ; ; ; ; ; ; ; ; 
MEF;20251028;IT0005402117;20360301;-2000000;;0;14500; ;14500; ;14500; ;14500; ;14500; ;14500; ;14500; ;14500; ;14500; ;14500; ;14500; ;14500; ;14500; ;14500; ;14500; ;14500; ;14500; ;14500; ;14500; ;2014500; ; ; ; ; ; ; ; ; ; ; ; ; ; ; ; ; ; ; ; ; ; ; ; ; ; ; ; ; ; ; ; ; ; ; ; ; ; ; ; ; ; ; ; ; ; ; ; ; ; ; ; ; ; ; ; ; ; ; ; ; ; ; ; ; ; ; ; ; ; ; ; ; ; ; 
MEF;20251028;IT0005433195;20370301;-2000000;;0;9500; ;9500; ;9500; ;9500; ;9500; ;9500; ;9500; ;9500; ;9500; ;9500; ;9500; ;9500; ;9500; ;9500; ;9500; ;9500; ;9500; ;9500; ;9500; ;9500; ;9500; ;2009500; ; ; ; ; ; ; ; ; ; ; ; ; ; ; ; ; ; ; ; ; ; ; ; ; ; ; ; ; ; ; ; ; ; ; ; ; ; ; ; ; ; ; ; ; ; ; ; ; ; ; ; ; ; ; ; ; ; ; ; ; ; ; ; ; ; ; ; ; ; ; 
MEF;20251107;IT0005024234;20300301;-1900000;;0;33250; ;33250; ;33250; ;33250; ;33250; ;33250; ;33250; ;1933250; ; ; ; ; ; ; ; ; ; ; ; ; ; ; ; ; ; ; ; ; ; ; ; ; ; ; ; ; ; ; ; ; ; ; ; ; ; ; ; ; ; ; ; ; ; ; ; ; ; ; ; ; ; ; ; ; ; ; ; ; ; ; ; ; ; ; ; ; ; ; ; ; ; ; ; ; ; ; ; ; ; ; ; ; ; ; ; ; ; ; ; ; ; ; ; ; ; ; 
MEF;20251114;IT0005094088;20320301;-900000;;0;7425; ;7425; ;7425; ;7425; ;7425; ;7425; ;7425; ;7425; ;7425; ;7425; ;7425; ;907425; ; ; ; ; ; ; ; ; ; ; ; ; ; ; ; ; ; ; ; ; ; ; ; ; ; ; ; ; ; ; ; ; ; ; ; ; ; ; ; ; ; ; ; ; ; ; ; ; ; ; ; ; ; ; ; ; ; ; ; ; ; ; ; ; ; ; ; ; ; ; ; ; ; ; ; ; ; ; ; ; ; ; ; ; ; ; ; ; ; ; 
MEF;20251117;IT0004532559;20400901;-22100000;;0;552500; ;552500; ;552500; ;552500; ;552500; ;552500; ;552500; ;552500; ;552500; ;552500; ;552500; ;552500; ;552500; ;552500; ;552500; ;552500; ;552500; ;552500; ;552500; ;552500; ;552500; ;552500; ;552500; ;552500; ;552500; ;552500; ;552500; ;552500; ;22652500; ; ; ; ; ; ; ; ; ; ; ; ; ; ; ; ; ; ; ; ; ; ; ; ; ; ; ; ; ; ; ; ; ; ; ; ; ; ; ; ; ; ; ; ; ; ; ; ; ; ; ; ; ; ; ; ; 
MEF;20251119;IT0005024234;20300301;800000;;0;-14000; ;-14000; ;-14000; ;-14000; ;-14000; ;-14000; ;-14000; ;-814000; ; ; ; ; ; ; ; ; ; ; ; ; ; ; ; ; ; ; ; ; ; ; ; ; ; ; ; ; ; ; ; ; ; ; ; ; ; ; ; ; ; ; ; ; ; ; ; ; ; ; ; ; ; ; ; ; ; ; ; ; ; ; ; ; ; ; ; ; ; ; ; ; ; ; ; ; ; ; ; ; ; ; ; ; ; ; ; ; ; ; ; ; ; ; ; ; ; ; 
MEF;20251119;IT0005177909;20360901;200000;;0;-2250; ;-2250; ;-2250; ;-2250; ;-2250; ;-2250; ;-2250; ;-2250; ;-2250; ;-2250; ;-2250; ;-2250; ;-2250; ;-2250; ;-2250; ;-2250; ;-2250; ;-2250; ;-2250; ;-2250; ;-202250; ; ; ; ; ; ; ; ; ; ; ; ; ; ; ; ; ; ; ; ; ; ; ; ; ; ; ; ; ; ; ; ; ; ; ; ; ; ; ; ; ; ; ; ; ; ; ; ; ; ; ; ; ; ; ; ; ; ; ; ; ; ; ; ; ; ; ; ; ; ; ; ; 
MEF;20251119;IT0005240350;20330901;200000;;0;-2450; ;-2450; ;-2450; ;-2450; ;-2450; ;-2450; ;-2450; ;-2450; ;-2450; ;-2450; ;-2450; ;-2450; ;-2450; ;-2450; ;-202450; ; ; ; ; ; ; ; ; ; ; ; ; ; ; ; ; ; ; ; ; ; ; ; ; ; ; ; ; ; ; ; ; ; ; ; ; ; ; ; ; ; ; ; ; ; ; ; ; ; ; ; ; ; ; ; ; ; ; ; ; ; ; ; ; ; ; ; ; ; ; ; ; ; ; ; ; ; ; ; ; ; ; ; ; 
MEF;20251119;IT0005321325;20380901;200000;;0;-2950; ;-2950; ;-2950; ;-2950; ;-2950; ;-2950; ;-2950; ;-2950; ;-2950; ;-2950; ;-2950; ;-2950; ;-2950; ;-2950; ;-2950; ;-2950; ;-2950; ;-2950; ;-2950; ;-2950; ;-2950; ;-2950; ;-2950; ;-2950; ;-202950; ; ; ; ; ; ; ; ; ; ; ; ; ; ; ; ; ; ; ; ; ; ; ; ; ; ; ; ; ; ; ; ; ; ; ; ; ; ; ; ; ; ; ; ; ; ; ; ; ; ; ; ; ; ; ; ; ; ; ; ; ; ; ; ; 
MEF;20251124;IT0005024234;20300301;1000000;;0;-17500; ;-17500; ;-17500; ;-17500; ;-17500; ;-17500; ;-17500; ;-1017500; ; ; ; ; ; ; ; ; ; ; ; ; ; ; ; ; ; ; ; ; ; ; ; ; ; ; ; ; ; ; ; ; ; ; ; ; ; ; ; ; ; ; ; ; ; ; ; ; ; ; ; ; ; ; ; ; ; ; ; ; ; ; ; ; ; ; ; ; ; ; ; ; ; ; ; ; ; ; ; ; ; ; ; ; ; ; ; ; ; ; ; ; ; ; ; ; ; ; 
MEF;20251125;IT0004889033;20280901;-1000000;;0;23750; ;23750; ;23750; ;23750; ;1023750; ; ; ; ; ; ; ; ; ; ; ; ; ; ; ; ; ; ; ; ; ; ; ; ; ; ; ; ; ; ; ; ; ; ; ; ; ; ; ; ; ; ; ; ; ; ; ; ; ; ; ; ; ; ; ; ; ; ; ; ; ; ; ; ; ; ; ; ; ; ; ; ; ; ; ; ; ; ; ; ; ; ; ; ; ; ; ; ; ; ; ; ; ; ; ; ; ; ; ; ; ; ; ; ; 
MEF;20251126;IT0005560948;20340301;-2000000;;0;42000; ;42000; ;42000; ;42000; ;42000; ;42000; ;42000; ;42000; ;42000; ;42000; ;42000; ;42000; ;42000; ;42000; ;42000; ;2042000; ; ; ; ; ; ; ; ; ; ; ; ; ; ; ; ; ; ; ; ; ; ; ; ; ; ; ; ; ; ; ; ; ; ; ; ; ; ; ; ; ; ; ; ; ; ; ; ; ; ; ; ; ; ; ; ; ; ; ; ; ; ; ; ; ; ; ; ; ; ; ; ; ; ; ; ; ; ; ; ; ; ; 
MEF;20251128;IT0005358806;20350301;-2500000;;0;41875; ;41875; ;41875; ;41875; ;41875; ;41875; ;41875; ;41875; ;41875; ;41875; ;41875; ;41875; ;41875; ;41875; ;41875; ;41875; ;41875; ;2541875; ; ; ; ; ; ; ; ; ; ; ; ; ; ; ; ; ; ; ; ; ; ; ; ; ; ; ; ; ; ; ; ; ; ; ; ; ; ; ; ; ; ; ; ; ; ; ; ; ; ; ; ; ; ; ; ; ; ; ; ; ; ; ; ; ; ; ; ; ; ; ; ; ; ; ; ; ; ; 
MEF;20251201;IT0004889033;20280901;1000000;;0;-23750; ;-23750; ;-23750; ;-23750; ;-1023750; ; ; ; ; ; ; ; ; ; ; ; ; ; ; ; ; ; ; ; ; ; ; ; ; ; ; ; ; ; ; ; ; ; ; ; ; ; ; ; ; ; ; ; ; ; ; ; ; ; ; ; ; ; ; ; ; ; ; ; ; ; ; ; ; ; ; ; ; ; ; ; ; ; ; ; ; ; ; ; ; ; ; ; ; ; ; ; ; ; ; ; ; ; ; ; ; ; ; ; ; ; ; ; ; 
MEF;20251205;IT0004889033;20280901;-1200000;;0;28500; ;28500; ;28500; ;28500; ;1228500; ; ; ; ; ; ; ; ; ; ; ; ; ; ; ; ; ; ; ; ; ; ; ; ; ; ; ; ; ; ; ; ; ; ; ; ; ; ; ; ; ; ; ; ; ; ; ; ; ; ; ; ; ; ; ; ; ; ; ; ; ; ; ; ; ; ; ; ; ; ; ; ; ; ; ; ; ; ; ; ; ; ; ; ; ; ; ; ; ; ; ; ; ; ; ; ; ; ; ; ; ; ; ; ; 
MEF;20251205;IT0004889033;20280901;1000000;;0;-23750; ;-23750; ;-23750; ;-23750; ;-1023750; ; ; ; ; ; ; ; ; ; ; ; ; ; ; ; ; ; ; ; ; ; ; ; ; ; ; ; ; ; ; ; ; ; ; ; ; ; ; ; ; ; ; ; ; ; ; ; ; ; ; ; ; ; ; ; ; ; ; ; ; ; ; ; ; ; ; ; ; ; ; ; ; ; ; ; ; ; ; ; ; ; ; ; ; ; ; ; ; ; ; ; ; ; ; ; ; ; ; ; ; ; ; ; ; 
MEF;20251208;IT0005560948;20340301;1000000;;0;-21000; ;-21000; ;-21000; ;-21000; ;-21000; ;-21000; ;-21000; ;-21000; ;-21000; ;-21000; ;-21000; ;-21000; ;-21000; ;-21000; ;-21000; ;-1021000; ; ; ; ; ; ; ; ; ; ; ; ; ; ; ; ; ; ; ; ; ; ; ; ; ; ; ; ; ; ; ; ; ; ; ; ; ; ; ; ; ; ; ; ; ; ; ; ; ; ; ; ; ; ; ; ; ; ; ; ; ; ; ; ; ; ; ; ; ; ; ; ; ; ; ; ; ; ; ; ; ; ; 
MEF;20251212;IT0004923998;20440901;-13100000;;0;311125; ;311125; ;311125; ;311125; ;311125; ;311125; ;311125; ;311125; ;311125; ;311125; ;311125; ;311125; ;311125; ;311125; ;311125; ;311125; ;311125; ;311125; ;311125; ;311125; ;311125; ;311125; ;311125; ;311125; ;311125; ;311125; ;311125; ;311125; ;311125; ;311125; ;311125; ;311125;311125;311125;311125;311125;13411125; ; ; ; ; ; ; ; ; ; ; ; ; ; ; ; ; ; ; ; ; ; ; ; ; ; ; ; ; ; ; ; ; ; ; ; ; ; ; ; ; ; ; ; ; ; 
MEF;20251212;IT0005480980;20520901;-1100000;;0;11825; ;11825; ;11825; ;11825; ;11825; ;11825; ;11825; ;11825; ;11825; ;11825; ;11825; ;11825; ;11825; ;11825; ;11825; ;11825; ;11825; ;11825; ;11825; ;11825; ;11825; ;11825; ;11825; ;11825; ;11825; ;11825; ;11825; ;11825; ;11825; ;11825; ;11825; ;11825;11825;11825;11825;11825;11825;11825;11825;11825;11825;11825;11825;11825;11825;11825;11825;11825;11825;11825;11825;11825;1111825; ; ; ; ; ; ; ; ; ; ; ; ; ; ; ; ; ; ; ; ; ; ; ; ; ; ; ; ; ; 
MEF;20251219;IT0005177909;20360901;1000000;;0;-11250; ;-11250; ;-11250; ;-11250; ;-11250; ;-11250; ;-11250; ;-11250; ;-11250; ;-11250; ;-11250; ;-11250; ;-11250; ;-11250; ;-11250; ;-11250; ;-11250; ;-11250; ;-11250; ;-11250; ;-1011250; ; ; ; ; ; ; ; ; ; ; ; ; ; ; ; ; ; ; ; ; ; ; ; ; ; ; ; ; ; ; ; ; ; ; ; ; ; ; ; ; ; ; ; ; ; ; ; ; ; ; ; ; ; ; ; ; ; ; ; ; ; ; ; ; ; ; ; ; ; ; ; ; 
MEF;20251229;IT0005024234;20300301;-2000000;;0;35000; ;35000; ;35000; ;35000; ;35000; ;35000; ;35000; ;2035000; ; ; ; ; ; ; ; ; ; ; ; ; ; ; ; ; ; ; ; ; ; ; ; ; ; ; ; ; ; ; ; ; ; ; ; ; ; ; ; ; ; ; ; ; ; ; ; ; ; ; ; ; ; ; ; ; ; ; ; ; ; ; ; ; ; ; ; ; ; ; ; ; ; ; ; ; ; ; ; ; ; ; ; ; ; ; ; ; ; ; ; ; ; ; ; ; ; ; 
MEF;20251230;IT0004889033;20280901;-1200000;;0;28500; ;28500; ;28500; ;28500; ;1228500; ; ; ; ; ; ; ; ; ; ; ; ; ; ; ; ; ; ; ; ; ; ; ; ; ; ; ; ; ; ; ; ; ; ; ; ; ; ; ; ; ; ; ; ; ; ; ; ; ; ; ; ; ; ; ; ; ; ; ; ; ; ; ; ; ; ; ; ; ; ; ; ; ; ; ; ; ; ; ; ; ; ; ; ; ; ; ; ; ; ; ; ; ; ; ; ; ; ; ; ; ; ; ; ; 
MEF;20260112;IT0005530032;20430901;1000000;;0;-22250; ;-22250; ;-22250; ;-22250; ;-22250; ;-22250; ;-22250; ;-22250; ;-22250; ;-22250; ;-22250; ;-22250; ;-22250; ;-22250; ;-22250; ;-22250; ;-22250; ;-22250; ;-22250; ;-22250; ;-22250; ;-22250; ;-22250; ;-22250; ;-22250; ;-22250; ;-22250; ;-22250; ;-22250; ;-22250; ;-22250; ;-22250;-22250;-22250;-1022250; ; ; ; ; ; ; ; ; ; ; ; ; ; ; ; ; ; ; ; ; ; ; ; ; ; ; ; ; ; ; ; ; ; ; ; ; ; ; ; ; ; ; ; ; ; ; ; 
MEF;20260114;IT0004889033;20280901;1000000;;0;-23750; ;-23750; ;-23750; ;-23750; ;-1023750; ; ; ; ; ; ; ; ; ; ; ; ; ; ; ; ; ; ; ; ; ; ; ; ; ; ; ; ; ; ; ; ; ; ; ; ; ; ; ; ; ; ; ; ; ; ; ; ; ; ; ; ; ; ; ; ; ; ; ; ; ; ; ; ; ; ; ; ; ; ; ; ; ; ; ; ; ; ; ; ; ; ; ; ; ; ; ; ; ; ; ; ; ; ; ; ; ; ; ; ; ; ; ; ; 
MEF;20260114;IT0005024234;20300301;1000000;;0;-17500; ;-17500; ;-17500; ;-17500; ;-17500; ;-17500; ;-17500; ;-1017500; ; ; ; ; ; ; ; ; ; ; ; ; ; ; ; ; ; ; ; ; ; ; ; ; ; ; ; ; ; ; ; ; ; ; ; ; ; ; ; ; ; ; ; ; ; ; ; ; ; ; ; ; ; ; ; ; ; ; ; ; ; ; ; ; ; ; ; ; ; ; ; ; ; ; ; ; ; ; ; ; ; ; ; ; ; ; ; ; ; ; ; ; ; ; ; ; ; ; 
MEF;20260114;IT0005273013;20480301;1000000;;0;-17250; ;-17250; ;-17250; ;-17250; ;-17250; ;-17250; ;-17250; ;-17250; ;-17250; ;-17250; ;-17250; ;-17250; ;-17250; ;-17250; ;-17250; ;-17250; ;-17250; ;-17250; ;-17250; ;-17250; ;-17250; ;-17250; ;-17250; ;-17250; ;-17250; ;-17250; ;-17250; ;-17250; ;-17250; ;-17250; ;-17250; ;-17250;-17250;-17250;-17250;-17250;-17250;-17250;-17250;-17250;-17250;-17250;-17250;-1017250; ; ; ; ; ; ; ; ; ; ; ; ; ; ; ; ; ; ; ; ; ; ; ; ; ; ; ; ; ; ; ; ; ; ; ; ; ; ; 
MEF;20260114;IT0005377152;20400301;1000000;;0;-15500; ;-15500; ;-15500; ;-15500; ;-15500; ;-15500; ;-15500; ;-15500; ;-15500; ;-15500; ;-15500; ;-15500; ;-15500; ;-15500; ;-15500; ;-15500; ;-15500; ;-15500; ;-15500; ;-15500; ;-15500; ;-15500; ;-15500; ;-15500; ;-15500; ;-15500; ;-15500; ;-1015500; ; ; ; ; ; ; ; ; ; ; ; ; ; ; ; ; ; ; ; ; ; ; ; ; ; ; ; ; ; ; ; ; ; ; ; ; ; ; ; ; ; ; ; ; ; ; ; ; ; ; ; ; ; ; ; ; ; ; 
MEF;20260114;IT0005402117;20360301;1000000;;0;-7250; ;-7250; ;-7250; ;-7250; ;-7250; ;-7250; ;-7250; ;-7250; ;-7250; ;-7250; ;-7250; ;-7250; ;-7250; ;-7250; ;-7250; ;-7250; ;-7250; ;-7250; ;-7250; ;-1007250; ; ; ; ; ; ; ; ; ; ; ; ; ; ; ; ; ; ; ; ; ; ; ; ; ; ; ; ; ; ; ; ; ; ; ; ; ; ; ; ; ; ; ; ; ; ; ; ; ; ; ; ; ; ; ; ; ; ; ; ; ; ; ; ; ; ; ; ; ; ; ; ; ; ; 
MEF;20260115;IT0004923998;20440901;-5000000;;0;118750; ;118750; ;118750; ;118750; ;118750; ;118750; ;118750; ;118750; ;118750; ;118750; ;118750; ;118750; ;118750; ;118750; ;118750; ;118750; ;118750; ;118750; ;118750; ;118750; ;118750; ;118750; ;118750; ;118750; ;118750; ;118750; ;118750; ;118750; ;118750; ;118750; ;118750; ;118750;118750;118750;118750;118750;5118750; ; ; ; ; ; ; ; ; ; ; ; ; ; ; ; ; ; ; ; ; ; ; ; ; ; ; ; ; ; ; ; ; ; ; ; ; ; ; ; ; ; ; ; ; ; 
MEF;20260115;IT0005363111;20490901;-9000000;;0;173250; ;173250; ;173250; ;173250; ;173250; ;173250; ;173250; ;173250; ;173250; ;173250; ;173250; ;173250; ;173250; ;173250; ;173250; ;173250; ;173250; ;173250; ;173250; ;173250; ;173250; ;173250; ;173250; ;173250; ;173250; ;173250; ;173250; ;173250; ;173250; ;173250; ;173250; ;173250;173250;173250;173250;173250;173250;173250;173250;173250;173250;173250;173250;173250;173250;173250;9173250; ; ; ; ; ; ; ; ; ; ; ; ; ; ; ; ; ; ; ; ; ; ; ; ; ; ; ; ; ; ; ; ; ; ; ; 
MEF;20260116;IT0004889033;20280901;-1100000;;0;26125; ;26125; ;26125; ;26125; ;1126125; ; ; ; ; ; ; ; ; ; ; ; ; ; ; ; ; ; ; ; ; ; ; ; ; ; ; ; ; ; ; ; ; ; ; ; ; ; ; ; ; ; ; ; ; ; ; ; ; ; ; ; ; ; ; ; ; ; ; ; ; ; ; ; ; ; ; ; ; ; ; ; ; ; ; ; ; ; ; ; ; ; ; ; ; ; ; ; ; ; ; ; ; ; ; ; ; ; ; ; ; ; ; ; ; 
MEF;20260116;IT0005358806;20350301;-900000;;0;15075; ;15075; ;15075; ;15075; ;15075; ;15075; ;15075; ;15075; ;15075; ;15075; ;15075; ;15075; ;15075; ;15075; ;15075; ;15075; ;15075; ;915075; ; ; ; ; ; ; ; ; ; ; ; ; ; ; ; ; ; ; ; ; ; ; ; ; ; ; ; ; ; ; ; ; ; ; ; ; ; ; ; ; ; ; ; ; ; ; ; ; ; ; ; ; ; ; ; ; ; ; ; ; ; ; ; ; ; ; ; ; ; ; ; ; ; ; ; ; ; ; 
MEF;20260119;IT0005240350;20330901;500000;;0;-6125; ;-6125; ;-6125; ;-6125; ;-6125; ;-6125; ;-6125; ;-6125; ;-6125; ;-6125; ;-6125; ;-6125; ;-6125; ;-6125; ;-506125; ; ; ; ; ; ; ; ; ; ; ; ; ; ; ; ; ; ; ; ; ; ; ; ; ; ; ; ; ; ; ; ; ; ; ; ; ; ; ; ; ; ; ; ; ; ; ; ; ; ; ; ; ; ; ; ; ; ; ; ; ; ; ; ; ; ; ; ; ; ; ; ; ; ; ; ; ; ; ; ; ; ; ; ; 
MEF;20260119;IT0005358806;20350301;1000000;;0;-16750; ;-16750; ;-16750; ;-16750; ;-16750; ;-16750; ;-16750; ;-16750; ;-16750; ;-16750; ;-16750; ;-16750; ;-16750; ;-16750; ;-16750; ;-16750; ;-16750; ;-1016750; ; ; ; ; ; ; ; ; ; ; ; ; ; ; ; ; ; ; ; ; ; ; ; ; ; ; ; ; ; ; ; ; ; ; ; ; ; ; ; ; ; ; ; ; ; ; ; ; ; ; ; ; ; ; ; ; ; ; ; ; ; ; ; ; ; ; ; ; ; ; ; ; ; ; ; ; ; ; 
MEF;20260120;IT0004889033;20280901;1000000;;0;-23750; ;-23750; ;-23750; ;-23750; ;-1023750; ; ; ; ; ; ; ; ; ; ; ; ; ; ; ; ; ; ; ; ; ; ; ; ; ; ; ; ; ; ; ; ; ; ; ; ; ; ; ; ; ; ; ; ; ; ; ; ; ; ; ; ; ; ; ; ; ; ; ; ; ; ; ; ; ; ; ; ; ; ; ; ; ; ; ; ; ; ; ; ; ; ; ; ; ; ; ; ; ; ; ; ; ; ; ; ; ; ; ; ; ; ; ; ; 
MEF;20260120;IT0005094088;20320301;200000;;0;-1650; ;-1650; ;-1650; ;-1650; ;-1650; ;-1650; ;-1650; ;-1650; ;-1650; ;-1650; ;-1650; ;-201650; ; ; ; ; ; ; ; ; ; ; ; ; ; ; ; ; ; ; ; ; ; ; ; ; ; ; ; ; ; ; ; ; ; ; ; ; ; ; ; ; ; ; ; ; ; ; ; ; ; ; ; ; ; ; ; ; ; ; ; ; ; ; ; ; ; ; ; ; ; ; ; ; ; ; ; ; ; ; ; ; ; ; ; ; ; ; ; ; ; ; 
MEF;20260120;IT0005358806;20350301;1000000;;0;-16750; ;-16750; ;-16750; ;-16750; ;-16750; ;-16750; ;-16750; ;-16750; ;-16750; ;-16750; ;-16750; ;-16750; ;-16750; ;-16750; ;-16750; ;-16750; ;-16750; ;-1016750; ; ; ; ; ; ; ; ; ; ; ; ; ; ; ; ; ; ; ; ; ; ; ; ; ; ; ; ; ; ; ; ; ; ; ; ; ; ; ; ; ; ; ; ; ; ; ; ; ; ; ; ; ; ; ; ; ; ; ; ; ; ; ; ; ; ; ; ; ; ; ; ; ; ; ; ; ; ; 
MEF;20260122;IT0005024234;20300301;500000;;0;-8750; ;-8750; ;-8750; ;-8750; ;-8750; ;-8750; ;-8750; ;-508750; ; ; ; ; ; ; ; ; ; ; ; ; ; ; ; ; ; ; ; ; ; ; ; ; ; ; ; ; ; ; ; ; ; ; ; ; ; ; ; ; ; ; ; ; ; ; ; ; ; ; ; ; ; ; ; ; ; ; ; ; ; ; ; ; ; ; ; ; ; ; ; ; ; ; ; ; ; ; ; ; ; ; ; ; ; ; ; ; ; ; ; ; ; ; ; ; ; ; 
MEF;20260123;IT0005024234;20300301;-900000;;0;15750; ;15750; ;15750; ;15750; ;15750; ;15750; ;15750; ;915750; ; ; ; ; ; ; ; ; ; ; ; ; ; ; ; ; ; ; ; ; ; ; ; ; ; ; ; ; ; ; ; ; ; ; ; ; ; ; ; ; ; ; ; ; ; ; ; ; ; ; ; ; ; ; ; ; ; ; ; ; ; ; ; ; ; ; ; ; ; ; ; ; ; ; ; ; ; ; ; ; ; ; ; ; ; ; ; ; ; ; ; ; ; ; ; ; ; ; 
MEF;20260123;IT0005240350;20330901;-900000;;0;11025; ;11025; ;11025; ;11025; ;11025; ;11025; ;11025; ;11025; ;11025; ;11025; ;11025; ;11025; ;11025; ;11025; ;911025; ; ; ; ; ; ; ; ; ; ; ; ; ; ; ; ; ; ; ; ; ; ; ; ; ; ; ; ; ; ; ; ; ; ; ; ; ; ; ; ; ; ; ; ; ; ; ; ; ; ; ; ; ; ; ; ; ; ; ; ; ; ; ; ; ; ; ; ; ; ; ; ; ; ; ; ; ; ; ; ; ; ; ; ; 
MEF;20260123;IT0005421703;20410301;500000;;0;-4500; ;-4500; ;-4500; ;-4500; ;-4500; ;-4500; ;-4500; ;-4500; ;-4500; ;-4500; ;-4500; ;-4500; ;-4500; ;-4500; ;-4500; ;-4500; ;-4500; ;-4500; ;-4500; ;-4500; ;-4500; ;-4500; ;-4500; ;-4500; ;-4500; ;-4500; ;-4500; ;-4500; ;-4500; ;-504500; ; ; ; ; ; ; ; ; ; ; ; ; ; ; ; ; ; ; ; ; ; ; ; ; ; ; ; ; ; ; ; ; ; ; ; ; ; ; ; ; ; ; ; ; ; ; ; ; ; ; ; ; ; ; 
MEF;20260128;IT0005402117;20360301;1000000;;0;-7250; ;-7250; ;-7250; ;-7250; ;-7250; ;-7250; ;-7250; ;-7250; ;-7250; ;-7250; ;-7250; ;-7250; ;-7250; ;-7250; ;-7250; ;-7250; ;-7250; ;-7250; ;-7250; ;-1007250; ; ; ; ; ; ; ; ; ; ; ; ; ; ; ; ; ; ; ; ; ; ; ; ; ; ; ; ; ; ; ; ; ; ; ; ; ; ; ; ; ; ; ; ; ; ; ; ; ; ; ; ; ; ; ; ; ; ; ; ; ; ; ; ; ; ; ; ; ; ; ; ; ; ; 
MEF;20260129;IT0005094088;20320301;3000000;;0;-24750; ;-24750; ;-24750; ;-24750; ;-24750; ;-24750; ;-24750; ;-24750; ;-24750; ;-24750; ;-24750; ;-3024750; ; ; ; ; ; ; ; ; ; ; ; ; ; ; ; ; ; ; ; ; ; ; ; ; ; ; ; ; ; ; ; ; ; ; ; ; ; ; ; ; ; ; ; ; ; ; ; ; ; ; ; ; ; ; ; ; ; ; ; ; ; ; ; ; ; ; ; ; ; ; ; ; ; ; ; ; ; ; ; ; ; ; ; ; ; ; ; ; ; ; 
MEF;20260129;IT0005377152;20400301;500000;;0;-7750; ;-7750; ;-7750; ;-7750; ;-7750; ;-7750; ;-7750; ;-7750; ;-7750; ;-7750; ;-7750; ;-7750; ;-7750; ;-7750; ;-7750; ;-7750; ;-7750; ;-7750; ;-7750; ;-7750; ;-7750; ;-7750; ;-7750; ;-7750; ;-7750; ;-7750; ;-7750; ;-507750; ; ; ; ; ; ; ; ; ; ; ; ; ; ; ; ; ; ; ; ; ; ; ; ; ; ; ; ; ; ; ; ; ; ; ; ; ; ; ; ; ; ; ; ; ; ; ; ; ; ; ; ; ; ; ; ; ; ; 
MEF;20260130;IT0005024234;20300301;-900000;;0;15750; ;15750; ;15750; ;15750; ;15750; ;15750; ;15750; ;915750; ; ; ; ; ; ; ; ; ; ; ; ; ; ; ; ; ; ; ; ; ; ; ; ; ; ; ; ; ; ; ; ; ; ; ; ; ; ; ; ; ; ; ; ; ; ; ; ; ; ; ; ; ; ; ; ; ; ; ; ; ; ; ; ; ; ; ; ; ; ; ; ; ; ; ; ; ; ; ; ; ; ; ; ; ; ; ; ; ; ; ; ; ; ; ; ; ; ; 
MEF;20260130;IT0005094088;20320301;-1400000;;0;11550; ;11550; ;11550; ;11550; ;11550; ;11550; ;11550; ;11550; ;11550; ;11550; ;11550; ;1411550; ; ; ; ; ; ; ; ; ; ; ; ; ; ; ; ; ; ; ; ; ; ; ; ; ; ; ; ; ; ; ; ; ; ; ; ; ; ; ; ; ; ; ; ; ; ; ; ; ; ; ; ; ; ; ; ; ; ; ; ; ; ; ; ; ; ; ; ; ; ; ; ; ; ; ; ; ; ; ; ; ; ; ; ; ; ; ; ; ; ; 
MEF;20260130;IT0005560948;20340301;500000;;0;-10500; ;-10500; ;-10500; ;-10500; ;-10500; ;-10500; ;-10500; ;-10500; ;-10500; ;-10500; ;-10500; ;-10500; ;-10500; ;-10500; ;-10500; ;-510500; ; ; ; ; ; ; ; ; ; ; ; ; ; ; ; ; ; ; ; ; ; ; ; ; ; ; ; ; ; ; ; ; ; ; ; ; ; ; ; ; ; ; ; ; ; ; ; ; ; ; ; ; ; ; ; ; ; ; ; ; ; ; ; ; ; ; ; ; ; ; ; ; ; ; ; ; ; ; ; ; ; ; 
MEF;20260202;IT0005138828;20320915;28000000;IT0005155442;-28000000; ;-174473.35; ;-174473.35; ;-174473.35; ;-174473.35; ;-174473.35; ;-174473.35; ;-174473.35; ;-174473.35; ;-174473.35; ;-174473.35; ;-174473.35; ;-174473.35; ;-174473.35; ; ; ; ; ; ; ; ; ; ; ; ; ; ; ; ; ; ; ; ; ; ; ; ; ; ; ; ; ; ; ; ; ; ; ; ; ; ; ; ; ; ; ; ; ; ; ; ; ; ; ; ; ; ; ; ; ; ; ; ; ; ; ; ; ; ; ; ; ; ; ; ; ; ; ; ; ; ; ; ; ; ; ; ; ; ; ; 
MEF;20260202;IT0005363111;20490901;15800000;;0;-304150; ;-304150; ;-304150; ;-304150; ;-304150; ;-304150; ;-304150; ;-304150; ;-304150; ;-304150; ;-304150; ;-304150; ;-304150; ;-304150; ;-304150; ;-304150; ;-304150; ;-304150; ;-304150; ;-304150; ;-304150; ;-304150; ;-304150; ;-304150; ;-304150; ;-304150; ;-304150; ;-304150; ;-304150; ;-304150; ;-304150; ;-304150;-304150;-304150;-304150;-304150;-304150;-304150;-304150;-304150;-304150;-304150;-304150;-304150;-304150;-304150;-16104150; ; ; ; ; ; ; ; ; ; ; ; ; ; ; ; ; ; ; ; ; ; ; ; ; ; ; ; ; ; ; ; ; ; ; ; 
MEF;20260203;IT0005363111;20490901;1000000;;0;-19250; ;-19250; ;-19250; ;-19250; ;-19250; ;-19250; ;-19250; ;-19250; ;-19250; ;-19250; ;-19250; ;-19250; ;-19250; ;-19250; ;-19250; ;-19250; ;-19250; ;-19250; ;-19250; ;-19250; ;-19250; ;-19250; ;-19250; ;-19250; ;-19250; ;-19250; ;-19250; ;-19250; ;-19250; ;-19250; ;-19250; ;-19250;-19250;-19250;-19250;-19250;-19250;-19250;-19250;-19250;-19250;-19250;-19250;-19250;-19250;-19250;-1019250; ; ; ; ; ; ; ; ; ; ; ; ; ; ; ; ; ; ; ; ; ; ; ; ; ; ; ; ; ; ; ; ; ; ; ; 
MEF;20260203;IT0005496770;20380301;1000000;;0;-16250; ;-16250; ;-16250; ;-16250; ;-16250; ;-16250; ;-16250; ;-16250; ;-16250; ;-16250; ;-16250; ;-16250; ;-16250; ;-16250; ;-16250; ;-16250; ;-16250; ;-16250; ;-16250; ;-16250; ;-16250; ;-16250; ;-16250; ;-1016250; ; ; ; ; ; ; ; ; ; ; ; ; ; ; ; ; ; ; ; ; ; ; ; ; ; ; ; ; ; ; ; ; ; ; ; ; ; ; ; ; ; ; ; ; ; ; ; ; ; ; ; ; ; ; ; ; ; ; ; ; ; ; ; ; ; ; 
MEF;20260204;IT0005240350;20330901;1000000;;0;-12250; ;-12250; ;-12250; ;-12250; ;-12250; ;-12250; ;-12250; ;-12250; ;-12250; ;-12250; ;-12250; ;-12250; ;-12250; ;-12250; ;-1012250; ; ; ; ; ; ; ; ; ; ; ; ; ; ; ; ; ; ; ; ; ; ; ; ; ; ; ; ; ; ; ; ; ; ; ; ; ; ; ; ; ; ; ; ; ; ; ; ; ; ; ; ; ; ; ; ; ; ; ; ; ; ; ; ; ; ; ; ; ; ; ; ; ; ; ; ; ; ; ; ; ; ; ; ; 
MEF;20260204;IT0005363111;20490901;3000000;;0;-57750; ;-57750; ;-57750; ;-57750; ;-57750; ;-57750; ;-57750; ;-57750; ;-57750; ;-57750; ;-57750; ;-57750; ;-57750; ;-57750; ;-57750; ;-57750; ;-57750; ;-57750; ;-57750; ;-57750; ;-57750; ;-57750; ;-57750; ;-57750; ;-57750; ;-57750; ;-57750; ;-57750; ;-57750; ;-57750; ;-57750; ;-57750;-57750;-57750;-57750;-57750;-57750;-57750;-57750;-57750;-57750;-57750;-57750;-57750;-57750;-57750;-3057750; ; ; ; ; ; ; ; ; ; ; ; ; ; ; ; ; ; ; ; ; ; ; ; ; ; ; ; ; ; ; ; ; ; ; ; 
MEF;20260205;IT0004889033;20280901;500000;;0;-11875; ;-11875; ;-11875; ;-11875; ;-511875; ; ; ; ; ; ; ; ; ; ; ; ; ; ; ; ; ; ; ; ; ; ; ; ; ; ; ; ; ; ; ; ; ; ; ; ; ; ; ; ; ; ; ; ; ; ; ; ; ; ; ; ; ; ; ; ; ; ; ; ; ; ; ; ; ; ; ; ; ; ; ; ; ; ; ; ; ; ; ; ; ; ; ; ; ; ; ; ; ; ; ; ; ; ; ; ; ; ; ; ; ; ; ; ; 
MEF;20260205;IT0005024234;20300301;10000000;;0;-175000; ;-175000; ;-175000; ;-175000; ;-175000; ;-175000; ;-175000; ;-10175000; ; ; ; ; ; ; ; ; ; ; ; ; ; ; ; ; ; ; ; ; ; ; ; ; ; ; ; ; ; ; ; ; ; ; ; ; ; ; ; ; ; ; ; ; ; ; ; ; ; ; ; ; ; ; ; ; ; ; ; ; ; ; ; ; ; ; ; ; ; ; ; ; ; ; ; ; ; ; ; ; ; ; ; ; ; ; ; ; ; ; ; ; ; ; ; ; ; ; 
MEF;20260206;IT0004889033;20280901;-1100000;;0;26125; ;26125; ;26125; ;26125; ;1126125; ; ; ; ; ; ; ; ; ; ; ; ; ; ; ; ; ; ; ; ; ; ; ; ; ; ; ; ; ; ; ; ; ; ; ; ; ; ; ; ; ; ; ; ; ; ; ; ; ; ; ; ; ; ; ; ; ; ; ; ; ; ; ; ; ; ; ; ; ; ; ; ; ; ; ; ; ; ; ; ; ; ; ; ; ; ; ; ; ; ; ; ; ; ; ; ; ; ; ; ; ; ; ; ; 
MEF;20260206;IT0005177909;20360901;-1200000;;0;13500; ;13500; ;13500; ;13500; ;13500; ;13500; ;13500; ;13500; ;13500; ;13500; ;13500; ;13500; ;13500; ;13500; ;13500; ;13500; ;13500; ;13500; ;13500; ;13500; ;1213500; ; ; ; ; ; ; ; ; ; ; ; ; ; ; ; ; ; ; ; ; ; ; ; ; ; ; ; ; ; ; ; ; ; ; ; ; ; ; ; ; ; ; ; ; ; ; ; ; ; ; ; ; ; ; ; ; ; ; ; ; ; ; ; ; ; ; ; ; ; ; ; ; 
MEF;20260206;IT0005240350;20330901;-4000000;;0;49000; ;49000; ;49000; ;49000; ;49000; ;49000; ;49000; ;49000; ;49000; ;49000; ;49000; ;49000; ;49000; ;49000; ;4049000; ; ; ; ; ; ; ; ; ; ; ; ; ; ; ; ; ; ; ; ; ; ; ; ; ; ; ; ; ; ; ; ; ; ; ; ; ; ; ; ; ; ; ; ; ; ; ; ; ; ; ; ; ; ; ; ; ; ; ; ; ; ; ; ; ; ; ; ; ; ; ; ; ; ; ; ; ; ; ; ; ; ; ; ; 
MEF;20260206;IT0005273013;20480301;-1100000;;0;18975; ;18975; ;18975; ;18975; ;18975; ;18975; ;18975; ;18975; ;18975; ;18975; ;18975; ;18975; ;18975; ;18975; ;18975; ;18975; ;18975; ;18975; ;18975; ;18975; ;18975; ;18975; ;18975; ;18975; ;18975; ;18975; ;18975; ;18975; ;18975; ;18975; ;18975; ;18975;18975;18975;18975;18975;18975;18975;18975;18975;18975;18975;18975;1118975; ; ; ; ; ; ; ; ; ; ; ; ; ; ; ; ; ; ; ; ; ; ; ; ; ; ; ; ; ; ; ; ; ; ; ; ; ; ; 
MEF;20260206;IT0005358806;20350301;-1200000;;0;20100; ;20100; ;20100; ;20100; ;20100; ;20100; ;20100; ;20100; ;20100; ;20100; ;20100; ;20100; ;20100; ;20100; ;20100; ;20100; ;20100; ;1220100; ; ; ; ; ; ; ; ; ; ; ; ; ; ; ; ; ; ; ; ; ; ; ; ; ; ; ; ; ; ; ; ; ; ; ; ; ; ; ; ; ; ; ; ; ; ; ; ; ; ; ; ; ; ; ; ; ; ; ; ; ; ; ; ; ; ; ; ; ; ; ; ; ; ; ; ; ; ; 
MEF;20260206;IT0005402117;20360301;-900000;;0;6525; ;6525; ;6525; ;6525; ;6525; ;6525; ;6525; ;6525; ;6525; ;6525; ;6525; ;6525; ;6525; ;6525; ;6525; ;6525; ;6525; ;6525; ;6525; ;906525; ; ; ; ; ; ; ; ; ; ; ; ; ; ; ; ; ; ; ; ; ; ; ; ; ; ; ; ; ; ; ; ; ; ; ; ; ; ; ; ; ; ; ; ; ; ; ; ; ; ; ; ; ; ; ; ; ; ; ; ; ; ; ; ; ; ; ; ; ; ; ; ; ; ; 
MEF;20260206;IT0005560948;20340301;-1100000;;0;23100; ;23100; ;23100; ;23100; ;23100; ;23100; ;23100; ;23100; ;23100; ;23100; ;23100; ;23100; ;23100; ;23100; ;23100; ;1123100; ; ; ; ; ; ; ; ; ; ; ; ; ; ; ; ; ; ; ; ; ; ; ; ; ; ; ; ; ; ; ; ; ; ; ; ; ; ; ; ; ; ; ; ; ; ; ; ; ; ; ; ; ; ; ; ; ; ; ; ; ; ; ; ; ; ; ; ; ; ; ; ; ; ; ; ; ; ; ; ; ; ; 
MEF;20260209;IT0004889033;20280901;1100000;;0;-26125; ;-26125; ;-26125; ;-26125; ;-1126125; ; ; ; ; ; ; ; ; ; ; ; ; ; ; ; ; ; ; ; ; ; ; ; ; ; ; ; ; ; ; ; ; ; ; ; ; ; ; ; ; ; ; ; ; ; ; ; ; ; ; ; ; ; ; ; ; ; ; ; ; ; ; ; ; ; ; ; ; ; ; ; ; ; ; ; ; ; ; ; ; ; ; ; ; ; ; ; ; ; ; ; ; ; ; ; ; ; ; ; ; ; ; ; ; 
MEF;20260210;IT0005024234;20300301;10000000;;0;-175000; ;-175000; ;-175000; ;-175000; ;-175000; ;-175000; ;-175000; ;-10175000; ; ; ; ; ; ; ; ; ; ; ; ; ; ; ; ; ; ; ; ; ; ; ; ; ; ; ; ; ; ; ; ; ; ; ; ; ; ; ; ; ; ; ; ; ; ; ; ; ; ; ; ; ; ; ; ; ; ; ; ; ; ; ; ; ; ; ; ; ; ; ; ; ; ; ; ; ; ; ; ; ; ; ; ; ; ; ; ; ; ; ; ; ; ; ; ; ; ; 
MEF;20260210;IT0005024234;20300301;1000000;;0;-17500; ;-17500; ;-17500; ;-17500; ;-17500; ;-17500; ;-17500; ;-1017500; ; ; ; ; ; ; ; ; ; ; ; ; ; ; ; ; ; ; ; ; ; ; ; ; ; ; ; ; ; ; ; ; ; ; ; ; ; ; ; ; ; ; ; ; ; ; ; ; ; ; ; ; ; ; ; ; ; ; ; ; ; ; ; ; ; ; ; ; ; ; ; ; ; ; ; ; ; ; ; ; ; ; ; ; ; ; ; ; ; ; ; ; ; ; ; ; ; ; 
MEF;20260212;IT0005240350;20330901;1000000;;0;-12250; ;-12250; ;-12250; ;-12250; ;-12250; ;-12250; ;-12250; ;-12250; ;-12250; ;-12250; ;-12250; ;-12250; ;-12250; ;-12250; ;-1012250; ; ; ; ; ; ; ; ; ; ; ; ; ; ; ; ; ; ; ; ; ; ; ; ; ; ; ; ; ; ; ; ; ; ; ; ; ; ; ; ; ; ; ; ; ; ; ; ; ; ; ; ; ; ; ; ; ; ; ; ; ; ; ; ; ; ; ; ; ; ; ; ; ; ; ; ; ; ; ; ; ; ; ; ; 
MEF;20260212;IT0005560948;20340301;1000000;;0;-21000; ;-21000; ;-21000; ;-21000; ;-21000; ;-21000; ;-21000; ;-21000; ;-21000; ;-21000; ;-21000; ;-21000; ;-21000; ;-21000; ;-21000; ;-1021000; ; ; ; ; ; ; ; ; ; ; ; ; ; ; ; ; ; ; ; ; ; ; ; ; ; ; ; ; ; ; ; ; ; ; ; ; ; ; ; ; ; ; ; ; ; ; ; ; ; ; ; ; ; ; ; ; ; ; ; ; ; ; ; ; ; ; ; ; ; ; ; ; ; ; ; ; ; ; ; ; ; ; 
MEF;20260213;IT0004889033;20280901;500000;;0;-11875; ;-11875; ;-11875; ;-11875; ;-511875; ; ; ; ; ; ; ; ; ; ; ; ; ; ; ; ; ; ; ; ; ; ; ; ; ; ; ; ; ; ; ; ; ; ; ; ; ; ; ; ; ; ; ; ; ; ; ; ; ; ; ; ; ; ; ; ; ; ; ; ; ; ; ; ; ; ; ; ; ; ; ; ; ; ; ; ; ; ; ; ; ; ; ; ; ; ; ; ; ; ; ; ; ; ; ; ; ; ; ; ; ; ; ; ; 
MEF;20260216;IT0005358806;20350301;-17900000;;0;299825; ;299825; ;299825; ;299825; ;299825; ;299825; ;299825; ;299825; ;299825; ;299825; ;299825; ;299825; ;299825; ;299825; ;299825; ;299825; ;299825; ;18199825; ; ; ; ; ; ; ; ; ; ; ; ; ; ; ; ; ; ; ; ; ; ; ; ; ; ; ; ; ; ; ; ; ; ; ; ; ; ; ; ; ; ; ; ; ; ; ; ; ; ; ; ; ; ; ; ; ; ; ; ; ; ; ; ; ; ; ; ; ; ; ; ; ; ; ; ; ; ; 
MEF;20260216;IT0005358806;20350301;1000000;;0;-16750; ;-16750; ;-16750; ;-16750; ;-16750; ;-16750; ;-16750; ;-16750; ;-16750; ;-16750; ;-16750; ;-16750; ;-16750; ;-16750; ;-16750; ;-16750; ;-16750; ;-1016750; ; ; ; ; ; ; ; ; ; ; ; ; ; ; ; ; ; ; ; ; ; ; ; ; ; ; ; ; ; ; ; ; ; ; ; ; ; ; ; ; ; ; ; ; ; ; ; ; ; ; ; ; ; ; ; ; ; ; ; ; ; ; ; ; ; ; ; ; ; ; ; ; ; ; ; ; ; ; 
MEF;20260216;IT0005496770;20380301;500000;;0;-8125; ;-8125; ;-8125; ;-8125; ;-8125; ;-8125; ;-8125; ;-8125; ;-8125; ;-8125; ;-8125; ;-8125; ;-8125; ;-8125; ;-8125; ;-8125; ;-8125; ;-8125; ;-8125; ;-8125; ;-8125; ;-8125; ;-8125; ;-508125; ; ; ; ; ; ; ; ; ; ; ; ; ; ; ; ; ; ; ; ; ; ; ; ; ; ; ; ; ; ; ; ; ; ; ; ; ; ; ; ; ; ; ; ; ; ; ; ; ; ; ; ; ; ; ; ; ; ; ; ; ; ; ; ; ; ; 
MEF;20260219;IT0005425233;20510901;1000000;;0;-8500; ;-8500; ;-8500; ;-8500; ;-8500; ;-8500; ;-8500; ;-8500; ;-8500; ;-8500; ;-8500; ;-8500; ;-8500; ;-8500; ;-8500; ;-8500; ;-8500; ;-8500; ;-8500; ;-8500; ;-8500; ;-8500; ;-8500; ;-8500; ;-8500; ;-8500; ;-8500; ;-8500; ;-8500; ;-8500; ;-8500; ;-8500;-8500;-8500;-8500;-8500;-8500;-8500;-8500;-8500;-8500;-8500;-8500;-8500;-8500;-8500;-8500;-8500;-8500;-8500;-1008500; ; ; ; ; ; ; ; ; ; ; ; ; ; ; ; ; ; ; ; ; ; ; ; ; ; ; ; ; ; ; ; 
MEF;20260303;IT0005530032;20430901;10100000;;0;-224725; ;-224725; ;-224725; ;-224725; ;-224725; ;-224725; ;-224725; ;-224725; ;-224725; ;-224725; ;-224725; ;-224725; ;-224725; ;-224725; ;-224725; ;-224725; ;-224725; ;-224725; ;-224725; ;-224725; ;-224725; ;-224725; ;-224725; ;-224725; ;-224725; ;-224725; ;-224725; ;-224725; ;-224725; ;-224725; ;-224725; ;-224725;-224725;-224725;-10324725; ; ; ; ; ; ; ; ; ; ; ; ; ; ; ; ; ; ; ; ; ; ; ; ; ; ; ; ; ; ; ; ; ; ; ; ; ; ; ; ; ; ; ; ; ; ; ; 
MEF;20260304;IT0005094088;20320301;1000000;;0;-8250; ;-8250; ;-8250; ;-8250; ;-8250; ;-8250; ;-8250; ;-8250; ;-8250; ;-8250; ;-8250; ;-1008250; ; ; ; ; ; ; ; ; ; ; ; ; ; ; ; ; ; ; ; ; ; ; ; ; ; ; ; ; ; ; ; ; ; ; ; ; ; ; ; ; ; ; ; ; ; ; ; ; ; ; ; ; ; ; ; ; ; ; ; ; ; ; ; ; ; ; ; ; ; ; ; ; ; ; ; ; ; ; ; ; ; ; ; ; ; ; ; ; ; ; 
MEF;20260304;IT0005177909;20360901;1000000;;0;-11250; ;-11250; ;-11250; ;-11250; ;-11250; ;-11250; ;-11250; ;-11250; ;-11250; ;-11250; ;-11250; ;-11250; ;-11250; ;-11250; ;-11250; ;-11250; ;-11250; ;-11250; ;-11250; ;-11250; ;-1011250; ; ; ; ; ; ; ; ; ; ; ; ; ; ; ; ; ; ; ; ; ; ; ; ; ; ; ; ; ; ; ; ; ; ; ; ; ; ; ; ; ; ; ; ; ; ; ; ; ; ; ; ; ; ; ; ; ; ; ; ; ; ; ; ; ; ; ; ; ; ; ; ; 
MEF;20260304;IT0005321325;20380901;1000000;;0;-14750; ;-14750; ;-14750; ;-14750; ;-14750; ;-14750; ;-14750; ;-14750; ;-14750; ;-14750; ;-14750; ;-14750; ;-14750; ;-14750; ;-14750; ;-14750; ;-14750; ;-14750; ;-14750; ;-14750; ;-14750; ;-14750; ;-14750; ;-14750; ;-1014750; ; ; ; ; ; ; ; ; ; ; ; ; ; ; ; ; ; ; ; ; ; ; ; ; ; ; ; ; ; ; ; ; ; ; ; ; ; ; ; ; ; ; ; ; ; ; ; ; ; ; ; ; ; ; ; ; ; ; ; ; ; ; ; ; 
MEF;20260304;IT0005358806;20350301;1000000;;0;-16750; ;-16750; ;-16750; ;-16750; ;-16750; ;-16750; ;-16750; ;-16750; ;-16750; ;-16750; ;-16750; ;-16750; ;-16750; ;-16750; ;-16750; ;-16750; ;-16750; ;-1016750; ; ; ; ; ; ; ; ; ; ; ; ; ; ; ; ; ; ; ; ; ; ; ; ; ; ; ; ; ; ; ; ; ; ; ; ; ; ; ; ; ; ; ; ; ; ; ; ; ; ; ; ; ; ; ; ; ; ; ; ; ; ; ; ; ; ; ; ; ; ; ; ; ; ; ; ; ; ; 
MEF;20260304;IT0005363111;20490901;15000000;;0;-288750; ;-288750; ;-288750; ;-288750; ;-288750; ;-288750; ;-288750; ;-288750; ;-288750; ;-288750; ;-288750; ;-288750; ;-288750; ;-288750; ;-288750; ;-288750; ;-288750; ;-288750; ;-288750; ;-288750; ;-288750; ;-288750; ;-288750; ;-288750; ;-288750; ;-288750; ;-288750; ;-288750; ;-288750; ;-288750; ;-288750; ;-288750;-288750;-288750;-288750;-288750;-288750;-288750;-288750;-288750;-288750;-288750;-288750;-288750;-288750;-288750;-15288750; ; ; ; ; ; ; ; ; ; ; ; ; ; ; ; ; ; ; ; ; ; ; ; ; ; ; ; ; ; ; ; ; ; ; ; 
MEF;20260304;IT0005433195;20370301;1000000;;0;-4750; ;-4750; ;-4750; ;-4750; ;-4750; ;-4750; ;-4750; ;-4750; ;-4750; ;-4750; ;-4750; ;-4750; ;-4750; ;-4750; ;-4750; ;-4750; ;-4750; ;-4750; ;-4750; ;-4750; ;-4750; ;-1004750; ; ; ; ; ; ; ; ; ; ; ; ; ; ; ; ; ; ; ; ; ; ; ; ; ; ; ; ; ; ; ; ; ; ; ; ; ; ; ; ; ; ; ; ; ; ; ; ; ; ; ; ; ; ; ; ; ; ; ; ; ; ; ; ; ; ; ; ; ; ; 
MEF;20260304;IT0005560948;20340301;1000000;;0;-21000; ;-21000; ;-21000; ;-21000; ;-21000; ;-21000; ;-21000; ;-21000; ;-21000; ;-21000; ;-21000; ;-21000; ;-21000; ;-21000; ;-21000; ;-1021000; ; ; ; ; ; ; ; ; ; ; ; ; ; ; ; ; ; ; ; ; ; ; ; ; ; ; ; ; ; ; ; ; ; ; ; ; ; ; ; ; ; ; ; ; ; ; ; ; ; ; ; ; ; ; ; ; ; ; ; ; ; ; ; ; ; ; ; ; ; ; ; ; ; ; ; ; ; ; ; ; ; ; 
MEF;20260305;IT0005530032;20430901;83000000;;0;-1846750; ;-1846750; ;-1846750; ;-1846750; ;-1846750; ;-1846750; ;-1846750; ;-1846750; ;-1846750; ;-1846750; ;-1846750; ;-1846750; ;-1846750; ;-1846750; ;-1846750; ;-1846750; ;-1846750; ;-1846750; ;-1846750; ;-1846750; ;-1846750; ;-1846750; ;-1846750; ;-1846750; ;-1846750; ;-1846750; ;-1846750; ;-1846750; ;-1846750; ;-1846750; ;-1846750; ;-1846750;-1846750;-1846750;-84846750; ; ; ; ; ; ; ; ; ; ; ; ; ; ; ; ; ; ; ; ; ; ; ; ; ; ; ; ; ; ; ; ; ; ; ; ; ; ; ; ; ; ; ; ; ; ; ; 
MEF;20260306;IT0004532559;20400901;-24400000;;0;610000; ;610000; ;610000; ;610000; ;610000; ;610000; ;610000; ;610000; ;610000; ;610000; ;610000; ;610000; ;610000; ;610000; ;610000; ;610000; ;610000; ;610000; ;610000; ;610000; ;610000; ;610000; ;610000; ;610000; ;610000; ;610000; ;610000; ;610000; ;25010000; ; ; ; ; ; ; ; ; ; ; ; ; ; ; ; ; ; ; ; ; ; ; ; ; ; ; ; ; ; ; ; ; ; ; ; ; ; ; ; ; ; ; ; ; ; ; ; ; ; ; ; ; ; ; ; ; 
MEF;20260306;IT0004889033;20280901;-1100000;;0;26125; ;26125; ;26125; ;26125; ;1126125; ; ; ; ; ; ; ; ; ; ; ; ; ; ; ; ; ; ; ; ; ; ; ; ; ; ; ; ; ; ; ; ; ; ; ; ; ; ; ; ; ; ; ; ; ; ; ; ; ; ; ; ; ; ; ; ; ; ; ; ; ; ; ; ; ; ; ; ; ; ; ; ; ; ; ; ; ; ; ; ; ; ; ; ; ; ; ; ; ; ; ; ; ; ; ; ; ; ; ; ; ; ; ; ; 
MEF;20260306;IT0004923998;20440901;12000000;;0;-285000; ;-285000; ;-285000; ;-285000; ;-285000; ;-285000; ;-285000; ;-285000; ;-285000; ;-285000; ;-285000; ;-285000; ;-285000; ;-285000; ;-285000; ;-285000; ;-285000; ;-285000; ;-285000; ;-285000; ;-285000; ;-285000; ;-285000; ;-285000; ;-285000; ;-285000; ;-285000; ;-285000; ;-285000; ;-285000; ;-285000; ;-285000;-285000;-285000;-285000;-285000;-12285000; ; ; ; ; ; ; ; ; ; ; ; ; ; ; ; ; ; ; ; ; ; ; ; ; ; ; ; ; ; ; ; ; ; ; ; ; ; ; ; ; ; ; ; ; ; 
MEF;20260306;IT0005240350;20330901;-1200000;;0;14700; ;14700; ;14700; ;14700; ;14700; ;14700; ;14700; ;14700; ;14700; ;14700; ;14700; ;14700; ;14700; ;14700; ;1214700; ; ; ; ; ; ; ; ; ; ; ; ; ; ; ; ; ; ; ; ; ; ; ; ; ; ; ; ; ; ; ; ; ; ; ; ; ; ; ; ; ; ; ; ; ; ; ; ; ; ; ; ; ; ; ; ; ; ; ; ; ; ; ; ; ; ; ; ; ; ; ; ; ; ; ; ; ; ; ; ; ; ; ; ; 
MEF;20260306;IT0005321325;20380901;-1100000;;0;16225; ;16225; ;16225; ;16225; ;16225; ;16225; ;16225; ;16225; ;16225; ;16225; ;16225; ;16225; ;16225; ;16225; ;16225; ;16225; ;16225; ;16225; ;16225; ;16225; ;16225; ;16225; ;16225; ;16225; ;1116225; ; ; ; ; ; ; ; ; ; ; ; ; ; ; ; ; ; ; ; ; ; ; ; ; ; ; ; ; ; ; ; ; ; ; ; ; ; ; ; ; ; ; ; ; ; ; ; ; ; ; ; ; ; ; ; ; ; ; ; ; ; ; ; ; 
MEF;20260306;IT0005358806;20350301;-1200000;;0;20100; ;20100; ;20100; ;20100; ;20100; ;20100; ;20100; ;20100; ;20100; ;20100; ;20100; ;20100; ;20100; ;20100; ;20100; ;20100; ;20100; ;1220100; ; ; ; ; ; ; ; ; ; ; ; ; ; ; ; ; ; ; ; ; ; ; ; ; ; ; ; ; ; ; ; ; ; ; ; ; ; ; ; ; ; ; ; ; ; ; ; ; ; ; ; ; ; ; ; ; ; ; ; ; ; ; ; ; ; ; ; ; ; ; ; ; ; ; ; ; ; ; 
MEF;20260306;IT0005377152;20400301;-900000;;0;13950; ;13950; ;13950; ;13950; ;13950; ;13950; ;13950; ;13950; ;13950; ;13950; ;13950; ;13950; ;13950; ;13950; ;13950; ;13950; ;13950; ;13950; ;13950; ;13950; ;13950; ;13950; ;13950; ;13950; ;13950; ;13950; ;13950; ;913950; ; ; ; ; ; ; ; ; ; ; ; ; ; ; ; ; ; ; ; ; ; ; ; ; ; ; ; ; ; ; ; ; ; ; ; ; ; ; ; ; ; ; ; ; ; ; ; ; ; ; ; ; ; ; ; ; ; ; 
MEF;20260306;IT0005421703;20410301;-900000;;0;8100; ;8100; ;8100; ;8100; ;8100; ;8100; ;8100; ;8100; ;8100; ;8100; ;8100; ;8100; ;8100; ;8100; ;8100; ;8100; ;8100; ;8100; ;8100; ;8100; ;8100; ;8100; ;8100; ;8100; ;8100; ;8100; ;8100; ;8100; ;8100; ;908100; ; ; ; ; ; ; ; ; ; ; ; ; ; ; ; ; ; ; ; ; ; ; ; ; ; ; ; ; ; ; ; ; ; ; ; ; ; ; ; ; ; ; ; ; ; ; ; ; ; ; ; ; ; ; 
MEF;20260306;IT0005433195;20370301;-900000;;0;4275; ;4275; ;4275; ;4275; ;4275; ;4275; ;4275; ;4275; ;4275; ;4275; ;4275; ;4275; ;4275; ;4275; ;4275; ;4275; ;4275; ;4275; ;4275; ;4275; ;4275; ;904275; ; ; ; ; ; ; ; ; ; ; ; ; ; ; ; ; ; ; ; ; ; ; ; ; ; ; ; ; ; ; ; ; ; ; ; ; ; ; ; ; ; ; ; ; ; ; ; ; ; ; ; ; ; ; ; ; ; ; ; ; ; ; ; ; ; ; ; ; ; ; 
MEF;20260306;IT0005496770;20380301;-900000;;0;14625; ;14625; ;14625; ;14625; ;14625; ;14625; ;14625; ;14625; ;14625; ;14625; ;14625; ;14625; ;14625; ;14625; ;14625; ;14625; ;14625; ;14625; ;14625; ;14625; ;14625; ;14625; ;14625; ;914625; ; ; ; ; ; ; ; ; ; ; ; ; ; ; ; ; ; ; ; ; ; ; ; ; ; ; ; ; ; ; ; ; ; ; ; ; ; ; ; ; ; ; ; ; ; ; ; ; ; ; ; ; ; ; ; ; ; ; ; ; ; ; ; ; ; ; 
MEF;20260306;IT0005560948;20340301;200000;;0;-4200; ;-4200; ;-4200; ;-4200; ;-4200; ;-4200; ;-4200; ;-4200; ;-4200; ;-4200; ;-4200; ;-4200; ;-4200; ;-4200; ;-4200; ;-204200; ; ; ; ; ; ; ; ; ; ; ; ; ; ; ; ; ; ; ; ; ; ; ; ; ; ; ; ; ; ; ; ; ; ; ; ; ; ; ; ; ; ; ; ; ; ; ; ; ; ; ; ; ; ; ; ; ; ; ; ; ; ; ; ; ; ; ; ; ; ; ; ; ; ; ; ; ; ; ; ; ; ; 
MEF;20260309;IT0005377152;20400301;-52000000;;0;806000; ;806000; ;806000; ;806000; ;806000; ;806000; ;806000; ;806000; ;806000; ;806000; ;806000; ;806000; ;806000; ;806000; ;806000; ;806000; ;806000; ;806000; ;806000; ;806000; ;806000; ;806000; ;806000; ;806000; ;806000; ;806000; ;806000; ;52806000; ; ; ; ; ; ; ; ; ; ; ; ; ; ; ; ; ; ; ; ; ; ; ; ; ; ; ; ; ; ; ; ; ; ; ; ; ; ; ; ; ; ; ; ; ; ; ; ; ; ; ; ; ; ; ; ; ; ; 
MEF;20260310;IT0005094088;20320301;200000;;0;-1650; ;-1650; ;-1650; ;-1650; ;-1650; ;-1650; ;-1650; ;-1650; ;-1650; ;-1650; ;-1650; ;-201650; ; ; ; ; ; ; ; ; ; ; ; ; ; ; ; ; ; ; ; ; ; ; ; ; ; ; ; ; ; ; ; ; ; ; ; ; ; ; ; ; ; ; ; ; ; ; ; ; ; ; ; ; ; ; ; ; ; ; ; ; ; ; ; ; ; ; ; ; ; ; ; ; ; ; ; ; ; ; ; ; ; ; ; ; ; ; ; ; ; ; 
MEF;20260313;IT0004889033;20280901;-1800000;;0;42750; ;42750; ;42750; ;42750; ;1842750; ; ; ; ; ; ; ; ; ; ; ; ; ; ; ; ; ; ; ; ; ; ; ; ; ; ; ; ; ; ; ; ; ; ; ; ; ; ; ; ; ; ; ; ; ; ; ; ; ; ; ; ; ; ; ; ; ; ; ; ; ; ; ; ; ; ; ; ; ; ; ; ; ; ; ; ; ; ; ; ; ; ; ; ; ; ; ; ; ; ; ; ; ; ; ; ; ; ; ; ; ; ; ; ; 
MEF;20260313;IT0004889033;20280901;-900000;;0;21375; ;21375; ;21375; ;21375; ;921375; ; ; ; ; ; ; ; ; ; ; ; ; ; ; ; ; ; ; ; ; ; ; ; ; ; ; ; ; ; ; ; ; ; ; ; ; ; ; ; ; ; ; ; ; ; ; ; ; ; ; ; ; ; ; ; ; ; ; ; ; ; ; ; ; ; ; ; ; ; ; ; ; ; ; ; ; ; ; ; ; ; ; ; ; ; ; ; ; ; ; ; ; ; ; ; ; ; ; ; ; ; ; ; ; 
MEF;20260313;IT0005024234;20300301;-1700000;;0;29750; ;29750; ;29750; ;29750; ;29750; ;29750; ;29750; ;1729750; ; ; ; ; ; ; ; ; ; ; ; ; ; ; ; ; ; ; ; ; ; ; ; ; ; ; ; ; ; ; ; ; ; ; ; ; ; ; ; ; ; ; ; ; ; ; ; ; ; ; ; ; ; ; ; ; ; ; ; ; ; ; ; ; ; ; ; ; ; ; ; ; ; ; ; ; ; ; ; ; ; ; ; ; ; ; ; ; ; ; ; ; ; ; ; ; ; ; 
MEF;20260313;IT0005425233;20510901;-1100000;;0;9350; ;9350; ;9350; ;9350; ;9350; ;9350; ;9350; ;9350; ;9350; ;9350; ;9350; ;9350; ;9350; ;9350; ;9350; ;9350; ;9350; ;9350; ;9350; ;9350; ;9350; ;9350; ;9350; ;9350; ;9350; ;9350; ;9350; ;9350; ;9350; ;9350; ;9350; ;9350;9350;9350;9350;9350;9350;9350;9350;9350;9350;9350;9350;9350;9350;9350;9350;9350;9350;9350;1109350; ; ; ; ; ; ; ; ; ; ; ; ; ; ; ; ; ; ; ; ; ; ; ; ; ; ; ; ; ; ; ; 
MEF;20260316;IT0005024234;20300301;500000;;0;-8750; ;-8750; ;-8750; ;-8750; ;-8750; ;-8750; ;-8750; ;-508750; ; ; ; ; ; ; ; ; ; ; ; ; ; ; ; ; ; ; ; ; ; ; ; ; ; ; ; ; ; ; ; ; ; ; ; ; ; ; ; ; ; ; ; ; ; ; ; ; ; ; ; ; ; ; ; ; ; ; ; ; ; ; ; ; ; ; ; ; ; ; ; ; ; ; ; ; ; ; ; ; ; ; ; ; ; ; ; ; ; ; ; ; ; ; ; ; ; ; 
MEF;20260323;IT0004889033;20280901;500000;;0;-11875; ;-11875; ;-11875; ;-11875; ;-511875; ; ; ; ; ; ; ; ; ; ; ; ; ; ; ; ; ; ; ; ; ; ; ; ; ; ; ; ; ; ; ; ; ; ; ; ; ; ; ; ; ; ; ; ; ; ; ; ; ; ; ; ; ; ; ; ; ; ; ; ; ; ; ; ; ; ; ; ; ; ; ; ; ; ; ; ; ; ; ; ; ; ; ; ; ; ; ; ; ; ; ; ; ; ; ; ; ; ; ; ; ; ; ; ; 
MEF;20260325;IT0005421703;20410301;1000000;;0;-9000; ;-9000; ;-9000; ;-9000; ;-9000; ;-9000; ;-9000; ;-9000; ;-9000; ;-9000; ;-9000; ;-9000; ;-9000; ;-9000; ;-9000; ;-9000; ;-9000; ;-9000; ;-9000; ;-9000; ;-9000; ;-9000; ;-9000; ;-9000; ;-9000; ;-9000; ;-9000; ;-9000; ;-9000; ;-1009000; ; ; ; ; ; ; ; ; ; ; ; ; ; ; ; ; ; ; ; ; ; ; ; ; ; ; ; ; ; ; ; ; ; ; ; ; ; ; ; ; ; ; ; ; ; ; ; ; ; ; ; ; ; ; 
MEF;20260325;IT0005560948;20340301;200000;;0;-4200; ;-4200; ;-4200; ;-4200; ;-4200; ;-4200; ;-4200; ;-4200; ;-4200; ;-4200; ;-4200; ;-4200; ;-4200; ;-4200; ;-4200; ;-204200; ; ; ; ; ; ; ; ; ; ; ; ; ; ; ; ; ; ; ; ; ; ; ; ; ; ; ; ; ; ; ; ; ; ; ; ; ; ; ; ; ; ; ; ; ; ; ; ; ; ; ; ; ; ; ; ; ; ; ; ; ; ; ; ; ; ; ; ; ; ; ; ; ; ; ; ; ; ; ; ; ; ; 
MEF;20260327;IT0004889033;20280901;-2000000;;0;47500; ;47500; ;47500; ;47500; ;2047500; ; ; ; ; ; ; ; ; ; ; ; ; ; ; ; ; ; ; ; ; ; ; ; ; ; ; ; ; ; ; ; ; ; ; ; ; ; ; ; ; ; ; ; ; ; ; ; ; ; ; ; ; ; ; ; ; ; ; ; ; ; ; ; ; ; ; ; ; ; ; ; ; ; ; ; ; ; ; ; ; ; ; ; ; ; ; ; ; ; ; ; ; ; ; ; ; ; ; ; ; ; ; ; ; 
MEF;20260327;IT0005024234;20300301;-5000000;;0;87500; ;87500; ;87500; ;87500; ;87500; ;87500; ;87500; ;5087500; ; ; ; ; ; ; ; ; ; ; ; ; ; ; ; ; ; ; ; ; ; ; ; ; ; ; ; ; ; ; ; ; ; ; ; ; ; ; ; ; ; ; ; ; ; ; ; ; ; ; ; ; ; ; ; ; ; ; ; ; ; ; ; ; ; ; ; ; ; ; ; ; ; ; ; ; ; ; ; ; ; ; ; ; ; ; ; ; ; ; ; ; ; ; ; ; ; ; 
MEF;20260327;IT0005094088;20320301;-2000000;;0;16500; ;16500; ;16500; ;16500; ;16500; ;16500; ;16500; ;16500; ;16500; ;16500; ;16500; ;2016500; ; ; ; ; ; ; ; ; ; ; ; ; ; ; ; ; ; ; ; ; ; ; ; ; ; ; ; ; ; ; ; ; ; ; ; ; ; ; ; ; ; ; ; ; ; ; ; ; ; ; ; ; ; ; ; ; ; ; ; ; ; ; ; ; ; ; ; ; ; ; ; ; ; ; ; ; ; ; ; ; ; ; ; ; ; ; ; ; ; ; 
MEF;20260327;IT0005177909;20360901;-3000000;;0;33750; ;33750; ;33750; ;33750; ;33750; ;33750; ;33750; ;33750; ;33750; ;33750; ;33750; ;33750; ;33750; ;33750; ;33750; ;33750; ;33750; ;33750; ;33750; ;33750; ;3033750; ; ; ; ; ; ; ; ; ; ; ; ; ; ; ; ; ; ; ; ; ; ; ; ; ; ; ; ; ; ; ; ; ; ; ; ; ; ; ; ; ; ; ; ; ; ; ; ; ; ; ; ; ; ; ; ; ; ; ; ; ; ; ; ; ; ; ; ; ; ; ; ; 
MEF;20260327;IT0005240350;20330901;-1000000;;0;12250; ;12250; ;12250; ;12250; ;12250; ;12250; ;12250; ;12250; ;12250; ;12250; ;12250; ;12250; ;12250; ;12250; ;1012250; ; ; ; ; ; ; ; ; ; ; ; ; ; ; ; ; ; ; ; ; ; ; ; ; ; ; ; ; ; ; ; ; ; ; ; ; ; ; ; ; ; ; ; ; ; ; ; ; ; ; ; ; ; ; ; ; ; ; ; ; ; ; ; ; ; ; ; ; ; ; ; ; ; ; ; ; ; ; ; ; ; ; ; ; 
MEF;20260327;IT0005273013;20480301;-1000000;;0;17250; ;17250; ;17250; ;17250; ;17250; ;17250; ;17250; ;17250; ;17250; ;17250; ;17250; ;17250; ;17250; ;17250; ;17250; ;17250; ;17250; ;17250; ;17250; ;17250; ;17250; ;17250; ;17250; ;17250; ;17250; ;17250; ;17250; ;17250; ;17250; ;17250; ;17250; ;17250;17250;17250;17250;17250;17250;17250;17250;17250;17250;17250;17250;1017250; ; ; ; ; ; ; ; ; ; ; ; ; ; ; ; ; ; ; ; ; ; ; ; ; ; ; ; ; ; ; ; ; ; ; ; ; ; ; 
MEF;20260327;IT0005321325;20380901;-2000000;;0;29500; ;29500; ;29500; ;29500; ;29500; ;29500; ;29500; ;29500; ;29500; ;29500; ;29500; ;29500; ;29500; ;29500; ;29500; ;29500; ;29500; ;29500; ;29500; ;29500; ;29500; ;29500; ;29500; ;29500; ;2029500; ; ; ; ; ; ; ; ; ; ; ; ; ; ; ; ; ; ; ; ; ; ; ; ; ; ; ; ; ; ; ; ; ; ; ; ; ; ; ; ; ; ; ; ; ; ; ; ; ; ; ; ; ; ; ; ; ; ; ; ; ; ; ; ; 
MEF;20260327;IT0005358806;20350301;-2000000;;0;33500; ;33500; ;33500; ;33500; ;33500; ;33500; ;33500; ;33500; ;33500; ;33500; ;33500; ;33500; ;33500; ;33500; ;33500; ;33500; ;33500; ;2033500; ; ; ; ; ; ; ; ; ; ; ; ; ; ; ; ; ; ; ; ; ; ; ; ; ; ; ; ; ; ; ; ; ; ; ; ; ; ; ; ; ; ; ; ; ; ; ; ; ; ; ; ; ; ; ; ; ; ; ; ; ; ; ; ; ; ; ; ; ; ; ; ; ; ; ; ; ; ; 
MEF;20260327;IT0005358806;20350301;-900000;;0;15075; ;15075; ;15075; ;15075; ;15075; ;15075; ;15075; ;15075; ;15075; ;15075; ;15075; ;15075; ;15075; ;15075; ;15075; ;15075; ;15075; ;915075; ; ; ; ; ; ; ; ; ; ; ; ; ; ; ; ; ; ; ; ; ; ; ; ; ; ; ; ; ; ; ; ; ; ; ; ; ; ; ; ; ; ; ; ; ; ; ; ; ; ; ; ; ; ; ; ; ; ; ; ; ; ; ; ; ; ; ; ; ; ; ; ; ; ; ; ; ; ; 
MEF;20260327;IT0005402117;20360301;-2000000;;0;14500; ;14500; ;14500; ;14500; ;14500; ;14500; ;14500; ;14500; ;14500; ;14500; ;14500; ;14500; ;14500; ;14500; ;14500; ;14500; ;14500; ;14500; ;14500; ;2014500; ; ; ; ; ; ; ; ; ; ; ; ; ; ; ; ; ; ; ; ; ; ; ; ; ; ; ; ; ; ; ; ; ; ; ; ; ; ; ; ; ; ; ; ; ; ; ; ; ; ; ; ; ; ; ; ; ; ; ; ; ; ; ; ; ; ; ; ; ; ; ; ; ; ; 
MEF;20260327;IT0005421703;20410301;-2000000;;0;18000; ;18000; ;18000; ;18000; ;18000; ;18000; ;18000; ;18000; ;18000; ;18000; ;18000; ;18000; ;18000; ;18000; ;18000; ;18000; ;18000; ;18000; ;18000; ;18000; ;18000; ;18000; ;18000; ;18000; ;18000; ;18000; ;18000; ;18000; ;18000; ;2018000; ; ; ; ; ; ; ; ; ; ; ; ; ; ; ; ; ; ; ; ; ; ; ; ; ; ; ; ; ; ; ; ; ; ; ; ; ; ; ; ; ; ; ; ; ; ; ; ; ; ; ; ; ; ; 
MEF;20260327;IT0005433195;20370301;-2000000;;0;9500; ;9500; ;9500; ;9500; ;9500; ;9500; ;9500; ;9500; ;9500; ;9500; ;9500; ;9500; ;9500; ;9500; ;9500; ;9500; ;9500; ;9500; ;9500; ;9500; ;9500; ;2009500; ; ; ; ; ; ; ; ; ; ; ; ; ; ; ; ; ; ; ; ; ; ; ; ; ; ; ; ; ; ; ; ; ; ; ; ; ; ; ; ; ; ; ; ; ; ; ; ; ; ; ; ; ; ; ; ; ; ; ; ; ; ; ; ; ; ; ; ; ; ; 
MEF;20260327;IT0005496770;20380301;-2000000;;0;32500; ;32500; ;32500; ;32500; ;32500; ;32500; ;32500; ;32500; ;32500; ;32500; ;32500; ;32500; ;32500; ;32500; ;32500; ;32500; ;32500; ;32500; ;32500; ;32500; ;32500; ;32500; ;32500; ;2032500; ; ; ; ; ; ; ; ; ; ; ; ; ; ; ; ; ; ; ; ; ; ; ; ; ; ; ; ; ; ; ; ; ; ; ; ; ; ; ; ; ; ; ; ; ; ; ; ; ; ; ; ; ; ; ; ; ; ; ; ; ; ; ; ; ; ; 
MEF;20260327;IT0005560948;20340301;-2000000;;0;42000; ;42000; ;42000; ;42000; ;42000; ;42000; ;42000; ;42000; ;42000; ;42000; ;42000; ;42000; ;42000; ;42000; ;42000; ;2042000; ; ; ; ; ; ; ; ; ; ; ; ; ; ; ; ; ; ; ; ; ; ; ; ; ; ; ; ; ; ; ; ; ; ; ; ; ; ; ; ; ; ; ; ; ; ; ; ; ; ; ; ; ; ; ; ; ; ; ; ; ; ; ; ; ; ; ; ; ; ; ; ; ; ; ; ; ; ; ; ; ; ; 
MEF;20260330;IT0005480980;20520901;1000000;;0;-10750; ;-10750; ;-10750; ;-10750; ;-10750; ;-10750; ;-10750; ;-10750; ;-10750; ;-10750; ;-10750; ;-10750; ;-10750; ;-10750; ;-10750; ;-10750; ;-10750; ;-10750; ;-10750; ;-10750; ;-10750; ;-10750; ;-10750; ;-10750; ;-10750; ;-10750; ;-10750; ;-10750; ;-10750; ;-10750; ;-10750; ;-10750;-10750;-10750;-10750;-10750;-10750;-10750;-10750;-10750;-10750;-10750;-10750;-10750;-10750;-10750;-10750;-10750;-10750;-10750;-10750;-10750;-1010750; ; ; ; ; ; ; ; ; ; ; ; ; ; ; ; ; ; ; ; ; ; ; ; ; ; ; ; ; ; 
MEF;20260331;IT0004889033;20280901;6000000;;0;-142500; ;-142500; ;-142500; ;-142500; ;-6142500; ; ; ; ; ; ; ; ; ; ; ; ; ; ; ; ; ; ; ; ; ; ; ; ; ; ; ; ; ; ; ; ; ; ; ; ; ; ; ; ; ; ; ; ; ; ; ; ; ; ; ; ; ; ; ; ; ; ; ; ; ; ; ; ; ; ; ; ; ; ; ; ; ; ; ; ; ; ; ; ; ; ; ; ; ; ; ; ; ; ; ; ; ; ; ; ; ; ; ; ; ; ; ; ; 
MEF;20260331;IT0005024234;20300301;14000000;;0;-245000; ;-245000; ;-245000; ;-245000; ;-245000; ;-245000; ;-245000; ;-14245000; ; ; ; ; ; ; ; ; ; ; ; ; ; ; ; ; ; ; ; ; ; ; ; ; ; ; ; ; ; ; ; ; ; ; ; ; ; ; ; ; ; ; ; ; ; ; ; ; ; ; ; ; ; ; ; ; ; ; ; ; ; ; ; ; ; ; ; ; ; ; ; ; ; ; ; ; ; ; ; ; ; ; ; ; ; ; ; ; ; ; ; ; ; ; ; ; ; ; 
MEF;20260408;IT0004889033;20280901;500000;;0;-11875; ;-11875; ;-11875; ;-11875; ;-511875; ; ; ; ; ; ; ; ; ; ; ; ; ; ; ; ; ; ; ; ; ; ; ; ; ; ; ; ; ; ; ; ; ; ; ; ; ; ; ; ; ; ; ; ; ; ; ; ; ; ; ; ; ; ; ; ; ; ; ; ; ; ; ; ; ; ; ; ; ; ; ; ; ; ; ; ; ; ; ; ; ; ; ; ; ; ; ; ; ; ; ; ; ; ; ; ; ; ; ; ; ; ; ; ; 
MEF;20260408;IT0005425233;20510901;1000000;;0;-8500; ;-8500; ;-8500; ;-8500; ;-8500; ;-8500; ;-8500; ;-8500; ;-8500; ;-8500; ;-8500; ;-8500; ;-8500; ;-8500; ;-8500; ;-8500; ;-8500; ;-8500; ;-8500; ;-8500; ;-8500; ;-8500; ;-8500; ;-8500; ;-8500; ;-8500; ;-8500; ;-8500; ;-8500; ;-8500; ;-8500; ;-8500;-8500;-8500;-8500;-8500;-8500;-8500;-8500;-8500;-8500;-8500;-8500;-8500;-8500;-8500;-8500;-8500;-8500;-8500;-1008500; ; ; ; ; ; ; ; ; ; ; ; ; ; ; ; ; ; ; ; ; ; ; ; ; ; ; ; ; ; ; ; 
MEF;20260408;IT0005480980;20520901;1000000;;0;-10750; ;-10750; ;-10750; ;-10750; ;-10750; ;-10750; ;-10750; ;-10750; ;-10750; ;-10750; ;-10750; ;-10750; ;-10750; ;-10750; ;-10750; ;-10750; ;-10750; ;-10750; ;-10750; ;-10750; ;-10750; ;-10750; ;-10750; ;-10750; ;-10750; ;-10750; ;-10750; ;-10750; ;-10750; ;-10750; ;-10750; ;-10750;-10750;-10750;-10750;-10750;-10750;-10750;-10750;-10750;-10750;-10750;-10750;-10750;-10750;-10750;-10750;-10750;-10750;-10750;-10750;-10750;-1010750; ; ; ; ; ; ; ; ; ; ; ; ; ; ; ; ; ; ; ; ; ; ; ; ; ; ; ; ; ; 
MEF;20260410;IT0005240350;20330901;-1200000;;0;14700; ;14700; ;14700; ;14700; ;14700; ;14700; ;14700; ;14700; ;14700; ;14700; ;14700; ;14700; ;14700; ;14700; ;1214700; ; ; ; ; ; ; ; ; ; ; ; ; ; ; ; ; ; ; ; ; ; ; ; ; ; ; ; ; ; ; ; ; ; ; ; ; ; ; ; ; ; ; ; ; ; ; ; ; ; ; ; ; ; ; ; ; ; ; ; ; ; ; ; ; ; ; ; ; ; ; ; ; ; ; ; ; ; ; ; ; ; ; ; ; 
MEF;20260410;IT0005480980;20520901;-1900000;;0;20425; ;20425; ;20425; ;20425; ;20425; ;20425; ;20425; ;20425; ;20425; ;20425; ;20425; ;20425; ;20425; ;20425; ;20425; ;20425; ;20425; ;20425; ;20425; ;20425; ;20425; ;20425; ;20425; ;20425; ;20425; ;20425; ;20425; ;20425; ;20425; ;20425; ;20425; ;20425;20425;20425;20425;20425;20425;20425;20425;20425;20425;20425;20425;20425;20425;20425;20425;20425;20425;20425;20425;20425;1920425; ; ; ; ; ; ; ; ; ; ; ; ; ; ; ; ; ; ; ; ; ; ; ; ; ; ; ; ; ; 
MEF;20260413;IT0005177909;20360901;200000;;0;-2250; ;-2250; ;-2250; ;-2250; ;-2250; ;-2250; ;-2250; ;-2250; ;-2250; ;-2250; ;-2250; ;-2250; ;-2250; ;-2250; ;-2250; ;-2250; ;-2250; ;-2250; ;-2250; ;-2250; ;-202250; ; ; ; ; ; ; ; ; ; ; ; ; ; ; ; ; ; ; ; ; ; ; ; ; ; ; ; ; ; ; ; ; ; ; ; ; ; ; ; ; ; ; ; ; ; ; ; ; ; ; ; ; ; ; ; ; ; ; ; ; ; ; ; ; ; ; ; ; ; ; ; ; 
MEF;20260415;IT0005177909;20360901;7000000;;0;-78750; ;-78750; ;-78750; ;-78750; ;-78750; ;-78750; ;-78750; ;-78750; ;-78750; ;-78750; ;-78750; ;-78750; ;-78750; ;-78750; ;-78750; ;-78750; ;-78750; ;-78750; ;-78750; ;-78750; ;-7078750; ; ; ; ; ; ; ; ; ; ; ; ; ; ; ; ; ; ; ; ; ; ; ; ; ; ; ; ; ; ; ; ; ; ; ; ; ; ; ; ; ; ; ; ; ; ; ; ; ; ; ; ; ; ; ; ; ; ; ; ; ; ; ; ; ; ; ; ; ; ; ; ; 
MEF;20260416;IT0004889033;20280901;1000000;;0;-23750; ;-23750; ;-23750; ;-23750; ;-1023750; ; ; ; ; ; ; ; ; ; ; ; ; ; ; ; ; ; ; ; ; ; ; ; ; ; ; ; ; ; ; ; ; ; ; ; ; ; ; ; ; ; ; ; ; ; ; ; ; ; ; ; ; ; ; ; ; ; ; ; ; ; ; ; ; ; ; ; ; ; ; ; ; ; ; ; ; ; ; ; ; ; ; ; ; ; ; ; ; ; ; ; ; ; ; ; ; ; ; ; ; ; ; ; ; 
MEF;20260417;IT0004889033;20280901;1000000;;0;-23750; ;-23750; ;-23750; ;-23750; ;-1023750; ; ; ; ; ; ; ; ; ; ; ; ; ; ; ; ; ; ; ; ; ; ; ; ; ; ; ; ; ; ; ; ; ; ; ; ; ; ; ; ; ; ; ; ; ; ; ; ; ; ; ; ; ; ; ; ; ; ; ; ; ; ; ; ; ; ; ; ; ; ; ; ; ; ; ; ; ; ; ; ; ; ; ; ; ; ; ; ; ; ; ; ; ; ; ; ; ; ; ; ; ; ; ; ; 
MEF;20260417;IT0005177909;20360901;10000000;;0;-112500; ;-112500; ;-112500; ;-112500; ;-112500; ;-112500; ;-112500; ;-112500; ;-112500; ;-112500; ;-112500; ;-112500; ;-112500; ;-112500; ;-112500; ;-112500; ;-112500; ;-112500; ;-112500; ;-112500; ;-10112500; ; ; ; ; ; ; ; ; ; ; ; ; ; ; ; ; ; ; ; ; ; ; ; ; ; ; ; ; ; ; ; ; ; ; ; ; ; ; ; ; ; ; ; ; ; ; ; ; ; ; ; ; ; ; ; ; ; ; ; ; ; ; ; ; ; ; ; ; ; ; ; ; 
MEF;20260417;IT0005358806;20350301;1000000;;0;-16750; ;-16750; ;-16750; ;-16750; ;-16750; ;-16750; ;-16750; ;-16750; ;-16750; ;-16750; ;-16750; ;-16750; ;-16750; ;-16750; ;-16750; ;-16750; ;-16750; ;-1016750; ; ; ; ; ; ; ; ; ; ; ; ; ; ; ; ; ; ; ; ; ; ; ; ; ; ; ; ; ; ; ; ; ; ; ; ; ; ; ; ; ; ; ; ; ; ; ; ; ; ; ; ; ; ; ; ; ; ; ; ; ; ; ; ; ; ; ; ; ; ; ; ; ; ; ; ; ; ; 
MEF;20260420;IT0005177909;20360901;3500000;;0;-39375; ;-39375; ;-39375; ;-39375; ;-39375; ;-39375; ;-39375; ;-39375; ;-39375; ;-39375; ;-39375; ;-39375; ;-39375; ;-39375; ;-39375; ;-39375; ;-39375; ;-39375; ;-39375; ;-39375; ;-3539375; ; ; ; ; ; ; ; ; ; ; ; ; ; ; ; ; ; ; ; ; ; ; ; ; ; ; ; ; ; ; ; ; ; ; ; ; ; ; ; ; ; ; ; ; ; ; ; ; ; ; ; ; ; ; ; ; ; ; ; ; ; ; ; ; ; ; ; ; ; ; ; ; 
MEF;20260421;IT0005024234;20300301;1000000;;0;-17500; ;-17500; ;-17500; ;-17500; ;-17500; ;-17500; ;-17500; ;-1017500; ; ; ; ; ; ; ; ; ; ; ; ; ; ; ; ; ; ; ; ; ; ; ; ; ; ; ; ; ; ; ; ; ; ; ; ; ; ; ; ; ; ; ; ; ; ; ; ; ; ; ; ; ; ; ; ; ; ; ; ; ; ; ; ; ; ; ; ; ; ; ; ; ; ; ; ; ; ; ; ; ; ; ; ; ; ; ; ; ; ; ; ; ; ; ; ; ; ; 
MEF;20260422;IT0005240350;20330901;-1000000;;0;12250; ;12250; ;12250; ;12250; ;12250; ;12250; ;12250; ;12250; ;12250; ;12250; ;12250; ;12250; ;12250; ;12250; ;1012250; ; ; ; ; ; ; ; ; ; ; ; ; ; ; ; ; ; ; ; ; ; ; ; ; ; ; ; ; ; ; ; ; ; ; ; ; ; ; ; ; ; ; ; ; ; ; ; ; ; ; ; ; ; ; ; ; ; ; ; ; ; ; ; ; ; ; ; ; ; ; ; ; ; ; ; ; ; ; ; ; ; ; ; ; 
MEF;20260422;IT0005321325;20380901;-1000000;;0;14750; ;14750; ;14750; ;14750; ;14750; ;14750; ;14750; ;14750; ;14750; ;14750; ;14750; ;14750; ;14750; ;14750; ;14750; ;14750; ;14750; ;14750; ;14750; ;14750; ;14750; ;14750; ;14750; ;14750; ;1014750; ; ; ; ; ; ; ; ; ; ; ; ; ; ; ; ; ; ; ; ; ; ; ; ; ; ; ; ; ; ; ; ; ; ; ; ; ; ; ; ; ; ; ; ; ; ; ; ; ; ; ; ; ; ; ; ; ; ; ; ; ; ; ; ; 
MEF;20260422;IT0005425233;20510901;-1000000;;0;8500; ;8500; ;8500; ;8500; ;8500; ;8500; ;8500; ;8500; ;8500; ;8500; ;8500; ;8500; ;8500; ;8500; ;8500; ;8500; ;8500; ;8500; ;8500; ;8500; ;8500; ;8500; ;8500; ;8500; ;8500; ;8500; ;8500; ;8500; ;8500; ;8500; ;8500; ;8500;8500;8500;8500;8500;8500;8500;8500;8500;8500;8500;8500;8500;8500;8500;8500;8500;8500;8500;1008500; ; ; ; ; ; ; ; ; ; ; ; ; ; ; ; ; ; ; ; ; ; ; ; ; ; ; ; ; ; ; ; 
MEF;20260423;IT0005094088;20320301;500000;;0;-4125; ;-4125; ;-4125; ;-4125; ;-4125; ;-4125; ;-4125; ;-4125; ;-4125; ;-4125; ;-4125; ;-504125; ; ; ; ; ; ; ; ; ; ; ; ; ; ; ; ; ; ; ; ; ; ; ; ; ; ; ; ; ; ; ; ; ; ; ; ; ; ; ; ; ; ; ; ; ; ; ; ; ; ; ; ; ; ; ; ; ; ; ; ; ; ; ; ; ; ; ; ; ; ; ; ; ; ; ; ; ; ; ; ; ; ; ; ; ; ; ; ; ; ; 
MEF;20260424;IT0005094088;20320301;-900000;;0;7425; ;7425; ;7425; ;7425; ;7425; ;7425; ;7425; ;7425; ;7425; ;7425; ;7425; ;907425; ; ; ; ; ; ; ; ; ; ; ; ; ; ; ; ; ; ; ; ; ; ; ; ; ; ; ; ; ; ; ; ; ; ; ; ; ; ; ; ; ; ; ; ; ; ; ; ; ; ; ; ; ; ; ; ; ; ; ; ; ; ; ; ; ; ; ; ; ; ; ; ; ; ; ; ; ; ; ; ; ; ; ; ; ; ; ; ; ; ; 
MEF;20260424;IT0005240350;20330901;-900000;;0;11025; ;11025; ;11025; ;11025; ;11025; ;11025; ;11025; ;11025; ;11025; ;11025; ;11025; ;11025; ;11025; ;11025; ;911025; ; ; ; ; ; ; ; ; ; ; ; ; ; ; ; ; ; ; ; ; ; ; ; ; ; ; ; ; ; ; ; ; ; ; ; ; ; ; ; ; ; ; ; ; ; ; ; ; ; ; ; ; ; ; ; ; ; ; ; ; ; ; ; ; ; ; ; ; ; ; ; ; ; ; ; ; ; ; ; ; ; ; ; ; 
MEF;20260427;IT0005177909;20360901;-2800000;;0;31500; ;31500; ;31500; ;31500; ;31500; ;31500; ;31500; ;31500; ;31500; ;31500; ;31500; ;31500; ;31500; ;31500; ;31500; ;31500; ;31500; ;31500; ;31500; ;31500; ;2831500; ; ; ; ; ; ; ; ; ; ; ; ; ; ; ; ; ; ; ; ; ; ; ; ; ; ; ; ; ; ; ; ; ; ; ; ; ; ; ; ; ; ; ; ; ; ; ; ; ; ; ; ; ; ; ; ; ; ; ; ; ; ; ; ; ; ; ; ; ; ; ; ; 
MEF;20260427;IT0005177909;20360901;3900000;;0;-43875; ;-43875; ;-43875; ;-43875; ;-43875; ;-43875; ;-43875; ;-43875; ;-43875; ;-43875; ;-43875; ;-43875; ;-43875; ;-43875; ;-43875; ;-43875; ;-43875; ;-43875; ;-43875; ;-43875; ;-3943875; ; ; ; ; ; ; ; ; ; ; ; ; ; ; ; ; ; ; ; ; ; ; ; ; ; ; ; ; ; ; ; ; ; ; ; ; ; ; ; ; ; ; ; ; ; ; ; ; ; ; ; ; ; ; ; ; ; ; ; ; ; ; ; ; ; ; ; ; ; ; ; ; 
MEF;20260427;IT0005377152;20400301;99000000;;0;-1534500; ;-1534500; ;-1534500; ;-1534500; ;-1534500; ;-1534500; ;-1534500; ;-1534500; ;-1534500; ;-1534500; ;-1534500; ;-1534500; ;-1534500; ;-1534500; ;-1534500; ;-1534500; ;-1534500; ;-1534500; ;-1534500; ;-1534500; ;-1534500; ;-1534500; ;-1534500; ;-1534500; ;-1534500; ;-1534500; ;-1534500; ;-100534500; ; ; ; ; ; ; ; ; ; ; ; ; ; ; ; ; ; ; ; ; ; ; ; ; ; ; ; ; ; ; ; ; ; ; ; ; ; ; ; ; ; ; ; ; ; ; ; ; ; ; ; ; ; ; ; ; ; ; 
MEF;20260428;IT0004889033;20280901;-1000000;;0;23750; ;23750; ;23750; ;23750; ;1023750; ; ; ; ; ; ; ; ; ; ; ; ; ; ; ; ; ; ; ; ; ; ; ; ; ; ; ; ; ; ; ; ; ; ; ; ; ; ; ; ; ; ; ; ; ; ; ; ; ; ; ; ; ; ; ; ; ; ; ; ; ; ; ; ; ; ; ; ; ; ; ; ; ; ; ; ; ; ; ; ; ; ; ; ; ; ; ; ; ; ; ; ; ; ; ; ; ; ; ; ; ; ; ; ; 
MEF;20260428;IT0005094088;20320301;-1000000;;0;8250; ;8250; ;8250; ;8250; ;8250; ;8250; ;8250; ;8250; ;8250; ;8250; ;8250; ;1008250; ; ; ; ; ; ; ; ; ; ; ; ; ; ; ; ; ; ; ; ; ; ; ; ; ; ; ; ; ; ; ; ; ; ; ; ; ; ; ; ; ; ; ; ; ; ; ; ; ; ; ; ; ; ; ; ; ; ; ; ; ; ; ; ; ; ; ; ; ; ; ; ; ; ; ; ; ; ; ; ; ; ; ; ; ; ; ; ; ; ; 
MEF;20260428;IT0005177909;20360901;-2000000;;0;22500; ;22500; ;22500; ;22500; ;22500; ;22500; ;22500; ;22500; ;22500; ;22500; ;22500; ;22500; ;22500; ;22500; ;22500; ;22500; ;22500; ;22500; ;22500; ;22500; ;2022500; ; ; ; ; ; ; ; ; ; ; ; ; ; ; ; ; ; ; ; ; ; ; ; ; ; ; ; ; ; ; ; ; ; ; ; ; ; ; ; ; ; ; ; ; ; ; ; ; ; ; ; ; ; ; ; ; ; ; ; ; ; ; ; ; ; ; ; ; ; ; ; ; 
MEF;20260428;IT0005240350;20330901;-1000000;;0;12250; ;12250; ;12250; ;12250; ;12250; ;12250; ;12250; ;12250; ;12250; ;12250; ;12250; ;12250; ;12250; ;12250; ;1012250; ; ; ; ; ; ; ; ; ; ; ; ; ; ; ; ; ; ; ; ; ; ; ; ; ; ; ; ; ; ; ; ; ; ; ; ; ; ; ; ; ; ; ; ; ; ; ; ; ; ; ; ; ; ; ; ; ; ; ; ; ; ; ; ; ; ; ; ; ; ; ; ; ; ; ; ; ; ; ; ; ; ; ; ; 
MEF;20260428;IT0005321325;20380901;-1000000;;0;14750; ;14750; ;14750; ;14750; ;14750; ;14750; ;14750; ;14750; ;14750; ;14750; ;14750; ;14750; ;14750; ;14750; ;14750; ;14750; ;14750; ;14750; ;14750; ;14750; ;14750; ;14750; ;14750; ;14750; ;1014750; ; ; ; ; ; ; ; ; ; ; ; ; ; ; ; ; ; ; ; ; ; ; ; ; ; ; ; ; ; ; ; ; ; ; ; ; ; ; ; ; ; ; ; ; ; ; ; ; ; ; ; ; ; ; ; ; ; ; ; ; ; ; ; ; 
MEF;20260428;IT0005358806;20350301;-9000000;;0;150750; ;150750; ;150750; ;150750; ;150750; ;150750; ;150750; ;150750; ;150750; ;150750; ;150750; ;150750; ;150750; ;150750; ;150750; ;150750; ;150750; ;9150750; ; ; ; ; ; ; ; ; ; ; ; ; ; ; ; ; ; ; ; ; ; ; ; ; ; ; ; ; ; ; ; ; ; ; ; ; ; ; ; ; ; ; ; ; ; ; ; ; ; ; ; ; ; ; ; ; ; ; ; ; ; ; ; ; ; ; ; ; ; ; ; ; ; ; ; ; ; ; 
MEF;20260428;IT0005402117;20360301;-2000000;;0;14500; ;14500; ;14500; ;14500; ;14500; ;14500; ;14500; ;14500; ;14500; ;14500; ;14500; ;14500; ;14500; ;14500; ;14500; ;14500; ;14500; ;14500; ;14500; ;2014500; ; ; ; ; ; ; ; ; ; ; ; ; ; ; ; ; ; ; ; ; ; ; ; ; ; ; ; ; ; ; ; ; ; ; ; ; ; ; ; ; ; ; ; ; ; ; ; ; ; ; ; ; ; ; ; ; ; ; ; ; ; ; ; ; ; ; ; ; ; ; ; ; ; ; 
MEF;20260428;IT0005433195;20370301;-2000000;;0;9500; ;9500; ;9500; ;9500; ;9500; ;9500; ;9500; ;9500; ;9500; ;9500; ;9500; ;9500; ;9500; ;9500; ;9500; ;9500; ;9500; ;9500; ;9500; ;9500; ;9500; ;2009500; ; ; ; ; ; ; ; ; ; ; ; ; ; ; ; ; ; ; ; ; ; ; ; ; ; ; ; ; ; ; ; ; ; ; ; ; ; ; ; ; ; ; ; ; ; ; ; ; ; ; ; ; ; ; ; ; ; ; ; ; ; ; ; ; ; ; ; ; ; ; 
MEF;20260428;IT0005496770;20380301;-1000000;;0;16250; ;16250; ;16250; ;16250; ;16250; ;16250; ;16250; ;16250; ;16250; ;16250; ;16250; ;16250; ;16250; ;16250; ;16250; ;16250; ;16250; ;16250; ;16250; ;16250; ;16250; ;16250; ;16250; ;1016250; ; ; ; ; ; ; ; ; ; ; ; ; ; ; ; ; ; ; ; ; ; ; ; ; ; ; ; ; ; ; ; ; ; ; ; ; ; ; ; ; ; ; ; ; ; ; ; ; ; ; ; ; ; ; ; ; ; ; ; ; ; ; ; ; ; ; 
MEF;20260428;IT0005560948;20340301;-8000000;;0;168000; ;168000; ;168000; ;168000; ;168000; ;168000; ;168000; ;168000; ;168000; ;168000; ;168000; ;168000; ;168000; ;168000; ;168000; ;8168000; ; ; ; ; ; ; ; ; ; ; ; ; ; ; ; ; ; ; ; ; ; ; ; ; ; ; ; ; ; ; ; ; ; ; ; ; ; ; ; ; ; ; ; ; ; ; ; ; ; ; ; ; ; ; ; ; ; ; ; ; ; ; ; ; ; ; ; ; ; ; ; ; ; ; ; ; ; ; ; ; ; ; 
MEF;20260429;IT0005024234;20300301;-2000000;;0;35000; ;35000; ;35000; ;35000; ;35000; ;35000; ;35000; ;2035000; ; ; ; ; ; ; ; ; ; ; ; ; ; ; ; ; ; ; ; ; ; ; ; ; ; ; ; ; ; ; ; ; ; ; ; ; ; ; ; ; ; ; ; ; ; ; ; ; ; ; ; ; ; ; ; ; ; ; ; ; ; ; ; ; ; ; ; ; ; ; ; ; ; ; ; ; ; ; ; ; ; ; ; ; ; ; ; ; ; ; ; ; ; ; ; ; ; ; 
MEF;20260430;IT0003745541;20350915;20000000;IT0003748040;-20000000; ;-359200.34; ;-359200.34; ;-359200.34; ;-359200.34; ;-359200.34; ;-359200.34; ;-359200.34; ;-359200.34; ;-359200.34; ;-359200.34; ;-359200.34; ;-359200.34; ;-359200.34; ;-359200.34; ;-359200.34; ;-359200.34; ;-359200.34; ;-359200.34; ;-359200.34; ; ; ; ; ; ; ; ; ; ; ; ; ; ; ; ; ; ; ; ; ; ; ; ; ; ; ; ; ; ; ; ; ; ; ; ; ; ; ; ; ; ; ; ; ; ; ; ; ; ; ; ; ; ; ; ; ; ; ; ; ; ; ; ; ; ; ; ; ; ; ; ; ; ; ; 
MEF;20260430;IT0004889033;20280901;-900000;;0;21375; ;21375; ;21375; ;21375; ;921375; ; ; ; ; ; ; ; ; ; ; ; ; ; ; ; ; ; ; ; ; ; ; ; ; ; ; ; ; ; ; ; ; ; ; ; ; ; ; ; ; ; ; ; ; ; ; ; ; ; ; ; ; ; ; ; ; ; ; ; ; ; ; ; ; ; ; ; ; ; ; ; ; ; ; ; ; ; ; ; ; ; ; ; ; ; ; ; ; ; ; ; ; ; ; ; ; ; ; ; ; ; ; ; ; 
MEF;20260430;IT0005094088;20320301;-1100000;;0;9075; ;9075; ;9075; ;9075; ;9075; ;9075; ;9075; ;9075; ;9075; ;9075; ;9075; ;1109075; ; ; ; ; ; ; ; ; ; ; ; ; ; ; ; ; ; ; ; ; ; ; ; ; ; ; ; ; ; ; ; ; ; ; ; ; ; ; ; ; ; ; ; ; ; ; ; ; ; ; ; ; ; ; ; ; ; ; ; ; ; ; ; ; ; ; ; ; ; ; ; ; ; ; ; ; ; ; ; ; ; ; ; ; ; ; ; ; ; ; 
MEF;20260504;IT0005177909;20360901;3400000;;0;-38250; ;-38250; ;-38250; ;-38250; ;-38250; ;-38250; ;-38250; ;-38250; ;-38250; ;-38250; ;-38250; ;-38250; ;-38250; ;-38250; ;-38250; ;-38250; ;-38250; ;-38250; ;-38250; ;-38250; ;-3438250; ; ; ; ; ; ; ; ; ; ; ; ; ; ; ; ; ; ; ; ; ; ; ; ; ; ; ; ; ; ; ; ; ; ; ; ; ; ; ; ; ; ; ; ; ; ; ; ; ; ; ; ; ; ; ; ; ; ; ; ; ; ; ; ; ; ; ; ; ; ; ; ; 
MEF;20260505;IT0005402117;20360301;200000;;0;-1450; ;-1450; ;-1450; ;-1450; ;-1450; ;-1450; ;-1450; ;-1450; ;-1450; ;-1450; ;-1450; ;-1450; ;-1450; ;-1450; ;-1450; ;-1450; ;-1450; ;-1450; ;-1450; ;-201450; ; ; ; ; ; ; ; ; ; ; ; ; ; ; ; ; ; ; ; ; ; ; ; ; ; ; ; ; ; ; ; ; ; ; ; ; ; ; ; ; ; ; ; ; ; ; ; ; ; ; ; ; ; ; ; ; ; ; ; ; ; ; ; ; ; ; ; ; ; ; ; ; ; ; 
MEF;20260506;IT0005177909;20360901;3500000;;0;-39375; ;-39375; ;-39375; ;-39375; ;-39375; ;-39375; ;-39375; ;-39375; ;-39375; ;-39375; ;-39375; ;-39375; ;-39375; ;-39375; ;-39375; ;-39375; ;-39375; ;-39375; ;-39375; ;-39375; ;-3539375; ; ; ; ; ; ; ; ; ; ; ; ; ; ; ; ; ; ; ; ; ; ; ; ; ; ; ; ; ; ; ; ; ; ; ; ; ; ; ; ; ; ; ; ; ; ; ; ; ; ; ; ; ; ; ; ; ; ; ; ; ; ; ; ; ; ; ; ; ; ; ; ; 
MEF;20260507;IT0005138828;20320915;30000000;IT0005155442;-30000000; ;-239480.64; ;-239480.64; ;-239480.64; ;-239480.64; ;-239480.64; ;-239480.64; ;-239480.64; ;-239480.64; ;-239480.64; ;-239480.64; ;-239480.64; ;-239480.64; ;-239480.64; ; ; ; ; ; ; ; ; ; ; ; ; ; ; ; ; ; ; ; ; ; ; ; ; ; ; ; ; ; ; ; ; ; ; ; ; ; ; ; ; ; ; ; ; ; ; ; ; ; ; ; ; ; ; ; ; ; ; ; ; ; ; ; ; ; ; ; ; ; ; ; ; ; ; ; ; ; ; ; ; ; ; ; ; ; ; ; 
MEF;20260507;IT0005240350;20330901;1000000;;0;-12250; ;-12250; ;-12250; ;-12250; ;-12250; ;-12250; ;-12250; ;-12250; ;-12250; ;-12250; ;-12250; ;-12250; ;-12250; ;-12250; ;-1012250; ; ; ; ; ; ; ; ; ; ; ; ; ; ; ; ; ; ; ; ; ; ; ; ; ; ; ; ; ; ; ; ; ; ; ; ; ; ; ; ; ; ; ; ; ; ; ; ; ; ; ; ; ; ; ; ; ; ; ; ; ; ; ; ; ; ; ; ; ; ; ; ; ; ; ; ; ; ; ; ; ; ; ; ; 
MEF;20260508;IT0005024234;20300301;-2700000;;0;47250; ;47250; ;47250; ;47250; ;47250; ;47250; ;47250; ;2747250; ; ; ; ; ; ; ; ; ; ; ; ; ; ; ; ; ; ; ; ; ; ; ; ; ; ; ; ; ; ; ; ; ; ; ; ; ; ; ; ; ; ; ; ; ; ; ; ; ; ; ; ; ; ; ; ; ; ; ; ; ; ; ; ; ; ; ; ; ; ; ; ; ; ; ; ; ; ; ; ; ; ; ; ; ; ; ; ; ; ; ; ; ; ; ; ; ; ; 
MEF;20260508;IT0005083057;20460901;2000000;;0;-32500; ;-32500; ;-32500; ;-32500; ;-32500; ;-32500; ;-32500; ;-32500; ;-32500; ;-32500; ;-32500; ;-32500; ;-32500; ;-32500; ;-32500; ;-32500; ;-32500; ;-32500; ;-32500; ;-32500; ;-32500; ;-32500; ;-32500; ;-32500; ;-32500; ;-32500; ;-32500; ;-32500; ;-32500; ;-32500; ;-32500; ;-32500;-32500;-32500;-32500;-32500;-32500;-32500;-32500;-32500;-2032500; ; ; ; ; ; ; ; ; ; ; ; ; ; ; ; ; ; ; ; ; ; ; ; ; ; ; ; ; ; ; ; ; ; ; ; ; ; ; ; ; ; 
MEF;20260508;IT0005358806;20350301;-900000;;0;15075; ;15075; ;15075; ;15075; ;15075; ;15075; ;15075; ;15075; ;15075; ;15075; ;15075; ;15075; ;15075; ;15075; ;15075; ;15075; ;15075; ;915075; ; ; ; ; ; ; ; ; ; ; ; ; ; ; ; ; ; ; ; ; ; ; ; ; ; ; ; ; ; ; ; ; ; ; ; ; ; ; ; ; ; ; ; ; ; ; ; ; ; ; ; ; ; ; ; ; ; ; ; ; ; ; ; ; ; ; ; ; ; ; ; ; ; ; ; ; ; ; 
MEF;20260511;IT0005358806;20350301;200000;;0;-3350; ;-3350; ;-3350; ;-3350; ;-3350; ;-3350; ;-3350; ;-3350; ;-3350; ;-3350; ;-3350; ;-3350; ;-3350; ;-3350; ;-3350; ;-3350; ;-3350; ;-203350; ; ; ; ; ; ; ; ; ; ; ; ; ; ; ; ; ; ; ; ; ; ; ; ; ; ; ; ; ; ; ; ; ; ; ; ; ; ; ; ; ; ; ; ; ; ; ; ; ; ; ; ; ; ; ; ; ; ; ; ; ; ; ; ; ; ; ; ; ; ; ; ; ; ; ; ; ; ; 
MEF;20260512;IT0004889033;20280901;1000000;;0;-23750; ;-23750; ;-23750; ;-23750; ;-1023750; ; ; ; ; ; ; ; ; ; ; ; ; ; ; ; ; ; ; ; ; ; ; ; ; ; ; ; ; ; ; ; ; ; ; ; ; ; ; ; ; ; ; ; ; ; ; ; ; ; ; ; ; ; ; ; ; ; ; ; ; ; ; ; ; ; ; ; ; ; ; ; ; ; ; ; ; ; ; ; ; ; ; ; ; ; ; ; ; ; ; ; ; ; ; ; ; ; ; ; ; ; ; ; ; 
MEF;20260512;IT0005560948;20340301;300000;;0;-6300; ;-6300; ;-6300; ;-6300; ;-6300; ;-6300; ;-6300; ;-6300; ;-6300; ;-6300; ;-6300; ;-6300; ;-6300; ;-6300; ;-6300; ;-306300; ; ; ; ; ; ; ; ; ; ; ; ; ; ; ; ; ; ; ; ; ; ; ; ; ; ; ; ; ; ; ; ; ; ; ; ; ; ; ; ; ; ; ; ; ; ; ; ; ; ; ; ; ; ; ; ; ; ; ; ; ; ; ; ; ; ; ; ; ; ; ; ; ; ; ; ; ; ; ; ; ; ; 
MEF;20260514;IT0004889033;20280901;500000;;0;-11875; ;-11875; ;-11875; ;-11875; ;-511875; ; ; ; ; ; ; ; ; ; ; ; ; ; ; ; ; ; ; ; ; ; ; ; ; ; ; ; ; ; ; ; ; ; ; ; ; ; ; ; ; ; ; ; ; ; ; ; ; ; ; ; ; ; ; ; ; ; ; ; ; ; ; ; ; ; ; ; ; ; ; ; ; ; ; ; ; ; ; ; ; ; ; ; ; ; ; ; ; ; ; ; ; ; ; ; ; ; ; ; ; ; ; ; ; 
MEF;20260514;IT0005177909;20360901;5000000;;0;-56250; ;-56250; ;-56250; ;-56250; ;-56250; ;-56250; ;-56250; ;-56250; ;-56250; ;-56250; ;-56250; ;-56250; ;-56250; ;-56250; ;-56250; ;-56250; ;-56250; ;-56250; ;-56250; ;-56250; ;-5056250; ; ; ; ; ; ; ; ; ; ; ; ; ; ; ; ; ; ; ; ; ; ; ; ; ; ; ; ; ; ; ; ; ; ; ; ; ; ; ; ; ; ; ; ; ; ; ; ; ; ; ; ; ; ; ; ; ; ; ; ; ; ; ; ; ; ; ; ; ; ; ; ; 
MEF;20260519;IT0005177909;20360901;5000000;;0;-56250; ;-56250; ;-56250; ;-56250; ;-56250; ;-56250; ;-56250; ;-56250; ;-56250; ;-56250; ;-56250; ;-56250; ;-56250; ;-56250; ;-56250; ;-56250; ;-56250; ;-56250; ;-56250; ;-56250; ;-5056250; ; ; ; ; ; ; ; ; ; ; ; ; ; ; ; ; ; ; ; ; ; ; ; ; ; ; ; ; ; ; ; ; ; ; ; ; ; ; ; ; ; ; ; ; ; ; ; ; ; ; ; ; ; ; ; ; ; ; ; ; ; ; ; ; ; ; ; ; ; ; ; ; 
MEF;20260520;IT0004889033;20280901;500000;;0;-11875; ;-11875; ;-11875; ;-11875; ;-511875; ; ; ; ; ; ; ; ; ; ; ; ; ; ; ; ; ; ; ; ; ; ; ; ; ; ; ; ; ; ; ; ; ; ; ; ; ; ; ; ; ; ; ; ; ; ; ; ; ; ; ; ; ; ; ; ; ; ; ; ; ; ; ; ; ; ; ; ; ; ; ; ; ; ; ; ; ; ; ; ; ; ; ; ; ; ; ; ; ; ; ; ; ; ; ; ; ; ; ; ; ; ; ; ; 
MEF;20260520;IT0005560948;20340301;10000000;;0;-210000; ;-210000; ;-210000; ;-210000; ;-210000; ;-210000; ;-210000; ;-210000; ;-210000; ;-210000; ;-210000; ;-210000; ;-210000; ;-210000; ;-210000; ;-10210000; ; ; ; ; ; ; ; ; ; ; ; ; ; ; ; ; ; ; ; ; ; ; ; ; ; ; ; ; ; ; ; ; ; ; ; ; ; ; ; ; ; ; ; ; ; ; ; ; ; ; ; ; ; ; ; ; ; ; ; ; ; ; ; ; ; ; ; ; ; ; ; ; ; ; ; ; ; ; ; ; ; ; 
MEF;20260527;IT0004889033;20280901;1000000;;0;-23750; ;-23750; ;-23750; ;-23750; ;-1023750; ; ; ; ; ; ; ; ; ; ; ; ; ; ; ; ; ; ; ; ; ; ; ; ; ; ; ; ; ; ; ; ; ; ; ; ; ; ; ; ; ; ; ; ; ; ; ; ; ; ; ; ; ; ; ; ; ; ; ; ; ; ; ; ; ; ; ; ; ; ; ; ; ; ; ; ; ; ; ; ; ; ; ; ; ; ; ; ; ; ; ; ; ; ; ; ; ; ; ; ; ; ; ; ; 
MEF;20260527;IT0004889033;20280901;2000000;;0;-47500; ;-47500; ;-47500; ;-47500; ;-2047500; ; ; ; ; ; ; ; ; ; ; ; ; ; ; ; ; ; ; ; ; ; ; ; ; ; ; ; ; ; ; ; ; ; ; ; ; ; ; ; ; ; ; ; ; ; ; ; ; ; ; ; ; ; ; ; ; ; ; ; ; ; ; ; ; ; ; ; ; ; ; ; ; ; ; ; ; ; ; ; ; ; ; ; ; ; ; ; ; ; ; ; ; ; ; ; ; ; ; ; ; ; ; ; ; 
MEF;20260527;IT0005024234;20300301;2000000;;0;-35000; ;-35000; ;-35000; ;-35000; ;-35000; ;-35000; ;-35000; ;-2035000; ; ; ; ; ; ; ; ; ; ; ; ; ; ; ; ; ; ; ; ; ; ; ; ; ; ; ; ; ; ; ; ; ; ; ; ; ; ; ; ; ; ; ; ; ; ; ; ; ; ; ; ; ; ; ; ; ; ; ; ; ; ; ; ; ; ; ; ; ; ; ; ; ; ; ; ; ; ; ; ; ; ; ; ; ; ; ; ; ; ; ; ; ; ; ; ; ; ; 
MEF;20260528;IT0005094088;20320301;-219000000;;0;1806750; ;1806750; ;1806750; ;1806750; ;1806750; ;1806750; ;1806750; ;1806750; ;1806750; ;1806750; ;1806750; ;220806750; ; ; ; ; ; ; ; ; ; ; ; ; ; ; ; ; ; ; ; ; ; ; ; ; ; ; ; ; ; ; ; ; ; ; ; ; ; ; ; ; ; ; ; ; ; ; ; ; ; ; ; ; ; ; ; ; ; ; ; ; ; ; ; ; ; ; ; ; ; ; ; ; ; ; ; ; ; ; ; ; ; ; ; ; ; ; ; ; ; ; 
MEF;20260529;IT0004889033;20280901;-1200000;;0;28500; ;28500; ;28500; ;28500; ;1228500; ; ; ; ; ; ; ; ; ; ; ; ; ; ; ; ; ; ; ; ; ; ; ; ; ; ; ; ; ; ; ; ; ; ; ; ; ; ; ; ; ; ; ; ; ; ; ; ; ; ; ; ; ; ; ; ; ; ; ; ; ; ; ; ; ; ; ; ; ; ; ; ; ; ; ; ; ; ; ; ; ; ; ; ; ; ; ; ; ; ; ; ; ; ; ; ; ; ; ; ; ; ; ; ; 
MEF;20260529;IT0005024234;20300301;-1400000;;0;24500; ;24500; ;24500; ;24500; ;24500; ;24500; ;24500; ;1424500; ; ; ; ; ; ; ; ; ; ; ; ; ; ; ; ; ; ; ; ; ; ; ; ; ; ; ; ; ; ; ; ; ; ; ; ; ; ; ; ; ; ; ; ; ; ; ; ; ; ; ; ; ; ; ; ; ; ; ; ; ; ; ; ; ; ; ; ; ; ; ; ; ; ; ; ; ; ; ; ; ; ; ; ; ; ; ; ; ; ; ; ; ; ; ; ; ; ; 
MEF;20260529;IT0005177909;20360901;-2600000;;0;29250; ;29250; ;29250; ;29250; ;29250; ;29250; ;29250; ;29250; ;29250; ;29250; ;29250; ;29250; ;29250; ;29250; ;29250; ;29250; ;29250; ;29250; ;29250; ;29250; ;2629250; ; ; ; ; ; ; ; ; ; ; ; ; ; ; ; ; ; ; ; ; ; ; ; ; ; ; ; ; ; ; ; ; ; ; ; ; ; ; ; ; ; ; ; ; ; ; ; ; ; ; ; ; ; ; ; ; ; ; ; ; ; ; ; ; ; ; ; ; ; ; ; ; 
MEF;20260529;IT0005240350;20330901;-1100000;;0;13475; ;13475; ;13475; ;13475; ;13475; ;13475; ;13475; ;13475; ;13475; ;13475; ;13475; ;13475; ;13475; ;13475; ;1113475; ; ; ; ; ; ; ; ; ; ; ; ; ; ; ; ; ; ; ; ; ; ; ; ; ; ; ; ; ; ; ; ; ; ; ; ; ; ; ; ; ; ; ; ; ; ; ; ; ; ; ; ; ; ; ; ; ; ; ; ; ; ; ; ; ; ; ; ; ; ; ; ; ; ; ; ; ; ; ; ; ; ; ; ; 
MEF;20260529;IT0005358806;20350301;-1800000;;0;30150; ;30150; ;30150; ;30150; ;30150; ;30150; ;30150; ;30150; ;30150; ;30150; ;30150; ;30150; ;30150; ;30150; ;30150; ;30150; ;30150; ;1830150; ; ; ; ; ; ; ; ; ; ; ; ; ; ; ; ; ; ; ; ; ; ; ; ; ; ; ; ; ; ; ; ; ; ; ; ; ; ; ; ; ; ; ; ; ; ; ; ; ; ; ; ; ; ; ; ; ; ; ; ; ; ; ; ; ; ; ; ; ; ; ; ; ; ; ; ; ; ; 
MEF;20260605;IT0005024234;20300301;-1800000;;0;31500; ;31500; ;31500; ;31500; ;31500; ;31500; ;31500; ;1831500; ; ; ; ; ; ; ; ; ; ; ; ; ; ; ; ; ; ; ; ; ; ; ; ; ; ; ; ; ; ; ; ; ; ; ; ; ; ; ; ; ; ; ; ; ; ; ; ; ; ; ; ; ; ; ; ; ; ; ; ; ; ; ; ; ; ; ; ; ; ; ; ; ; ; ; ; ; ; ; ; ; ; ; ; ; ; ; ; ; ; ; ; ; ; ; ; ; ; 
MEF;20260608;IT0003745541;20350915;12000000;IT0003748040;-12000000; ;-215520.21; ;-215520.21; ;-215520.21; ;-215520.21; ;-215520.21; ;-215520.21; ;-215520.21; ;-215520.21; ;-215520.21; ;-215520.21; ;-215520.21; ;-215520.21; ;-215520.21; ;-215520.21; ;-215520.21; ;-215520.21; ;-215520.21; ;-215520.21; ;-215520.21; ; ; ; ; ; ; ; ; ; ; ; ; ; ; ; ; ; ; ; ; ; ; ; ; ; ; ; ; ; ; ; ; ; ; ; ; ; ; ; ; ; ; ; ; ; ; ; ; ; ; ; ; ; ; ; ; ; ; ; ; ; ; ; ; ; ; ; ; ; ; ; ; ; ; ; 
MEF;20260616;IT0004735152;20260915;31000000;IT0004967904;-31000000; ;-651545.92; ; ; ; ; ; ; ; ; ; ; ; ; ; ; ; ; ; ; ; ; ; ; ; ; ; ; ; ; ; ; ; ; ; ; ; ; ; ; ; ; ; ; ; ; ; ; ; ; ; ; ; ; ; ; ; ; ; ; ; ; ; ; ; ; ; ; ; ; ; ; ; ; ; ; ; ; ; ; ; ; ; ; ; ; ; ; ; ; ; ; ; ; ; ; ; ; ; ; ; ; ; ; ; ; ; ; ; ; ; ; ; 
MEF;20260618;IT0005358806;20350301;1000000;;0;-16750; ;-16750; ;-16750; ;-16750; ;-16750; ;-16750; ;-16750; ;-16750; ;-16750; ;-16750; ;-16750; ;-16750; ;-16750; ;-16750; ;-16750; ;-16750; ;-16750; ;-1016750; ; ; ; ; ; ; ; ; ; ; ; ; ; ; ; ; ; ; ; ; ; ; ; ; ; ; ; ; ; ; ; ; ; ; ; ; ; ; ; ; ; ; ; ; ; ; ; ; ; ; ; ; ; ; ; ; ; ; ; ; ; ; ; ; ; ; ; ; ; ; ; ; ; ; ; ; ; ; 
MEF;20260619;IT0004889033;20280901;-900000;;0;21375; ;21375; ;21375; ;21375; ;921375; ; ; ; ; ; ; ; ; ; ; ; ; ; ; ; ; ; ; ; ; ; ; ; ; ; ; ; ; ; ; ; ; ; ; ; ; ; ; ; ; ; ; ; ; ; ; ; ; ; ; ; ; ; ; ; ; ; ; ; ; ; ; ; ; ; ; ; ; ; ; ; ; ; ; ; ; ; ; ; ; ; ; ; ; ; ; ; ; ; ; ; ; ; ; ; ; ; ; ; ; ; ; ; ; 
MEF;20260619;IT0005024234;20300301;-1400000;;0;24500; ;24500; ;24500; ;24500; ;24500; ;24500; ;24500; ;1424500; ; ; ; ; ; ; ; ; ; ; ; ; ; ; ; ; ; ; ; ; ; ; ; ; ; ; ; ; ; ; ; ; ; ; ; ; ; ; ; ; ; ; ; ; ; ; ; ; ; ; ; ; ; ; ; ; ; ; ; ; ; ; ; ; ; ; ; ; ; ; ; ; ; ; ; ; ; ; ; ; ; ; ; ; ; ; ; ; ; ; ; ; ; ; ; ; ; ; 
MEF;20260619;IT0005024234;20300301;-900000;;0;15750; ;15750; ;15750; ;15750; ;15750; ;15750; ;15750; ;915750; ; ; ; ; ; ; ; ; ; ; ; ; ; ; ; ; ; ; ; ; ; ; ; ; ; ; ; ; ; ; ; ; ; ; ; ; ; ; ; ; ; ; ; ; ; ; ; ; ; ; ; ; ; ; ; ; ; ; ; ; ; ; ; ; ; ; ; ; ; ; ; ; ; ; ; ; ; ; ; ; ; ; ; ; ; ; ; ; ; ; ; ; ; ; ; ; ; ; 
MEF;20260619;IT0005560948;20340301;-900000;;0;18900; ;18900; ;18900; ;18900; ;18900; ;18900; ;18900; ;18900; ;18900; ;18900; ;18900; ;18900; ;18900; ;18900; ;18900; ;918900; ; ; ; ; ; ; ; ; ; ; ; ; ; ; ; ; ; ; ; ; ; ; ; ; ; ; ; ; ; ; ; ; ; ; ; ; ; ; ; ; ; ; ; ; ; ; ; ; ; ; ; ; ; ; ; ; ; ; ; ; ; ; ; ; ; ; ; ; ; ; ; ; ; ; ; ; ; ; ; ; ; ; 
MEF;20260622;IT0004889033;20280901;1000000;;0;-23750; ;-23750; ;-23750; ;-23750; ;-1023750; ; ; ; ; ; ; ; ; ; ; ; ; ; ; ; ; ; ; ; ; ; ; ; ; ; ; ; ; ; ; ; ; ; ; ; ; ; ; ; ; ; ; ; ; ; ; ; ; ; ; ; ; ; ; ; ; ; ; ; ; ; ; ; ; ; ; ; ; ; ; ; ; ; ; ; ; ; ; ; ; ; ; ; ; ; ; ; ; ; ; ; ; ; ; ; ; ; ; ; ; ; ; ; ; 
MEF;20260626;IT0004889033;20280901;-1200000;;0;28500; ;28500; ;28500; ;28500; ;1228500; ; ; ; ; ; ; ; ; ; ; ; ; ; ; ; ; ; ; ; ; ; ; ; ; ; ; ; ; ; ; ; ; ; ; ; ; ; ; ; ; ; ; ; ; ; ; ; ; ; ; ; ; ; ; ; ; ; ; ; ; ; ; ; ; ; ; ; ; ; ; ; ; ; ; ; ; ; ; ; ; ; ; ; ; ; ; ; ; ; ; ; ; ; ; ; ; ; ; ; ; ; ; ; ; 
MEF;20260626;IT0004889033;20280901;1000000;;0;-23750; ;-23750; ;-23750; ;-23750; ;-1023750; ; ; ; ; ; ; ; ; ; ; ; ; ; ; ; ; ; ; ; ; ; ; ; ; ; ; ; ; ; ; ; ; ; ; ; ; ; ; ; ; ; ; ; ; ; ; ; ; ; ; ; ; ; ; ; ; ; ; ; ; ; ; ; ; ; ; ; ; ; ; ; ; ; ; ; ; ; ; ; ; ; ; ; ; ; ; ; ; ; ; ; ; ; ; ; ; ; ; ; ; ; ; ; ; 
MEF;20260626;IT0005024234;20300301;-1100000;;0;19250; ;19250; ;19250; ;19250; ;19250; ;19250; ;19250; ;1119250; ; ; ; ; ; ; ; ; ; ; ; ; ; ; ; ; ; ; ; ; ; ; ; ; ; ; ; ; ; ; ; ; ; ; ; ; ; ; ; ; ; ; ; ; ; ; ; ; ; ; ; ; ; ; ; ; ; ; ; ; ; ; ; ; ; ; ; ; ; ; ; ; ; ; ; ; ; ; ; ; ; ; ; ; ; ; ; ; ; ; ; ; ; ; ; ; ; ; 
MEF;20260626;IT0005024234;20300301;1000000;;0;-17500; ;-17500; ;-17500; ;-17500; ;-17500; ;-17500; ;-17500; ;-1017500; ; ; ; ; ; ; ; ; ; ; ; ; ; ; ; ; ; ; ; ; ; ; ; ; ; ; ; ; ; ; ; ; ; ; ; ; ; ; ; ; ; ; ; ; ; ; ; ; ; ; ; ; ; ; ; ; ; ; ; ; ; ; ; ; ; ; ; ; ; ; ; ; ; ; ; ; ; ; ; ; ; ; ; ; ; ; ; ; ; ; ; ; ; ; ; ; ; ; 
MEF;20260626;IT0005094088;20320301;1000000;;0;-8250; ;-8250; ;-8250; ;-8250; ;-8250; ;-8250; ;-8250; ;-8250; ;-8250; ;-8250; ;-8250; ;-1008250; ; ; ; ; ; ; ; ; ; ; ; ; ; ; ; ; ; ; ; ; ; ; ; ; ; ; ; ; ; ; ; ; ; ; ; ; ; ; ; ; ; ; ; ; ; ; ; ; ; ; ; ; ; ; ; ; ; ; ; ; ; ; ; ; ; ; ; ; ; ; ; ; ; ; ; ; ; ; ; ; ; ; ; ; ; ; ; ; ; ; 
MEF;20260626;IT0005177909;20360901;1000000;;0;-11250; ;-11250; ;-11250; ;-11250; ;-11250; ;-11250; ;-11250; ;-11250; ;-11250; ;-11250; ;-11250; ;-11250; ;-11250; ;-11250; ;-11250; ;-11250; ;-11250; ;-11250; ;-11250; ;-11250; ;-1011250; ; ; ; ; ; ; ; ; ; ; ; ; ; ; ; ; ; ; ; ; ; ; ; ; ; ; ; ; ; ; ; ; ; ; ; ; ; ; ; ; ; ; ; ; ; ; ; ; ; ; ; ; ; ; ; ; ; ; ; ; ; ; ; ; ; ; ; ; ; ; ; ; 
MEF;20260626;IT0005240350;20330901;1000000;;0;-12250; ;-12250; ;-12250; ;-12250; ;-12250; ;-12250; ;-12250; ;-12250; ;-12250; ;-12250; ;-12250; ;-12250; ;-12250; ;-12250; ;-1012250; ; ; ; ; ; ; ; ; ; ; ; ; ; ; ; ; ; ; ; ; ; ; ; ; ; ; ; ; ; ; ; ; ; ; ; ; ; ; ; ; ; ; ; ; ; ; ; ; ; ; ; ; ; ; ; ; ; ; ; ; ; ; ; ; ; ; ; ; ; ; ; ; ; ; ; ; ; ; ; ; ; ; ; ; 
MEF;20260626;IT0005321325;20380901;1000000;;0;-14750; ;-14750; ;-14750; ;-14750; ;-14750; ;-14750; ;-14750; ;-14750; ;-14750; ;-14750; ;-14750; ;-14750; ;-14750; ;-14750; ;-14750; ;-14750; ;-14750; ;-14750; ;-14750; ;-14750; ;-14750; ;-14750; ;-14750; ;-14750; ;-1014750; ; ; ; ; ; ; ; ; ; ; ; ; ; ; ; ; ; ; ; ; ; ; ; ; ; ; ; ; ; ; ; ; ; ; ; ; ; ; ; ; ; ; ; ; ; ; ; ; ; ; ; ; ; ; ; ; ; ; ; ; ; ; ; ; 
MEF;20260626;IT0005358806;20350301;1000000;;0;-16750; ;-16750; ;-16750; ;-16750; ;-16750; ;-16750; ;-16750; ;-16750; ;-16750; ;-16750; ;-16750; ;-16750; ;-16750; ;-16750; ;-16750; ;-16750; ;-16750; ;-1016750; ; ; ; ; ; ; ; ; ; ; ; ; ; ; ; ; ; ; ; ; ; ; ; ; ; ; ; ; ; ; ; ; ; ; ; ; ; ; ; ; ; ; ; ; ; ; ; ; ; ; ; ; ; ; ; ; ; ; ; ; ; ; ; ; ; ; ; ; ; ; ; ; ; ; ; ; ; ; 
MEF;20260626;IT0005402117;20360301;1000000;;0;-7250; ;-7250; ;-7250; ;-7250; ;-7250; ;-7250; ;-7250; ;-7250; ;-7250; ;-7250; ;-7250; ;-7250; ;-7250; ;-7250; ;-7250; ;-7250; ;-7250; ;-7250; ;-7250; ;-1007250; ; ; ; ; ; ; ; ; ; ; ; ; ; ; ; ; ; ; ; ; ; ; ; ; ; ; ; ; ; ; ; ; ; ; ; ; ; ; ; ; ; ; ; ; ; ; ; ; ; ; ; ; ; ; ; ; ; ; ; ; ; ; ; ; ; ; ; ; ; ; ; ; ; ; 
MEF;20260626;IT0005433195;20370301;1000000;;0;-4750; ;-4750; ;-4750; ;-4750; ;-4750; ;-4750; ;-4750; ;-4750; ;-4750; ;-4750; ;-4750; ;-4750; ;-4750; ;-4750; ;-4750; ;-4750; ;-4750; ;-4750; ;-4750; ;-4750; ;-4750; ;-1004750; ; ; ; ; ; ; ; ; ; ; ; ; ; ; ; ; ; ; ; ; ; ; ; ; ; ; ; ; ; ; ; ; ; ; ; ; ; ; ; ; ; ; ; ; ; ; ; ; ; ; ; ; ; ; ; ; ; ; ; ; ; ; ; ; ; ; ; ; ; ; 
MEF;20260626;IT0005496770;20380301;1000000;;0;-16250; ;-16250; ;-16250; ;-16250; ;-16250; ;-16250; ;-16250; ;-16250; ;-16250; ;-16250; ;-16250; ;-16250; ;-16250; ;-16250; ;-16250; ;-16250; ;-16250; ;-16250; ;-16250; ;-16250; ;-16250; ;-16250; ;-16250; ;-1016250; ; ; ; ; ; ; ; ; ; ; ; ; ; ; ; ; ; ; ; ; ; ; ; ; ; ; ; ; ; ; ; ; ; ; ; ; ; ; ; ; ; ; ; ; ; ; ; ; ; ; ; ; ; ; ; ; ; ; ; ; ; ; ; ; ; ; 
MEF;20260626;IT0005560948;20340301;1000000;;0;-21000; ;-21000; ;-21000; ;-21000; ;-21000; ;-21000; ;-21000; ;-21000; ;-21000; ;-21000; ;-21000; ;-21000; ;-21000; ;-21000; ;-21000; ;-1021000; ; ; ; ; ; ; ; ; ; ; ; ; ; ; ; ; ; ; ; ; ; ; ; ; ; ; ; ; ; ; ; ; ; ; ; ; ; ; ; ; ; ; ; ; ; ; ; ; ; ; ; ; ; ; ; ; ; ; ; ; ; ; ; ; ; ; ; ; ; ; ; ; ; ; ; ; ; ; ; ; ; ; 
MEF;20260629;IT0005138828;20320915;272000000;IT0005155442;-272000000; ;-2171291.11; ;-2171291.11; ;-2171291.11; ;-2171291.11; ;-2171291.11; ;-2171291.11; ;-2171291.11; ;-2171291.11; ;-2171291.11; ;-2171291.11; ;-2171291.11; ;-2171291.11; ;-2171291.11; ; ; ; ; ; ; ; ; ; ; ; ; ; ; ; ; ; ; ; ; ; ; ; ; ; ; ; ; ; ; ; ; ; ; ; ; ; ; ; ; ; ; ; ; ; ; ; ; ; ; ; ; ; ; ; ; ; ; ; ; ; ; ; ; ; ; ; ; ; ; ; ; ; ; ; ; ; ; ; ; ; ; ; ; ; ; ; 
MEF;20260629;IT0005377152;20400301;-64000000;;0;992000; ;992000; ;992000; ;992000; ;992000; ;992000; ;992000; ;992000; ;992000; ;992000; ;992000; ;992000; ;992000; ;992000; ;992000; ;992000; ;992000; ;992000; ;992000; ;992000; ;992000; ;992000; ;992000; ;992000; ;992000; ;992000; ;992000; ;64992000; ; ; ; ; ; ; ; ; ; ; ; ; ; ; ; ; ; ; ; ; ; ; ; ; ; ; ; ; ; ; ; ; ; ; ; ; ; ; ; ; ; ; ; ; ; ; ; ; ; ; ; ; ; ; ; ; ; ; 
MEF;20260630;IT0005377152;20400301;-4100000;;0;63550; ;63550; ;63550; ;63550; ;63550; ;63550; ;63550; ;63550; ;63550; ;63550; ;63550; ;63550; ;63550; ;63550; ;63550; ;63550; ;63550; ;63550; ;63550; ;63550; ;63550; ;63550; ;63550; ;63550; ;63550; ;63550; ;63550; ;4163550; ; ; ; ; ; ; ; ; ; ; ; ; ; ; ; ; ; ; ; ; ; ; ; ; ; ; ; ; ; ; ; ; ; ; ; ; ; ; ; ; ; ; ; ; ; ; ; ; ; ; ; ; ; ; ; ; ; ; 
MEF;20260702;IT0005240350;20330901;-1000000;;0;12250; ;12250; ;12250; ;12250; ;12250; ;12250; ;12250; ;12250; ;12250; ;12250; ;12250; ;12250; ;12250; ;12250; ;1012250; ; ; ; ; ; ; ; ; ; ; ; ; ; ; ; ; ; ; ; ; ; ; ; ; ; ; ; ; ; ; ; ; ; ; ; ; ; ; ; ; ; ; ; ; ; ; ; ; ; ; ; ; ; ; ; ; ; ; ; ; ; ; ; ; ; ; ; ; ; ; ; ; ; ; ; ; ; ; ; ; ; ; ; ; 
MEF;20260703;IT0005138828;20320915;11000000;IT0005155442;-11000000; ;-87809.57; ;-87809.57; ;-87809.57; ;-87809.57; ;-87809.57; ;-87809.57; ;-87809.57; ;-87809.57; ;-87809.57; ;-87809.57; ;-87809.57; ;-87809.57; ;-87809.57; ; ; ; ; ; ; ; ; ; ; ; ; ; ; ; ; ; ; ; ; ; ; ; ; ; ; ; ; ; ; ; ; ; ; ; ; ; ; ; ; ; ; ; ; ; ; ; ; ; ; ; ; ; ; ; ; ; ; ; ; ; ; ; ; ; ; ; ; ; ; ; ; ; ; ; ; ; ; ; ; ; ; ; ; ; ; ; 
MEF;20260710;IT0004889033;20280901;500000;;0;-11875; ;-11875; ;-11875; ;-11875; ;-511875; ; ; ; ; ; ; ; ; ; ; ; ; ; ; ; ; ; ; ; ; ; ; ; ; ; ; ; ; ; ; ; ; ; ; ; ; ; ; ; ; ; ; ; ; ; ; ; ; ; ; ; ; ; ; ; ; ; ; ; ; ; ; ; ; ; ; ; ; ; ; ; ; ; ; ; ; ; ; ; ; ; ; ; ; ; ; ; ; ; ; ; ; ; ; ; ; ; ; ; ; ; ; ; ; 
MEF;20260710;IT0005138828;20320915;23000000;IT0005155442;-23000000; ;-183601.82; ;-183601.82; ;-183601.82; ;-183601.82; ;-183601.82; ;-183601.82; ;-183601.82; ;-183601.82; ;-183601.82; ;-183601.82; ;-183601.82; ;-183601.82; ;-183601.82; ; ; ; ; ; ; ; ; ; ; ; ; ; ; ; ; ; ; ; ; ; ; ; ; ; ; ; ; ; ; ; ; ; ; ; ; ; ; ; ; ; ; ; ; ; ; ; ; ; ; ; ; ; ; ; ; ; ; ; ; ; ; ; ; ; ; ; ; ; ; ; ; ; ; ; ; ; ; ; ; ; ; ; ; ; ; ; 
MEF;20260710;IT0005358806;20350301;-1100000;;0;18425; ;18425; ;18425; ;18425; ;18425; ;18425; ;18425; ;18425; ;18425; ;18425; ;18425; ;18425; ;18425; ;18425; ;18425; ;18425; ;18425; ;1118425; ; ; ; ; ; ; ; ; ; ; ; ; ; ; ; ; ; ; ; ; ; ; ; ; ; ; ; ; ; ; ; ; ; ; ; ; ; ; ; ; ; ; ; ; ; ; ; ; ; ; ; ; ; ; ; ; ; ; ; ; ; ; ; ; ; ; ; ; ; ; ; ; ; ; ; ; ; ; 
MEF;20260710;IT0005560948;20340301;200000;;0;-4200; ;-4200; ;-4200; ;-4200; ;-4200; ;-4200; ;-4200; ;-4200; ;-4200; ;-4200; ;-4200; ;-4200; ;-4200; ;-4200; ;-4200; ;-204200; ; ; ; ; ; ; ; ; ; ; ; ; ; ; ; ; ; ; ; ; ; ; ; ; ; ; ; ; ; ; ; ; ; ; ; ; ; ; ; ; ; ; ; ; ; ; ; ; ; ; ; ; ; ; ; ; ; ; ; ; ; ; ; ; ; ; ; ; ; ; ; ; ; ; ; ; ; ; ; ; ; ; 
MEF;20260713;IT0005024234;20300301;1000000;;0;-17500; ;-17500; ;-17500; ;-17500; ;-17500; ;-17500; ;-17500; ;-1017500; ; ; ; ; ; ; ; ; ; ; ; ; ; ; ; ; ; ; ; ; ; ; ; ; ; ; ; ; ; ; ; ; ; ; ; ; ; ; ; ; ; ; ; ; ; ; ; ; ; ; ; ; ; ; ; ; ; ; ; ; ; ; ; ; ; ; ; ; ; ; ; ; ; ; ; ; ; ; ; ; ; ; ; ; ; ; ; ; ; ; ; ; ; ; ; ; ; ; 
MEF;20260713;IT0005094088;20320301;1000000;;0;-8250; ;-8250; ;-8250; ;-8250; ;-8250; ;-8250; ;-8250; ;-8250; ;-8250; ;-8250; ;-8250; ;-1008250; ; ; ; ; ; ; ; ; ; ; ; ; ; ; ; ; ; ; ; ; ; ; ; ; ; ; ; ; ; ; ; ; ; ; ; ; ; ; ; ; ; ; ; ; ; ; ; ; ; ; ; ; ; ; ; ; ; ; ; ; ; ; ; ; ; ; ; ; ; ; ; ; ; ; ; ; ; ; ; ; ; ; ; ; ; ; ; ; ; ; 
MEF;20260717;IT0004889033;20280901;1000000;;0;-23750; ;-23750; ;-23750; ;-23750; ;-1023750; ; ; ; ; ; ; ; ; ; ; ; ; ; ; ; ; ; ; ; ; ; ; ; ; ; ; ; ; ; ; ; ; ; ; ; ; ; ; ; ; ; ; ; ; ; ; ; ; ; ; ; ; ; ; ; ; ; ; ; ; ; ; ; ; ; ; ; ; ; ; ; ; ; ; ; ; ; ; ; ; ; ; ; ; ; ; ; ; ; ; ; ; ; ; ; ; ; ; ; ; ; ; ; ; 
MEF;20260717;IT0005024234;20300301;-900000;;0;15750; ;15750; ;15750; ;15750; ;15750; ;15750; ;15750; ;915750; ; ; ; ; ; ; ; ; ; ; ; ; ; ; ; ; ; ; ; ; ; ; ; ; ; ; ; ; ; ; ; ; ; ; ; ; ; ; ; ; ; ; ; ; ; ; ; ; ; ; ; ; ; ; ; ; ; ; ; ; ; ; ; ; ; ; ; ; ; ; ; ; ; ; ; ; ; ; ; ; ; ; ; ; ; ; ; ; ; ; ; ; ; ; ; ; ; ; 
MEF;20260717;IT0005138828;20320915;30000000;IT0005155442;-30000000; ;-239480.64; ;-239480.64; ;-239480.64; ;-239480.64; ;-239480.64; ;-239480.64; ;-239480.64; ;-239480.64; ;-239480.64; ;-239480.64; ;-239480.64; ;-239480.64; ;-239480.64; ; ; ; ; ; ; ; ; ; ; ; ; ; ; ; ; ; ; ; ; ; ; ; ; ; ; ; ; ; ; ; ; ; ; ; ; ; ; ; ; ; ; ; ; ; ; ; ; ; ; ; ; ; ; ; ; ; ; ; ; ; ; ; ; ; ; ; ; ; ; ; ; ; ; ; ; ; ; ; ; ; ; ; ; ; ; ; 
MEF;20260720;IT0004889033;20280901;500000;;0;-11875; ;-11875; ;-11875; ;-11875; ;-511875; ; ; ; ; ; ; ; ; ; ; ; ; ; ; ; ; ; ; ; ; ; ; ; ; ; ; ; ; ; ; ; ; ; ; ; ; ; ; ; ; ; ; ; ; ; ; ; ; ; ; ; ; ; ; ; ; ; ; ; ; ; ; ; ; ; ; ; ; ; ; ; ; ; ; ; ; ; ; ; ; ; ; ; ; ; ; ; ; ; ; ; ; ; ; ; ; ; ; ; ; ; ; ; ; 
MEF;20260721;IT0005177909;20360901;1000000;;0;-11250; ;-11250; ;-11250; ;-11250; ;-11250; ;-11250; ;-11250; ;-11250; ;-11250; ;-11250; ;-11250; ;-11250; ;-11250; ;-11250; ;-11250; ;-11250; ;-11250; ;-11250; ;-11250; ;-11250; ;-1011250; ; ; ; ; ; ; ; ; ; ; ; ; ; ; ; ; ; ; ; ; ; ; ; ; ; ; ; ; ; ; ; ; ; ; ; ; ; ; ; ; ; ; ; ; ; ; ; ; ; ; ; ; ; ; ; ; ; ; ; ; ; ; ; ; ; ; ; ; ; ; ; ; 
MEF;20260723;IT0005358806;20350301;200000;;0;-3350; ;-3350; ;-3350; ;-3350; ;-3350; ;-3350; ;-3350; ;-3350; ;-3350; ;-3350; ;-3350; ;-3350; ;-3350; ;-3350; ;-3350; ;-3350; ;-3350; ;-203350; ; ; ; ; ; ; ; ; ; ; ; ; ; ; ; ; ; ; ; ; ; ; ; ; ; ; ; ; ; ; ; ; ; ; ; ; ; ; ; ; ; ; ; ; ; ; ; ; ; ; ; ; ; ; ; ; ; ; ; ; ; ; ; ; ; ; ; ; ; ; ; ; ; ; ; ; ; ; 
MEF;20260724;IT0004889033;20280901;-1100000;;0;26125; ;26125; ;26125; ;26125; ;1126125; ; ; ; ; ; ; ; ; ; ; ; ; ; ; ; ; ; ; ; ; ; ; ; ; ; ; ; ; ; ; ; ; ; ; ; ; ; ; ; ; ; ; ; ; ; ; ; ; ; ; ; ; ; ; ; ; ; ; ; ; ; ; ; ; ; ; ; ; ; ; ; ; ; ; ; ; ; ; ; ; ; ; ; ; ; ; ; ; ; ; ; ; ; ; ; ; ; ; ; ; ; ; ; ; 
MEF;20260724;IT0005094088;20320301;-900000;;0;7425; ;7425; ;7425; ;7425; ;7425; ;7425; ;7425; ;7425; ;7425; ;7425; ;7425; ;907425; ; ; ; ; ; ; ; ; ; ; ; ; ; ; ; ; ; ; ; ; ; ; ; ; ; ; ; ; ; ; ; ; ; ; ; ; ; ; ; ; ; ; ; ; ; ; ; ; ; ; ; ; ; ; ; ; ; ; ; ; ; ; ; ; ; ; ; ; ; ; ; ; ; ; ; ; ; ; ; ; ; ; ; ; ; ; ; ; ; ; 
MEF;20260728;IT0005138828;20320915;15000000;IT0005155442;-15000000; ;-119740.32; ;-119740.32; ;-119740.32; ;-119740.32; ;-119740.32; ;-119740.32; ;-119740.32; ;-119740.32; ;-119740.32; ;-119740.32; ;-119740.32; ;-119740.32; ;-119740.32; ; ; ; ; ; ; ; ; ; ; ; ; ; ; ; ; ; ; ; ; ; ; ; ; ; ; ; ; ; ; ; ; ; ; ; ; ; ; ; ; ; ; ; ; ; ; ; ; ; ; ; ; ; ; ; ; ; ; ; ; ; ; ; ; ; ; ; ; ; ; ; ; ; ; ; ; ; ; ; ; ; ; ; ; ; ; ; 
MEF;20260729;IT0004889033;20280901;1000000;;0;-23750; ;-23750; ;-23750; ;-23750; ;-1023750; ; ; ; ; ; ; ; ; ; ; ; ; ; ; ; ; ; ; ; ; ; ; ; ; ; ; ; ; ; ; ; ; ; ; ; ; ; ; ; ; ; ; ; ; ; ; ; ; ; ; ; ; ; ; ; ; ; ; ; ; ; ; ; ; ; ; ; ; ; ; ; ; ; ; ; ; ; ; ; ; ; ; ; ; ; ; ; ; ; ; ; ; ; ; ; ; ; ; ; ; ; ; ; ; 
MEF;20260731;IT0005177909;20360901;200000;;0;-2250; ;-2250; ;-2250; ;-2250; ;-2250; ;-2250; ;-2250; ;-2250; ;-2250; ;-2250; ;-2250; ;-2250; ;-2250; ;-2250; ;-2250; ;-2250; ;-2250; ;-2250; ;-2250; ;-2250; ;-202250; ; ; ; ; ; ; ; ; ; ; ; ; ; ; ; ; ; ; ; ; ; ; ; ; ; ; ; ; ; ; ; ; ; ; ; ; ; ; ; ; ; ; ; ; ; ; ; ; ; ; ; ; ; ; ; ; ; ; ; ; ; ; ; ; ; ; ; ; ; ; ; ; 
MEF;20260731;IT0005240350;20330901;-1100000;;0;13475; ;13475; ;13475; ;13475; ;13475; ;13475; ;13475; ;13475; ;13475; ;13475; ;13475; ;13475; ;13475; ;13475; ;1113475; ; ; ; ; ; ; ; ; ; ; ; ; ; ; ; ; ; ; ; ; ; ; ; ; ; ; ; ; ; ; ; ; ; ; ; ; ; ; ; ; ; ; ; ; ; ; ; ; ; ; ; ; ; ; ; ; ; ; ; ; ; ; ; ; ; ; ; ; ; ; ; ; ; ; ; ; ; ; ; ; ; ; ; ; 
