"Issuer Code";"Accounting Date";"Original Bond ISIN Code";"Original Bond Maturity Date";"Stripped Bond Quantity";"Principal ISIN Code";"Principal Stripped Quantity";"Coupon Stripped Movement";"Coupon Stripped Movement";"Coupon Stripped Movement";"Coupon Stripped Movement";"Coupon Stripped Movement";"Coupon Stripped Movement";"Coupon Stripped Movement";"Coupon Stripped Movement";"Coupon Stripped Movement";"Coupon Stripped Movement";"Coupon Stripped Movement";"Coupon Stripped Movement";"Coupon Stripped Movement";"Coupon Stripped Movement";"Coupon Stripped Movement";"Coupon Stripped Movement";"Coupon Stripped Movement";"Coupon Stripped Movement";"Coupon Stripped Movement";"Coupon Stripped Movement";"Coupon Stripped Movement";"Coupon Stripped Movement";"Coupon Stripped Movement";"Coupon Stripped Movement";"Coupon Stripped Movement";"Coupon Stripped Movement";"Coupon Stripped Movement";"Coupon Stripped Movement";"Coupon Stripped Movement";"Coupon Stripped Movement";"Coupon Stripped Movement";"Coupon Stripped Movement";"Coupon Stripped Movement";"Coupon Stripped Movement";"Coupon Stripped Movement";"Coupon Stripped Movement";"Coupon Stripped Movement";"Coupon Stripped Movement";"Coupon Stripped Movement";"Coupon Stripped Movement";"Coupon Stripped Movement"; 
;;;;;;;20261101;20261115;20270501;20270515;20271101;20271115;20280501;20280515;20281101;20281115;20290501;20290515;20291101;20291115;20300501;20300515;20301101;20301115;20310501;20310515;20311101;20311115;20320501;20320515;20321101;20321115;20330501;20330515;20331101;20331115;20340515;20341115;20350515;20351115;20360515;20361115;20370515;20371115;20380515;20381115;20390515; 
;;;;;;;IT0004848443;IT0005262024;IT0001247391;IT0005262032;IT0004848476;IT0005262040;IT0001312781;IT0005262057;IT0001312799;IT0005403511;IT0001312807;IT0005403529;IT0004848484;IT0005568404;IT0001464194;IT0005568412;IT0001464202;IT0005568420;IT0004848492;IT0005443707;IT0005523698;IT0005443715;IT0005523706;IT0005443723;IT0005523714;IT0005443731;IT0005523722;IT0005443749;IT0005548869;IT0005443756;IT0005443764;IT0005443772;IT0005443780;IT0005443798;IT0005443806;IT0005443814;IT0005443822;IT0005443830;IT0005443848;IT0005443855;IT0005443863; 
MEF;20150904;IT0001278511;20291101;-1981000;;0;52001.25; ;52001.25; ;52001.25; ;52001.25; ;52001.25; ;52001.25; ;2033001.25; ; ; ; ; ; ; ; ; ; ; ; ; ; ; ; ; ; ; ; ; ; ; ; ; ; ; ; ; 
MEF;20150914;IT0001086567;20261101;-3000000;;0;3108750; ; ; ; ; ; ; ; ; ; ; ; ; ; ; ; ; ; ; ; ; ; ; ; ; ; ; ; ; ; ; ; ; ; ; ; ; ; ; ; ; 
MEF;20150914;IT0001174611;20271101;2000000;;0;-65000; ;-65000; ;-2065000; ; ; ; ; ; ; ; ; ; ; ; ; ; ; ; ; ; ; ; ; ; ; ; ; ; ; ; ; ; ; ; ; ; ; ; ; 
MEF;20150915;IT0001086567;20261101;-1000000;;0;1036250; ; ; ; ; ; ; ; ; ; ; ; ; ; ; ; ; ; ; ; ; ; ; ; ; ; ; ; ; ; ; ; ; ; ; ; ; ; ; ; ; 
MEF;20150915;IT0001174611;20271101;-1500000;;0;48750; ;48750; ;1548750; ; ; ; ; ; ; ; ; ; ; ; ; ; ; ; ; ; ; ; ; ; ; ; ; ; ; ; ; ; ; ; ; ; ; ; ; 
MEF;20150922;IT0001086567;20261101;-9000000;;0;9326250; ; ; ; ; ; ; ; ; ; ; ; ; ; ; ; ; ; ; ; ; ; ; ; ; ; ; ; ; ; ; ; ; ; ; ; ; ; ; ; ; 
MEF;20150922;IT0001444378;20310501;-14000000;;0;420000; ;420000; ;420000; ;420000; ;420000; ;420000; ;420000; ;420000; ;420000; ;14420000; ; ; ; ; ; ; ; ; ; ; ; ; ; ; ; ; ; ; ; ; ; ; 
MEF;20150923;IT0001174611;20271101;-4600000;;0;149500; ;149500; ;4749500; ; ; ; ; ; ; ; ; ; ; ; ; ; ; ; ; ; ; ; ; ; ; ; ; ; ; ; ; ; ; ; ; ; ; ; ; 
MEF;20150924;IT0001086567;20261101;-5000000;;0;5181250; ; ; ; ; ; ; ; ; ; ; ; ; ; ; ; ; ; ; ; ; ; ; ; ; ; ; ; ; ; ; ; ; ; ; ; ; ; ; ; ; 
MEF;20150925;IT0001086567;20261101;-48000000;;0;49740000; ; ; ; ; ; ; ; ; ; ; ; ; ; ; ; ; ; ; ; ; ; ; ; ; ; ; ; ; ; ; ; ; ; ; ; ; ; ; ; ; 
MEF;20150930;IT0001086567;20261101;-1500000;;0;1554375; ; ; ; ; ; ; ; ; ; ; ; ; ; ; ; ; ; ; ; ; ; ; ; ; ; ; ; ; ; ; ; ; ; ; ; ; ; ; ; ; 
MEF;20151006;IT0001086567;20261101;-20000000;;0;20725000; ; ; ; ; ; ; ; ; ; ; ; ; ; ; ; ; ; ; ; ; ; ; ; ; ; ; ; ; ; ; ; ; ; ; ; ; ; ; ; ; 
MEF;20151006;IT0001086567;20261101;1000000;;0;-1036250; ; ; ; ; ; ; ; ; ; ; ; ; ; ; ; ; ; ; ; ; ; ; ; ; ; ; ; ; ; ; ; ; ; ; ; ; ; ; ; ; 
MEF;20151006;IT0001174611;20271101;1000000;;0;-32500; ;-32500; ;-1032500; ; ; ; ; ; ; ; ; ; ; ; ; ; ; ; ; ; ; ; ; ; ; ; ; ; ; ; ; ; ; ; ; ; ; ; ; 
MEF;20151007;IT0001444378;20310501;-6500000;;0;195000; ;195000; ;195000; ;195000; ;195000; ;195000; ;195000; ;195000; ;195000; ;6695000; ; ; ; ; ; ; ; ; ; ; ; ; ; ; ; ; ; ; ; ; ; ; 
MEF;20151009;IT0001086567;20261101;-16000000;;0;16580000; ; ; ; ; ; ; ; ; ; ; ; ; ; ; ; ; ; ; ; ; ; ; ; ; ; ; ; ; ; ; ; ; ; ; ; ; ; ; ; ; 
MEF;20151009;IT0001278511;20291101;-4000000;;0;105000; ;105000; ;105000; ;105000; ;105000; ;105000; ;4105000; ; ; ; ; ; ; ; ; ; ; ; ; ; ; ; ; ; ; ; ; ; ; ; ; ; ; ; ; 
MEF;20151009;IT0001444378;20310501;-26000000;;0;780000; ;780000; ;780000; ;780000; ;780000; ;780000; ;780000; ;780000; ;780000; ;26780000; ; ; ; ; ; ; ; ; ; ; ; ; ; ; ; ; ; ; ; ; ; ; 
MEF;20151012;IT0001086567;20261101;-29000000;;0;30051250; ; ; ; ; ; ; ; ; ; ; ; ; ; ; ; ; ; ; ; ; ; ; ; ; ; ; ; ; ; ; ; ; ; ; ; ; ; ; ; ; 
MEF;20151012;IT0001444378;20310501;-2000000;;0;60000; ;60000; ;60000; ;60000; ;60000; ;60000; ;60000; ;60000; ;60000; ;2060000; ; ; ; ; ; ; ; ; ; ; ; ; ; ; ; ; ; ; ; ; ; ; 
MEF;20151013;IT0001086567;20261101;-10000000;;0;10362500; ; ; ; ; ; ; ; ; ; ; ; ; ; ; ; ; ; ; ; ; ; ; ; ; ; ; ; ; ; ; ; ; ; ; ; ; ; ; ; ; 
MEF;20151013;IT0001174611;20271101;-10000000;;0;325000; ;325000; ;10325000; ; ; ; ; ; ; ; ; ; ; ; ; ; ; ; ; ; ; ; ; ; ; ; ; ; ; ; ; ; ; ; ; ; ; ; ; 
MEF;20151013;IT0001444378;20310501;-7000000;;0;210000; ;210000; ;210000; ;210000; ;210000; ;210000; ;210000; ;210000; ;210000; ;7210000; ; ; ; ; ; ; ; ; ; ; ; ; ; ; ; ; ; ; ; ; ; ; 
MEF;20151015;IT0001086567;20261101;-7000000;;0;7253750; ; ; ; ; ; ; ; ; ; ; ; ; ; ; ; ; ; ; ; ; ; ; ; ; ; ; ; ; ; ; ; ; ; ; ; ; ; ; ; ; 
MEF;20151022;IT0001086567;20261101;-5000000;;0;5181250; ; ; ; ; ; ; ; ; ; ; ; ; ; ; ; ; ; ; ; ; ; ; ; ; ; ; ; ; ; ; ; ; ; ; ; ; ; ; ; ; 
MEF;20151102;IT0001086567;20261101;6500000;;0;-6735625; ; ; ; ; ; ; ; ; ; ; ; ; ; ; ; ; ; ; ; ; ; ; ; ; ; ; ; ; ; ; ; ; ; ; ; ; ; ; ; ; 
MEF;20151103;IT0001086567;20261101;-3500000;;0;3626875; ; ; ; ; ; ; ; ; ; ; ; ; ; ; ; ; ; ; ; ; ; ; ; ; ; ; ; ; ; ; ; ; ; ; ; ; ; ; ; ; 
MEF;20151103;IT0001278511;20291101;-2000000;;0;52500; ;52500; ;52500; ;52500; ;52500; ;52500; ;2052500; ; ; ; ; ; ; ; ; ; ; ; ; ; ; ; ; ; ; ; ; ; ; ; ; ; ; ; ; 
MEF;20151104;IT0001444378;20310501;-21000000;;0;630000; ;630000; ;630000; ;630000; ;630000; ;630000; ;630000; ;630000; ;630000; ;21630000; ; ; ; ; ; ; ; ; ; ; ; ; ; ; ; ; ; ; ; ; ; ; 
MEF;20151105;IT0001444378;20310501;-33500000;;0;1005000; ;1005000; ;1005000; ;1005000; ;1005000; ;1005000; ;1005000; ;1005000; ;1005000; ;34505000; ; ; ; ; ; ; ; ; ; ; ; ; ; ; ; ; ; ; ; ; ; ; 
MEF;20151106;IT0001086567;20261101;75000000;;0;-77718750; ; ; ; ; ; ; ; ; ; ; ; ; ; ; ; ; ; ; ; ; ; ; ; ; ; ; ; ; ; ; ; ; ; ; ; ; ; ; ; ; 
MEF;20151106;IT0001278511;20291101;-6000000;;0;157500; ;157500; ;157500; ;157500; ;157500; ;157500; ;6157500; ; ; ; ; ; ; ; ; ; ; ; ; ; ; ; ; ; ; ; ; ; ; ; ; ; ; ; ; 
MEF;20151106;IT0001444378;20310501;-5000000;;0;150000; ;150000; ;150000; ;150000; ;150000; ;150000; ;150000; ;150000; ;150000; ;5150000; ; ; ; ; ; ; ; ; ; ; ; ; ; ; ; ; ; ; ; ; ; ; 
MEF;20151110;IT0001086567;20261101;-2800000;;0;2901500; ; ; ; ; ; ; ; ; ; ; ; ; ; ; ; ; ; ; ; ; ; ; ; ; ; ; ; ; ; ; ; ; ; ; ; ; ; ; ; ; 
MEF;20151110;IT0001174611;20271101;5000000;;0;-162500; ;-162500; ;-5162500; ; ; ; ; ; ; ; ; ; ; ; ; ; ; ; ; ; ; ; ; ; ; ; ; ; ; ; ; ; ; ; ; ; ; ; ; 
MEF;20151110;IT0001278511;20291101;-10000000;;0;262500; ;262500; ;262500; ;262500; ;262500; ;262500; ;10262500; ; ; ; ; ; ; ; ; ; ; ; ; ; ; ; ; ; ; ; ; ; ; ; ; ; ; ; ; 
MEF;20151111;IT0001086567;20261101;1000000;;0;-1036250; ; ; ; ; ; ; ; ; ; ; ; ; ; ; ; ; ; ; ; ; ; ; ; ; ; ; ; ; ; ; ; ; ; ; ; ; ; ; ; ; 
MEF;20151111;IT0001278511;20291101;-10000000;;0;262500; ;262500; ;262500; ;262500; ;262500; ;262500; ;10262500; ; ; ; ; ; ; ; ; ; ; ; ; ; ; ; ; ; ; ; ; ; ; ; ; ; ; ; ; 
MEF;20151111;IT0001278511;20291101;1341000;;0;-35201.25; ;-35201.25; ;-35201.25; ;-35201.25; ;-35201.25; ;-35201.25; ;-1376201.25; ; ; ; ; ; ; ; ; ; ; ; ; ; ; ; ; ; ; ; ; ; ; ; ; ; ; ; ; 
MEF;20151111;IT0001278511;20291101;5000000;;0;-131250; ;-131250; ;-131250; ;-131250; ;-131250; ;-131250; ;-5131250; ; ; ; ; ; ; ; ; ; ; ; ; ; ; ; ; ; ; ; ; ; ; ; ; ; ; ; ; 
MEF;20151113;IT0001444378;20310501;-1174000;;0;35220; ;35220; ;35220; ;35220; ;35220; ;35220; ;35220; ;35220; ;35220; ;1209220; ; ; ; ; ; ; ; ; ; ; ; ; ; ; ; ; ; ; ; ; ; ; 
MEF;20151126;IT0001086567;20261101;-5000000;;0;5181250; ; ; ; ; ; ; ; ; ; ; ; ; ; ; ; ; ; ; ; ; ; ; ; ; ; ; ; ; ; ; ; ; ; ; ; ; ; ; ; ; 
MEF;20151126;IT0001174611;20271101;-5000000;;0;162500; ;162500; ;5162500; ; ; ; ; ; ; ; ; ; ; ; ; ; ; ; ; ; ; ; ; ; ; ; ; ; ; ; ; ; ; ; ; ; ; ; ; 
MEF;20151126;IT0001278511;20291101;49000000;;0;-1286250; ;-1286250; ;-1286250; ;-1286250; ;-1286250; ;-1286250; ;-50286250; ; ; ; ; ; ; ; ; ; ; ; ; ; ; ; ; ; ; ; ; ; ; ; ; ; ; ; ; 
MEF;20151126;IT0001444378;20310501;11000000;;0;-330000; ;-330000; ;-330000; ;-330000; ;-330000; ;-330000; ;-330000; ;-330000; ;-330000; ;-11330000; ; ; ; ; ; ; ; ; ; ; ; ; ; ; ; ; ; ; ; ; ; ; 
MEF;20151126;IT0001444378;20310501;2500000;;0;-75000; ;-75000; ;-75000; ;-75000; ;-75000; ;-75000; ;-75000; ;-75000; ;-75000; ;-2575000; ; ; ; ; ; ; ; ; ; ; ; ; ; ; ; ; ; ; ; ; ; ; 
MEF;20151126;IT0001444378;20310501;5001000;;0;-150030; ;-150030; ;-150030; ;-150030; ;-150030; ;-150030; ;-150030; ;-150030; ;-150030; ;-5151030; ; ; ; ; ; ; ; ; ; ; ; ; ; ; ; ; ; ; ; ; ; ; 
MEF;20151127;IT0001444378;20310501;6000;;0;-180; ;-180; ;-180; ;-180; ;-180; ;-180; ;-180; ;-180; ;-180; ;-6180; ; ; ; ; ; ; ; ; ; ; ; ; ; ; ; ; ; ; ; ; ; ; 
MEF;20151202;IT0001174611;20271101;5000000;;0;-162500; ;-162500; ;-5162500; ; ; ; ; ; ; ; ; ; ; ; ; ; ; ; ; ; ; ; ; ; ; ; ; ; ; ; ; ; ; ; ; ; ; ; ; 
MEF;20151202;IT0001278511;20291101;-10000000;;0;262500; ;262500; ;262500; ;262500; ;262500; ;262500; ;10262500; ; ; ; ; ; ; ; ; ; ; ; ; ; ; ; ; ; ; ; ; ; ; ; ; ; ; ; ; 
MEF;20151203;IT0001278511;20291101;14000000;;0;-367500; ;-367500; ;-367500; ;-367500; ;-367500; ;-367500; ;-14367500; ; ; ; ; ; ; ; ; ; ; ; ; ; ; ; ; ; ; ; ; ; ; ; ; ; ; ; ; 
MEF;20151208;IT0001086567;20261101;-3250000;;0;3367812.5; ; ; ; ; ; ; ; ; ; ; ; ; ; ; ; ; ; ; ; ; ; ; ; ; ; ; ; ; ; ; ; ; ; ; ; ; ; ; ; ; 
MEF;20151208;IT0001278511;20291101;-10000000;;0;262500; ;262500; ;262500; ;262500; ;262500; ;262500; ;10262500; ; ; ; ; ; ; ; ; ; ; ; ; ; ; ; ; ; ; ; ; ; ; ; ; ; ; ; ; 
MEF;20151208;IT0001444378;20310501;-15000000;;0;450000; ;450000; ;450000; ;450000; ;450000; ;450000; ;450000; ;450000; ;450000; ;15450000; ; ; ; ; ; ; ; ; ; ; ; ; ; ; ; ; ; ; ; ; ; ; 
MEF;20151208;IT0001444378;20310501;-5000000;;0;150000; ;150000; ;150000; ;150000; ;150000; ;150000; ;150000; ;150000; ;150000; ;5150000; ; ; ; ; ; ; ; ; ; ; ; ; ; ; ; ; ; ; ; ; ; ; 
MEF;20151208;IT0001444378;20310501;15000000;;0;-450000; ;-450000; ;-450000; ;-450000; ;-450000; ;-450000; ;-450000; ;-450000; ;-450000; ;-15450000; ; ; ; ; ; ; ; ; ; ; ; ; ; ; ; ; ; ; ; ; ; ; 
MEF;20151214;IT0001086567;20261101;500000;;0;-518125; ; ; ; ; ; ; ; ; ; ; ; ; ; ; ; ; ; ; ; ; ; ; ; ; ; ; ; ; ; ; ; ; ; ; ; ; ; ; ; ; 
MEF;20151215;IT0001444378;20310501;-5400000;;0;162000; ;162000; ;162000; ;162000; ;162000; ;162000; ;162000; ;162000; ;162000; ;5562000; ; ; ; ; ; ; ; ; ; ; ; ; ; ; ; ; ; ; ; ; ; ; 
MEF;20151218;IT0001086567;20261101;-10000000;;0;10362500; ; ; ; ; ; ; ; ; ; ; ; ; ; ; ; ; ; ; ; ; ; ; ; ; ; ; ; ; ; ; ; ; ; ; ; ; ; ; ; ; 
MEF;20151218;IT0001174611;20271101;-17195000;;0;558837.5; ;558837.5; ;17753837.5; ; ; ; ; ; ; ; ; ; ; ; ; ; ; ; ; ; ; ; ; ; ; ; ; ; ; ; ; ; ; ; ; ; ; ; ; 
MEF;20151218;IT0001278511;20291101;-38000000;;0;997500; ;997500; ;997500; ;997500; ;997500; ;997500; ;38997500; ; ; ; ; ; ; ; ; ; ; ; ; ; ; ; ; ; ; ; ; ; ; ; ; ; ; ; ; 
MEF;20151223;IT0001174611;20271101;-4000000;;0;130000; ;130000; ;4130000; ; ; ; ; ; ; ; ; ; ; ; ; ; ; ; ; ; ; ; ; ; ; ; ; ; ; ; ; ; ; ; ; ; ; ; ; 
MEF;20160107;IT0001086567;20261101;-15000000;;0;15543750; ; ; ; ; ; ; ; ; ; ; ; ; ; ; ; ; ; ; ; ; ; ; ; ; ; ; ; ; ; ; ; ; ; ; ; ; ; ; ; ; 
MEF;20160119;IT0001086567;20261101;-3000000;;0;3108750; ; ; ; ; ; ; ; ; ; ; ; ; ; ; ; ; ; ; ; ; ; ; ; ; ; ; ; ; ; ; ; ; ; ; ; ; ; ; ; ; 
MEF;20160119;IT0001444378;20310501;-16500000;;0;495000; ;495000; ;495000; ;495000; ;495000; ;495000; ;495000; ;495000; ;495000; ;16995000; ; ; ; ; ; ; ; ; ; ; ; ; ; ; ; ; ; ; ; ; ; ; 
MEF;20160121;IT0001086567;20261101;-20000000;;0;20725000; ; ; ; ; ; ; ; ; ; ; ; ; ; ; ; ; ; ; ; ; ; ; ; ; ; ; ; ; ; ; ; ; ; ; ; ; ; ; ; ; 
MEF;20160121;IT0001086567;20261101;1000000;;0;-1036250; ; ; ; ; ; ; ; ; ; ; ; ; ; ; ; ; ; ; ; ; ; ; ; ; ; ; ; ; ; ; ; ; ; ; ; ; ; ; ; ; 
MEF;20160121;IT0001444378;20310501;-15000000;;0;450000; ;450000; ;450000; ;450000; ;450000; ;450000; ;450000; ;450000; ;450000; ;15450000; ; ; ; ; ; ; ; ; ; ; ; ; ; ; ; ; ; ; ; ; ; ; 
MEF;20160121;IT0001444378;20310501;5000000;;0;-150000; ;-150000; ;-150000; ;-150000; ;-150000; ;-150000; ;-150000; ;-150000; ;-150000; ;-5150000; ; ; ; ; ; ; ; ; ; ; ; ; ; ; ; ; ; ; ; ; ; ; 
MEF;20160128;IT0001086567;20261101;-24000000;;0;24870000; ; ; ; ; ; ; ; ; ; ; ; ; ; ; ; ; ; ; ; ; ; ; ; ; ; ; ; ; ; ; ; ; ; ; ; ; ; ; ; ; 
MEF;20160204;IT0001086567;20261101;19000000;;0;-19688750; ; ; ; ; ; ; ; ; ; ; ; ; ; ; ; ; ; ; ; ; ; ; ; ; ; ; ; ; ; ; ; ; ; ; ; ; ; ; ; ; 
MEF;20160205;IT0001174611;20271101;-7500000;;0;243750; ;243750; ;7743750; ; ; ; ; ; ; ; ; ; ; ; ; ; ; ; ; ; ; ; ; ; ; ; ; ; ; ; ; ; ; ; ; ; ; ; ; 
MEF;20160209;IT0001086567;20261101;-15000000;;0;15543750; ; ; ; ; ; ; ; ; ; ; ; ; ; ; ; ; ; ; ; ; ; ; ; ; ; ; ; ; ; ; ; ; ; ; ; ; ; ; ; ; 
MEF;20160211;IT0001086567;20261101;-7000000;;0;7253750; ; ; ; ; ; ; ; ; ; ; ; ; ; ; ; ; ; ; ; ; ; ; ; ; ; ; ; ; ; ; ; ; ; ; ; ; ; ; ; ; 
MEF;20160219;IT0001086567;20261101;5000000;;0;-5181250; ; ; ; ; ; ; ; ; ; ; ; ; ; ; ; ; ; ; ; ; ; ; ; ; ; ; ; ; ; ; ; ; ; ; ; ; ; ; ; ; 
MEF;20160229;IT0001086567;20261101;-4000000;;0;4145000; ; ; ; ; ; ; ; ; ; ; ; ; ; ; ; ; ; ; ; ; ; ; ; ; ; ; ; ; ; ; ; ; ; ; ; ; ; ; ; ; 
MEF;20160229;IT0001174611;20271101;-1500000;;0;48750; ;48750; ;1548750; ; ; ; ; ; ; ; ; ; ; ; ; ; ; ; ; ; ; ; ; ; ; ; ; ; ; ; ; ; ; ; ; ; ; ; ; 
MEF;20160229;IT0001444378;20310501;-3000000;;0;90000; ;90000; ;90000; ;90000; ;90000; ;90000; ;90000; ;90000; ;90000; ;3090000; ; ; ; ; ; ; ; ; ; ; ; ; ; ; ; ; ; ; ; ; ; ; 
MEF;20160303;IT0001086567;20261101;-10000000;;0;10362500; ; ; ; ; ; ; ; ; ; ; ; ; ; ; ; ; ; ; ; ; ; ; ; ; ; ; ; ; ; ; ; ; ; ; ; ; ; ; ; ; 
MEF;20160307;IT0001278511;20291101;-13400000;;0;351750; ;351750; ;351750; ;351750; ;351750; ;351750; ;13751750; ; ; ; ; ; ; ; ; ; ; ; ; ; ; ; ; ; ; ; ; ; ; ; ; ; ; ; ; 
MEF;20160309;IT0001174611;20271101;2500000;;0;-81250; ;-81250; ;-2581250; ; ; ; ; ; ; ; ; ; ; ; ; ; ; ; ; ; ; ; ; ; ; ; ; ; ; ; ; ; ; ; ; ; ; ; ; 
MEF;20160310;IT0001086567;20261101;24000000;;0;-24870000; ; ; ; ; ; ; ; ; ; ; ; ; ; ; ; ; ; ; ; ; ; ; ; ; ; ; ; ; ; ; ; ; ; ; ; ; ; ; ; ; 
MEF;20160315;IT0001086567;20261101;-25000000;;0;25906250; ; ; ; ; ; ; ; ; ; ; ; ; ; ; ; ; ; ; ; ; ; ; ; ; ; ; ; ; ; ; ; ; ; ; ; ; ; ; ; ; 
MEF;20160315;IT0001444378;20310501;23000000;;0;-690000; ;-690000; ;-690000; ;-690000; ;-690000; ;-690000; ;-690000; ;-690000; ;-690000; ;-23690000; ; ; ; ; ; ; ; ; ; ; ; ; ; ; ; ; ; ; ; ; ; ; 
MEF;20160315;IT0001444378;20310501;23932000;;0;-717960; ;-717960; ;-717960; ;-717960; ;-717960; ;-717960; ;-717960; ;-717960; ;-717960; ;-24649960; ; ; ; ; ; ; ; ; ; ; ; ; ; ; ; ; ; ; ; ; ; ; 
MEF;20160318;IT0001174611;20271101;-500000;;0;16250; ;16250; ;516250; ; ; ; ; ; ; ; ; ; ; ; ; ; ; ; ; ; ; ; ; ; ; ; ; ; ; ; ; ; ; ; ; ; ; ; ; 
MEF;20160321;IT0001174611;20271101;24000000;;0;-780000; ;-780000; ;-24780000; ; ; ; ; ; ; ; ; ; ; ; ; ; ; ; ; ; ; ; ; ; ; ; ; ; ; ; ; ; ; ; ; ; ; ; ; 
MEF;20160321;IT0001444378;20310501;20000000;;0;-600000; ;-600000; ;-600000; ;-600000; ;-600000; ;-600000; ;-600000; ;-600000; ;-600000; ;-20600000; ; ; ; ; ; ; ; ; ; ; ; ; ; ; ; ; ; ; ; ; ; ; 
MEF;20160322;IT0001174611;20271101;-21500000;;0;698750; ;698750; ;22198750; ; ; ; ; ; ; ; ; ; ; ; ; ; ; ; ; ; ; ; ; ; ; ; ; ; ; ; ; ; ; ; ; ; ; ; ; 
MEF;20160330;IT0001086567;20261101;1000000;;0;-1036250; ; ; ; ; ; ; ; ; ; ; ; ; ; ; ; ; ; ; ; ; ; ; ; ; ; ; ; ; ; ; ; ; ; ; ; ; ; ; ; ; 
MEF;20160330;IT0001174611;20271101;1000000;;0;-32500; ;-32500; ;-1032500; ; ; ; ; ; ; ; ; ; ; ; ; ; ; ; ; ; ; ; ; ; ; ; ; ; ; ; ; ; ; ; ; ; ; ; ; 
MEF;20160330;IT0001444378;20310501;15500000;;0;-465000; ;-465000; ;-465000; ;-465000; ;-465000; ;-465000; ;-465000; ;-465000; ;-465000; ;-15965000; ; ; ; ; ; ; ; ; ; ; ; ; ; ; ; ; ; ; ; ; ; ; 
MEF;20160331;IT0001278511;20291101;-10200000;;0;267750; ;267750; ;267750; ;267750; ;267750; ;267750; ;10467750; ; ; ; ; ; ; ; ; ; ; ; ; ; ; ; ; ; ; ; ; ; ; ; ; ; ; ; ; 
MEF;20160331;IT0001444378;20310501;-17400000;;0;522000; ;522000; ;522000; ;522000; ;522000; ;522000; ;522000; ;522000; ;522000; ;17922000; ; ; ; ; ; ; ; ; ; ; ; ; ; ; ; ; ; ; ; ; ; ; 
MEF;20160404;IT0001278511;20291101;-40000000;;0;1050000; ;1050000; ;1050000; ;1050000; ;1050000; ;1050000; ;41050000; ; ; ; ; ; ; ; ; ; ; ; ; ; ; ; ; ; ; ; ; ; ; ; ; ; ; ; ; 
MEF;20160406;IT0001444378;20310501;-2000000;;0;60000; ;60000; ;60000; ;60000; ;60000; ;60000; ;60000; ;60000; ;60000; ;2060000; ; ; ; ; ; ; ; ; ; ; ; ; ; ; ; ; ; ; ; ; ; ; 
MEF;20160411;IT0001086567;20261101;-83785000;;0;86822206.25; ; ; ; ; ; ; ; ; ; ; ; ; ; ; ; ; ; ; ; ; ; ; ; ; ; ; ; ; ; ; ; ; ; ; ; ; ; ; ; ; 
MEF;20160415;IT0001278511;20291101;-10000000;;0;262500; ;262500; ;262500; ;262500; ;262500; ;262500; ;10262500; ; ; ; ; ; ; ; ; ; ; ; ; ; ; ; ; ; ; ; ; ; ; ; ; ; ; ; ; 
MEF;20160420;IT0001278511;20291101;-5000000;;0;131250; ;131250; ;131250; ;131250; ;131250; ;131250; ;5131250; ; ; ; ; ; ; ; ; ; ; ; ; ; ; ; ; ; ; ; ; ; ; ; ; ; ; ; ; 
MEF;20160421;IT0001086567;20261101;-9000000;;0;9326250; ; ; ; ; ; ; ; ; ; ; ; ; ; ; ; ; ; ; ; ; ; ; ; ; ; ; ; ; ; ; ; ; ; ; ; ; ; ; ; ; 
MEF;20160502;IT0001278511;20291101;-4800000;;0;126000; ;126000; ;126000; ;126000; ;126000; ;126000; ;4926000; ; ; ; ; ; ; ; ; ; ; ; ; ; ; ; ; ; ; ; ; ; ; ; ; ; ; ; ; 
MEF;20160503;IT0001086567;20261101;-50000000;;0;51812500; ; ; ; ; ; ; ; ; ; ; ; ; ; ; ; ; ; ; ; ; ; ; ; ; ; ; ; ; ; ; ; ; ; ; ; ; ; ; ; ; 
MEF;20160504;IT0001086567;20261101;5000000;;0;-5181250; ; ; ; ; ; ; ; ; ; ; ; ; ; ; ; ; ; ; ; ; ; ; ; ; ; ; ; ; ; ; ; ; ; ; ; ; ; ; ; ; 
MEF;20160509;IT0001278511;20291101;-11000000;;0;288750; ;288750; ;288750; ;288750; ;288750; ;288750; ;11288750; ; ; ; ; ; ; ; ; ; ; ; ; ; ; ; ; ; ; ; ; ; ; ; ; ; ; ; ; 
MEF;20160509;IT0001278511;20291101;-12500000;;0;328125; ;328125; ;328125; ;328125; ;328125; ;328125; ;12828125; ; ; ; ; ; ; ; ; ; ; ; ; ; ; ; ; ; ; ; ; ; ; ; ; ; ; ; ; 
MEF;20160509;IT0001278511;20291101;-8000000;;0;210000; ;210000; ;210000; ;210000; ;210000; ;210000; ;8210000; ; ; ; ; ; ; ; ; ; ; ; ; ; ; ; ; ; ; ; ; ; ; ; ; ; ; ; ; 
MEF;20160510;IT0001278511;20291101;-7000000;;0;183750; ;183750; ;183750; ;183750; ;183750; ;183750; ;7183750; ; ; ; ; ; ; ; ; ; ; ; ; ; ; ; ; ; ; ; ; ; ; ; ; ; ; ; ; 
MEF;20160513;IT0001086567;20261101;-305000000;;0;316056250; ; ; ; ; ; ; ; ; ; ; ; ; ; ; ; ; ; ; ; ; ; ; ; ; ; ; ; ; ; ; ; ; ; ; ; ; ; ; ; ; 
MEF;20160520;IT0001278511;20291101;-11500000;;0;301875; ;301875; ;301875; ;301875; ;301875; ;301875; ;11801875; ; ; ; ; ; ; ; ; ; ; ; ; ; ; ; ; ; ; ; ; ; ; ; ; ; ; ; ; 
MEF;20160526;IT0001174611;20271101;-2000000;;0;65000; ;65000; ;2065000; ; ; ; ; ; ; ; ; ; ; ; ; ; ; ; ; ; ; ; ; ; ; ; ; ; ; ; ; ; ; ; ; ; ; ; ; 
MEF;20160526;IT0001444378;20310501;-1000000;;0;30000; ;30000; ;30000; ;30000; ;30000; ;30000; ;30000; ;30000; ;30000; ;1030000; ; ; ; ; ; ; ; ; ; ; ; ; ; ; ; ; ; ; ; ; ; ; 
MEF;20160607;IT0001174611;20271101;5000000;;0;-162500; ;-162500; ;-5162500; ; ; ; ; ; ; ; ; ; ; ; ; ; ; ; ; ; ; ; ; ; ; ; ; ; ; ; ; ; ; ; ; ; ; ; ; 
MEF;20160624;IT0001444378;20310501;-1000000;;0;30000; ;30000; ;30000; ;30000; ;30000; ;30000; ;30000; ;30000; ;30000; ;1030000; ; ; ; ; ; ; ; ; ; ; ; ; ; ; ; ; ; ; ; ; ; ; 
MEF;20160706;IT0001086567;20261101;97000000;;0;-100516250; ; ; ; ; ; ; ; ; ; ; ; ; ; ; ; ; ; ; ; ; ; ; ; ; ; ; ; ; ; ; ; ; ; ; ; ; ; ; ; ; 
MEF;20160706;IT0001278511;20291101;-7000000;;0;183750; ;183750; ;183750; ;183750; ;183750; ;183750; ;7183750; ; ; ; ; ; ; ; ; ; ; ; ; ; ; ; ; ; ; ; ; ; ; ; ; ; ; ; ; 
MEF;20160708;IT0001086567;20261101;48000000;;0;-49740000; ; ; ; ; ; ; ; ; ; ; ; ; ; ; ; ; ; ; ; ; ; ; ; ; ; ; ; ; ; ; ; ; ; ; ; ; ; ; ; ; 
MEF;20160711;IT0001086567;20261101;24000000;;0;-24870000; ; ; ; ; ; ; ; ; ; ; ; ; ; ; ; ; ; ; ; ; ; ; ; ; ; ; ; ; ; ; ; ; ; ; ; ; ; ; ; ; 
MEF;20160711;IT0001086567;20261101;25000000;;0;-25906250; ; ; ; ; ; ; ; ; ; ; ; ; ; ; ; ; ; ; ; ; ; ; ; ; ; ; ; ; ; ; ; ; ; ; ; ; ; ; ; ; 
MEF;20160711;IT0001086567;20261101;45000000;;0;-46631250; ; ; ; ; ; ; ; ; ; ; ; ; ; ; ; ; ; ; ; ; ; ; ; ; ; ; ; ; ; ; ; ; ; ; ; ; ; ; ; ; 
MEF;20160714;IT0001086567;20261101;46000000;;0;-47667500; ; ; ; ; ; ; ; ; ; ; ; ; ; ; ; ; ; ; ; ; ; ; ; ; ; ; ; ; ; ; ; ; ; ; ; ; ; ; ; ; 
MEF;20160714;IT0001086567;20261101;48000000;;0;-49740000; ; ; ; ; ; ; ; ; ; ; ; ; ; ; ; ; ; ; ; ; ; ; ; ; ; ; ; ; ; ; ; ; ; ; ; ; ; ; ; ; 
MEF;20160718;IT0001086567;20261101;48000000;;0;-49740000; ; ; ; ; ; ; ; ; ; ; ; ; ; ; ; ; ; ; ; ; ; ; ; ; ; ; ; ; ; ; ; ; ; ; ; ; ; ; ; ; 
MEF;20160718;IT0001086567;20261101;63500000;;0;-65801875; ; ; ; ; ; ; ; ; ; ; ; ; ; ; ; ; ; ; ; ; ; ; ; ; ; ; ; ; ; ; ; ; ; ; ; ; ; ; ; ; 
MEF;20160718;IT0001086567;20261101;96500000;;0;-99998125; ; ; ; ; ; ; ; ; ; ; ; ; ; ; ; ; ; ; ; ; ; ; ; ; ; ; ; ; ; ; ; ; ; ; ; ; ; ; ; ; 
MEF;20160720;IT0001086567;20261101;-9500000;;0;9844375; ; ; ; ; ; ; ; ; ; ; ; ; ; ; ; ; ; ; ; ; ; ; ; ; ; ; ; ; ; ; ; ; ; ; ; ; ; ; ; ; 
MEF;20160720;IT0001174611;20271101;-8000000;;0;260000; ;260000; ;8260000; ; ; ; ; ; ; ; ; ; ; ; ; ; ; ; ; ; ; ; ; ; ; ; ; ; ; ; ; ; ; ; ; ; ; ; ; 
MEF;20160720;IT0001278511;20291101;-2500000;;0;65625; ;65625; ;65625; ;65625; ;65625; ;65625; ;2565625; ; ; ; ; ; ; ; ; ; ; ; ; ; ; ; ; ; ; ; ; ; ; ; ; ; ; ; ; 
MEF;20160720;IT0001444378;20310501;-14600000;;0;438000; ;438000; ;438000; ;438000; ;438000; ;438000; ;438000; ;438000; ;438000; ;15038000; ; ; ; ; ; ; ; ; ; ; ; ; ; ; ; ; ; ; ; ; ; ; 
MEF;20160721;IT0001086567;20261101;48000000;;0;-49740000; ; ; ; ; ; ; ; ; ; ; ; ; ; ; ; ; ; ; ; ; ; ; ; ; ; ; ; ; ; ; ; ; ; ; ; ; ; ; ; ; 
MEF;20160722;IT0001174611;20271101;14000000;;0;-455000; ;-455000; ;-14455000; ; ; ; ; ; ; ; ; ; ; ; ; ; ; ; ; ; ; ; ; ; ; ; ; ; ; ; ; ; ; ; ; ; ; ; ; 
MEF;20160905;IT0001086567;20261101;50000000;;0;-51812500; ; ; ; ; ; ; ; ; ; ; ; ; ; ; ; ; ; ; ; ; ; ; ; ; ; ; ; ; ; ; ; ; ; ; ; ; ; ; ; ; 
MEF;20160905;IT0001174611;20271101;95000000;;0;-3087500; ;-3087500; ;-98087500; ; ; ; ; ; ; ; ; ; ; ; ; ; ; ; ; ; ; ; ; ; ; ; ; ; ; ; ; ; ; ; ; ; ; ; ; 
MEF;20160905;IT0001278511;20291101;22000000;;0;-577500; ;-577500; ;-577500; ;-577500; ;-577500; ;-577500; ;-22577500; ; ; ; ; ; ; ; ; ; ; ; ; ; ; ; ; ; ; ; ; ; ; ; ; ; ; ; ; 
MEF;20160906;IT0001086567;20261101;95000000;;0;-98443750; ; ; ; ; ; ; ; ; ; ; ; ; ; ; ; ; ; ; ; ; ; ; ; ; ; ; ; ; ; ; ; ; ; ; ; ; ; ; ; ; 
MEF;20160906;IT0001174611;20271101;47000000;;0;-1527500; ;-1527500; ;-48527500; ; ; ; ; ; ; ; ; ; ; ; ; ; ; ; ; ; ; ; ; ; ; ; ; ; ; ; ; ; ; ; ; ; ; ; ; 
MEF;20160906;IT0001278511;20291101;-13000000;;0;341250; ;341250; ;341250; ;341250; ;341250; ;341250; ;13341250; ; ; ; ; ; ; ; ; ; ; ; ; ; ; ; ; ; ; ; ; ; ; ; ; ; ; ; ; 
MEF;20160906;IT0001444378;20310501;-8000000;;0;240000; ;240000; ;240000; ;240000; ;240000; ;240000; ;240000; ;240000; ;240000; ;8240000; ; ; ; ; ; ; ; ; ; ; ; ; ; ; ; ; ; ; ; ; ; ; 
MEF;20160907;IT0001444378;20310501;-22000000;;0;660000; ;660000; ;660000; ;660000; ;660000; ;660000; ;660000; ;660000; ;660000; ;22660000; ; ; ; ; ; ; ; ; ; ; ; ; ; ; ; ; ; ; ; ; ; ; 
MEF;20160908;IT0001086567;20261101;93000000;;0;-96371250; ; ; ; ; ; ; ; ; ; ; ; ; ; ; ; ; ; ; ; ; ; ; ; ; ; ; ; ; ; ; ; ; ; ; ; ; ; ; ; ; 
MEF;20160909;IT0001174611;20271101;48500000;;0;-1576250; ;-1576250; ;-50076250; ; ; ; ; ; ; ; ; ; ; ; ; ; ; ; ; ; ; ; ; ; ; ; ; ; ; ; ; ; ; ; ; ; ; ; ; 
MEF;20160909;IT0001174611;20271101;49000000;;0;-1592500; ;-1592500; ;-50592500; ; ; ; ; ; ; ; ; ; ; ; ; ; ; ; ; ; ; ; ; ; ; ; ; ; ; ; ; ; ; ; ; ; ; ; ; 
MEF;20160909;IT0001278511;20291101;24000000;;0;-630000; ;-630000; ;-630000; ;-630000; ;-630000; ;-630000; ;-24630000; ; ; ; ; ; ; ; ; ; ; ; ; ; ; ; ; ; ; ; ; ; ; ; ; ; ; ; ; 
MEF;20160912;IT0001174611;20271101;48000000;;0;-1560000; ;-1560000; ;-49560000; ; ; ; ; ; ; ; ; ; ; ; ; ; ; ; ; ; ; ; ; ; ; ; ; ; ; ; ; ; ; ; ; ; ; ; ; 
MEF;20160913;IT0001174611;20271101;2500000;;0;-81250; ;-81250; ;-2581250; ; ; ; ; ; ; ; ; ; ; ; ; ; ; ; ; ; ; ; ; ; ; ; ; ; ; ; ; ; ; ; ; ; ; ; ; 
MEF;20160913;IT0001174611;20271101;48000000;;0;-1560000; ;-1560000; ;-49560000; ; ; ; ; ; ; ; ; ; ; ; ; ; ; ; ; ; ; ; ; ; ; ; ; ; ; ; ; ; ; ; ; ; ; ; ; 
MEF;20160913;IT0001278511;20291101;17000000;;0;-446250; ;-446250; ;-446250; ;-446250; ;-446250; ;-446250; ;-17446250; ; ; ; ; ; ; ; ; ; ; ; ; ; ; ; ; ; ; ; ; ; ; ; ; ; ; ; ; 
MEF;20160914;IT0001278511;20291101;-17000000;;0;446250; ;446250; ;446250; ;446250; ;446250; ;446250; ;17446250; ; ; ; ; ; ; ; ; ; ; ; ; ; ; ; ; ; ; ; ; ; ; ; ; ; ; ; ; 
MEF;20160914;IT0001444378;20310501;-17000000;;0;510000; ;510000; ;510000; ;510000; ;510000; ;510000; ;510000; ;510000; ;510000; ;17510000; ; ; ; ; ; ; ; ; ; ; ; ; ; ; ; ; ; ; ; ; ; ; 
MEF;20160916;IT0001086567;20261101;-3500000;;0;3626875; ; ; ; ; ; ; ; ; ; ; ; ; ; ; ; ; ; ; ; ; ; ; ; ; ; ; ; ; ; ; ; ; ; ; ; ; ; ; ; ; 
MEF;20160916;IT0001174611;20271101;-500000;;0;16250; ;16250; ;516250; ; ; ; ; ; ; ; ; ; ; ; ; ; ; ; ; ; ; ; ; ; ; ; ; ; ; ; ; ; ; ; ; ; ; ; ; 
MEF;20160919;IT0001444378;20310501;-10000000;;0;300000; ;300000; ;300000; ;300000; ;300000; ;300000; ;300000; ;300000; ;300000; ;10300000; ; ; ; ; ; ; ; ; ; ; ; ; ; ; ; ; ; ; ; ; ; ; 
MEF;20160920;IT0001086567;20261101;11000000;;0;-11398750; ; ; ; ; ; ; ; ; ; ; ; ; ; ; ; ; ; ; ; ; ; ; ; ; ; ; ; ; ; ; ; ; ; ; ; ; ; ; ; ; 
MEF;20160920;IT0001278511;20291101;5000000;;0;-131250; ;-131250; ;-131250; ;-131250; ;-131250; ;-131250; ;-5131250; ; ; ; ; ; ; ; ; ; ; ; ; ; ; ; ; ; ; ; ; ; ; ; ; ; ; ; ; 
MEF;20160920;IT0001444378;20310501;-14500000;;0;435000; ;435000; ;435000; ;435000; ;435000; ;435000; ;435000; ;435000; ;435000; ;14935000; ; ; ; ; ; ; ; ; ; ; ; ; ; ; ; ; ; ; ; ; ; ; 
MEF;20160921;IT0001278511;20291101;500000;;0;-13125; ;-13125; ;-13125; ;-13125; ;-13125; ;-13125; ;-513125; ; ; ; ; ; ; ; ; ; ; ; ; ; ; ; ; ; ; ; ; ; ; ; ; ; ; ; ; 
MEF;20160926;IT0001444378;20310501;-10000000;;0;300000; ;300000; ;300000; ;300000; ;300000; ;300000; ;300000; ;300000; ;300000; ;10300000; ; ; ; ; ; ; ; ; ; ; ; ; ; ; ; ; ; ; ; ; ; ; 
MEF;20160927;IT0001086567;20261101;25000000;;0;-25906250; ; ; ; ; ; ; ; ; ; ; ; ; ; ; ; ; ; ; ; ; ; ; ; ; ; ; ; ; ; ; ; ; ; ; ; ; ; ; ; ; 
MEF;20160928;IT0001086567;20261101;-25000000;;0;25906250; ; ; ; ; ; ; ; ; ; ; ; ; ; ; ; ; ; ; ; ; ; ; ; ; ; ; ; ; ; ; ; ; ; ; ; ; ; ; ; ; 
MEF;20160928;IT0001174611;20271101;5000000;;0;-162500; ;-162500; ;-5162500; ; ; ; ; ; ; ; ; ; ; ; ; ; ; ; ; ; ; ; ; ; ; ; ; ; ; ; ; ; ; ; ; ; ; ; ; 
MEF;20160928;IT0001278511;20291101;-32100000;;0;842625; ;842625; ;842625; ;842625; ;842625; ;842625; ;32942625; ; ; ; ; ; ; ; ; ; ; ; ; ; ; ; ; ; ; ; ; ; ; ; ; ; ; ; ; 
MEF;20160930;IT0001086567;20261101;10800000;;0;-11191500; ; ; ; ; ; ; ; ; ; ; ; ; ; ; ; ; ; ; ; ; ; ; ; ; ; ; ; ; ; ; ; ; ; ; ; ; ; ; ; ; 
MEF;20160930;IT0001086567;20261101;11000000;;0;-11398750; ; ; ; ; ; ; ; ; ; ; ; ; ; ; ; ; ; ; ; ; ; ; ; ; ; ; ; ; ; ; ; ; ; ; ; ; ; ; ; ; 
MEF;20161010;IT0001174611;20271101;3000000;;0;-97500; ;-97500; ;-3097500; ; ; ; ; ; ; ; ; ; ; ; ; ; ; ; ; ; ; ; ; ; ; ; ; ; ; ; ; ; ; ; ; ; ; ; ; 
MEF;20161010;IT0001174611;20271101;500000;;0;-16250; ;-16250; ;-516250; ; ; ; ; ; ; ; ; ; ; ; ; ; ; ; ; ; ; ; ; ; ; ; ; ; ; ; ; ; ; ; ; ; ; ; ; 
MEF;20161010;IT0001278511;20291101;500000;;0;-13125; ;-13125; ;-13125; ;-13125; ;-13125; ;-13125; ;-513125; ; ; ; ; ; ; ; ; ; ; ; ; ; ; ; ; ; ; ; ; ; ; ; ; ; ; ; ; 
MEF;20161012;IT0001174611;20271101;1000000;;0;-32500; ;-32500; ;-1032500; ; ; ; ; ; ; ; ; ; ; ; ; ; ; ; ; ; ; ; ; ; ; ; ; ; ; ; ; ; ; ; ; ; ; ; ; 
MEF;20161013;IT0001086567;20261101;14000000;;0;-14507500; ; ; ; ; ; ; ; ; ; ; ; ; ; ; ; ; ; ; ; ; ; ; ; ; ; ; ; ; ; ; ; ; ; ; ; ; ; ; ; ; 
MEF;20161013;IT0001086567;20261101;500000;;0;-518125; ; ; ; ; ; ; ; ; ; ; ; ; ; ; ; ; ; ; ; ; ; ; ; ; ; ; ; ; ; ; ; ; ; ; ; ; ; ; ; ; 
MEF;20161013;IT0001174611;20271101;500000;;0;-16250; ;-16250; ;-516250; ; ; ; ; ; ; ; ; ; ; ; ; ; ; ; ; ; ; ; ; ; ; ; ; ; ; ; ; ; ; ; ; ; ; ; ; 
MEF;20161013;IT0001278511;20291101;500000;;0;-13125; ;-13125; ;-13125; ;-13125; ;-13125; ;-13125; ;-513125; ; ; ; ; ; ; ; ; ; ; ; ; ; ; ; ; ; ; ; ; ; ; ; ; ; ; ; ; 
MEF;20161014;IT0001444378;20310501;-17540000;;0;526200; ;526200; ;526200; ;526200; ;526200; ;526200; ;526200; ;526200; ;526200; ;18066200; ; ; ; ; ; ; ; ; ; ; ; ; ; ; ; ; ; ; ; ; ; ; 
MEF;20161014;IT0001444378;20310501;-20000000;;0;600000; ;600000; ;600000; ;600000; ;600000; ;600000; ;600000; ;600000; ;600000; ;20600000; ; ; ; ; ; ; ; ; ; ; ; ; ; ; ; ; ; ; ; ; ; ; 
MEF;20161018;IT0001086567;20261101;-16000000;;0;16580000; ; ; ; ; ; ; ; ; ; ; ; ; ; ; ; ; ; ; ; ; ; ; ; ; ; ; ; ; ; ; ; ; ; ; ; ; ; ; ; ; 
MEF;20161020;IT0001086567;20261101;-15000000;;0;15543750; ; ; ; ; ; ; ; ; ; ; ; ; ; ; ; ; ; ; ; ; ; ; ; ; ; ; ; ; ; ; ; ; ; ; ; ; ; ; ; ; 
MEF;20161020;IT0001086567;20261101;-17000000;;0;17616250; ; ; ; ; ; ; ; ; ; ; ; ; ; ; ; ; ; ; ; ; ; ; ; ; ; ; ; ; ; ; ; ; ; ; ; ; ; ; ; ; 
MEF;20161024;IT0001444378;20310501;-1000000;;0;30000; ;30000; ;30000; ;30000; ;30000; ;30000; ;30000; ;30000; ;30000; ;1030000; ; ; ; ; ; ; ; ; ; ; ; ; ; ; ; ; ; ; ; ; ; ; 
MEF;20161104;IT0001086567;20261101;26000000;;0;-26942500; ; ; ; ; ; ; ; ; ; ; ; ; ; ; ; ; ; ; ; ; ; ; ; ; ; ; ; ; ; ; ; ; ; ; ; ; ; ; ; ; 
MEF;20161107;IT0001086567;20261101;15000000;;0;-15543750; ; ; ; ; ; ; ; ; ; ; ; ; ; ; ; ; ; ; ; ; ; ; ; ; ; ; ; ; ; ; ; ; ; ; ; ; ; ; ; ; 
MEF;20161108;IT0001086567;20261101;-10000000;;0;10362500; ; ; ; ; ; ; ; ; ; ; ; ; ; ; ; ; ; ; ; ; ; ; ; ; ; ; ; ; ; ; ; ; ; ; ; ; ; ; ; ; 
MEF;20161108;IT0001174611;20271101;-5000000;;0;162500; ;162500; ;5162500; ; ; ; ; ; ; ; ; ; ; ; ; ; ; ; ; ; ; ; ; ; ; ; ; ; ; ; ; ; ; ; ; ; ; ; ; 
MEF;20161108;IT0001278511;20291101;-5000000;;0;131250; ;131250; ;131250; ;131250; ;131250; ;131250; ;5131250; ; ; ; ; ; ; ; ; ; ; ; ; ; ; ; ; ; ; ; ; ; ; ; ; ; ; ; ; 
MEF;20161109;IT0001086567;20261101;10000000;;0;-10362500; ; ; ; ; ; ; ; ; ; ; ; ; ; ; ; ; ; ; ; ; ; ; ; ; ; ; ; ; ; ; ; ; ; ; ; ; ; ; ; ; 
MEF;20161116;IT0001086567;20261101;12000000;;0;-12435000; ; ; ; ; ; ; ; ; ; ; ; ; ; ; ; ; ; ; ; ; ; ; ; ; ; ; ; ; ; ; ; ; ; ; ; ; ; ; ; ; 
MEF;20161116;IT0001278511;20291101;-25000000;;0;656250; ;656250; ;656250; ;656250; ;656250; ;656250; ;25656250; ; ; ; ; ; ; ; ; ; ; ; ; ; ; ; ; ; ; ; ; ; ; ; ; ; ; ; ; 
MEF;20161118;IT0001086567;20261101;6000000;;0;-6217500; ; ; ; ; ; ; ; ; ; ; ; ; ; ; ; ; ; ; ; ; ; ; ; ; ; ; ; ; ; ; ; ; ; ; ; ; ; ; ; ; 
MEF;20161122;IT0001086567;20261101;14000000;;0;-14507500; ; ; ; ; ; ; ; ; ; ; ; ; ; ; ; ; ; ; ; ; ; ; ; ; ; ; ; ; ; ; ; ; ; ; ; ; ; ; ; ; 
MEF;20161123;IT0001278511;20291101;-38000000;;0;997500; ;997500; ;997500; ;997500; ;997500; ;997500; ;38997500; ; ; ; ; ; ; ; ; ; ; ; ; ; ; ; ; ; ; ; ; ; ; ; ; ; ; ; ; 
MEF;20161124;IT0001086567;20261101;-45000000;;0;46631250; ; ; ; ; ; ; ; ; ; ; ; ; ; ; ; ; ; ; ; ; ; ; ; ; ; ; ; ; ; ; ; ; ; ; ; ; ; ; ; ; 
MEF;20161128;IT0001278511;20291101;-9000000;;0;236250; ;236250; ;236250; ;236250; ;236250; ;236250; ;9236250; ; ; ; ; ; ; ; ; ; ; ; ; ; ; ; ; ; ; ; ; ; ; ; ; ; ; ; ; 
MEF;20161129;IT0001086567;20261101;1000000;;0;-1036250; ; ; ; ; ; ; ; ; ; ; ; ; ; ; ; ; ; ; ; ; ; ; ; ; ; ; ; ; ; ; ; ; ; ; ; ; ; ; ; ; 
MEF;20161129;IT0001174611;20271101;1000000;;0;-32500; ;-32500; ;-1032500; ; ; ; ; ; ; ; ; ; ; ; ; ; ; ; ; ; ; ; ; ; ; ; ; ; ; ; ; ; ; ; ; ; ; ; ; 
MEF;20161129;IT0001278511;20291101;-20000000;;0;525000; ;525000; ;525000; ;525000; ;525000; ;525000; ;20525000; ; ; ; ; ; ; ; ; ; ; ; ; ; ; ; ; ; ; ; ; ; ; ; ; ; ; ; ; 
MEF;20161201;IT0001086567;20261101;1000000;;0;-1036250; ; ; ; ; ; ; ; ; ; ; ; ; ; ; ; ; ; ; ; ; ; ; ; ; ; ; ; ; ; ; ; ; ; ; ; ; ; ; ; ; 
MEF;20161202;IT0001278511;20291101;-1000000;;0;26250; ;26250; ;26250; ;26250; ;26250; ;26250; ;1026250; ; ; ; ; ; ; ; ; ; ; ; ; ; ; ; ; ; ; ; ; ; ; ; ; ; ; ; ; 
MEF;20161205;IT0001086567;20261101;500000;;0;-518125; ; ; ; ; ; ; ; ; ; ; ; ; ; ; ; ; ; ; ; ; ; ; ; ; ; ; ; ; ; ; ; ; ; ; ; ; ; ; ; ; 
MEF;20161205;IT0001174611;20271101;500000;;0;-16250; ;-16250; ;-516250; ; ; ; ; ; ; ; ; ; ; ; ; ; ; ; ; ; ; ; ; ; ; ; ; ; ; ; ; ; ; ; ; ; ; ; ; 
MEF;20161206;IT0001174611;20271101;-23000000;;0;747500; ;747500; ;23747500; ; ; ; ; ; ; ; ; ; ; ; ; ; ; ; ; ; ; ; ; ; ; ; ; ; ; ; ; ; ; ; ; ; ; ; ; 
MEF;20161207;IT0001086567;20261101;1500000;;0;-1554375; ; ; ; ; ; ; ; ; ; ; ; ; ; ; ; ; ; ; ; ; ; ; ; ; ; ; ; ; ; ; ; ; ; ; ; ; ; ; ; ; 
MEF;20161208;IT0001086567;20261101;7000000;;0;-7253750; ; ; ; ; ; ; ; ; ; ; ; ; ; ; ; ; ; ; ; ; ; ; ; ; ; ; ; ; ; ; ; ; ; ; ; ; ; ; ; ; 
MEF;20161208;IT0001174611;20271101;500000;;0;-16250; ;-16250; ;-516250; ; ; ; ; ; ; ; ; ; ; ; ; ; ; ; ; ; ; ; ; ; ; ; ; ; ; ; ; ; ; ; ; ; ; ; ; 
MEF;20161209;IT0001174611;20271101;-23500000;;0;763750; ;763750; ;24263750; ; ; ; ; ; ; ; ; ; ; ; ; ; ; ; ; ; ; ; ; ; ; ; ; ; ; ; ; ; ; ; ; ; ; ; ; 
MEF;20161209;IT0001278511;20291101;-24500000;;0;643125; ;643125; ;643125; ;643125; ;643125; ;643125; ;25143125; ; ; ; ; ; ; ; ; ; ; ; ; ; ; ; ; ; ; ; ; ; ; ; ; ; ; ; ; 
MEF;20161209;IT0001444378;20310501;-16600000;;0;498000; ;498000; ;498000; ;498000; ;498000; ;498000; ;498000; ;498000; ;498000; ;17098000; ; ; ; ; ; ; ; ; ; ; ; ; ; ; ; ; ; ; ; ; ; ; 
MEF;20161212;IT0001086567;20261101;14000000;;0;-14507500; ; ; ; ; ; ; ; ; ; ; ; ; ; ; ; ; ; ; ; ; ; ; ; ; ; ; ; ; ; ; ; ; ; ; ; ; ; ; ; ; 
MEF;20161212;IT0001278511;20291101;-15000000;;0;393750; ;393750; ;393750; ;393750; ;393750; ;393750; ;15393750; ; ; ; ; ; ; ; ; ; ; ; ; ; ; ; ; ; ; ; ; ; ; ; ; ; ; ; ; 
MEF;20161214;IT0001278511;20291101;-7000000;;0;183750; ;183750; ;183750; ;183750; ;183750; ;183750; ;7183750; ; ; ; ; ; ; ; ; ; ; ; ; ; ; ; ; ; ; ; ; ; ; ; ; ; ; ; ; 
MEF;20161215;IT0001086567;20261101;3000000;;0;-3108750; ; ; ; ; ; ; ; ; ; ; ; ; ; ; ; ; ; ; ; ; ; ; ; ; ; ; ; ; ; ; ; ; ; ; ; ; ; ; ; ; 
MEF;20161216;IT0001278511;20291101;-10000000;;0;262500; ;262500; ;262500; ;262500; ;262500; ;262500; ;10262500; ; ; ; ; ; ; ; ; ; ; ; ; ; ; ; ; ; ; ; ; ; ; ; ; ; ; ; ; 
MEF;20161219;IT0001086567;20261101;1000000;;0;-1036250; ; ; ; ; ; ; ; ; ; ; ; ; ; ; ; ; ; ; ; ; ; ; ; ; ; ; ; ; ; ; ; ; ; ; ; ; ; ; ; ; 
MEF;20161219;IT0001086567;20261101;17000000;;0;-17616250; ; ; ; ; ; ; ; ; ; ; ; ; ; ; ; ; ; ; ; ; ; ; ; ; ; ; ; ; ; ; ; ; ; ; ; ; ; ; ; ; 
MEF;20161220;IT0001086567;20261101;13000000;;0;-13471250; ; ; ; ; ; ; ; ; ; ; ; ; ; ; ; ; ; ; ; ; ; ; ; ; ; ; ; ; ; ; ; ; ; ; ; ; ; ; ; ; 
MEF;20161220;IT0001086567;20261101;500000;;0;-518125; ; ; ; ; ; ; ; ; ; ; ; ; ; ; ; ; ; ; ; ; ; ; ; ; ; ; ; ; ; ; ; ; ; ; ; ; ; ; ; ; 
MEF;20161220;IT0001174611;20271101;500000;;0;-16250; ;-16250; ;-516250; ; ; ; ; ; ; ; ; ; ; ; ; ; ; ; ; ; ; ; ; ; ; ; ; ; ; ; ; ; ; ; ; ; ; ; ; 
MEF;20161220;IT0001278511;20291101;500000;;0;-13125; ;-13125; ;-13125; ;-13125; ;-13125; ;-13125; ;-513125; ; ; ; ; ; ; ; ; ; ; ; ; ; ; ; ; ; ; ; ; ; ; ; ; ; ; ; ; 
MEF;20161221;IT0001278511;20291101;2000000;;0;-52500; ;-52500; ;-52500; ;-52500; ;-52500; ;-52500; ;-2052500; ; ; ; ; ; ; ; ; ; ; ; ; ; ; ; ; ; ; ; ; ; ; ; ; ; ; ; ; 
MEF;20161222;IT0001086567;20261101;-8000000;;0;8290000; ; ; ; ; ; ; ; ; ; ; ; ; ; ; ; ; ; ; ; ; ; ; ; ; ; ; ; ; ; ; ; ; ; ; ; ; ; ; ; ; 
MEF;20161222;IT0001086567;20261101;3000000;;0;-3108750; ; ; ; ; ; ; ; ; ; ; ; ; ; ; ; ; ; ; ; ; ; ; ; ; ; ; ; ; ; ; ; ; ; ; ; ; ; ; ; ; 
MEF;20161222;IT0001174611;20271101;3000000;;0;-97500; ;-97500; ;-3097500; ; ; ; ; ; ; ; ; ; ; ; ; ; ; ; ; ; ; ; ; ; ; ; ; ; ; ; ; ; ; ; ; ; ; ; ; 
MEF;20161222;IT0001174611;20271101;500000;;0;-16250; ;-16250; ;-516250; ; ; ; ; ; ; ; ; ; ; ; ; ; ; ; ; ; ; ; ; ; ; ; ; ; ; ; ; ; ; ; ; ; ; ; ; 
MEF;20161222;IT0001278511;20291101;500000;;0;-13125; ;-13125; ;-13125; ;-13125; ;-13125; ;-13125; ;-513125; ; ; ; ; ; ; ; ; ; ; ; ; ; ; ; ; ; ; ; ; ; ; ; ; ; ; ; ; 
MEF;20161223;IT0001278511;20291101;3000000;;0;-78750; ;-78750; ;-78750; ;-78750; ;-78750; ;-78750; ;-3078750; ; ; ; ; ; ; ; ; ; ; ; ; ; ; ; ; ; ; ; ; ; ; ; ; ; ; ; ; 
MEF;20161223;IT0001444378;20310501;-10100000;;0;303000; ;303000; ;303000; ;303000; ;303000; ;303000; ;303000; ;303000; ;303000; ;10403000; ; ; ; ; ; ; ; ; ; ; ; ; ; ; ; ; ; ; ; ; ; ; 
MEF;20161223;IT0001444378;20310501;-15200000;;0;456000; ;456000; ;456000; ;456000; ;456000; ;456000; ;456000; ;456000; ;456000; ;15656000; ; ; ; ; ; ; ; ; ; ; ; ; ; ; ; ; ; ; ; ; ; ; 
MEF;20161227;IT0001174611;20271101;3000000;;0;-97500; ;-97500; ;-3097500; ; ; ; ; ; ; ; ; ; ; ; ; ; ; ; ; ; ; ; ; ; ; ; ; ; ; ; ; ; ; ; ; ; ; ; ; 
MEF;20161228;IT0001174611;20271101;3000000;;0;-97500; ;-97500; ;-3097500; ; ; ; ; ; ; ; ; ; ; ; ; ; ; ; ; ; ; ; ; ; ; ; ; ; ; ; ; ; ; ; ; ; ; ; ; 
MEF;20161229;IT0001444378;20310501;-3000000;;0;90000; ;90000; ;90000; ;90000; ;90000; ;90000; ;90000; ;90000; ;90000; ;3090000; ; ; ; ; ; ; ; ; ; ; ; ; ; ; ; ; ; ; ; ; ; ; 
MEF;20161230;IT0001086567;20261101;-500000;;0;518125; ; ; ; ; ; ; ; ; ; ; ; ; ; ; ; ; ; ; ; ; ; ; ; ; ; ; ; ; ; ; ; ; ; ; ; ; ; ; ; ; 
MEF;20170104;IT0001174611;20271101;1000000;;0;-32500; ;-32500; ;-1032500; ; ; ; ; ; ; ; ; ; ; ; ; ; ; ; ; ; ; ; ; ; ; ; ; ; ; ; ; ; ; ; ; ; ; ; ; 
MEF;20170109;IT0001278511;20291101;3000000;;0;-78750; ;-78750; ;-78750; ;-78750; ;-78750; ;-78750; ;-3078750; ; ; ; ; ; ; ; ; ; ; ; ; ; ; ; ; ; ; ; ; ; ; ; ; ; ; ; ; 
MEF;20170117;IT0001174611;20271101;1000000;;0;-32500; ;-32500; ;-1032500; ; ; ; ; ; ; ; ; ; ; ; ; ; ; ; ; ; ; ; ; ; ; ; ; ; ; ; ; ; ; ; ; ; ; ; ; 
MEF;20170119;IT0001086567;20261101;-1000000;;0;1036250; ; ; ; ; ; ; ; ; ; ; ; ; ; ; ; ; ; ; ; ; ; ; ; ; ; ; ; ; ; ; ; ; ; ; ; ; ; ; ; ; 
MEF;20170127;IT0001174611;20271101;2000000;;0;-65000; ;-65000; ;-2065000; ; ; ; ; ; ; ; ; ; ; ; ; ; ; ; ; ; ; ; ; ; ; ; ; ; ; ; ; ; ; ; ; ; ; ; ; 
MEF;20170130;IT0001174611;20271101;2000000;;0;-65000; ;-65000; ;-2065000; ; ; ; ; ; ; ; ; ; ; ; ; ; ; ; ; ; ; ; ; ; ; ; ; ; ; ; ; ; ; ; ; ; ; ; ; 
MEF;20170131;IT0001278511;20291101;100000;;0;-2625; ;-2625; ;-2625; ;-2625; ;-2625; ;-2625; ;-102625; ; ; ; ; ; ; ; ; ; ; ; ; ; ; ; ; ; ; ; ; ; ; ; ; ; ; ; ; 
MEF;20170201;IT0001278511;20291101;5000000;;0;-131250; ;-131250; ;-131250; ;-131250; ;-131250; ;-131250; ;-5131250; ; ; ; ; ; ; ; ; ; ; ; ; ; ; ; ; ; ; ; ; ; ; ; ; ; ; ; ; 
MEF;20170207;IT0001174611;20271101;5500000;;0;-178750; ;-178750; ;-5678750; ; ; ; ; ; ; ; ; ; ; ; ; ; ; ; ; ; ; ; ; ; ; ; ; ; ; ; ; ; ; ; ; ; ; ; ; 
MEF;20170208;IT0001086567;20261101;-10000000;;0;10362500; ; ; ; ; ; ; ; ; ; ; ; ; ; ; ; ; ; ; ; ; ; ; ; ; ; ; ; ; ; ; ; ; ; ; ; ; ; ; ; ; 
MEF;20170208;IT0001086567;20261101;-1000000;;0;1036250; ; ; ; ; ; ; ; ; ; ; ; ; ; ; ; ; ; ; ; ; ; ; ; ; ; ; ; ; ; ; ; ; ; ; ; ; ; ; ; ; 
MEF;20170210;IT0001174611;20271101;-10000000;;0;325000; ;325000; ;10325000; ; ; ; ; ; ; ; ; ; ; ; ; ; ; ; ; ; ; ; ; ; ; ; ; ; ; ; ; ; ; ; ; ; ; ; ; 
MEF;20170214;IT0001278511;20291101;3500000;;0;-91875; ;-91875; ;-91875; ;-91875; ;-91875; ;-91875; ;-3591875; ; ; ; ; ; ; ; ; ; ; ; ; ; ; ; ; ; ; ; ; ; ; ; ; ; ; ; ; 
MEF;20170215;IT0001174611;20271101;-14500000;;0;471250; ;471250; ;14971250; ; ; ; ; ; ; ; ; ; ; ; ; ; ; ; ; ; ; ; ; ; ; ; ; ; ; ; ; ; ; ; ; ; ; ; ; 
MEF;20170216;IT0001174611;20271101;-15000000;;0;487500; ;487500; ;15487500; ; ; ; ; ; ; ; ; ; ; ; ; ; ; ; ; ; ; ; ; ; ; ; ; ; ; ; ; ; ; ; ; ; ; ; ; 
MEF;20170217;IT0001174611;20271101;-1500000;;0;48750; ;48750; ;1548750; ; ; ; ; ; ; ; ; ; ; ; ; ; ; ; ; ; ; ; ; ; ; ; ; ; ; ; ; ; ; ; ; ; ; ; ; 
MEF;20170217;IT0001174611;20271101;-19500000;;0;633750; ;633750; ;20133750; ; ; ; ; ; ; ; ; ; ; ; ; ; ; ; ; ; ; ; ; ; ; ; ; ; ; ; ; ; ; ; ; ; ; ; ; 
MEF;20170220;IT0001444378;20310501;-5000000;;0;150000; ;150000; ;150000; ;150000; ;150000; ;150000; ;150000; ;150000; ;150000; ;5150000; ; ; ; ; ; ; ; ; ; ; ; ; ; ; ; ; ; ; ; ; ; ; 
MEF;20170222;IT0001086567;20261101;3000000;;0;-3108750; ; ; ; ; ; ; ; ; ; ; ; ; ; ; ; ; ; ; ; ; ; ; ; ; ; ; ; ; ; ; ; ; ; ; ; ; ; ; ; ; 
MEF;20170222;IT0001174611;20271101;-47000000;;0;1527500; ;1527500; ;48527500; ; ; ; ; ; ; ; ; ; ; ; ; ; ; ; ; ; ; ; ; ; ; ; ; ; ; ; ; ; ; ; ; ; ; ; ; 
MEF;20170223;IT0001278511;20291101;1000000;;0;-26250; ;-26250; ;-26250; ;-26250; ;-26250; ;-26250; ;-1026250; ; ; ; ; ; ; ; ; ; ; ; ; ; ; ; ; ; ; ; ; ; ; ; ; ; ; ; ; 
MEF;20170224;IT0001278511;20291101;1000000;;0;-26250; ;-26250; ;-26250; ;-26250; ;-26250; ;-26250; ;-1026250; ; ; ; ; ; ; ; ; ; ; ; ; ; ; ; ; ; ; ; ; ; ; ; ; ; ; ; ; 
MEF;20170227;IT0001278511;20291101;1000000;;0;-26250; ;-26250; ;-26250; ;-26250; ;-26250; ;-26250; ;-1026250; ; ; ; ; ; ; ; ; ; ; ; ; ; ; ; ; ; ; ; ; ; ; ; ; ; ; ; ; 
MEF;20170302;IT0001086567;20261101;-20000000;;0;20725000; ; ; ; ; ; ; ; ; ; ; ; ; ; ; ; ; ; ; ; ; ; ; ; ; ; ; ; ; ; ; ; ; ; ; ; ; ; ; ; ; 
MEF;20170302;IT0001086567;20261101;-29000000;;0;30051250; ; ; ; ; ; ; ; ; ; ; ; ; ; ; ; ; ; ; ; ; ; ; ; ; ; ; ; ; ; ; ; ; ; ; ; ; ; ; ; ; 
MEF;20170302;IT0001086567;20261101;-5760000;;0;5968800; ; ; ; ; ; ; ; ; ; ; ; ; ; ; ; ; ; ; ; ; ; ; ; ; ; ; ; ; ; ; ; ; ; ; ; ; ; ; ; ; 
MEF;20170303;IT0001174611;20271101;5000000;;0;-162500; ;-162500; ;-5162500; ; ; ; ; ; ; ; ; ; ; ; ; ; ; ; ; ; ; ; ; ; ; ; ; ; ; ; ; ; ; ; ; ; ; ; ; 
MEF;20170309;IT0001086567;20261101;-2000000;;0;2072500; ; ; ; ; ; ; ; ; ; ; ; ; ; ; ; ; ; ; ; ; ; ; ; ; ; ; ; ; ; ; ; ; ; ; ; ; ; ; ; ; 
MEF;20170309;IT0001174611;20271101;1510000;;0;-49075; ;-49075; ;-1559075; ; ; ; ; ; ; ; ; ; ; ; ; ; ; ; ; ; ; ; ; ; ; ; ; ; ; ; ; ; ; ; ; ; ; ; ; 
MEF;20170310;IT0001278511;20291101;5000000;;0;-131250; ;-131250; ;-131250; ;-131250; ;-131250; ;-131250; ;-5131250; ; ; ; ; ; ; ; ; ; ; ; ; ; ; ; ; ; ; ; ; ; ; ; ; ; ; ; ; 
MEF;20170313;IT0001174611;20271101;3000000;;0;-97500; ;-97500; ;-3097500; ; ; ; ; ; ; ; ; ; ; ; ; ; ; ; ; ; ; ; ; ; ; ; ; ; ; ; ; ; ; ; ; ; ; ; ; 
MEF;20170313;IT0001174611;20271101;5000000;;0;-162500; ;-162500; ;-5162500; ; ; ; ; ; ; ; ; ; ; ; ; ; ; ; ; ; ; ; ; ; ; ; ; ; ; ; ; ; ; ; ; ; ; ; ; 
MEF;20170315;IT0001086567;20261101;-1000000;;0;1036250; ; ; ; ; ; ; ; ; ; ; ; ; ; ; ; ; ; ; ; ; ; ; ; ; ; ; ; ; ; ; ; ; ; ; ; ; ; ; ; ; 
MEF;20170316;IT0001278511;20291101;3000000;;0;-78750; ;-78750; ;-78750; ;-78750; ;-78750; ;-78750; ;-3078750; ; ; ; ; ; ; ; ; ; ; ; ; ; ; ; ; ; ; ; ; ; ; ; ; ; ; ; ; 
MEF;20170317;IT0001086567;20261101;4590000;;0;-4756387.5; ; ; ; ; ; ; ; ; ; ; ; ; ; ; ; ; ; ; ; ; ; ; ; ; ; ; ; ; ; ; ; ; ; ; ; ; ; ; ; ; 
MEF;20170317;IT0001174611;20271101;2760000;;0;-89700; ;-89700; ;-2849700; ; ; ; ; ; ; ; ; ; ; ; ; ; ; ; ; ; ; ; ; ; ; ; ; ; ; ; ; ; ; ; ; ; ; ; ; 
MEF;20170317;IT0001278511;20291101;4880000;;0;-128100; ;-128100; ;-128100; ;-128100; ;-128100; ;-128100; ;-5008100; ; ; ; ; ; ; ; ; ; ; ; ; ; ; ; ; ; ; ; ; ; ; ; ; ; ; ; ; 
MEF;20170317;IT0001444378;20310501;-770000;;0;23100; ;23100; ;23100; ;23100; ;23100; ;23100; ;23100; ;23100; ;23100; ;793100; ; ; ; ; ; ; ; ; ; ; ; ; ; ; ; ; ; ; ; ; ; ; 
MEF;20170321;IT0001086567;20261101;-4500000;;0;4663125; ; ; ; ; ; ; ; ; ; ; ; ; ; ; ; ; ; ; ; ; ; ; ; ; ; ; ; ; ; ; ; ; ; ; ; ; ; ; ; ; 
MEF;20170321;IT0001174611;20271101;-7900000;;0;256750; ;256750; ;8156750; ; ; ; ; ; ; ; ; ; ; ; ; ; ; ; ; ; ; ; ; ; ; ; ; ; ; ; ; ; ; ; ; ; ; ; ; 
MEF;20170321;IT0001174611;20271101;4840000;;0;-157300; ;-157300; ;-4997300; ; ; ; ; ; ; ; ; ; ; ; ; ; ; ; ; ; ; ; ; ; ; ; ; ; ; ; ; ; ; ; ; ; ; ; ; 
MEF;20170321;IT0001278511;20291101;-5000000;;0;131250; ;131250; ;131250; ;131250; ;131250; ;131250; ;5131250; ; ; ; ; ; ; ; ; ; ; ; ; ; ; ; ; ; ; ; ; ; ; ; ; ; ; ; ; 
MEF;20170321;IT0001444378;20310501;5000000;;0;-150000; ;-150000; ;-150000; ;-150000; ;-150000; ;-150000; ;-150000; ;-150000; ;-150000; ;-5150000; ; ; ; ; ; ; ; ; ; ; ; ; ; ; ; ; ; ; ; ; ; ; 
MEF;20170322;IT0001086567;20261101;-4550000;;0;4714937.5; ; ; ; ; ; ; ; ; ; ; ; ; ; ; ; ; ; ; ; ; ; ; ; ; ; ; ; ; ; ; ; ; ; ; ; ; ; ; ; ; 
MEF;20170322;IT0001086567;20261101;-4800000;;0;4974000; ; ; ; ; ; ; ; ; ; ; ; ; ; ; ; ; ; ; ; ; ; ; ; ; ; ; ; ; ; ; ; ; ; ; ; ; ; ; ; ; 
MEF;20170322;IT0001086567;20261101;9140000;;0;-9471325; ; ; ; ; ; ; ; ; ; ; ; ; ; ; ; ; ; ; ; ; ; ; ; ; ; ; ; ; ; ; ; ; ; ; ; ; ; ; ; ; 
MEF;20170324;IT0001174611;20271101;-4840000;;0;157300; ;157300; ;4997300; ; ; ; ; ; ; ; ; ; ; ; ; ; ; ; ; ; ; ; ; ; ; ; ; ; ; ; ; ; ; ; ; ; ; ; ; 
MEF;20170327;IT0001278511;20291101;-184000;;0;4830; ;4830; ;4830; ;4830; ;4830; ;4830; ;188830; ; ; ; ; ; ; ; ; ; ; ; ; ; ; ; ; ; ; ; ; ; ; ; ; ; ; ; ; 
MEF;20170327;IT0001444378;20310501;-409000;;0;12270; ;12270; ;12270; ;12270; ;12270; ;12270; ;12270; ;12270; ;12270; ;421270; ; ; ; ; ; ; ; ; ; ; ; ; ; ; ; ; ; ; ; ; ; ; 
MEF;20170328;IT0001174611;20271101;-3000000;;0;97500; ;97500; ;3097500; ; ; ; ; ; ; ; ; ; ; ; ; ; ; ; ; ; ; ; ; ; ; ; ; ; ; ; ; ; ; ; ; ; ; ; ; 
MEF;20170403;IT0001174611;20271101;-7800000;;0;253500; ;253500; ;8053500; ; ; ; ; ; ; ; ; ; ; ; ; ; ; ; ; ; ; ; ; ; ; ; ; ; ; ; ; ; ; ; ; ; ; ; ; 
MEF;20170405;IT0001174611;20271101;-6000000;;0;195000; ;195000; ;6195000; ; ; ; ; ; ; ; ; ; ; ; ; ; ; ; ; ; ; ; ; ; ; ; ; ; ; ; ; ; ; ; ; ; ; ; ; 
MEF;20170421;IT0001086567;20261101;-1500000;;0;1554375; ; ; ; ; ; ; ; ; ; ; ; ; ; ; ; ; ; ; ; ; ; ; ; ; ; ; ; ; ; ; ; ; ; ; ; ; ; ; ; ; 
MEF;20170421;IT0001086567;20261101;-2000000;;0;2072500; ; ; ; ; ; ; ; ; ; ; ; ; ; ; ; ; ; ; ; ; ; ; ; ; ; ; ; ; ; ; ; ; ; ; ; ; ; ; ; ; 
MEF;20170502;IT0001174611;20271101;2000000;;0;-65000; ;-65000; ;-2065000; ; ; ; ; ; ; ; ; ; ; ; ; ; ; ; ; ; ; ; ; ; ; ; ; ; ; ; ; ; ; ; ; ; ; ; ; 
MEF;20170502;IT0001278511;20291101;5000000;;0;-131250; ;-131250; ;-131250; ;-131250; ;-131250; ;-131250; ;-5131250; ; ; ; ; ; ; ; ; ; ; ; ; ; ; ; ; ; ; ; ; ; ; ; ; ; ; ; ; 
MEF;20170503;IT0001278511;20291101;1000000;;0;-26250; ;-26250; ;-26250; ;-26250; ;-26250; ;-26250; ;-1026250; ; ; ; ; ; ; ; ; ; ; ; ; ; ; ; ; ; ; ; ; ; ; ; ; ; ; ; ; 
MEF;20170509;IT0001086567;20261101;-4000000;;0;4145000; ; ; ; ; ; ; ; ; ; ; ; ; ; ; ; ; ; ; ; ; ; ; ; ; ; ; ; ; ; ; ; ; ; ; ; ; ; ; ; ; 
MEF;20170511;IT0001086567;20261101;-9000000;;0;9326250; ; ; ; ; ; ; ; ; ; ; ; ; ; ; ; ; ; ; ; ; ; ; ; ; ; ; ; ; ; ; ; ; ; ; ; ; ; ; ; ; 
MEF;20170517;IT0001278511;20291101;-24000000;;0;630000; ;630000; ;630000; ;630000; ;630000; ;630000; ;24630000; ; ; ; ; ; ; ; ; ; ; ; ; ; ; ; ; ; ; ; ; ; ; ; ; ; ; ; ; 
MEF;20170517;IT0001444378;20310501;-7000000;;0;210000; ;210000; ;210000; ;210000; ;210000; ;210000; ;210000; ;210000; ;210000; ;7210000; ; ; ; ; ; ; ; ; ; ; ; ; ; ; ; ; ; ; ; ; ; ; 
MEF;20170518;IT0001278511;20291101;100000;;0;-2625; ;-2625; ;-2625; ;-2625; ;-2625; ;-2625; ;-102625; ; ; ; ; ; ; ; ; ; ; ; ; ; ; ; ; ; ; ; ; ; ; ; ; ; ; ; ; 
MEF;20170525;IT0001444378;20310501;-4850000;;0;145500; ;145500; ;145500; ;145500; ;145500; ;145500; ;145500; ;145500; ;145500; ;4995500; ; ; ; ; ; ; ; ; ; ; ; ; ; ; ; ; ; ; ; ; ; ; 
MEF;20170626;IT0001086567;20261101;-5000000;;0;5181250; ; ; ; ; ; ; ; ; ; ; ; ; ; ; ; ; ; ; ; ; ; ; ; ; ; ; ; ; ; ; ; ; ; ; ; ; ; ; ; ; 
MEF;20170627;IT0001086567;20261101;100000;;0;-103625; ; ; ; ; ; ; ; ; ; ; ; ; ; ; ; ; ; ; ; ; ; ; ; ; ; ; ; ; ; ; ; ; ; ; ; ; ; ; ; ; 
MEF;20170630;IT0001086567;20261101;-1200000;;0;1243500; ; ; ; ; ; ; ; ; ; ; ; ; ; ; ; ; ; ; ; ; ; ; ; ; ; ; ; ; ; ; ; ; ; ; ; ; ; ; ; ; 
MEF;20170630;IT0001174611;20271101;-1400000;;0;45500; ;45500; ;1445500; ; ; ; ; ; ; ; ; ; ; ; ; ; ; ; ; ; ; ; ; ; ; ; ; ; ; ; ; ; ; ; ; ; ; ; ; 
MEF;20170718;IT0001086567;20261101;-7000000;;0;7253750; ; ; ; ; ; ; ; ; ; ; ; ; ; ; ; ; ; ; ; ; ; ; ; ; ; ; ; ; ; ; ; ; ; ; ; ; ; ; ; ; 
MEF;20170724;IT0001174611;20271101;10000000;;0;-325000; ;-325000; ;-10325000; ; ; ; ; ; ; ; ; ; ; ; ; ; ; ; ; ; ; ; ; ; ; ; ; ; ; ; ; ; ; ; ; ; ; ; ; 
MEF;20170725;IT0001174611;20271101;9600000;;0;-312000; ;-312000; ;-9912000; ; ; ; ; ; ; ; ; ; ; ; ; ; ; ; ; ; ; ; ; ; ; ; ; ; ; ; ; ; ; ; ; ; ; ; ; 
MEF;20170727;IT0001086567;20261101;-25000000;;0;25906250; ; ; ; ; ; ; ; ; ; ; ; ; ; ; ; ; ; ; ; ; ; ; ; ; ; ; ; ; ; ; ; ; ; ; ; ; ; ; ; ; 
MEF;20170804;IT0001174611;20271101;-1000000;;0;32500; ;32500; ;1032500; ; ; ; ; ; ; ; ; ; ; ; ; ; ; ; ; ; ; ; ; ; ; ; ; ; ; ; ; ; ; ; ; ; ; ; ; 
MEF;20170804;IT0001278511;20291101;-20000000;;0;525000; ;525000; ;525000; ;525000; ;525000; ;525000; ;20525000; ; ; ; ; ; ; ; ; ; ; ; ; ; ; ; ; ; ; ; ; ; ; ; ; ; ; ; ; 
MEF;20170804;IT0001444378;20310501;-10000000;;0;300000; ;300000; ;300000; ;300000; ;300000; ;300000; ;300000; ;300000; ;300000; ;10300000; ; ; ; ; ; ; ; ; ; ; ; ; ; ; ; ; ; ; ; ; ; ; 
MEF;20170811;IT0001086567;20261101;-1600000;;0;1658000; ; ; ; ; ; ; ; ; ; ; ; ; ; ; ; ; ; ; ; ; ; ; ; ; ; ; ; ; ; ; ; ; ; ; ; ; ; ; ; ; 
MEF;20170815;IT0001278511;20291101;-5000000;;0;131250; ;131250; ;131250; ;131250; ;131250; ;131250; ;5131250; ; ; ; ; ; ; ; ; ; ; ; ; ; ; ; ; ; ; ; ; ; ; ; ; ; ; ; ; 
MEF;20170823;IT0001444378;20310501;-4000000;;0;120000; ;120000; ;120000; ;120000; ;120000; ;120000; ;120000; ;120000; ;120000; ;4120000; ; ; ; ; ; ; ; ; ; ; ; ; ; ; ; ; ; ; ; ; ; ; 
MEF;20170912;IT0001174611;20271101;2300000;;0;-74750; ;-74750; ;-2374750; ; ; ; ; ; ; ; ; ; ; ; ; ; ; ; ; ; ; ; ; ; ; ; ; ; ; ; ; ; ; ; ; ; ; ; ; 
MEF;20170922;IT0001086567;20261101;-500000;;0;518125; ; ; ; ; ; ; ; ; ; ; ; ; ; ; ; ; ; ; ; ; ; ; ; ; ; ; ; ; ; ; ; ; ; ; ; ; ; ; ; ; 
MEF;20171010;IT0001174611;20271101;-3000000;;0;97500; ;97500; ;3097500; ; ; ; ; ; ; ; ; ; ; ; ; ; ; ; ; ; ; ; ; ; ; ; ; ; ; ; ; ; ; ; ; ; ; ; ; 
MEF;20171018;IT0001086567;20261101;500000;;0;-518125; ; ; ; ; ; ; ; ; ; ; ; ; ; ; ; ; ; ; ; ; ; ; ; ; ; ; ; ; ; ; ; ; ; ; ; ; ; ; ; ; 
MEF;20171019;IT0001278511;20291101;1000000;;0;-26250; ;-26250; ;-26250; ;-26250; ;-26250; ;-26250; ;-1026250; ; ; ; ; ; ; ; ; ; ; ; ; ; ; ; ; ; ; ; ; ; ; ; ; ; ; ; ; 
MEF;20171122;IT0001086567;20261101;-53000000;;0;54921250; ; ; ; ; ; ; ; ; ; ; ; ; ; ; ; ; ; ; ; ; ; ; ; ; ; ; ; ; ; ; ; ; ; ; ; ; ; ; ; ; 
MEF;20171221;IT0001444378;20310501;-3300000;;0;99000; ;99000; ;99000; ;99000; ;99000; ;99000; ;99000; ;99000; ;99000; ;3399000; ; ; ; ; ; ; ; ; ; ; ; ; ; ; ; ; ; ; ; ; ; ; 
MEF;20171229;IT0001086567;20261101;10000000;;0;-10362500; ; ; ; ; ; ; ; ; ; ; ; ; ; ; ; ; ; ; ; ; ; ; ; ; ; ; ; ; ; ; ; ; ; ; ; ; ; ; ; ; 
MEF;20180104;IT0001086567;20261101;200000;;0;-207250; ; ; ; ; ; ; ; ; ; ; ; ; ; ; ; ; ; ; ; ; ; ; ; ; ; ; ; ; ; ; ; ; ; ; ; ; ; ; ; ; 
MEF;20180104;IT0001174611;20271101;-25700000;;0;835250; ;835250; ;26535250; ; ; ; ; ; ; ; ; ; ; ; ; ; ; ; ; ; ; ; ; ; ; ; ; ; ; ; ; ; ; ; ; ; ; ; ; 
MEF;20180111;IT0001086567;20261101;-13200000;;0;13678500; ; ; ; ; ; ; ; ; ; ; ; ; ; ; ; ; ; ; ; ; ; ; ; ; ; ; ; ; ; ; ; ; ; ; ; ; ; ; ; ; 
MEF;20180201;IT0001278511;20291101;-5000000;;0;131250; ;131250; ;131250; ;131250; ;131250; ;131250; ;5131250; ; ; ; ; ; ; ; ; ; ; ; ; ; ; ; ; ; ; ; ; ; ; ; ; ; ; ; ; 
MEF;20180207;IT0001086567;20261101;-6000000;;0;6217500; ; ; ; ; ; ; ; ; ; ; ; ; ; ; ; ; ; ; ; ; ; ; ; ; ; ; ; ; ; ; ; ; ; ; ; ; ; ; ; ; 
MEF;20180219;IT0001086567;20261101;-9000000;;0;9326250; ; ; ; ; ; ; ; ; ; ; ; ; ; ; ; ; ; ; ; ; ; ; ; ; ; ; ; ; ; ; ; ; ; ; ; ; ; ; ; ; 
MEF;20180227;IT0001086567;20261101;9000000;;0;-9326250; ; ; ; ; ; ; ; ; ; ; ; ; ; ; ; ; ; ; ; ; ; ; ; ; ; ; ; ; ; ; ; ; ; ; ; ; ; ; ; ; 
MEF;20180227;IT0001174611;20271101;36000000;;0;-1170000; ;-1170000; ;-37170000; ; ; ; ; ; ; ; ; ; ; ; ; ; ; ; ; ; ; ; ; ; ; ; ; ; ; ; ; ; ; ; ; ; ; ; ; 
MEF;20180309;IT0001086567;20261101;-6000000;;0;6217500; ; ; ; ; ; ; ; ; ; ; ; ; ; ; ; ; ; ; ; ; ; ; ; ; ; ; ; ; ; ; ; ; ; ; ; ; ; ; ; ; 
MEF;20180309;IT0001174611;20271101;5000000;;0;-162500; ;-162500; ;-5162500; ; ; ; ; ; ; ; ; ; ; ; ; ; ; ; ; ; ; ; ; ; ; ; ; ; ; ; ; ; ; ; ; ; ; ; ; 
MEF;20180312;IT0001174611;20271101;9000000;;0;-292500; ;-292500; ;-9292500; ; ; ; ; ; ; ; ; ; ; ; ; ; ; ; ; ; ; ; ; ; ; ; ; ; ; ; ; ; ; ; ; ; ; ; ; 
MEF;20180315;IT0001174611;20271101;8600000;;0;-279500; ;-279500; ;-8879500; ; ; ; ; ; ; ; ; ; ; ; ; ; ; ; ; ; ; ; ; ; ; ; ; ; ; ; ; ; ; ; ; ; ; ; ; 
MEF;20180320;IT0001174611;20271101;8400000;;0;-273000; ;-273000; ;-8673000; ; ; ; ; ; ; ; ; ; ; ; ; ; ; ; ; ; ; ; ; ; ; ; ; ; ; ; ; ; ; ; ; ; ; ; ; 
MEF;20180320;IT0001278511;20291101;1000000;;0;-26250; ;-26250; ;-26250; ;-26250; ;-26250; ;-26250; ;-1026250; ; ; ; ; ; ; ; ; ; ; ; ; ; ; ; ; ; ; ; ; ; ; ; ; ; ; ; ; 
MEF;20180321;IT0001174611;20271101;1000000;;0;-32500; ;-32500; ;-1032500; ; ; ; ; ; ; ; ; ; ; ; ; ; ; ; ; ; ; ; ; ; ; ; ; ; ; ; ; ; ; ; ; ; ; ; ; 
MEF;20180321;IT0001174611;20271101;500000;;0;-16250; ;-16250; ;-516250; ; ; ; ; ; ; ; ; ; ; ; ; ; ; ; ; ; ; ; ; ; ; ; ; ; ; ; ; ; ; ; ; ; ; ; ; 
MEF;20180326;IT0001444378;20310501;1900000;;0;-57000; ;-57000; ;-57000; ;-57000; ;-57000; ;-57000; ;-57000; ;-57000; ;-57000; ;-1957000; ; ; ; ; ; ; ; ; ; ; ; ; ; ; ; ; ; ; ; ; ; ; 
MEF;20180326;IT0001444378;20310501;5800000;;0;-174000; ;-174000; ;-174000; ;-174000; ;-174000; ;-174000; ;-174000; ;-174000; ;-174000; ;-5974000; ; ; ; ; ; ; ; ; ; ; ; ; ; ; ; ; ; ; ; ; ; ; 
MEF;20180327;IT0001174611;20271101;9200000;;0;-299000; ;-299000; ;-9499000; ; ; ; ; ; ; ; ; ; ; ; ; ; ; ; ; ; ; ; ; ; ; ; ; ; ; ; ; ; ; ; ; ; ; ; ; 
MEF;20180328;IT0001086567;20261101;-1300000;;0;1347125; ; ; ; ; ; ; ; ; ; ; ; ; ; ; ; ; ; ; ; ; ; ; ; ; ; ; ; ; ; ; ; ; ; ; ; ; ; ; ; ; 
MEF;20180328;IT0001086567;20261101;1000000;;0;-1036250; ; ; ; ; ; ; ; ; ; ; ; ; ; ; ; ; ; ; ; ; ; ; ; ; ; ; ; ; ; ; ; ; ; ; ; ; ; ; ; ; 
MEF;20180328;IT0001174611;20271101;21200000;;0;-689000; ;-689000; ;-21889000; ; ; ; ; ; ; ; ; ; ; ; ; ; ; ; ; ; ; ; ; ; ; ; ; ; ; ; ; ; ; ; ; ; ; ; ; 
MEF;20180329;IT0001174611;20271101;-7000000;;0;227500; ;227500; ;7227500; ; ; ; ; ; ; ; ; ; ; ; ; ; ; ; ; ; ; ; ; ; ; ; ; ; ; ; ; ; ; ; ; ; ; ; ; 
MEF;20180329;IT0001174611;20271101;10000000;;0;-325000; ;-325000; ;-10325000; ; ; ; ; ; ; ; ; ; ; ; ; ; ; ; ; ; ; ; ; ; ; ; ; ; ; ; ; ; ; ; ; ; ; ; ; 
MEF;20180406;IT0001086567;20261101;-1100000;;0;1139875; ; ; ; ; ; ; ; ; ; ; ; ; ; ; ; ; ; ; ; ; ; ; ; ; ; ; ; ; ; ; ; ; ; ; ; ; ; ; ; ; 
MEF;20180409;IT0001174611;20271101;4900000;;0;-159250; ;-159250; ;-5059250; ; ; ; ; ; ; ; ; ; ; ; ; ; ; ; ; ; ; ; ; ; ; ; ; ; ; ; ; ; ; ; ; ; ; ; ; 
MEF;20180518;IT0001174611;20271101;15000000;;0;-487500; ;-487500; ;-15487500; ; ; ; ; ; ; ; ; ; ; ; ; ; ; ; ; ; ; ; ; ; ; ; ; ; ; ; ; ; ; ; ; ; ; ; ; 
MEF;20180518;IT0001174611;20271101;5000000;;0;-162500; ;-162500; ;-5162500; ; ; ; ; ; ; ; ; ; ; ; ; ; ; ; ; ; ; ; ; ; ; ; ; ; ; ; ; ; ; ; ; ; ; ; ; 
MEF;20180518;IT0001174611;20271101;7000000;;0;-227500; ;-227500; ;-7227500; ; ; ; ; ; ; ; ; ; ; ; ; ; ; ; ; ; ; ; ; ; ; ; ; ; ; ; ; ; ; ; ; ; ; ; ; 
MEF;20180524;IT0001174611;20271101;7700000;;0;-250250; ;-250250; ;-7950250; ; ; ; ; ; ; ; ; ; ; ; ; ; ; ; ; ; ; ; ; ; ; ; ; ; ; ; ; ; ; ; ; ; ; ; ; 
MEF;20180525;IT0001086567;20261101;-6900000;;0;7150125; ; ; ; ; ; ; ; ; ; ; ; ; ; ; ; ; ; ; ; ; ; ; ; ; ; ; ; ; ; ; ; ; ; ; ; ; ; ; ; ; 
MEF;20180528;IT0001086567;20261101;2000000;;0;-2072500; ; ; ; ; ; ; ; ; ; ; ; ; ; ; ; ; ; ; ; ; ; ; ; ; ; ; ; ; ; ; ; ; ; ; ; ; ; ; ; ; 
MEF;20180528;IT0001174611;20271101;4800000;;0;-156000; ;-156000; ;-4956000; ; ; ; ; ; ; ; ; ; ; ; ; ; ; ; ; ; ; ; ; ; ; ; ; ; ; ; ; ; ; ; ; ; ; ; ; 
MEF;20180529;IT0001174611;20271101;5000000;;0;-162500; ;-162500; ;-5162500; ; ; ; ; ; ; ; ; ; ; ; ; ; ; ; ; ; ; ; ; ; ; ; ; ; ; ; ; ; ; ; ; ; ; ; ; 
MEF;20180605;IT0001174611;20271101;500000;;0;-16250; ;-16250; ;-516250; ; ; ; ; ; ; ; ; ; ; ; ; ; ; ; ; ; ; ; ; ; ; ; ; ; ; ; ; ; ; ; ; ; ; ; ; 
MEF;20180614;IT0001278511;20291101;2000000;;0;-52500; ;-52500; ;-52500; ;-52500; ;-52500; ;-52500; ;-2052500; ; ; ; ; ; ; ; ; ; ; ; ; ; ; ; ; ; ; ; ; ; ; ; ; ; ; ; ; 
MEF;20180618;IT0001444378;20310501;13000000;;0;-390000; ;-390000; ;-390000; ;-390000; ;-390000; ;-390000; ;-390000; ;-390000; ;-390000; ;-13390000; ; ; ; ; ; ; ; ; ; ; ; ; ; ; ; ; ; ; ; ; ; ; 
MEF;20180619;IT0001086567;20261101;1000000;;0;-1036250; ; ; ; ; ; ; ; ; ; ; ; ; ; ; ; ; ; ; ; ; ; ; ; ; ; ; ; ; ; ; ; ; ; ; ; ; ; ; ; ; 
MEF;20180619;IT0001174611;20271101;1000000;;0;-32500; ;-32500; ;-1032500; ; ; ; ; ; ; ; ; ; ; ; ; ; ; ; ; ; ; ; ; ; ; ; ; ; ; ; ; ; ; ; ; ; ; ; ; 
MEF;20180619;IT0001278511;20291101;19000000;;0;-498750; ;-498750; ;-498750; ;-498750; ;-498750; ;-498750; ;-19498750; ; ; ; ; ; ; ; ; ; ; ; ; ; ; ; ; ; ; ; ; ; ; ; ; ; ; ; ; 
MEF;20180619;IT0001444378;20310501;-60000000;;0;1800000; ;1800000; ;1800000; ;1800000; ;1800000; ;1800000; ;1800000; ;1800000; ;1800000; ;61800000; ; ; ; ; ; ; ; ; ; ; ; ; ; ; ; ; ; ; ; ; ; ; 
MEF;20180620;IT0001174611;20271101;7000000;;0;-227500; ;-227500; ;-7227500; ; ; ; ; ; ; ; ; ; ; ; ; ; ; ; ; ; ; ; ; ; ; ; ; ; ; ; ; ; ; ; ; ; ; ; ; 
MEF;20180621;IT0001278511;20291101;-15000000;;0;393750; ;393750; ;393750; ;393750; ;393750; ;393750; ;15393750; ; ; ; ; ; ; ; ; ; ; ; ; ; ; ; ; ; ; ; ; ; ; ; ; ; ; ; ; 
MEF;20180621;IT0001444378;20310501;-37000000;;0;1110000; ;1110000; ;1110000; ;1110000; ;1110000; ;1110000; ;1110000; ;1110000; ;1110000; ;38110000; ; ; ; ; ; ; ; ; ; ; ; ; ; ; ; ; ; ; ; ; ; ; 
MEF;20180705;IT0001174611;20271101;-6000000;;0;195000; ;195000; ;6195000; ; ; ; ; ; ; ; ; ; ; ; ; ; ; ; ; ; ; ; ; ; ; ; ; ; ; ; ; ; ; ; ; ; ; ; ; 
MEF;20180710;IT0001086567;20261101;-6500000;;0;6735625; ; ; ; ; ; ; ; ; ; ; ; ; ; ; ; ; ; ; ; ; ; ; ; ; ; ; ; ; ; ; ; ; ; ; ; ; ; ; ; ; 
MEF;20180712;IT0001086567;20261101;1000000;;0;-1036250; ; ; ; ; ; ; ; ; ; ; ; ; ; ; ; ; ; ; ; ; ; ; ; ; ; ; ; ; ; ; ; ; ; ; ; ; ; ; ; ; 
MEF;20180713;IT0001174611;20271101;5000000;;0;-162500; ;-162500; ;-5162500; ; ; ; ; ; ; ; ; ; ; ; ; ; ; ; ; ; ; ; ; ; ; ; ; ; ; ; ; ; ; ; ; ; ; ; ; 
MEF;20180716;IT0001086567;20261101;3800000;;0;-3937750; ; ; ; ; ; ; ; ; ; ; ; ; ; ; ; ; ; ; ; ; ; ; ; ; ; ; ; ; ; ; ; ; ; ; ; ; ; ; ; ; 
MEF;20180719;IT0001086567;20261101;3800000;;0;-3937750; ; ; ; ; ; ; ; ; ; ; ; ; ; ; ; ; ; ; ; ; ; ; ; ; ; ; ; ; ; ; ; ; ; ; ; ; ; ; ; ; 
MEF;20180726;IT0001086567;20261101;2000000;;0;-2072500; ; ; ; ; ; ; ; ; ; ; ; ; ; ; ; ; ; ; ; ; ; ; ; ; ; ; ; ; ; ; ; ; ; ; ; ; ; ; ; ; 
MEF;20180726;IT0001086567;20261101;7000000;;0;-7253750; ; ; ; ; ; ; ; ; ; ; ; ; ; ; ; ; ; ; ; ; ; ; ; ; ; ; ; ; ; ; ; ; ; ; ; ; ; ; ; ; 
MEF;20180727;IT0001086567;20261101;2000000;;0;-2072500; ; ; ; ; ; ; ; ; ; ; ; ; ; ; ; ; ; ; ; ; ; ; ; ; ; ; ; ; ; ; ; ; ; ; ; ; ; ; ; ; 
MEF;20180806;IT0001086567;20261101;2000000;;0;-2072500; ; ; ; ; ; ; ; ; ; ; ; ; ; ; ; ; ; ; ; ; ; ; ; ; ; ; ; ; ; ; ; ; ; ; ; ; ; ; ; ; 
MEF;20180807;IT0001086567;20261101;2000000;;0;-2072500; ; ; ; ; ; ; ; ; ; ; ; ; ; ; ; ; ; ; ; ; ; ; ; ; ; ; ; ; ; ; ; ; ; ; ; ; ; ; ; ; 
MEF;20180807;IT0001174611;20271101;2000000;;0;-65000; ;-65000; ;-2065000; ; ; ; ; ; ; ; ; ; ; ; ; ; ; ; ; ; ; ; ; ; ; ; ; ; ; ; ; ; ; ; ; ; ; ; ; 
MEF;20180813;IT0001444378;20310501;5000000;;0;-150000; ;-150000; ;-150000; ;-150000; ;-150000; ;-150000; ;-150000; ;-150000; ;-150000; ;-5150000; ; ; ; ; ; ; ; ; ; ; ; ; ; ; ; ; ; ; ; ; ; ; 
MEF;20180815;IT0001174611;20271101;-9000000;;0;292500; ;292500; ;9292500; ; ; ; ; ; ; ; ; ; ; ; ; ; ; ; ; ; ; ; ; ; ; ; ; ; ; ; ; ; ; ; ; ; ; ; ; 
MEF;20180816;IT0001086567;20261101;1000000;;0;-1036250; ; ; ; ; ; ; ; ; ; ; ; ; ; ; ; ; ; ; ; ; ; ; ; ; ; ; ; ; ; ; ; ; ; ; ; ; ; ; ; ; 
MEF;20180816;IT0001174611;20271101;-10000000;;0;325000; ;325000; ;10325000; ; ; ; ; ; ; ; ; ; ; ; ; ; ; ; ; ; ; ; ; ; ; ; ; ; ; ; ; ; ; ; ; ; ; ; ; 
MEF;20180816;IT0001174611;20271101;-13000000;;0;422500; ;422500; ;13422500; ; ; ; ; ; ; ; ; ; ; ; ; ; ; ; ; ; ; ; ; ; ; ; ; ; ; ; ; ; ; ; ; ; ; ; ; 
MEF;20180820;IT0001174611;20271101;-10000000;;0;325000; ;325000; ;10325000; ; ; ; ; ; ; ; ; ; ; ; ; ; ; ; ; ; ; ; ; ; ; ; ; ; ; ; ; ; ; ; ; ; ; ; ; 
MEF;20180823;IT0001086567;20261101;5000000;;0;-5181250; ; ; ; ; ; ; ; ; ; ; ; ; ; ; ; ; ; ; ; ; ; ; ; ; ; ; ; ; ; ; ; ; ; ; ; ; ; ; ; ; 
MEF;20180823;IT0001174611;20271101;-3000000;;0;97500; ;97500; ;3097500; ; ; ; ; ; ; ; ; ; ; ; ; ; ; ; ; ; ; ; ; ; ; ; ; ; ; ; ; ; ; ; ; ; ; ; ; 
MEF;20180824;IT0001174611;20271101;-6000000;;0;195000; ;195000; ;6195000; ; ; ; ; ; ; ; ; ; ; ; ; ; ; ; ; ; ; ; ; ; ; ; ; ; ; ; ; ; ; ; ; ; ; ; ; 
MEF;20180831;IT0001174611;20271101;-3000000;;0;97500; ;97500; ;3097500; ; ; ; ; ; ; ; ; ; ; ; ; ; ; ; ; ; ; ; ; ; ; ; ; ; ; ; ; ; ; ; ; ; ; ; ; 
MEF;20180907;IT0001174611;20271101;-6800000;;0;221000; ;221000; ;7021000; ; ; ; ; ; ; ; ; ; ; ; ; ; ; ; ; ; ; ; ; ; ; ; ; ; ; ; ; ; ; ; ; ; ; ; ; 
MEF;20180920;IT0001278511;20291101;-10000000;;0;262500; ;262500; ;262500; ;262500; ;262500; ;262500; ;10262500; ; ; ; ; ; ; ; ; ; ; ; ; ; ; ; ; ; ; ; ; ; ; ; ; ; ; ; ; 
MEF;20180921;IT0001174611;20271101;-10000000;;0;325000; ;325000; ;10325000; ; ; ; ; ; ; ; ; ; ; ; ; ; ; ; ; ; ; ; ; ; ; ; ; ; ; ; ; ; ; ; ; ; ; ; ; 
MEF;20181002;IT0001174611;20271101;4100000;;0;-133250; ;-133250; ;-4233250; ; ; ; ; ; ; ; ; ; ; ; ; ; ; ; ; ; ; ; ; ; ; ; ; ; ; ; ; ; ; ; ; ; ; ; ; 
MEF;20181002;IT0001444378;20310501;4700000;;0;-141000; ;-141000; ;-141000; ;-141000; ;-141000; ;-141000; ;-141000; ;-141000; ;-141000; ;-4841000; ; ; ; ; ; ; ; ; ; ; ; ; ; ; ; ; ; ; ; ; ; ; 
MEF;20181004;IT0001086567;20261101;1000000;;0;-1036250; ; ; ; ; ; ; ; ; ; ; ; ; ; ; ; ; ; ; ; ; ; ; ; ; ; ; ; ; ; ; ; ; ; ; ; ; ; ; ; ; 
MEF;20181004;IT0001174611;20271101;1000000;;0;-32500; ;-32500; ;-1032500; ; ; ; ; ; ; ; ; ; ; ; ; ; ; ; ; ; ; ; ; ; ; ; ; ; ; ; ; ; ; ; ; ; ; ; ; 
MEF;20181005;IT0001086567;20261101;-1300000;;0;1347125; ; ; ; ; ; ; ; ; ; ; ; ; ; ; ; ; ; ; ; ; ; ; ; ; ; ; ; ; ; ; ; ; ; ; ; ; ; ; ; ; 
MEF;20181005;IT0001086567;20261101;-3000000;;0;3108750; ; ; ; ; ; ; ; ; ; ; ; ; ; ; ; ; ; ; ; ; ; ; ; ; ; ; ; ; ; ; ; ; ; ; ; ; ; ; ; ; 
MEF;20181005;IT0001278511;20291101;-5400000;;0;141750; ;141750; ;141750; ;141750; ;141750; ;141750; ;5541750; ; ; ; ; ; ; ; ; ; ; ; ; ; ; ; ; ; ; ; ; ; ; ; ; ; ; ; ; 
MEF;20181010;IT0001174611;20271101;1000000;;0;-32500; ;-32500; ;-1032500; ; ; ; ; ; ; ; ; ; ; ; ; ; ; ; ; ; ; ; ; ; ; ; ; ; ; ; ; ; ; ; ; ; ; ; ; 
MEF;20181010;IT0001278511;20291101;-9800000;;0;257250; ;257250; ;257250; ;257250; ;257250; ;257250; ;10057250; ; ; ; ; ; ; ; ; ; ; ; ; ; ; ; ; ; ; ; ; ; ; ; ; ; ; ; ; 
MEF;20181011;IT0001086567;20261101;-24000000;;0;24870000; ; ; ; ; ; ; ; ; ; ; ; ; ; ; ; ; ; ; ; ; ; ; ; ; ; ; ; ; ; ; ; ; ; ; ; ; ; ; ; ; 
MEF;20181011;IT0001278511;20291101;38000000;;0;-997500; ;-997500; ;-997500; ;-997500; ;-997500; ;-997500; ;-38997500; ; ; ; ; ; ; ; ; ; ; ; ; ; ; ; ; ; ; ; ; ; ; ; ; ; ; ; ; 
MEF;20181012;IT0001278511;20291101;-7500000;;0;196875; ;196875; ;196875; ;196875; ;196875; ;196875; ;7696875; ; ; ; ; ; ; ; ; ; ; ; ; ; ; ; ; ; ; ; ; ; ; ; ; ; ; ; ; 
MEF;20181018;IT0001086567;20261101;1000000;;0;-1036250; ; ; ; ; ; ; ; ; ; ; ; ; ; ; ; ; ; ; ; ; ; ; ; ; ; ; ; ; ; ; ; ; ; ; ; ; ; ; ; ; 
MEF;20181019;IT0001278511;20291101;-1200000;;0;31500; ;31500; ;31500; ;31500; ;31500; ;31500; ;1231500; ; ; ; ; ; ; ; ; ; ; ; ; ; ; ; ; ; ; ; ; ; ; ; ; ; ; ; ; 
MEF;20181023;IT0001086567;20261101;1000000;;0;-1036250; ; ; ; ; ; ; ; ; ; ; ; ; ; ; ; ; ; ; ; ; ; ; ; ; ; ; ; ; ; ; ; ; ; ; ; ; ; ; ; ; 
MEF;20181023;IT0001444378;20310501;1000000;;0;-30000; ;-30000; ;-30000; ;-30000; ;-30000; ;-30000; ;-30000; ;-30000; ;-30000; ;-1030000; ; ; ; ; ; ; ; ; ; ; ; ; ; ; ; ; ; ; ; ; ; ; 
MEF;20181024;IT0001174611;20271101;-9000000;;0;292500; ;292500; ;9292500; ; ; ; ; ; ; ; ; ; ; ; ; ; ; ; ; ; ; ; ; ; ; ; ; ; ; ; ; ; ; ; ; ; ; ; ; 
MEF;20181102;IT0001086567;20261101;-9000000;;0;9326250; ; ; ; ; ; ; ; ; ; ; ; ; ; ; ; ; ; ; ; ; ; ; ; ; ; ; ; ; ; ; ; ; ; ; ; ; ; ; ; ; 
MEF;20181102;IT0001174611;20271101;-17000000;;0;552500; ;552500; ;17552500; ; ; ; ; ; ; ; ; ; ; ; ; ; ; ; ; ; ; ; ; ; ; ; ; ; ; ; ; ; ; ; ; ; ; ; ; 
MEF;20181102;IT0001444378;20310501;20000000;;0;-600000; ;-600000; ;-600000; ;-600000; ;-600000; ;-600000; ;-600000; ;-600000; ;-600000; ;-20600000; ; ; ; ; ; ; ; ; ; ; ; ; ; ; ; ; ; ; ; ; ; ; 
MEF;20181106;IT0001086567;20261101;-18000000;;0;18652500; ; ; ; ; ; ; ; ; ; ; ; ; ; ; ; ; ; ; ; ; ; ; ; ; ; ; ; ; ; ; ; ; ; ; ; ; ; ; ; ; 
MEF;20181106;IT0001086567;20261101;2400000;;0;-2487000; ; ; ; ; ; ; ; ; ; ; ; ; ; ; ; ; ; ; ; ; ; ; ; ; ; ; ; ; ; ; ; ; ; ; ; ; ; ; ; ; 
MEF;20181106;IT0001174611;20271101;24700000;;0;-802750; ;-802750; ;-25502750; ; ; ; ; ; ; ; ; ; ; ; ; ; ; ; ; ; ; ; ; ; ; ; ; ; ; ; ; ; ; ; ; ; ; ; ; 
MEF;20181108;IT0001086567;20261101;1000000;;0;-1036250; ; ; ; ; ; ; ; ; ; ; ; ; ; ; ; ; ; ; ; ; ; ; ; ; ; ; ; ; ; ; ; ; ; ; ; ; ; ; ; ; 
MEF;20181108;IT0001174611;20271101;1000000;;0;-32500; ;-32500; ;-1032500; ; ; ; ; ; ; ; ; ; ; ; ; ; ; ; ; ; ; ; ; ; ; ; ; ; ; ; ; ; ; ; ; ; ; ; ; 
MEF;20181109;IT0001278511;20291101;-7700000;;0;202125; ;202125; ;202125; ;202125; ;202125; ;202125; ;7902125; ; ; ; ; ; ; ; ; ; ; ; ; ; ; ; ; ; ; ; ; ; ; ; ; ; ; ; ; 
MEF;20181113;IT0001444378;20310501;-25700000;;0;771000; ;771000; ;771000; ;771000; ;771000; ;771000; ;771000; ;771000; ;771000; ;26471000; ; ; ; ; ; ; ; ; ; ; ; ; ; ; ; ; ; ; ; ; ; ; 
MEF;20181114;IT0001086567;20261101;1000000;;0;-1036250; ; ; ; ; ; ; ; ; ; ; ; ; ; ; ; ; ; ; ; ; ; ; ; ; ; ; ; ; ; ; ; ; ; ; ; ; ; ; ; ; 
MEF;20181115;IT0001174611;20271101;1000000;;0;-32500; ;-32500; ;-1032500; ; ; ; ; ; ; ; ; ; ; ; ; ; ; ; ; ; ; ; ; ; ; ; ; ; ; ; ; ; ; ; ; ; ; ; ; 
MEF;20181119;IT0001278511;20291101;-2700000;;0;70875; ;70875; ;70875; ;70875; ;70875; ;70875; ;2770875; ; ; ; ; ; ; ; ; ; ; ; ; ; ; ; ; ; ; ; ; ; ; ; ; ; ; ; ; 
MEF;20181120;IT0001278511;20291101;-1000000;;0;26250; ;26250; ;26250; ;26250; ;26250; ;26250; ;1026250; ; ; ; ; ; ; ; ; ; ; ; ; ; ; ; ; ; ; ; ; ; ; ; ; ; ; ; ; 
MEF;20181122;IT0001444378;20310501;9000000;;0;-270000; ;-270000; ;-270000; ;-270000; ;-270000; ;-270000; ;-270000; ;-270000; ;-270000; ;-9270000; ; ; ; ; ; ; ; ; ; ; ; ; ; ; ; ; ; ; ; ; ; ; 
MEF;20181123;IT0001174611;20271101;13600000;;0;-442000; ;-442000; ;-14042000; ; ; ; ; ; ; ; ; ; ; ; ; ; ; ; ; ; ; ; ; ; ; ; ; ; ; ; ; ; ; ; ; ; ; ; ; 
MEF;20181123;IT0001278511;20291101;-1200000;;0;31500; ;31500; ;31500; ;31500; ;31500; ;31500; ;1231500; ; ; ; ; ; ; ; ; ; ; ; ; ; ; ; ; ; ; ; ; ; ; ; ; ; ; ; ; 
MEF;20181123;IT0001278511;20291101;2000000;;0;-52500; ;-52500; ;-52500; ;-52500; ;-52500; ;-52500; ;-2052500; ; ; ; ; ; ; ; ; ; ; ; ; ; ; ; ; ; ; ; ; ; ; ; ; ; ; ; ; 
MEF;20181127;IT0001174611;20271101;-8000000;;0;260000; ;260000; ;8260000; ; ; ; ; ; ; ; ; ; ; ; ; ; ; ; ; ; ; ; ; ; ; ; ; ; ; ; ; ; ; ; ; ; ; ; ; 
MEF;20181127;IT0001278511;20291101;9000000;;0;-236250; ;-236250; ;-236250; ;-236250; ;-236250; ;-236250; ;-9236250; ; ; ; ; ; ; ; ; ; ; ; ; ; ; ; ; ; ; ; ; ; ; ; ; ; ; ; ; 
MEF;20181128;IT0001174611;20271101;-1000000;;0;32500; ;32500; ;1032500; ; ; ; ; ; ; ; ; ; ; ; ; ; ; ; ; ; ; ; ; ; ; ; ; ; ; ; ; ; ; ; ; ; ; ; ; 
MEF;20181130;IT0001086567;20261101;18000000;;0;-18652500; ; ; ; ; ; ; ; ; ; ; ; ; ; ; ; ; ; ; ; ; ; ; ; ; ; ; ; ; ; ; ; ; ; ; ; ; ; ; ; ; 
MEF;20181130;IT0001278511;20291101;-1100000;;0;28875; ;28875; ;28875; ;28875; ;28875; ;28875; ;1128875; ; ; ; ; ; ; ; ; ; ; ; ; ; ; ; ; ; ; ; ; ; ; ; ; ; ; ; ; 
MEF;20181203;IT0001278511;20291101;10000000;;0;-262500; ;-262500; ;-262500; ;-262500; ;-262500; ;-262500; ;-10262500; ; ; ; ; ; ; ; ; ; ; ; ; ; ; ; ; ; ; ; ; ; ; ; ; ; ; ; ; 
MEF;20181205;IT0001278511;20291101;4800000;;0;-126000; ;-126000; ;-126000; ;-126000; ;-126000; ;-126000; ;-4926000; ; ; ; ; ; ; ; ; ; ; ; ; ; ; ; ; ; ; ; ; ; ; ; ; ; ; ; ; 
MEF;20181205;IT0001444378;20310501;1000000;;0;-30000; ;-30000; ;-30000; ;-30000; ;-30000; ;-30000; ;-30000; ;-30000; ;-30000; ;-1030000; ; ; ; ; ; ; ; ; ; ; ; ; ; ; ; ; ; ; ; ; ; ; 
MEF;20181219;IT0001278511;20291101;-7600000;;0;199500; ;199500; ;199500; ;199500; ;199500; ;199500; ;7799500; ; ; ; ; ; ; ; ; ; ; ; ; ; ; ; ; ; ; ; ; ; ; ; ; ; ; ; ; 
MEF;20181228;IT0001278511;20291101;2000000;;0;-52500; ;-52500; ;-52500; ;-52500; ;-52500; ;-52500; ;-2052500; ; ; ; ; ; ; ; ; ; ; ; ; ; ; ; ; ; ; ; ; ; ; ; ; ; ; ; ; 
MEF;20190104;IT0001174611;20271101;3800000;;0;-123500; ;-123500; ;-3923500; ; ; ; ; ; ; ; ; ; ; ; ; ; ; ; ; ; ; ; ; ; ; ; ; ; ; ; ; ; ; ; ; ; ; ; ; 
MEF;20190111;IT0001086567;20261101;1000000;;0;-1036250; ; ; ; ; ; ; ; ; ; ; ; ; ; ; ; ; ; ; ; ; ; ; ; ; ; ; ; ; ; ; ; ; ; ; ; ; ; ; ; ; 
MEF;20190111;IT0001174611;20271101;-7600000;;0;247000; ;247000; ;7847000; ; ; ; ; ; ; ; ; ; ; ; ; ; ; ; ; ; ; ; ; ; ; ; ; ; ; ; ; ; ; ; ; ; ; ; ; 
MEF;20190114;IT0001174611;20271101;-32000000;;0;1040000; ;1040000; ;33040000; ; ; ; ; ; ; ; ; ; ; ; ; ; ; ; ; ; ; ; ; ; ; ; ; ; ; ; ; ; ; ; ; ; ; ; ; 
MEF;20190114;IT0001444378;20310501;-13000000;;0;390000; ;390000; ;390000; ;390000; ;390000; ;390000; ;390000; ;390000; ;390000; ;13390000; ; ; ; ; ; ; ; ; ; ; ; ; ; ; ; ; ; ; ; ; ; ; 
MEF;20190115;IT0001174611;20271101;-2000000;;0;65000; ;65000; ;2065000; ; ; ; ; ; ; ; ; ; ; ; ; ; ; ; ; ; ; ; ; ; ; ; ; ; ; ; ; ; ; ; ; ; ; ; ; 
MEF;20190128;IT0001444378;20310501;5000000;;0;-150000; ;-150000; ;-150000; ;-150000; ;-150000; ;-150000; ;-150000; ;-150000; ;-150000; ;-5150000; ; ; ; ; ; ; ; ; ; ; ; ; ; ; ; ; ; ; ; ; ; ; 
MEF;20190201;IT0001278511;20291101;-5000000;;0;131250; ;131250; ;131250; ;131250; ;131250; ;131250; ;5131250; ; ; ; ; ; ; ; ; ; ; ; ; ; ; ; ; ; ; ; ; ; ; ; ; ; ; ; ; 
MEF;20190201;IT0001444378;20310501;29000000;;0;-870000; ;-870000; ;-870000; ;-870000; ;-870000; ;-870000; ;-870000; ;-870000; ;-870000; ;-29870000; ; ; ; ; ; ; ; ; ; ; ; ; ; ; ; ; ; ; ; ; ; ; 
MEF;20190201;IT0001444378;20310501;5000000;;0;-150000; ;-150000; ;-150000; ;-150000; ;-150000; ;-150000; ;-150000; ;-150000; ;-150000; ;-5150000; ; ; ; ; ; ; ; ; ; ; ; ; ; ; ; ; ; ; ; ; ; ; 
MEF;20190206;IT0001086567;20261101;-1000000;;0;1036250; ; ; ; ; ; ; ; ; ; ; ; ; ; ; ; ; ; ; ; ; ; ; ; ; ; ; ; ; ; ; ; ; ; ; ; ; ; ; ; ; 
MEF;20190206;IT0001174611;20271101;-1000000;;0;32500; ;32500; ;1032500; ; ; ; ; ; ; ; ; ; ; ; ; ; ; ; ; ; ; ; ; ; ; ; ; ; ; ; ; ; ; ; ; ; ; ; ; 
MEF;20190206;IT0001278511;20291101;-1000000;;0;26250; ;26250; ;26250; ;26250; ;26250; ;26250; ;1026250; ; ; ; ; ; ; ; ; ; ; ; ; ; ; ; ; ; ; ; ; ; ; ; ; ; ; ; ; 
MEF;20190208;IT0001444378;20310501;2000000;;0;-60000; ;-60000; ;-60000; ;-60000; ;-60000; ;-60000; ;-60000; ;-60000; ;-60000; ;-2060000; ; ; ; ; ; ; ; ; ; ; ; ; ; ; ; ; ; ; ; ; ; ; 
MEF;20190208;IT0001444378;20310501;3000000;;0;-90000; ;-90000; ;-90000; ;-90000; ;-90000; ;-90000; ;-90000; ;-90000; ;-90000; ;-3090000; ; ; ; ; ; ; ; ; ; ; ; ; ; ; ; ; ; ; ; ; ; ; 
MEF;20190213;IT0001444378;20310501;6000000;;0;-180000; ;-180000; ;-180000; ;-180000; ;-180000; ;-180000; ;-180000; ;-180000; ;-180000; ;-6180000; ; ; ; ; ; ; ; ; ; ; ; ; ; ; ; ; ; ; ; ; ; ; 
MEF;20190214;IT0001444378;20310501;2000000;;0;-60000; ;-60000; ;-60000; ;-60000; ;-60000; ;-60000; ;-60000; ;-60000; ;-60000; ;-2060000; ; ; ; ; ; ; ; ; ; ; ; ; ; ; ; ; ; ; ; ; ; ; 
MEF;20190215;IT0001174611;20271101;-1000000;;0;32500; ;32500; ;1032500; ; ; ; ; ; ; ; ; ; ; ; ; ; ; ; ; ; ; ; ; ; ; ; ; ; ; ; ; ; ; ; ; ; ; ; ; 
MEF;20190218;IT0001086567;20261101;-4000000;;0;4145000; ; ; ; ; ; ; ; ; ; ; ; ; ; ; ; ; ; ; ; ; ; ; ; ; ; ; ; ; ; ; ; ; ; ; ; ; ; ; ; ; 
MEF;20190218;IT0001444378;20310501;2000000;;0;-60000; ;-60000; ;-60000; ;-60000; ;-60000; ;-60000; ;-60000; ;-60000; ;-60000; ;-2060000; ; ; ; ; ; ; ; ; ; ; ; ; ; ; ; ; ; ; ; ; ; ; 
MEF;20190222;IT0001086567;20261101;-1700000;;0;1761625; ; ; ; ; ; ; ; ; ; ; ; ; ; ; ; ; ; ; ; ; ; ; ; ; ; ; ; ; ; ; ; ; ; ; ; ; ; ; ; ; 
MEF;20190222;IT0001444378;20310501;1100000;;0;-33000; ;-33000; ;-33000; ;-33000; ;-33000; ;-33000; ;-33000; ;-33000; ;-33000; ;-1133000; ; ; ; ; ; ; ; ; ; ; ; ; ; ; ; ; ; ; ; ; ; ; 
MEF;20190226;IT0001444378;20310501;-19000000;;0;570000; ;570000; ;570000; ;570000; ;570000; ;570000; ;570000; ;570000; ;570000; ;19570000; ; ; ; ; ; ; ; ; ; ; ; ; ; ; ; ; ; ; ; ; ; ; 
MEF;20190321;IT0001278511;20291101;3000000;;0;-78750; ;-78750; ;-78750; ;-78750; ;-78750; ;-78750; ;-3078750; ; ; ; ; ; ; ; ; ; ; ; ; ; ; ; ; ; ; ; ; ; ; ; ; ; ; ; ; 
MEF;20190321;IT0001444378;20310501;2000000;;0;-60000; ;-60000; ;-60000; ;-60000; ;-60000; ;-60000; ;-60000; ;-60000; ;-60000; ;-2060000; ; ; ; ; ; ; ; ; ; ; ; ; ; ; ; ; ; ; ; ; ; ; 
MEF;20190321;IT0001444378;20310501;5000000;;0;-150000; ;-150000; ;-150000; ;-150000; ;-150000; ;-150000; ;-150000; ;-150000; ;-150000; ;-5150000; ; ; ; ; ; ; ; ; ; ; ; ; ; ; ; ; ; ; ; ; ; ; 
MEF;20190322;IT0001174611;20271101;1000000;;0;-32500; ;-32500; ;-1032500; ; ; ; ; ; ; ; ; ; ; ; ; ; ; ; ; ; ; ; ; ; ; ; ; ; ; ; ; ; ; ; ; ; ; ; ; 
MEF;20190328;IT0001278511;20291101;-39000000;;0;1023750; ;1023750; ;1023750; ;1023750; ;1023750; ;1023750; ;40023750; ; ; ; ; ; ; ; ; ; ; ; ; ; ; ; ; ; ; ; ; ; ; ; ; ; ; ; ; 
MEF;20190408;IT0001278511;20291101;23500000;;0;-616875; ;-616875; ;-616875; ;-616875; ;-616875; ;-616875; ;-24116875; ; ; ; ; ; ; ; ; ; ; ; ; ; ; ; ; ; ; ; ; ; ; ; ; ; ; ; ; 
MEF;20190408;IT0001444378;20310501;28000000;;0;-840000; ;-840000; ;-840000; ;-840000; ;-840000; ;-840000; ;-840000; ;-840000; ;-840000; ;-28840000; ; ; ; ; ; ; ; ; ; ; ; ; ; ; ; ; ; ; ; ; ; ; 
MEF;20190412;IT0001086567;20261101;-1600000;;0;1658000; ; ; ; ; ; ; ; ; ; ; ; ; ; ; ; ; ; ; ; ; ; ; ; ; ; ; ; ; ; ; ; ; ; ; ; ; ; ; ; ; 
MEF;20190412;IT0001174611;20271101;-1700000;;0;55250; ;55250; ;1755250; ; ; ; ; ; ; ; ; ; ; ; ; ; ; ; ; ; ; ; ; ; ; ; ; ; ; ; ; ; ; ; ; ; ; ; ; 
MEF;20190418;IT0001174611;20271101;1000000;;0;-32500; ;-32500; ;-1032500; ; ; ; ; ; ; ; ; ; ; ; ; ; ; ; ; ; ; ; ; ; ; ; ; ; ; ; ; ; ; ; ; ; ; ; ; 
MEF;20190423;IT0001444378;20310501;15000000;;0;-450000; ;-450000; ;-450000; ;-450000; ;-450000; ;-450000; ;-450000; ;-450000; ;-450000; ;-15450000; ; ; ; ; ; ; ; ; ; ; ; ; ; ; ; ; ; ; ; ; ; ; 
MEF;20190506;IT0001278511;20291101;12000000;;0;-315000; ;-315000; ;-315000; ;-315000; ;-315000; ;-315000; ;-12315000; ; ; ; ; ; ; ; ; ; ; ; ; ; ; ; ; ; ; ; ; ; ; ; ; ; ; ; ; 
MEF;20190506;IT0001444378;20310501;-5000000;;0;150000; ;150000; ;150000; ;150000; ;150000; ;150000; ;150000; ;150000; ;150000; ;5150000; ; ; ; ; ; ; ; ; ; ; ; ; ; ; ; ; ; ; ; ; ; ; 
MEF;20190507;IT0001444378;20310501;-10000000;;0;300000; ;300000; ;300000; ;300000; ;300000; ;300000; ;300000; ;300000; ;300000; ;10300000; ; ; ; ; ; ; ; ; ; ; ; ; ; ; ; ; ; ; ; ; ; ; 
MEF;20190508;IT0001444378;20310501;24300000;;0;-729000; ;-729000; ;-729000; ;-729000; ;-729000; ;-729000; ;-729000; ;-729000; ;-729000; ;-25029000; ; ; ; ; ; ; ; ; ; ; ; ; ; ; ; ; ; ; ; ; ; ; 
MEF;20190510;IT0001174611;20271101;-1700000;;0;55250; ;55250; ;1755250; ; ; ; ; ; ; ; ; ; ; ; ; ; ; ; ; ; ; ; ; ; ; ; ; ; ; ; ; ; ; ; ; ; ; ; ; 
MEF;20190513;IT0001444378;20310501;1000000;;0;-30000; ;-30000; ;-30000; ;-30000; ;-30000; ;-30000; ;-30000; ;-30000; ;-30000; ;-1030000; ; ; ; ; ; ; ; ; ; ; ; ; ; ; ; ; ; ; ; ; ; ; 
MEF;20190516;IT0001086567;20261101;-1000000;;0;1036250; ; ; ; ; ; ; ; ; ; ; ; ; ; ; ; ; ; ; ; ; ; ; ; ; ; ; ; ; ; ; ; ; ; ; ; ; ; ; ; ; 
MEF;20190516;IT0001174611;20271101;-1000000;;0;32500; ;32500; ;1032500; ; ; ; ; ; ; ; ; ; ; ; ; ; ; ; ; ; ; ; ; ; ; ; ; ; ; ; ; ; ; ; ; ; ; ; ; 
MEF;20190516;IT0001278511;20291101;-1000000;;0;26250; ;26250; ;26250; ;26250; ;26250; ;26250; ;1026250; ; ; ; ; ; ; ; ; ; ; ; ; ; ; ; ; ; ; ; ; ; ; ; ; ; ; ; ; 
MEF;20190516;IT0001444378;20310501;-2000000;;0;60000; ;60000; ;60000; ;60000; ;60000; ;60000; ;60000; ;60000; ;60000; ;2060000; ; ; ; ; ; ; ; ; ; ; ; ; ; ; ; ; ; ; ; ; ; ; 
MEF;20190516;IT0001444378;20310501;13000000;;0;-390000; ;-390000; ;-390000; ;-390000; ;-390000; ;-390000; ;-390000; ;-390000; ;-390000; ;-13390000; ; ; ; ; ; ; ; ; ; ; ; ; ; ; ; ; ; ; ; ; ; ; 
MEF;20190517;IT0001278511;20291101;-4000000;;0;105000; ;105000; ;105000; ;105000; ;105000; ;105000; ;4105000; ; ; ; ; ; ; ; ; ; ; ; ; ; ; ; ; ; ; ; ; ; ; ; ; ; ; ; ; 
MEF;20190517;IT0001444378;20310501;11600000;;0;-348000; ;-348000; ;-348000; ;-348000; ;-348000; ;-348000; ;-348000; ;-348000; ;-348000; ;-11948000; ; ; ; ; ; ; ; ; ; ; ; ; ; ; ; ; ; ; ; ; ; ; 
MEF;20190527;IT0001086567;20261101;-1000000;;0;1036250; ; ; ; ; ; ; ; ; ; ; ; ; ; ; ; ; ; ; ; ; ; ; ; ; ; ; ; ; ; ; ; ; ; ; ; ; ; ; ; ; 
MEF;20190527;IT0001278511;20291101;-1100000;;0;28875; ;28875; ;28875; ;28875; ;28875; ;28875; ;1128875; ; ; ; ; ; ; ; ; ; ; ; ; ; ; ; ; ; ; ; ; ; ; ; ; ; ; ; ; 
MEF;20190528;IT0001086567;20261101;-7000000;;0;7253750; ; ; ; ; ; ; ; ; ; ; ; ; ; ; ; ; ; ; ; ; ; ; ; ; ; ; ; ; ; ; ; ; ; ; ; ; ; ; ; ; 
MEF;20190604;IT0001086567;20261101;1000000;;0;-1036250; ; ; ; ; ; ; ; ; ; ; ; ; ; ; ; ; ; ; ; ; ; ; ; ; ; ; ; ; ; ; ; ; ; ; ; ; ; ; ; ; 
MEF;20190606;IT0001278511;20291101;-12000000;;0;315000; ;315000; ;315000; ;315000; ;315000; ;315000; ;12315000; ; ; ; ; ; ; ; ; ; ; ; ; ; ; ; ; ; ; ; ; ; ; ; ; ; ; ; ; 
MEF;20190606;IT0001444378;20310501;-2000000;;0;60000; ;60000; ;60000; ;60000; ;60000; ;60000; ;60000; ;60000; ;60000; ;2060000; ; ; ; ; ; ; ; ; ; ; ; ; ; ; ; ; ; ; ; ; ; ; 
MEF;20190610;IT0001086567;20261101;1000000;;0;-1036250; ; ; ; ; ; ; ; ; ; ; ; ; ; ; ; ; ; ; ; ; ; ; ; ; ; ; ; ; ; ; ; ; ; ; ; ; ; ; ; ; 
MEF;20190612;IT0001444378;20310501;-3000000;;0;90000; ;90000; ;90000; ;90000; ;90000; ;90000; ;90000; ;90000; ;90000; ;3090000; ; ; ; ; ; ; ; ; ; ; ; ; ; ; ; ; ; ; ; ; ; ; 
MEF;20190619;IT0001086567;20261101;-13000000;;0;13471250; ; ; ; ; ; ; ; ; ; ; ; ; ; ; ; ; ; ; ; ; ; ; ; ; ; ; ; ; ; ; ; ; ; ; ; ; ; ; ; ; 
MEF;20190624;IT0001444378;20310501;19000000;;0;-570000; ;-570000; ;-570000; ;-570000; ;-570000; ;-570000; ;-570000; ;-570000; ;-570000; ;-19570000; ; ; ; ; ; ; ; ; ; ; ; ; ; ; ; ; ; ; ; ; ; ; 
MEF;20190625;IT0001086567;20261101;-1000000;;0;1036250; ; ; ; ; ; ; ; ; ; ; ; ; ; ; ; ; ; ; ; ; ; ; ; ; ; ; ; ; ; ; ; ; ; ; ; ; ; ; ; ; 
MEF;20190625;IT0001278511;20291101;-1000000;;0;26250; ;26250; ;26250; ;26250; ;26250; ;26250; ;1026250; ; ; ; ; ; ; ; ; ; ; ; ; ; ; ; ; ; ; ; ; ; ; ; ; ; ; ; ; 
MEF;20190625;IT0001444378;20310501;5000000;;0;-150000; ;-150000; ;-150000; ;-150000; ;-150000; ;-150000; ;-150000; ;-150000; ;-150000; ;-5150000; ; ; ; ; ; ; ; ; ; ; ; ; ; ; ; ; ; ; ; ; ; ; 
MEF;20190626;IT0001086567;20261101;1500000;;0;-1554375; ; ; ; ; ; ; ; ; ; ; ; ; ; ; ; ; ; ; ; ; ; ; ; ; ; ; ; ; ; ; ; ; ; ; ; ; ; ; ; ; 
MEF;20190626;IT0001444378;20310501;11000000;;0;-330000; ;-330000; ;-330000; ;-330000; ;-330000; ;-330000; ;-330000; ;-330000; ;-330000; ;-11330000; ; ; ; ; ; ; ; ; ; ; ; ; ; ; ; ; ; ; ; ; ; ; 
MEF;20190627;IT0001278511;20291101;19500000;;0;-511875; ;-511875; ;-511875; ;-511875; ;-511875; ;-511875; ;-20011875; ; ; ; ; ; ; ; ; ; ; ; ; ; ; ; ; ; ; ; ; ; ; ; ; ; ; ; ; 
MEF;20190627;IT0001444378;20310501;2000000;;0;-60000; ;-60000; ;-60000; ;-60000; ;-60000; ;-60000; ;-60000; ;-60000; ;-60000; ;-2060000; ; ; ; ; ; ; ; ; ; ; ; ; ; ; ; ; ; ; ; ; ; ; 
MEF;20190701;IT0001174611;20271101;-21000000;;0;682500; ;682500; ;21682500; ; ; ; ; ; ; ; ; ; ; ; ; ; ; ; ; ; ; ; ; ; ; ; ; ; ; ; ; ; ; ; ; ; ; ; ; 
MEF;20190703;IT0001174611;20271101;6500000;;0;-211250; ;-211250; ;-6711250; ; ; ; ; ; ; ; ; ; ; ; ; ; ; ; ; ; ; ; ; ; ; ; ; ; ; ; ; ; ; ; ; ; ; ; ; 
MEF;20190704;IT0001086567;20261101;-9000000;;0;9326250; ; ; ; ; ; ; ; ; ; ; ; ; ; ; ; ; ; ; ; ; ; ; ; ; ; ; ; ; ; ; ; ; ; ; ; ; ; ; ; ; 
MEF;20190710;IT0001444378;20310501;-2000000;;0;60000; ;60000; ;60000; ;60000; ;60000; ;60000; ;60000; ;60000; ;60000; ;2060000; ; ; ; ; ; ; ; ; ; ; ; ; ; ; ; ; ; ; ; ; ; ; 
MEF;20190712;IT0001086567;20261101;-1600000;;0;1658000; ; ; ; ; ; ; ; ; ; ; ; ; ; ; ; ; ; ; ; ; ; ; ; ; ; ; ; ; ; ; ; ; ; ; ; ; ; ; ; ; 
MEF;20190712;IT0001278511;20291101;24400000;;0;-640500; ;-640500; ;-640500; ;-640500; ;-640500; ;-640500; ;-25040500; ; ; ; ; ; ; ; ; ; ; ; ; ; ; ; ; ; ; ; ; ; ; ; ; ; ; ; ; 
MEF;20190712;IT0001444378;20310501;-1800000;;0;54000; ;54000; ;54000; ;54000; ;54000; ;54000; ;54000; ;54000; ;54000; ;1854000; ; ; ; ; ; ; ; ; ; ; ; ; ; ; ; ; ; ; ; ; ; ; 
MEF;20190719;IT0001086567;20261101;12000000;;0;-12435000; ; ; ; ; ; ; ; ; ; ; ; ; ; ; ; ; ; ; ; ; ; ; ; ; ; ; ; ; ; ; ; ; ; ; ; ; ; ; ; ; 
MEF;20190719;IT0001278511;20291101;1000000;;0;-26250; ;-26250; ;-26250; ;-26250; ;-26250; ;-26250; ;-1026250; ; ; ; ; ; ; ; ; ; ; ; ; ; ; ; ; ; ; ; ; ; ; ; ; ; ; ; ; 
MEF;20190722;IT0001444378;20310501;-15000000;;0;450000; ;450000; ;450000; ;450000; ;450000; ;450000; ;450000; ;450000; ;450000; ;15450000; ; ; ; ; ; ; ; ; ; ; ; ; ; ; ; ; ; ; ; ; ; ; 
MEF;20190729;IT0001174611;20271101;-7000000;;0;227500; ;227500; ;7227500; ; ; ; ; ; ; ; ; ; ; ; ; ; ; ; ; ; ; ; ; ; ; ; ; ; ; ; ; ; ; ; ; ; ; ; ; 
MEF;20190729;IT0001278511;20291101;10000000;;0;-262500; ;-262500; ;-262500; ;-262500; ;-262500; ;-262500; ;-10262500; ; ; ; ; ; ; ; ; ; ; ; ; ; ; ; ; ; ; ; ; ; ; ; ; ; ; ; ; 
MEF;20190730;IT0001278511;20291101;10000000;;0;-262500; ;-262500; ;-262500; ;-262500; ;-262500; ;-262500; ;-10262500; ; ; ; ; ; ; ; ; ; ; ; ; ; ; ; ; ; ; ; ; ; ; ; ; ; ; ; ; 
MEF;20190731;IT0001444378;20310501;-7000000;;0;210000; ;210000; ;210000; ;210000; ;210000; ;210000; ;210000; ;210000; ;210000; ;7210000; ; ; ; ; ; ; ; ; ; ; ; ; ; ; ; ; ; ; ; ; ; ; 
MEF;20190807;IT0001086567;20261101;-3000000;;0;3108750; ; ; ; ; ; ; ; ; ; ; ; ; ; ; ; ; ; ; ; ; ; ; ; ; ; ; ; ; ; ; ; ; ; ; ; ; ; ; ; ; 
MEF;20190815;IT0001174611;20271101;-1000000;;0;32500; ;32500; ;1032500; ; ; ; ; ; ; ; ; ; ; ; ; ; ; ; ; ; ; ; ; ; ; ; ; ; ; ; ; ; ; ; ; ; ; ; ; 
MEF;20190815;IT0001278511;20291101;-1000000;;0;26250; ;26250; ;26250; ;26250; ;26250; ;26250; ;1026250; ; ; ; ; ; ; ; ; ; ; ; ; ; ; ; ; ; ; ; ; ; ; ; ; ; ; ; ; 
MEF;20190829;IT0001174611;20271101;-4000000;;0;130000; ;130000; ;4130000; ; ; ; ; ; ; ; ; ; ; ; ; ; ; ; ; ; ; ; ; ; ; ; ; ; ; ; ; ; ; ; ; ; ; ; ; 
MEF;20190830;IT0001086567;20261101;1000000;;0;-1036250; ; ; ; ; ; ; ; ; ; ; ; ; ; ; ; ; ; ; ; ; ; ; ; ; ; ; ; ; ; ; ; ; ; ; ; ; ; ; ; ; 
MEF;20190903;IT0001174611;20271101;-18000000;;0;585000; ;585000; ;18585000; ; ; ; ; ; ; ; ; ; ; ; ; ; ; ; ; ; ; ; ; ; ; ; ; ; ; ; ; ; ; ; ; ; ; ; ; 
MEF;20190910;IT0001444378;20310501;9600000;;0;-288000; ;-288000; ;-288000; ;-288000; ;-288000; ;-288000; ;-288000; ;-288000; ;-288000; ;-9888000; ; ; ; ; ; ; ; ; ; ; ; ; ; ; ; ; ; ; ; ; ; ; 
MEF;20190911;IT0001174611;20271101;-1000000;;0;32500; ;32500; ;1032500; ; ; ; ; ; ; ; ; ; ; ; ; ; ; ; ; ; ; ; ; ; ; ; ; ; ; ; ; ; ; ; ; ; ; ; ; 
MEF;20190913;IT0001086567;20261101;-7100000;;0;7357375; ; ; ; ; ; ; ; ; ; ; ; ; ; ; ; ; ; ; ; ; ; ; ; ; ; ; ; ; ; ; ; ; ; ; ; ; ; ; ; ; 
MEF;20190913;IT0001444378;20310501;1000000;;0;-30000; ;-30000; ;-30000; ;-30000; ;-30000; ;-30000; ;-30000; ;-30000; ;-30000; ;-1030000; ; ; ; ; ; ; ; ; ; ; ; ; ; ; ; ; ; ; ; ; ; ; 
MEF;20190916;IT0001444378;20310501;-10000000;;0;300000; ;300000; ;300000; ;300000; ;300000; ;300000; ;300000; ;300000; ;300000; ;10300000; ; ; ; ; ; ; ; ; ; ; ; ; ; ; ; ; ; ; ; ; ; ; 
MEF;20190916;IT0001444378;20310501;-5000000;;0;150000; ;150000; ;150000; ;150000; ;150000; ;150000; ;150000; ;150000; ;150000; ;5150000; ; ; ; ; ; ; ; ; ; ; ; ; ; ; ; ; ; ; ; ; ; ; 
MEF;20190917;IT0001444378;20310501;1000000;;0;-30000; ;-30000; ;-30000; ;-30000; ;-30000; ;-30000; ;-30000; ;-30000; ;-30000; ;-1030000; ; ; ; ; ; ; ; ; ; ; ; ; ; ; ; ; ; ; ; ; ; ; 
MEF;20190920;IT0001086567;20261101;-1700000;;0;1761625; ; ; ; ; ; ; ; ; ; ; ; ; ; ; ; ; ; ; ; ; ; ; ; ; ; ; ; ; ; ; ; ; ; ; ; ; ; ; ; ; 
MEF;20190926;IT0001086567;20261101;15000000;;0;-15543750; ; ; ; ; ; ; ; ; ; ; ; ; ; ; ; ; ; ; ; ; ; ; ; ; ; ; ; ; ; ; ; ; ; ; ; ; ; ; ; ; 
MEF;20190926;IT0001444378;20310501;-15000000;;0;450000; ;450000; ;450000; ;450000; ;450000; ;450000; ;450000; ;450000; ;450000; ;15450000; ; ; ; ; ; ; ; ; ; ; ; ; ; ; ; ; ; ; ; ; ; ; 
MEF;20190927;IT0001278511;20291101;5000000;;0;-131250; ;-131250; ;-131250; ;-131250; ;-131250; ;-131250; ;-5131250; ; ; ; ; ; ; ; ; ; ; ; ; ; ; ; ; ; ; ; ; ; ; ; ; ; ; ; ; 
MEF;20190927;IT0001444378;20310501;-6000000;;0;180000; ;180000; ;180000; ;180000; ;180000; ;180000; ;180000; ;180000; ;180000; ;6180000; ; ; ; ; ; ; ; ; ; ; ; ; ; ; ; ; ; ; ; ; ; ; 
MEF;20191002;IT0001086567;20261101;-10000000;;0;10362500; ; ; ; ; ; ; ; ; ; ; ; ; ; ; ; ; ; ; ; ; ; ; ; ; ; ; ; ; ; ; ; ; ; ; ; ; ; ; ; ; 
MEF;20191002;IT0001444378;20310501;10000000;;0;-300000; ;-300000; ;-300000; ;-300000; ;-300000; ;-300000; ;-300000; ;-300000; ;-300000; ;-10300000; ; ; ; ; ; ; ; ; ; ; ; ; ; ; ; ; ; ; ; ; ; ; 
MEF;20191004;IT0001174611;20271101;-1000000;;0;32500; ;32500; ;1032500; ; ; ; ; ; ; ; ; ; ; ; ; ; ; ; ; ; ; ; ; ; ; ; ; ; ; ; ; ; ; ; ; ; ; ; ; 
MEF;20191018;IT0001444378;20310501;1000000;;0;-30000; ;-30000; ;-30000; ;-30000; ;-30000; ;-30000; ;-30000; ;-30000; ;-30000; ;-1030000; ; ; ; ; ; ; ; ; ; ; ; ; ; ; ; ; ; ; ; ; ; ; 
MEF;20191022;IT0001278511;20291101;1000000;;0;-26250; ;-26250; ;-26250; ;-26250; ;-26250; ;-26250; ;-1026250; ; ; ; ; ; ; ; ; ; ; ; ; ; ; ; ; ; ; ; ; ; ; ; ; ; ; ; ; 
MEF;20191024;IT0001278511;20291101;1000000;;0;-26250; ;-26250; ;-26250; ;-26250; ;-26250; ;-26250; ;-1026250; ; ; ; ; ; ; ; ; ; ; ; ; ; ; ; ; ; ; ; ; ; ; ; ; ; ; ; ; 
MEF;20191104;IT0001174611;20271101;25000000;;0;-812500; ;-812500; ;-25812500; ; ; ; ; ; ; ; ; ; ; ; ; ; ; ; ; ; ; ; ; ; ; ; ; ; ; ; ; ; ; ; ; ; ; ; ; 
MEF;20191104;IT0001278511;20291101;-30000000;;0;787500; ;787500; ;787500; ;787500; ;787500; ;787500; ;30787500; ; ; ; ; ; ; ; ; ; ; ; ; ; ; ; ; ; ; ; ; ; ; ; ; ; ; ; ; 
MEF;20191106;IT0001278511;20291101;-7000000;;0;183750; ;183750; ;183750; ;183750; ;183750; ;183750; ;7183750; ; ; ; ; ; ; ; ; ; ; ; ; ; ; ; ; ; ; ; ; ; ; ; ; ; ; ; ; 
MEF;20191111;IT0001174611;20271101;-25200000;;0;819000; ;819000; ;26019000; ; ; ; ; ; ; ; ; ; ; ; ; ; ; ; ; ; ; ; ; ; ; ; ; ; ; ; ; ; ; ; ; ; ; ; ; 
MEF;20191114;IT0001086567;20261101;22000000;;0;-22797500; ; ; ; ; ; ; ; ; ; ; ; ; ; ; ; ; ; ; ; ; ; ; ; ; ; ; ; ; ; ; ; ; ; ; ; ; ; ; ; ; 
MEF;20191120;IT0001278511;20291101;-31000000;;0;813750; ;813750; ;813750; ;813750; ;813750; ;813750; ;31813750; ; ; ; ; ; ; ; ; ; ; ; ; ; ; ; ; ; ; ; ; ; ; ; ; ; ; ; ; 
MEF;20191121;IT0001278511;20291101;-15000000;;0;393750; ;393750; ;393750; ;393750; ;393750; ;393750; ;15393750; ; ; ; ; ; ; ; ; ; ; ; ; ; ; ; ; ; ; ; ; ; ; ; ; ; ; ; ; 
MEF;20191121;IT0001444378;20310501;8000000;;0;-240000; ;-240000; ;-240000; ;-240000; ;-240000; ;-240000; ;-240000; ;-240000; ;-240000; ;-8240000; ; ; ; ; ; ; ; ; ; ; ; ; ; ; ; ; ; ; ; ; ; ; 
MEF;20191122;IT0001086567;20261101;-8000000;;0;8290000; ; ; ; ; ; ; ; ; ; ; ; ; ; ; ; ; ; ; ; ; ; ; ; ; ; ; ; ; ; ; ; ; ; ; ; ; ; ; ; ; 
MEF;20191126;IT0001086567;20261101;-10000000;;0;10362500; ; ; ; ; ; ; ; ; ; ; ; ; ; ; ; ; ; ; ; ; ; ; ; ; ; ; ; ; ; ; ; ; ; ; ; ; ; ; ; ; 
MEF;20191126;IT0001174611;20271101;-3000000;;0;97500; ;97500; ;3097500; ; ; ; ; ; ; ; ; ; ; ; ; ; ; ; ; ; ; ; ; ; ; ; ; ; ; ; ; ; ; ; ; ; ; ; ; 
MEF;20191126;IT0001278511;20291101;-3000000;;0;78750; ;78750; ;78750; ;78750; ;78750; ;78750; ;3078750; ; ; ; ; ; ; ; ; ; ; ; ; ; ; ; ; ; ; ; ; ; ; ; ; ; ; ; ; 
MEF;20191127;IT0001086567;20261101;-13000000;;0;13471250; ; ; ; ; ; ; ; ; ; ; ; ; ; ; ; ; ; ; ; ; ; ; ; ; ; ; ; ; ; ; ; ; ; ; ; ; ; ; ; ; 
MEF;20191129;IT0001444378;20310501;5000000;;0;-150000; ;-150000; ;-150000; ;-150000; ;-150000; ;-150000; ;-150000; ;-150000; ;-150000; ;-5150000; ; ; ; ; ; ; ; ; ; ; ; ; ; ; ; ; ; ; ; ; ; ; 
MEF;20191204;IT0001444378;20310501;-5000000;;0;150000; ;150000; ;150000; ;150000; ;150000; ;150000; ;150000; ;150000; ;150000; ;5150000; ; ; ; ; ; ; ; ; ; ; ; ; ; ; ; ; ; ; ; ; ; ; 
MEF;20191213;IT0001278511;20291101;-1000000;;0;26250; ;26250; ;26250; ;26250; ;26250; ;26250; ;1026250; ; ; ; ; ; ; ; ; ; ; ; ; ; ; ; ; ; ; ; ; ; ; ; ; ; ; ; ; 
MEF;20191227;IT0001086567;20261101;-14500000;;0;15025625; ; ; ; ; ; ; ; ; ; ; ; ; ; ; ; ; ; ; ; ; ; ; ; ; ; ; ; ; ; ; ; ; ; ; ; ; ; ; ; ; 
MEF;20191227;IT0001278511;20291101;-4000000;;0;105000; ;105000; ;105000; ;105000; ;105000; ;105000; ;4105000; ; ; ; ; ; ; ; ; ; ; ; ; ; ; ; ; ; ; ; ; ; ; ; ; ; ; ; ; 
MEF;20200109;IT0001086567;20261101;9500000;;0;-9844375; ; ; ; ; ; ; ; ; ; ; ; ; ; ; ; ; ; ; ; ; ; ; ; ; ; ; ; ; ; ; ; ; ; ; ; ; ; ; ; ; 
MEF;20200109;IT0001278511;20291101;-19000000;;0;498750; ;498750; ;498750; ;498750; ;498750; ;498750; ;19498750; ; ; ; ; ; ; ; ; ; ; ; ; ; ; ; ; ; ; ; ; ; ; ; ; ; ; ; ; 
MEF;20200121;IT0001086567;20261101;-3000000;;0;3108750; ; ; ; ; ; ; ; ; ; ; ; ; ; ; ; ; ; ; ; ; ; ; ; ; ; ; ; ; ; ; ; ; ; ; ; ; ; ; ; ; 
MEF;20200121;IT0001174611;20271101;-1000000;;0;32500; ;32500; ;1032500; ; ; ; ; ; ; ; ; ; ; ; ; ; ; ; ; ; ; ; ; ; ; ; ; ; ; ; ; ; ; ; ; ; ; ; ; 
MEF;20200121;IT0001278511;20291101;-5000000;;0;131250; ;131250; ;131250; ;131250; ;131250; ;131250; ;5131250; ; ; ; ; ; ; ; ; ; ; ; ; ; ; ; ; ; ; ; ; ; ; ; ; ; ; ; ; 
MEF;20200122;IT0001086567;20261101;35000000;;0;-36268750; ; ; ; ; ; ; ; ; ; ; ; ; ; ; ; ; ; ; ; ; ; ; ; ; ; ; ; ; ; ; ; ; ; ; ; ; ; ; ; ; 
MEF;20200122;IT0001174611;20271101;2000000;;0;-65000; ;-65000; ;-2065000; ; ; ; ; ; ; ; ; ; ; ; ; ; ; ; ; ; ; ; ; ; ; ; ; ; ; ; ; ; ; ; ; ; ; ; ; 
MEF;20200122;IT0001278511;20291101;-55000000;;0;1443750; ;1443750; ;1443750; ;1443750; ;1443750; ;1443750; ;56443750; ; ; ; ; ; ; ; ; ; ; ; ; ; ; ; ; ; ; ; ; ; ; ; ; ; ; ; ; 
MEF;20200203;IT0001086567;20261101;-1000000;;0;1036250; ; ; ; ; ; ; ; ; ; ; ; ; ; ; ; ; ; ; ; ; ; ; ; ; ; ; ; ; ; ; ; ; ; ; ; ; ; ; ; ; 
MEF;20200203;IT0001174611;20271101;-1000000;;0;32500; ;32500; ;1032500; ; ; ; ; ; ; ; ; ; ; ; ; ; ; ; ; ; ; ; ; ; ; ; ; ; ; ; ; ; ; ; ; ; ; ; ; 
MEF;20200225;IT0001086567;20261101;38200000;;0;-39584750; ; ; ; ; ; ; ; ; ; ; ; ; ; ; ; ; ; ; ; ; ; ; ; ; ; ; ; ; ; ; ; ; ; ; ; ; ; ; ; ; 
MEF;20200302;IT0001444378;20310501;-3000000;;0;90000; ;90000; ;90000; ;90000; ;90000; ;90000; ;90000; ;90000; ;90000; ;3090000; ; ; ; ; ; ; ; ; ; ; ; ; ; ; ; ; ; ; ; ; ; ; 
MEF;20200302;IT0001444378;20310501;24000000;;0;-720000; ;-720000; ;-720000; ;-720000; ;-720000; ;-720000; ;-720000; ;-720000; ;-720000; ;-24720000; ; ; ; ; ; ; ; ; ; ; ; ; ; ; ; ; ; ; ; ; ; ; 
MEF;20200303;IT0001174611;20271101;1000000;;0;-32500; ;-32500; ;-1032500; ; ; ; ; ; ; ; ; ; ; ; ; ; ; ; ; ; ; ; ; ; ; ; ; ; ; ; ; ; ; ; ; ; ; ; ; 
MEF;20200303;IT0001278511;20291101;-29000000;;0;761250; ;761250; ;761250; ;761250; ;761250; ;761250; ;29761250; ; ; ; ; ; ; ; ; ; ; ; ; ; ; ; ; ; ; ; ; ; ; ; ; ; ; ; ; 
MEF;20200318;IT0001278511;20291101;-4000000;;0;105000; ;105000; ;105000; ;105000; ;105000; ;105000; ;4105000; ; ; ; ; ; ; ; ; ; ; ; ; ; ; ; ; ; ; ; ; ; ; ; ; ; ; ; ; 
MEF;20200325;IT0001174611;20271101;24000000;;0;-780000; ;-780000; ;-24780000; ; ; ; ; ; ; ; ; ; ; ; ; ; ; ; ; ; ; ; ; ; ; ; ; ; ; ; ; ; ; ; ; ; ; ; ; 
MEF;20200326;IT0001174611;20271101;14000000;;0;-455000; ;-455000; ;-14455000; ; ; ; ; ; ; ; ; ; ; ; ; ; ; ; ; ; ; ; ; ; ; ; ; ; ; ; ; ; ; ; ; ; ; ; ; 
MEF;20200409;IT0001086567;20261101;-10000000;;0;10362500; ; ; ; ; ; ; ; ; ; ; ; ; ; ; ; ; ; ; ; ; ; ; ; ; ; ; ; ; ; ; ; ; ; ; ; ; ; ; ; ; 
MEF;20200417;IT0001278511;20291101;58000000;;0;-1522500; ;-1522500; ;-1522500; ;-1522500; ;-1522500; ;-1522500; ;-59522500; ; ; ; ; ; ; ; ; ; ; ; ; ; ; ; ; ; ; ; ; ; ; ; ; ; ; ; ; 
MEF;20200420;IT0001086567;20261101;-4000000;;0;4145000; ; ; ; ; ; ; ; ; ; ; ; ; ; ; ; ; ; ; ; ; ; ; ; ; ; ; ; ; ; ; ; ; ; ; ; ; ; ; ; ; 
MEF;20200420;IT0001278511;20291101;-3000000;;0;78750; ;78750; ;78750; ;78750; ;78750; ;78750; ;3078750; ; ; ; ; ; ; ; ; ; ; ; ; ; ; ; ; ; ; ; ; ; ; ; ; ; ; ; ; 
MEF;20200420;IT0001444378;20310501;-49000000;;0;1470000; ;1470000; ;1470000; ;1470000; ;1470000; ;1470000; ;1470000; ;1470000; ;1470000; ;50470000; ; ; ; ; ; ; ; ; ; ; ; ; ; ; ; ; ; ; ; ; ; ; 
MEF;20200422;IT0001444378;20310501;8300000;;0;-249000; ;-249000; ;-249000; ;-249000; ;-249000; ;-249000; ;-249000; ;-249000; ;-249000; ;-8549000; ; ; ; ; ; ; ; ; ; ; ; ; ; ; ; ; ; ; ; ; ; ; 
MEF;20200504;IT0001086567;20261101;1000000;;0;-1036250; ; ; ; ; ; ; ; ; ; ; ; ; ; ; ; ; ; ; ; ; ; ; ; ; ; ; ; ; ; ; ; ; ; ; ; ; ; ; ; ; 
MEF;20200506;IT0001086567;20261101;-11500000;;0;11916875; ; ; ; ; ; ; ; ; ; ; ; ; ; ; ; ; ; ; ; ; ; ; ; ; ; ; ; ; ; ; ; ; ; ; ; ; ; ; ; ; 
MEF;20200512;IT0001086567;20261101;-36000000;;0;37305000; ; ; ; ; ; ; ; ; ; ; ; ; ; ; ; ; ; ; ; ; ; ; ; ; ; ; ; ; ; ; ; ; ; ; ; ; ; ; ; ; 
MEF;20200512;IT0001444378;20310501;1000000;;0;-30000; ;-30000; ;-30000; ;-30000; ;-30000; ;-30000; ;-30000; ;-30000; ;-30000; ;-1030000; ; ; ; ; ; ; ; ; ; ; ; ; ; ; ; ; ; ; ; ; ; ; 
MEF;20200513;IT0001086567;20261101;-23400000;;0;24248250; ; ; ; ; ; ; ; ; ; ; ; ; ; ; ; ; ; ; ; ; ; ; ; ; ; ; ; ; ; ; ; ; ; ; ; ; ; ; ; ; 
MEF;20200515;IT0001278511;20291101;-10700000;;0;280875; ;280875; ;280875; ;280875; ;280875; ;280875; ;10980875; ; ; ; ; ; ; ; ; ; ; ; ; ; ; ; ; ; ; ; ; ; ; ; ; ; ; ; ; 
MEF;20200529;IT0001086567;20261101;-16000000;;0;16580000; ; ; ; ; ; ; ; ; ; ; ; ; ; ; ; ; ; ; ; ; ; ; ; ; ; ; ; ; ; ; ; ; ; ; ; ; ; ; ; ; 
MEF;20200601;IT0001086567;20261101;-29900000;;0;30983875; ; ; ; ; ; ; ; ; ; ; ; ; ; ; ; ; ; ; ; ; ; ; ; ; ; ; ; ; ; ; ; ; ; ; ; ; ; ; ; ; 
MEF;20200709;IT0001086567;20261101;6000000;;0;-6217500; ; ; ; ; ; ; ; ; ; ; ; ; ; ; ; ; ; ; ; ; ; ; ; ; ; ; ; ; ; ; ; ; ; ; ; ; ; ; ; ; 
MEF;20200710;IT0001444378;20310501;-15000000;;0;450000; ;450000; ;450000; ;450000; ;450000; ;450000; ;450000; ;450000; ;450000; ;15450000; ; ; ; ; ; ; ; ; ; ; ; ; ; ; ; ; ; ; ; ; ; ; 
MEF;20200717;IT0001174611;20271101;-14000000;;0;455000; ;455000; ;14455000; ; ; ; ; ; ; ; ; ; ; ; ; ; ; ; ; ; ; ; ; ; ; ; ; ; ; ; ; ; ; ; ; ; ; ; ; 
MEF;20200717;IT0001444378;20310501;-3000000;;0;90000; ;90000; ;90000; ;90000; ;90000; ;90000; ;90000; ;90000; ;90000; ;3090000; ; ; ; ; ; ; ; ; ; ; ; ; ; ; ; ; ; ; ; ; ; ; 
MEF;20200804;IT0001086567;20261101;-33000000;;0;34196250; ; ; ; ; ; ; ; ; ; ; ; ; ; ; ; ; ; ; ; ; ; ; ; ; ; ; ; ; ; ; ; ; ; ; ; ; ; ; ; ; 
MEF;20200804;IT0001086567;20261101;-6000000;;0;6217500; ; ; ; ; ; ; ; ; ; ; ; ; ; ; ; ; ; ; ; ; ; ; ; ; ; ; ; ; ; ; ; ; ; ; ; ; ; ; ; ; 
MEF;20200804;IT0001174611;20271101;-13000000;;0;422500; ;422500; ;13422500; ; ; ; ; ; ; ; ; ; ; ; ; ; ; ; ; ; ; ; ; ; ; ; ; ; ; ; ; ; ; ; ; ; ; ; ; 
MEF;20200804;IT0001278511;20291101;27000000;;0;-708750; ;-708750; ;-708750; ;-708750; ;-708750; ;-708750; ;-27708750; ; ; ; ; ; ; ; ; ; ; ; ; ; ; ; ; ; ; ; ; ; ; ; ; ; ; ; ; 
MEF;20200804;IT0001444378;20310501;-30000000;;0;900000; ;900000; ;900000; ;900000; ;900000; ;900000; ;900000; ;900000; ;900000; ;30900000; ; ; ; ; ; ; ; ; ; ; ; ; ; ; ; ; ; ; ; ; ; ; 
MEF;20200828;IT0001086567;20261101;6800000;;0;-7046500; ; ; ; ; ; ; ; ; ; ; ; ; ; ; ; ; ; ; ; ; ; ; ; ; ; ; ; ; ; ; ; ; ; ; ; ; ; ; ; ; 
MEF;20200828;IT0001444378;20310501;-1000000;;0;30000; ;30000; ;30000; ;30000; ;30000; ;30000; ;30000; ;30000; ;30000; ;1030000; ; ; ; ; ; ; ; ; ; ; ; ; ; ; ; ; ; ; ; ; ; ; 
MEF;20200917;IT0001086567;20261101;1000000;;0;-1036250; ; ; ; ; ; ; ; ; ; ; ; ; ; ; ; ; ; ; ; ; ; ; ; ; ; ; ; ; ; ; ; ; ; ; ; ; ; ; ; ; 
MEF;20200918;IT0001086567;20261101;1000000;;0;-1036250; ; ; ; ; ; ; ; ; ; ; ; ; ; ; ; ; ; ; ; ; ; ; ; ; ; ; ; ; ; ; ; ; ; ; ; ; ; ; ; ; 
MEF;20200918;IT0001278511;20291101;-48000000;;0;1260000; ;1260000; ;1260000; ;1260000; ;1260000; ;1260000; ;49260000; ; ; ; ; ; ; ; ; ; ; ; ; ; ; ; ; ; ; ; ; ; ; ; ; ; ; ; ; 
MEF;20200918;IT0001444378;20310501;-13900000;;0;417000; ;417000; ;417000; ;417000; ;417000; ;417000; ;417000; ;417000; ;417000; ;14317000; ; ; ; ; ; ; ; ; ; ; ; ; ; ; ; ; ; ; ; ; ; ; 
MEF;20201001;IT0001086567;20261101;-1000000;;0;1036250; ; ; ; ; ; ; ; ; ; ; ; ; ; ; ; ; ; ; ; ; ; ; ; ; ; ; ; ; ; ; ; ; ; ; ; ; ; ; ; ; 
MEF;20201001;IT0001174611;20271101;-3000000;;0;97500; ;97500; ;3097500; ; ; ; ; ; ; ; ; ; ; ; ; ; ; ; ; ; ; ; ; ; ; ; ; ; ; ; ; ; ; ; ; ; ; ; ; 
MEF;20201001;IT0001444378;20310501;-1000000;;0;30000; ;30000; ;30000; ;30000; ;30000; ;30000; ;30000; ;30000; ;30000; ;1030000; ; ; ; ; ; ; ; ; ; ; ; ; ; ; ; ; ; ; ; ; ; ; 
MEF;20201007;IT0001086567;20261101;2000000;;0;-2072500; ; ; ; ; ; ; ; ; ; ; ; ; ; ; ; ; ; ; ; ; ; ; ; ; ; ; ; ; ; ; ; ; ; ; ; ; ; ; ; ; 
MEF;20201007;IT0001174611;20271101;2000000;;0;-65000; ;-65000; ;-2065000; ; ; ; ; ; ; ; ; ; ; ; ; ; ; ; ; ; ; ; ; ; ; ; ; ; ; ; ; ; ; ; ; ; ; ; ; 
MEF;20201008;IT0001278511;20291101;-1000000;;0;26250; ;26250; ;26250; ;26250; ;26250; ;26250; ;1026250; ; ; ; ; ; ; ; ; ; ; ; ; ; ; ; ; ; ; ; ; ; ; ; ; ; ; ; ; 
MEF;20201008;IT0001444378;20310501;-25000000;;0;750000; ;750000; ;750000; ;750000; ;750000; ;750000; ;750000; ;750000; ;750000; ;25750000; ; ; ; ; ; ; ; ; ; ; ; ; ; ; ; ; ; ; ; ; ; ; 
MEF;20201014;IT0001278511;20291101;-45000000;;0;1181250; ;1181250; ;1181250; ;1181250; ;1181250; ;1181250; ;46181250; ; ; ; ; ; ; ; ; ; ; ; ; ; ; ; ; ; ; ; ; ; ; ; ; ; ; ; ; 
MEF;20201104;IT0001086567;20261101;16000000;;0;-16580000; ; ; ; ; ; ; ; ; ; ; ; ; ; ; ; ; ; ; ; ; ; ; ; ; ; ; ; ; ; ; ; ; ; ; ; ; ; ; ; ; 
MEF;20201104;IT0001174611;20271101;2000000;;0;-65000; ;-65000; ;-2065000; ; ; ; ; ; ; ; ; ; ; ; ; ; ; ; ; ; ; ; ; ; ; ; ; ; ; ; ; ; ; ; ; ; ; ; ; 
MEF;20201105;IT0001278511;20291101;-70000000;;0;1837500; ;1837500; ;1837500; ;1837500; ;1837500; ;1837500; ;71837500; ; ; ; ; ; ; ; ; ; ; ; ; ; ; ; ; ; ; ; ; ; ; ; ; ; ; ; ; 
MEF;20201105;IT0001278511;20291101;40000000;;0;-1050000; ;-1050000; ;-1050000; ;-1050000; ;-1050000; ;-1050000; ;-41050000; ; ; ; ; ; ; ; ; ; ; ; ; ; ; ; ; ; ; ; ; ; ; ; ; ; ; ; ; 
MEF;20201105;IT0001444378;20310501;-35000000;;0;1050000; ;1050000; ;1050000; ;1050000; ;1050000; ;1050000; ;1050000; ;1050000; ;1050000; ;36050000; ; ; ; ; ; ; ; ; ; ; ; ; ; ; ; ; ; ; ; ; ; ; 
MEF;20201106;IT0001174611;20271101;-9000000;;0;292500; ;292500; ;9292500; ; ; ; ; ; ; ; ; ; ; ; ; ; ; ; ; ; ; ; ; ; ; ; ; ; ; ; ; ; ; ; ; ; ; ; ; 
MEF;20201109;IT0001086567;20261101;3100000;;0;-3212375; ; ; ; ; ; ; ; ; ; ; ; ; ; ; ; ; ; ; ; ; ; ; ; ; ; ; ; ; ; ; ; ; ; ; ; ; ; ; ; ; 
MEF;20201109;IT0001174611;20271101;-1000000;;0;32500; ;32500; ;1032500; ; ; ; ; ; ; ; ; ; ; ; ; ; ; ; ; ; ; ; ; ; ; ; ; ; ; ; ; ; ; ; ; ; ; ; ; 
MEF;20201116;IT0001278511;20291101;-100200000;;0;2630250; ;2630250; ;2630250; ;2630250; ;2630250; ;2630250; ;102830250; ; ; ; ; ; ; ; ; ; ; ; ; ; ; ; ; ; ; ; ; ; ; ; ; ; ; ; ; 
MEF;20201127;IT0001086567;20261101;-27700000;;0;28704125; ; ; ; ; ; ; ; ; ; ; ; ; ; ; ; ; ; ; ; ; ; ; ; ; ; ; ; ; ; ; ; ; ; ; ; ; ; ; ; ; 
MEF;20201210;IT0001174611;20271101;-31800000;;0;1033500; ;1033500; ;32833500; ; ; ; ; ; ; ; ; ; ; ; ; ; ; ; ; ; ; ; ; ; ; ; ; ; ; ; ; ; ; ; ; ; ; ; ; 
MEF;20201214;IT0001444378;20310501;9800000;;0;-294000; ;-294000; ;-294000; ;-294000; ;-294000; ;-294000; ;-294000; ;-294000; ;-294000; ;-10094000; ; ; ; ; ; ; ; ; ; ; ; ; ; ; ; ; ; ; ; ; ; ; 
MEF;20201218;IT0001278511;20291101;-11200000;;0;294000; ;294000; ;294000; ;294000; ;294000; ;294000; ;11494000; ; ; ; ; ; ; ; ; ; ; ; ; ; ; ; ; ; ; ; ; ; ; ; ; ; ; ; ; 
MEF;20201224;IT0001174611;20271101;-1000000;;0;32500; ;32500; ;1032500; ; ; ; ; ; ; ; ; ; ; ; ; ; ; ; ; ; ; ; ; ; ; ; ; ; ; ; ; ; ; ; ; ; ; ; ; 
MEF;20201224;IT0001444378;20310501;-2000000;;0;60000; ;60000; ;60000; ;60000; ;60000; ;60000; ;60000; ;60000; ;60000; ;2060000; ; ; ; ; ; ; ; ; ; ; ; ; ; ; ; ; ; ; ; ; ; ; 
MEF;20210106;IT0001444378;20310501;1000000;;0;-30000; ;-30000; ;-30000; ;-30000; ;-30000; ;-30000; ;-30000; ;-30000; ;-30000; ;-1030000; ; ; ; ; ; ; ; ; ; ; ; ; ; ; ; ; ; ; ; ; ; ; 
MEF;20210115;IT0001086567;20261101;-15000000;;0;15543750; ; ; ; ; ; ; ; ; ; ; ; ; ; ; ; ; ; ; ; ; ; ; ; ; ; ; ; ; ; ; ; ; ; ; ; ; ; ; ; ; 
MEF;20210115;IT0001174611;20271101;-5000000;;0;162500; ;162500; ;5162500; ; ; ; ; ; ; ; ; ; ; ; ; ; ; ; ; ; ; ; ; ; ; ; ; ; ; ; ; ; ; ; ; ; ; ; ; 
MEF;20210115;IT0001444378;20310501;-11000000;;0;330000; ;330000; ;330000; ;330000; ;330000; ;330000; ;330000; ;330000; ;330000; ;11330000; ; ; ; ; ; ; ; ; ; ; ; ; ; ; ; ; ; ; ; ; ; ; 
MEF;20210119;IT0001278511;20291101;-1200000;;0;31500; ;31500; ;31500; ;31500; ;31500; ;31500; ;1231500; ; ; ; ; ; ; ; ; ; ; ; ; ; ; ; ; ; ; ; ; ; ; ; ; ; ; ; ; 
MEF;20210127;IT0001444378;20310501;1000000;;0;-30000; ;-30000; ;-30000; ;-30000; ;-30000; ;-30000; ;-30000; ;-30000; ;-30000; ;-1030000; ; ; ; ; ; ; ; ; ; ; ; ; ; ; ; ; ; ; ; ; ; ; 
MEF;20210128;IT0001086567;20261101;1000000;;0;-1036250; ; ; ; ; ; ; ; ; ; ; ; ; ; ; ; ; ; ; ; ; ; ; ; ; ; ; ; ; ; ; ; ; ; ; ; ; ; ; ; ; 
MEF;20210129;IT0001086567;20261101;-4700000;;0;4870375; ; ; ; ; ; ; ; ; ; ; ; ; ; ; ; ; ; ; ; ; ; ; ; ; ; ; ; ; ; ; ; ; ; ; ; ; ; ; ; ; 
MEF;20210129;IT0001174611;20271101;-5000000;;0;162500; ;162500; ;5162500; ; ; ; ; ; ; ; ; ; ; ; ; ; ; ; ; ; ; ; ; ; ; ; ; ; ; ; ; ; ; ; ; ; ; ; ; 
MEF;20210204;IT0001278511;20291101;-1100000;;0;28875; ;28875; ;28875; ;28875; ;28875; ;28875; ;1128875; ; ; ; ; ; ; ; ; ; ; ; ; ; ; ; ; ; ; ; ; ; ; ; ; ; ; ; ; 
MEF;20210219;IT0001086567;20261101;-22800000;;0;23626500; ; ; ; ; ; ; ; ; ; ; ; ; ; ; ; ; ; ; ; ; ; ; ; ; ; ; ; ; ; ; ; ; ; ; ; ; ; ; ; ; 
MEF;20210219;IT0001444378;20310501;-3000000;;0;90000; ;90000; ;90000; ;90000; ;90000; ;90000; ;90000; ;90000; ;90000; ;3090000; ; ; ; ; ; ; ; ; ; ; ; ; ; ; ; ; ; ; ; ; ; ; 
MEF;20210222;IT0001174611;20271101;-96900000;;0;3149250; ;3149250; ;100049250; ; ; ; ; ; ; ; ; ; ; ; ; ; ; ; ; ; ; ; ; ; ; ; ; ; ; ; ; ; ; ; ; ; ; ; ; 
MEF;20210310;IT0001086567;20261101;-1000000;;0;1036250; ; ; ; ; ; ; ; ; ; ; ; ; ; ; ; ; ; ; ; ; ; ; ; ; ; ; ; ; ; ; ; ; ; ; ; ; ; ; ; ; 
MEF;20210310;IT0001278511;20291101;-5000000;;0;131250; ;131250; ;131250; ;131250; ;131250; ;131250; ;5131250; ; ; ; ; ; ; ; ; ; ; ; ; ; ; ; ; ; ; ; ; ; ; ; ; ; ; ; ; 
MEF;20210312;IT0001444378;20310501;1000000;;0;-30000; ;-30000; ;-30000; ;-30000; ;-30000; ;-30000; ;-30000; ;-30000; ;-30000; ;-1030000; ; ; ; ; ; ; ; ; ; ; ; ; ; ; ; ; ; ; ; ; ; ; 
MEF;20210326;IT0001278511;20291101;-4000000;;0;105000; ;105000; ;105000; ;105000; ;105000; ;105000; ;4105000; ; ; ; ; ; ; ; ; ; ; ; ; ; ; ; ; ; ; ; ; ; ; ; ; ; ; ; ; 
MEF;20210326;IT0001444378;20310501;1000000;;0;-30000; ;-30000; ;-30000; ;-30000; ;-30000; ;-30000; ;-30000; ;-30000; ;-30000; ;-1030000; ; ; ; ; ; ; ; ; ; ; ; ; ; ; ; ; ; ; ; ; ; ; 
MEF;20210329;IT0001444378;20310501;2000000;;0;-60000; ;-60000; ;-60000; ;-60000; ;-60000; ;-60000; ;-60000; ;-60000; ;-60000; ;-2060000; ; ; ; ; ; ; ; ; ; ; ; ; ; ; ; ; ; ; ; ; ; ; 
MEF;20210331;IT0001278511;20291101;-1100000;;0;28875; ;28875; ;28875; ;28875; ;28875; ;28875; ;1128875; ; ; ; ; ; ; ; ; ; ; ; ; ; ; ; ; ; ; ; ; ; ; ; ; ; ; ; ; 
MEF;20210331;IT0001278511;20291101;-3000000;;0;78750; ;78750; ;78750; ;78750; ;78750; ;78750; ;3078750; ; ; ; ; ; ; ; ; ; ; ; ; ; ; ; ; ; ; ; ; ; ; ; ; ; ; ; ; 
MEF;20210416;IT0001174611;20271101;-1000000;;0;32500; ;32500; ;1032500; ; ; ; ; ; ; ; ; ; ; ; ; ; ; ; ; ; ; ; ; ; ; ; ; ; ; ; ; ; ; ; ; ; ; ; ; 
MEF;20210512;IT0001086567;20261101;2800000;;0;-2901500; ; ; ; ; ; ; ; ; ; ; ; ; ; ; ; ; ; ; ; ; ; ; ; ; ; ; ; ; ; ; ; ; ; ; ; ; ; ; ; ; 
MEF;20210519;IT0001278511;20291101;-1000000;;0;26250; ;26250; ;26250; ;26250; ;26250; ;26250; ;1026250; ; ; ; ; ; ; ; ; ; ; ; ; ; ; ; ; ; ; ; ; ; ; ; ; ; ; ; ; 
MEF;20210528;IT0001444378;20310501;-3400000;;0;102000; ;102000; ;102000; ;102000; ;102000; ;102000; ;102000; ;102000; ;102000; ;3502000; ; ; ; ; ; ; ; ; ; ; ; ; ; ; ; ; ; ; ; ; ; ; 
MEF;20210618;IT0001444378;20310501;-3900000;;0;117000; ;117000; ;117000; ;117000; ;117000; ;117000; ;117000; ;117000; ;117000; ;4017000; ; ; ; ; ; ; ; ; ; ; ; ; ; ; ; ; ; ; ; ; ; ; 
MEF;20210628;IT0001444378;20310501;1000000;;0;-30000; ;-30000; ;-30000; ;-30000; ;-30000; ;-30000; ;-30000; ;-30000; ;-30000; ;-1030000; ; ; ; ; ; ; ; ; ; ; ; ; ; ; ; ; ; ; ; ; ; ; 
MEF;20210727;IT0001086567;20261101;-2000000;;0;2072500; ; ; ; ; ; ; ; ; ; ; ; ; ; ; ; ; ; ; ; ; ; ; ; ; ; ; ; ; ; ; ; ; ; ; ; ; ; ; ; ; 
MEF;20210727;IT0001444378;20310501;-1000000;;0;30000; ;30000; ;30000; ;30000; ;30000; ;30000; ;30000; ;30000; ;30000; ;1030000; ; ; ; ; ; ; ; ; ; ; ; ; ; ; ; ; ; ; ; ; ; ; 
MEF;20210830;IT0001278511;20291101;-3000000;;0;78750; ;78750; ;78750; ;78750; ;78750; ;78750; ;3078750; ; ; ; ; ; ; ; ; ; ; ; ; ; ; ; ; ; ; ; ; ; ; ; ; ; ; ; ; 
MEF;20210907;IT0001086567;20261101;1000000;;0;-1036250; ; ; ; ; ; ; ; ; ; ; ; ; ; ; ; ; ; ; ; ; ; ; ; ; ; ; ; ; ; ; ; ; ; ; ; ; ; ; ; ; 
MEF;20210907;IT0001174611;20271101;1000000;;0;-32500; ;-32500; ;-1032500; ; ; ; ; ; ; ; ; ; ; ; ; ; ; ; ; ; ; ; ; ; ; ; ; ; ; ; ; ; ; ; ; ; ; ; ; 
MEF;20210909;IT0001278511;20291101;-22000000;;0;577500; ;577500; ;577500; ;577500; ;577500; ;577500; ;22577500; ; ; ; ; ; ; ; ; ; ; ; ; ; ; ; ; ; ; ; ; ; ; ; ; ; ; ; ; 
MEF;20211007;IT0001444378;20310501;1000000;;0;-30000; ;-30000; ;-30000; ;-30000; ;-30000; ;-30000; ;-30000; ;-30000; ;-30000; ;-1030000; ; ; ; ; ; ; ; ; ; ; ; ; ; ; ; ; ; ; ; ; ; ; 
MEF;20211013;IT0001174611;20271101;1000000;;0;-32500; ;-32500; ;-1032500; ; ; ; ; ; ; ; ; ; ; ; ; ; ; ; ; ; ; ; ; ; ; ; ; ; ; ; ; ; ; ; ; ; ; ; ; 
MEF;20211019;IT0001444378;20310501;-3800000;;0;114000; ;114000; ;114000; ;114000; ;114000; ;114000; ;114000; ;114000; ;114000; ;3914000; ; ; ; ; ; ; ; ; ; ; ; ; ; ; ; ; ; ; ; ; ; ; 
MEF;20211102;IT0001278511;20291101;1000000;;0;-26250; ;-26250; ;-26250; ;-26250; ;-26250; ;-26250; ;-1026250; ; ; ; ; ; ; ; ; ; ; ; ; ; ; ; ; ; ; ; ; ; ; ; ; ; ; ; ; 
MEF;20211109;IT0001086567;20261101;-1000000;;0;1036250; ; ; ; ; ; ; ; ; ; ; ; ; ; ; ; ; ; ; ; ; ; ; ; ; ; ; ; ; ; ; ; ; ; ; ; ; ; ; ; ; 
MEF;20211112;IT0001086567;20261101;-2000000;;0;2072500; ; ; ; ; ; ; ; ; ; ; ; ; ; ; ; ; ; ; ; ; ; ; ; ; ; ; ; ; ; ; ; ; ; ; ; ; ; ; ; ; 
MEF;20211112;IT0001444378;20310501;-4000000;;0;120000; ;120000; ;120000; ;120000; ;120000; ;120000; ;120000; ;120000; ;120000; ;4120000; ; ; ; ; ; ; ; ; ; ; ; ; ; ; ; ; ; ; ; ; ; ; 
MEF;20211209;IT0001086567;20261101;1000000;;0;-1036250; ; ; ; ; ; ; ; ; ; ; ; ; ; ; ; ; ; ; ; ; ; ; ; ; ; ; ; ; ; ; ; ; ; ; ; ; ; ; ; ; 
MEF;20211210;IT0001444378;20310501;-12000000;;0;360000; ;360000; ;360000; ;360000; ;360000; ;360000; ;360000; ;360000; ;360000; ;12360000; ; ; ; ; ; ; ; ; ; ; ; ; ; ; ; ; ; ; ; ; ; ; 
MEF;20211217;IT0001444378;20310501;-1000000;;0;30000; ;30000; ;30000; ;30000; ;30000; ;30000; ;30000; ;30000; ;30000; ;1030000; ; ; ; ; ; ; ; ; ; ; ; ; ; ; ; ; ; ; ; ; ; ; 
MEF;20220114;IT0001278511;20291101;-7000000;;0;183750; ;183750; ;183750; ;183750; ;183750; ;183750; ;7183750; ; ; ; ; ; ; ; ; ; ; ; ; ; ; ; ; ; ; ; ; ; ; ; ; ; ; ; ; 
MEF;20220114;IT0001444378;20310501;4000000;;0;-120000; ;-120000; ;-120000; ;-120000; ;-120000; ;-120000; ;-120000; ;-120000; ;-120000; ;-4120000; ; ; ; ; ; ; ; ; ; ; ; ; ; ; ; ; ; ; ; ; ; ; 
MEF;20220121;IT0001174611;20271101;1000000;;0;-32500; ;-32500; ;-1032500; ; ; ; ; ; ; ; ; ; ; ; ; ; ; ; ; ; ; ; ; ; ; ; ; ; ; ; ; ; ; ; ; ; ; ; ; 
MEF;20220125;IT0001086567;20261101;1000000;;0;-1036250; ; ; ; ; ; ; ; ; ; ; ; ; ; ; ; ; ; ; ; ; ; ; ; ; ; ; ; ; ; ; ; ; ; ; ; ; ; ; ; ; 
MEF;20220131;IT0001278511;20291101;-36000000;;0;945000; ;945000; ;945000; ;945000; ;945000; ;945000; ;36945000; ; ; ; ; ; ; ; ; ; ; ; ; ; ; ; ; ; ; ; ; ; ; ; ; ; ; ; ; 
MEF;20220202;IT0001278511;20291101;-13800000;;0;362250; ;362250; ;362250; ;362250; ;362250; ;362250; ;14162250; ; ; ; ; ; ; ; ; ; ; ; ; ; ; ; ; ; ; ; ; ; ; ; ; ; ; ; ; 
MEF;20220203;IT0001086567;20261101;-18900000;;0;19585125; ; ; ; ; ; ; ; ; ; ; ; ; ; ; ; ; ; ; ; ; ; ; ; ; ; ; ; ; ; ; ; ; ; ; ; ; ; ; ; ; 
MEF;20220207;IT0001444378;20310501;-15100000;;0;453000; ;453000; ;453000; ;453000; ;453000; ;453000; ;453000; ;453000; ;453000; ;15553000; ; ; ; ; ; ; ; ; ; ; ; ; ; ; ; ; ; ; ; ; ; ; 
MEF;20220214;IT0001444378;20310501;1000000;;0;-30000; ;-30000; ;-30000; ;-30000; ;-30000; ;-30000; ;-30000; ;-30000; ;-30000; ;-1030000; ; ; ; ; ; ; ; ; ; ; ; ; ; ; ; ; ; ; ; ; ; ; 
MEF;20220216;IT0001086567;20261101;-1000000;;0;1036250; ; ; ; ; ; ; ; ; ; ; ; ; ; ; ; ; ; ; ; ; ; ; ; ; ; ; ; ; ; ; ; ; ; ; ; ; ; ; ; ; 
MEF;20220217;IT0001278511;20291101;-1200000;;0;31500; ;31500; ;31500; ;31500; ;31500; ;31500; ;1231500; ; ; ; ; ; ; ; ; ; ; ; ; ; ; ; ; ; ; ; ; ; ; ; ; ; ; ; ; 
MEF;20220307;IT0001174611;20271101;-1000000;;0;32500; ;32500; ;1032500; ; ; ; ; ; ; ; ; ; ; ; ; ; ; ; ; ; ; ; ; ; ; ; ; ; ; ; ; ; ; ; ; ; ; ; ; 
MEF;20220315;IT0001086567;20261101;38000000;;0;-39377500; ; ; ; ; ; ; ; ; ; ; ; ; ; ; ; ; ; ; ; ; ; ; ; ; ; ; ; ; ; ; ; ; ; ; ; ; ; ; ; ; 
MEF;20220315;IT0001174611;20271101;2000000;;0;-65000; ;-65000; ;-2065000; ; ; ; ; ; ; ; ; ; ; ; ; ; ; ; ; ; ; ; ; ; ; ; ; ; ; ; ; ; ; ; ; ; ; ; ; 
MEF;20220316;IT0001278511;20291101;-54000000;;0;1417500; ;1417500; ;1417500; ;1417500; ;1417500; ;1417500; ;55417500; ; ; ; ; ; ; ; ; ; ; ; ; ; ; ; ; ; ; ; ; ; ; ; ; ; ; ; ; 
MEF;20220330;IT0001444378;20310501;1000000;;0;-30000; ;-30000; ;-30000; ;-30000; ;-30000; ;-30000; ;-30000; ;-30000; ;-30000; ;-1030000; ; ; ; ; ; ; ; ; ; ; ; ; ; ; ; ; ; ; ; ; ; ; 
MEF;20220331;IT0001278511;20291101;-1200000;;0;31500; ;31500; ;31500; ;31500; ;31500; ;31500; ;1231500; ; ; ; ; ; ; ; ; ; ; ; ; ; ; ; ; ; ; ; ; ; ; ; ; ; ; ; ; 
MEF;20220506;IT0001444378;20310501;1000000;;0;-30000; ;-30000; ;-30000; ;-30000; ;-30000; ;-30000; ;-30000; ;-30000; ;-30000; ;-1030000; ; ; ; ; ; ; ; ; ; ; ; ; ; ; ; ; ; ; ; ; ; ; 
MEF;20220509;IT0001278511;20291101;-1100000;;0;28875; ;28875; ;28875; ;28875; ;28875; ;28875; ;1128875; ; ; ; ; ; ; ; ; ; ; ; ; ; ; ; ; ; ; ; ; ; ; ; ; ; ; ; ; 
MEF;20220516;IT0001444378;20310501;1000000;;0;-30000; ;-30000; ;-30000; ;-30000; ;-30000; ;-30000; ;-30000; ;-30000; ;-30000; ;-1030000; ; ; ; ; ; ; ; ; ; ; ; ; ; ; ; ; ; ; ; ; ; ; 
MEF;20220609;IT0001444378;20310501;1000000;;0;-30000; ;-30000; ;-30000; ;-30000; ;-30000; ;-30000; ;-30000; ;-30000; ;-30000; ;-1030000; ; ; ; ; ; ; ; ; ; ; ; ; ; ; ; ; ; ; ; ; ; ; 
MEF;20220610;IT0001278511;20291101;-1200000;;0;31500; ;31500; ;31500; ;31500; ;31500; ;31500; ;1231500; ; ; ; ; ; ; ; ; ; ; ; ; ; ; ; ; ; ; ; ; ; ; ; ; ; ; ; ; 
MEF;20220630;IT0001086567;20261101;-1000000;;0;1036250; ; ; ; ; ; ; ; ; ; ; ; ; ; ; ; ; ; ; ; ; ; ; ; ; ; ; ; ; ; ; ; ; ; ; ; ; ; ; ; ; 
MEF;20220706;IT0001444378;20310501;1000000;;0;-30000; ;-30000; ;-30000; ;-30000; ;-30000; ;-30000; ;-30000; ;-30000; ;-30000; ;-1030000; ; ; ; ; ; ; ; ; ; ; ; ; ; ; ; ; ; ; ; ; ; ; 
MEF;20220711;IT0001278511;20291101;-1100000;;0;28875; ;28875; ;28875; ;28875; ;28875; ;28875; ;1128875; ; ; ; ; ; ; ; ; ; ; ; ; ; ; ; ; ; ; ; ; ; ; ; ; ; ; ; ; 
MEF;20220713;IT0001174611;20271101;1000000;;0;-32500; ;-32500; ;-1032500; ; ; ; ; ; ; ; ; ; ; ; ; ; ; ; ; ; ; ; ; ; ; ; ; ; ; ; ; ; ; ; ; ; ; ; ; 
MEF;20220718;IT0001444378;20310501;1400000;;0;-42000; ;-42000; ;-42000; ;-42000; ;-42000; ;-42000; ;-42000; ;-42000; ;-42000; ;-1442000; ; ; ; ; ; ; ; ; ; ; ; ; ; ; ; ; ; ; ; ; ; ; 
MEF;20220725;IT0001444378;20310501;500000;;0;-15000; ;-15000; ;-15000; ;-15000; ;-15000; ;-15000; ;-15000; ;-15000; ;-15000; ;-515000; ; ; ; ; ; ; ; ; ; ; ; ; ; ; ; ; ; ; ; ; ; ; 
MEF;20220803;IT0001174611;20271101;1000000;;0;-32500; ;-32500; ;-1032500; ; ; ; ; ; ; ; ; ; ; ; ; ; ; ; ; ; ; ; ; ; ; ; ; ; ; ; ; ; ; ; ; ; ; ; ; 
MEF;20220805;IT0001174611;20271101;1000000;;0;-32500; ;-32500; ;-1032500; ; ; ; ; ; ; ; ; ; ; ; ; ; ; ; ; ; ; ; ; ; ; ; ; ; ; ; ; ; ; ; ; ; ; ; ; 
MEF;20220816;IT0001278511;20291101;-5600000;;0;147000; ;147000; ;147000; ;147000; ;147000; ;147000; ;5747000; ; ; ; ; ; ; ; ; ; ; ; ; ; ; ; ; ; ; ; ; ; ; ; ; ; ; ; ; 
MEF;20220916;IT0001174611;20271101;-8300000;;0;269750; ;269750; ;8569750; ; ; ; ; ; ; ; ; ; ; ; ; ; ; ; ; ; ; ; ; ; ; ; ; ; ; ; ; ; ; ; ; ; ; ; ; 
MEF;20220916;IT0001174611;20271101;-900000;;0;29250; ;29250; ;929250; ; ; ; ; ; ; ; ; ; ; ; ; ; ; ; ; ; ; ; ; ; ; ; ; ; ; ; ; ; ; ; ; ; ; ; ; 
MEF;20220921;IT0001086567;20261101;-29000000;;0;30051250; ; ; ; ; ; ; ; ; ; ; ; ; ; ; ; ; ; ; ; ; ; ; ; ; ; ; ; ; ; ; ; ; ; ; ; ; ; ; ; ; 
MEF;20220928;IT0001444378;20310501;1000000;;0;-30000; ;-30000; ;-30000; ;-30000; ;-30000; ;-30000; ;-30000; ;-30000; ;-30000; ;-1030000; ; ; ; ; ; ; ; ; ; ; ; ; ; ; ; ; ; ; ; ; ; ; 
MEF;20220930;IT0001086567;20261101;-6800000;;0;7046500; ; ; ; ; ; ; ; ; ; ; ; ; ; ; ; ; ; ; ; ; ; ; ; ; ; ; ; ; ; ; ; ; ; ; ; ; ; ; ; ; 
MEF;20220930;IT0001278511;20291101;-1200000;;0;31500; ;31500; ;31500; ;31500; ;31500; ;31500; ;1231500; ; ; ; ; ; ; ; ; ; ; ; ; ; ; ; ; ; ; ; ; ; ; ; ; ; ; ; ; 
MEF;20221007;IT0001444378;20310501;-1200000;;0;36000; ;36000; ;36000; ;36000; ;36000; ;36000; ;36000; ;36000; ;36000; ;1236000; ; ; ; ; ; ; ; ; ; ; ; ; ; ; ; ; ; ; ; ; ; ; 
MEF;20221011;IT0001086567;20261101;-4200000;;0;4352250; ; ; ; ; ; ; ; ; ; ; ; ; ; ; ; ; ; ; ; ; ; ; ; ; ; ; ; ; ; ; ; ; ; ; ; ; ; ; ; ; 
MEF;20221011;IT0001174611;20271101;1000000;;0;-32500; ;-32500; ;-1032500; ; ; ; ; ; ; ; ; ; ; ; ; ; ; ; ; ; ; ; ; ; ; ; ; ; ; ; ; ; ; ; ; ; ; ; ; 
MEF;20221014;IT0001086567;20261101;-900000;;0;932625; ; ; ; ; ; ; ; ; ; ; ; ; ; ; ; ; ; ; ; ; ; ; ; ; ; ; ; ; ; ; ; ; ; ; ; ; ; ; ; ; 
MEF;20221020;IT0001086567;20261101;-9520000;;0;9865100; ; ; ; ; ; ; ; ; ; ; ; ; ; ; ; ; ; ; ; ; ; ; ; ; ; ; ; ; ; ; ; ; ; ; ; ; ; ; ; ; 
MEF;20221020;IT0001174611;20271101;44000000;;0;-1430000; ;-1430000; ;-45430000; ; ; ; ; ; ; ; ; ; ; ; ; ; ; ; ; ; ; ; ; ; ; ; ; ; ; ; ; ; ; ; ; ; ; ; ; 
MEF;20221024;IT0001086567;20261101;-33000000;;0;34196250; ; ; ; ; ; ; ; ; ; ; ; ; ; ; ; ; ; ; ; ; ; ; ; ; ; ; ; ; ; ; ; ; ; ; ; ; ; ; ; ; 
MEF;20221024;IT0001444378;20310501;-7000000;;0;210000; ;210000; ;210000; ;210000; ;210000; ;210000; ;210000; ;210000; ;210000; ;7210000; ; ; ; ; ; ; ; ; ; ; ; ; ; ; ; ; ; ; ; ; ; ; 
MEF;20221116;IT0001174611;20271101;8000000;;0;-260000; ;-260000; ;-8260000; ; ; ; ; ; ; ; ; ; ; ; ; ; ; ; ; ; ; ; ; ; ; ; ; ; ; ; ; ; ; ; ; ; ; ; ; 
MEF;20221117;IT0001086567;20261101;-2000000;;0;2072500; ; ; ; ; ; ; ; ; ; ; ; ; ; ; ; ; ; ; ; ; ; ; ; ; ; ; ; ; ; ; ; ; ; ; ; ; ; ; ; ; 
MEF;20221117;IT0001444378;20310501;-7000000;;0;210000; ;210000; ;210000; ;210000; ;210000; ;210000; ;210000; ;210000; ;210000; ;7210000; ; ; ; ; ; ; ; ; ; ; ; ; ; ; ; ; ; ; ; ; ; ; 
MEF;20221123;IT0001174611;20271101;1000000;;0;-32500; ;-32500; ;-1032500; ; ; ; ; ; ; ; ; ; ; ; ; ; ; ; ; ; ; ; ; ; ; ; ; ; ; ; ; ; ; ; ; ; ; ; ; 
MEF;20221207;IT0001174611;20271101;100000;;0;-3250; ;-3250; ;-103250; ; ; ; ; ; ; ; ; ; ; ; ; ; ; ; ; ; ; ; ; ; ; ; ; ; ; ; ; ; ; ; ; ; ; ; ; 
MEF;20221227;IT0001278511;20291101;1000000;;0;-26250; ;-26250; ;-26250; ;-26250; ;-26250; ;-26250; ;-1026250; ; ; ; ; ; ; ; ; ; ; ; ; ; ; ; ; ; ; ; ; ; ; ; ; ; ; ; ; 
MEF;20230131;IT0001086567;20261101;9000000;;0;-9326250; ; ; ; ; ; ; ; ; ; ; ; ; ; ; ; ; ; ; ; ; ; ; ; ; ; ; ; ; ; ; ; ; ; ; ; ; ; ; ; ; 
MEF;20230131;IT0001174611;20271101;2000000;;0;-65000; ;-65000; ;-2065000; ; ; ; ; ; ; ; ; ; ; ; ; ; ; ; ; ; ; ; ; ; ; ; ; ; ; ; ; ; ; ; ; ; ; ; ; 
MEF;20230203;IT0001444378;20310501;-115000000;;0;3450000; ;3450000; ;3450000; ;3450000; ;3450000; ;3450000; ;3450000; ;3450000; ;3450000; ;118450000; ; ; ; ; ; ; ; ; ; ; ; ; ; ; ; ; ; ; ; ; ; ; 
MEF;20230213;IT0001174611;20271101;-14600000;;0;474500; ;474500; ;15074500; ; ; ; ; ; ; ; ; ; ; ; ; ; ; ; ; ; ; ; ; ; ; ; ; ; ; ; ; ; ; ; ; ; ; ; ; 
MEF;20230215;IT0001174611;20271101;14000000;;0;-455000; ;-455000; ;-14455000; ; ; ; ; ; ; ; ; ; ; ; ; ; ; ; ; ; ; ; ; ; ; ; ; ; ; ; ; ; ; ; ; ; ; ; ; 
MEF;20230215;IT0001278511;20291101;1000000;;0;-26250; ;-26250; ;-26250; ;-26250; ;-26250; ;-26250; ;-1026250; ; ; ; ; ; ; ; ; ; ; ; ; ; ; ; ; ; ; ; ; ; ; ; ; ; ; ; ; 
MEF;20230216;IT0001444378;20310501;-18000000;;0;540000; ;540000; ;540000; ;540000; ;540000; ;540000; ;540000; ;540000; ;540000; ;18540000; ; ; ; ; ; ; ; ; ; ; ; ; ; ; ; ; ; ; ; ; ; ; 
MEF;20230221;IT0001174611;20271101;500000;;0;-16250; ;-16250; ;-516250; ; ; ; ; ; ; ; ; ; ; ; ; ; ; ; ; ; ; ; ; ; ; ; ; ; ; ; ; ; ; ; ; ; ; ; ; 
MEF;20230228;IT0001174611;20271101;1000000;;0;-32500; ;-32500; ;-1032500; ; ; ; ; ; ; ; ; ; ; ; ; ; ; ; ; ; ; ; ; ; ; ; ; ; ; ; ; ; ; ; ; ; ; ; ; 
MEF;20230322;IT0001278511;20291101;6920000;;0;-181650; ;-181650; ;-181650; ;-181650; ;-181650; ;-181650; ;-7101650; ; ; ; ; ; ; ; ; ; ; ; ; ; ; ; ; ; ; ; ; ; ; ; ; ; ; ; ; 
MEF;20230324;IT0001278511;20291101;1000000;;0;-26250; ;-26250; ;-26250; ;-26250; ;-26250; ;-26250; ;-1026250; ; ; ; ; ; ; ; ; ; ; ; ; ; ; ; ; ; ; ; ; ; ; ; ; ; ; ; ; 
MEF;20230328;IT0001444378;20310501;-31000000;;0;930000; ;930000; ;930000; ;930000; ;930000; ;930000; ;930000; ;930000; ;930000; ;31930000; ; ; ; ; ; ; ; ; ; ; ; ; ; ; ; ; ; ; ; ; ; ; 
MEF;20230412;IT0001086567;20261101;-63000000;;0;65283750; ; ; ; ; ; ; ; ; ; ; ; ; ; ; ; ; ; ; ; ; ; ; ; ; ; ; ; ; ; ; ; ; ; ; ; ; ; ; ; ; 
MEF;20230412;IT0001174611;20271101;-6000000;;0;195000; ;195000; ;6195000; ; ; ; ; ; ; ; ; ; ; ; ; ; ; ; ; ; ; ; ; ; ; ; ; ; ; ; ; ; ; ; ; ; ; ; ; 
MEF;20230412;IT0001444378;20310501;-6000000;;0;180000; ;180000; ;180000; ;180000; ;180000; ;180000; ;180000; ;180000; ;180000; ;6180000; ; ; ; ; ; ; ; ; ; ; ; ; ; ; ; ; ; ; ; ; ; ; 
MEF;20230413;IT0001174611;20271101;1000000;;0;-32500; ;-32500; ;-1032500; ; ; ; ; ; ; ; ; ; ; ; ; ; ; ; ; ; ; ; ; ; ; ; ; ; ; ; ; ; ; ; ; ; ; ; ; 
MEF;20230421;IT0001278511;20291101;1000000;;0;-26250; ;-26250; ;-26250; ;-26250; ;-26250; ;-26250; ;-1026250; ; ; ; ; ; ; ; ; ; ; ; ; ; ; ; ; ; ; ; ; ; ; ; ; ; ; ; ; 
MEF;20230508;IT0001174611;20271101;1000000;;0;-32500; ;-32500; ;-1032500; ; ; ; ; ; ; ; ; ; ; ; ; ; ; ; ; ; ; ; ; ; ; ; ; ; ; ; ; ; ; ; ; ; ; ; ; 
MEF;20230508;IT0001174611;20271101;5000000;;0;-162500; ;-162500; ;-5162500; ; ; ; ; ; ; ; ; ; ; ; ; ; ; ; ; ; ; ; ; ; ; ; ; ; ; ; ; ; ; ; ; ; ; ; ; 
MEF;20230524;IT0001278511;20291101;1000000;;0;-26250; ;-26250; ;-26250; ;-26250; ;-26250; ;-26250; ;-1026250; ; ; ; ; ; ; ; ; ; ; ; ; ; ; ; ; ; ; ; ; ; ; ; ; ; ; ; ; 
MEF;20230525;IT0001086567;20261101;-21000000;;0;21761250; ; ; ; ; ; ; ; ; ; ; ; ; ; ; ; ; ; ; ; ; ; ; ; ; ; ; ; ; ; ; ; ; ; ; ; ; ; ; ; ; 
MEF;20230525;IT0001444378;20310501;-12000000;;0;360000; ;360000; ;360000; ;360000; ;360000; ;360000; ;360000; ;360000; ;360000; ;12360000; ; ; ; ; ; ; ; ; ; ; ; ; ; ; ; ; ; ; ; ; ; ; 
MEF;20230601;IT0001174611;20271101;48000000;;0;-1560000; ;-1560000; ;-49560000; ; ; ; ; ; ; ; ; ; ; ; ; ; ; ; ; ; ; ; ; ; ; ; ; ; ; ; ; ; ; ; ; ; ; ; ; 
MEF;20230602;IT0001086567;20261101;-9000000;;0;9326250; ; ; ; ; ; ; ; ; ; ; ; ; ; ; ; ; ; ; ; ; ; ; ; ; ; ; ; ; ; ; ; ; ; ; ; ; ; ; ; ; 
MEF;20230607;IT0001174611;20271101;1000000;;0;-32500; ;-32500; ;-1032500; ; ; ; ; ; ; ; ; ; ; ; ; ; ; ; ; ; ; ; ; ; ; ; ; ; ; ; ; ; ; ; ; ; ; ; ; 
MEF;20230608;IT0001174611;20271101;8010000;;0;-260325; ;-260325; ;-8270325; ; ; ; ; ; ; ; ; ; ; ; ; ; ; ; ; ; ; ; ; ; ; ; ; ; ; ; ; ; ; ; ; ; ; ; ; 
MEF;20230609;IT0001086567;20261101;1000000;;0;-1036250; ; ; ; ; ; ; ; ; ; ; ; ; ; ; ; ; ; ; ; ; ; ; ; ; ; ; ; ; ; ; ; ; ; ; ; ; ; ; ; ; 
MEF;20230612;IT0001174611;20271101;120000;;0;-3900; ;-3900; ;-123900; ; ; ; ; ; ; ; ; ; ; ; ; ; ; ; ; ; ; ; ; ; ; ; ; ; ; ; ; ; ; ; ; ; ; ; ; 
MEF;20230614;IT0001174611;20271101;50000;;0;-1625; ;-1625; ;-51625; ; ; ; ; ; ; ; ; ; ; ; ; ; ; ; ; ; ; ; ; ; ; ; ; ; ; ; ; ; ; ; ; ; ; ; ; 
MEF;20230619;IT0001174611;20271101;8000000;;0;-260000; ;-260000; ;-8260000; ; ; ; ; ; ; ; ; ; ; ; ; ; ; ; ; ; ; ; ; ; ; ; ; ; ; ; ; ; ; ; ; ; ; ; ; 
MEF;20230621;IT0001086567;20261101;-53700000;;0;55646625; ; ; ; ; ; ; ; ; ; ; ; ; ; ; ; ; ; ; ; ; ; ; ; ; ; ; ; ; ; ; ; ; ; ; ; ; ; ; ; ; 
MEF;20230623;IT0001278511;20291101;1000000;;0;-26250; ;-26250; ;-26250; ;-26250; ;-26250; ;-26250; ;-1026250; ; ; ; ; ; ; ; ; ; ; ; ; ; ; ; ; ; ; ; ; ; ; ; ; ; ; ; ; 
MEF;20230628;IT0001444378;20310501;-6000000;;0;180000; ;180000; ;180000; ;180000; ;180000; ;180000; ;180000; ;180000; ;180000; ;6180000; ; ; ; ; ; ; ; ; ; ; ; ; ; ; ; ; ; ; ; ; ; ; 
MEF;20230704;IT0001174611;20271101;2000000;;0;-65000; ;-65000; ;-2065000; ; ; ; ; ; ; ; ; ; ; ; ; ; ; ; ; ; ; ; ; ; ; ; ; ; ; ; ; ; ; ; ; ; ; ; ; 
MEF;20230705;IT0001086567;20261101;2000000;;0;-2072500; ; ; ; ; ; ; ; ; ; ; ; ; ; ; ; ; ; ; ; ; ; ; ; ; ; ; ; ; ; ; ; ; ; ; ; ; ; ; ; ; 
MEF;20230707;IT0001174611;20271101;1000000;;0;-32500; ;-32500; ;-1032500; ; ; ; ; ; ; ; ; ; ; ; ; ; ; ; ; ; ; ; ; ; ; ; ; ; ; ; ; ; ; ; ; ; ; ; ; 
MEF;20230718;IT0001086567;20261101;-5000000;;0;5181250; ; ; ; ; ; ; ; ; ; ; ; ; ; ; ; ; ; ; ; ; ; ; ; ; ; ; ; ; ; ; ; ; ; ; ; ; ; ; ; ; 
MEF;20230718;IT0001174611;20271101;-15000000;;0;487500; ;487500; ;15487500; ; ; ; ; ; ; ; ; ; ; ; ; ; ; ; ; ; ; ; ; ; ; ; ; ; ; ; ; ; ; ; ; ; ; ; ; 
MEF;20230718;IT0001278511;20291101;-6000000;;0;157500; ;157500; ;157500; ;157500; ;157500; ;157500; ;6157500; ; ; ; ; ; ; ; ; ; ; ; ; ; ; ; ; ; ; ; ; ; ; ; ; ; ; ; ; 
MEF;20230718;IT0001444378;20310501;-4000000;;0;120000; ;120000; ;120000; ;120000; ;120000; ;120000; ;120000; ;120000; ;120000; ;4120000; ; ; ; ; ; ; ; ; ; ; ; ; ; ; ; ; ; ; ; ; ; ; 
MEF;20230719;IT0001174611;20271101;1000000;;0;-32500; ;-32500; ;-1032500; ; ; ; ; ; ; ; ; ; ; ; ; ; ; ; ; ; ; ; ; ; ; ; ; ; ; ; ; ; ; ; ; ; ; ; ; 
MEF;20230724;IT0001086567;20261101;1000000;;0;-1036250; ; ; ; ; ; ; ; ; ; ; ; ; ; ; ; ; ; ; ; ; ; ; ; ; ; ; ; ; ; ; ; ; ; ; ; ; ; ; ; ; 
MEF;20230724;IT0001278511;20291101;1000000;;0;-26250; ;-26250; ;-26250; ;-26250; ;-26250; ;-26250; ;-1026250; ; ; ; ; ; ; ; ; ; ; ; ; ; ; ; ; ; ; ; ; ; ; ; ; ; ; ; ; 
MEF;20230726;IT0001444378;20310501;-27000000;;0;810000; ;810000; ;810000; ;810000; ;810000; ;810000; ;810000; ;810000; ;810000; ;27810000; ; ; ; ; ; ; ; ; ; ; ; ; ; ; ; ; ; ; ; ; ; ; 
MEF;20230920;IT0001278511;20291101;1000000;;0;-26250; ;-26250; ;-26250; ;-26250; ;-26250; ;-26250; ;-1026250; ; ; ; ; ; ; ; ; ; ; ; ; ; ; ; ; ; ; ; ; ; ; ; ; ; ; ; ; 
MEF;20230921;IT0001444378;20310501;-1000000;;0;30000; ;30000; ;30000; ;30000; ;30000; ;30000; ;30000; ;30000; ;30000; ;1030000; ; ; ; ; ; ; ; ; ; ; ; ; ; ; ; ; ; ; ; ; ; ; 
MEF;20231006;IT0001086567;20261101;1000000;;0;-1036250; ; ; ; ; ; ; ; ; ; ; ; ; ; ; ; ; ; ; ; ; ; ; ; ; ; ; ; ; ; ; ; ; ; ; ; ; ; ; ; ; 
MEF;20231026;IT0001278511;20291101;-25000000;;0;656250; ;656250; ;656250; ;656250; ;656250; ;656250; ;25656250; ; ; ; ; ; ; ; ; ; ; ; ; ; ; ; ; ; ; ; ; ; ; ; ; ; ; ; ; 
MEF;20231106;IT0001278511;20291101;-10000000;;0;262500; ;262500; ;262500; ;262500; ;262500; ;262500; ;10262500; ; ; ; ; ; ; ; ; ; ; ; ; ; ; ; ; ; ; ; ; ; ; ; ; ; ; ; ; 
MEF;20231106;IT0001278511;20291101;1000000;;0;-26250; ;-26250; ;-26250; ;-26250; ;-26250; ;-26250; ;-1026250; ; ; ; ; ; ; ; ; ; ; ; ; ; ; ; ; ; ; ; ; ; ; ; ; ; ; ; ; 
MEF;20231108;IT0001444378;20310501;-46000000;;0;1380000; ;1380000; ;1380000; ;1380000; ;1380000; ;1380000; ;1380000; ;1380000; ;1380000; ;47380000; ; ; ; ; ; ; ; ; ; ; ; ; ; ; ; ; ; ; ; ; ; ; 
MEF;20231110;IT0001086567;20261101;-8000000;;0;8290000; ; ; ; ; ; ; ; ; ; ; ; ; ; ; ; ; ; ; ; ; ; ; ; ; ; ; ; ; ; ; ; ; ; ; ; ; ; ; ; ; 
MEF;20231110;IT0001174611;20271101;-1000000;;0;32500; ;32500; ;1032500; ; ; ; ; ; ; ; ; ; ; ; ; ; ; ; ; ; ; ; ; ; ; ; ; ; ; ; ; ; ; ; ; ; ; ; ; 
MEF;20231116;IT0001278511;20291101;1000000;;0;-26250; ;-26250; ;-26250; ;-26250; ;-26250; ;-26250; ;-1026250; ; ; ; ; ; ; ; ; ; ; ; ; ; ; ; ; ; ; ; ; ; ; ; ; ; ; ; ; 
MEF;20231117;IT0001278511;20291101;-10000000;;0;262500; ;262500; ;262500; ;262500; ;262500; ;262500; ;10262500; ; ; ; ; ; ; ; ; ; ; ; ; ; ; ; ; ; ; ; ; ; ; ; ; ; ; ; ; 
MEF;20231122;IT0001174611;20271101;1000000;;0;-32500; ;-32500; ;-1032500; ; ; ; ; ; ; ; ; ; ; ; ; ; ; ; ; ; ; ; ; ; ; ; ; ; ; ; ; ; ; ; ; ; ; ; ; 
MEF;20231204;IT0001444378;20310501;1000000;;0;-30000; ;-30000; ;-30000; ;-30000; ;-30000; ;-30000; ;-30000; ;-30000; ;-30000; ;-1030000; ; ; ; ; ; ; ; ; ; ; ; ; ; ; ; ; ; ; ; ; ; ; 
MEF;20231206;IT0001086567;20261101;-7000000;;0;7253750; ; ; ; ; ; ; ; ; ; ; ; ; ; ; ; ; ; ; ; ; ; ; ; ; ; ; ; ; ; ; ; ; ; ; ; ; ; ; ; ; 
MEF;20231206;IT0001174611;20271101;-4000000;;0;130000; ;130000; ;4130000; ; ; ; ; ; ; ; ; ; ; ; ; ; ; ; ; ; ; ; ; ; ; ; ; ; ; ; ; ; ; ; ; ; ; ; ; 
MEF;20231206;IT0001278511;20291101;-3000000;;0;78750; ;78750; ;78750; ;78750; ;78750; ;78750; ;3078750; ; ; ; ; ; ; ; ; ; ; ; ; ; ; ; ; ; ; ; ; ; ; ; ; ; ; ; ; 
MEF;20231207;IT0001086567;20261101;1000000;;0;-1036250; ; ; ; ; ; ; ; ; ; ; ; ; ; ; ; ; ; ; ; ; ; ; ; ; ; ; ; ; ; ; ; ; ; ; ; ; ; ; ; ; 
MEF;20231208;IT0001278511;20291101;1000000;;0;-26250; ;-26250; ;-26250; ;-26250; ;-26250; ;-26250; ;-1026250; ; ; ; ; ; ; ; ; ; ; ; ; ; ; ; ; ; ; ; ; ; ; ; ; ; ; ; ; 
MEF;20231208;IT0005544082;20331101;1000000;;0;-21750; ;-21750; ;-21750; ;-21750; ;-21750; ;-21750; ;-21750; ;-21750; ;-21750; ;-21750; ;-21750; ;-21750; ;-21750; ;-21750; ;-1021750; ; ; ; ; ; ; ; ; ; ; ; ; 
MEF;20231214;IT0001174611;20271101;1000000;;0;-32500; ;-32500; ;-1032500; ; ; ; ; ; ; ; ; ; ; ; ; ; ; ; ; ; ; ; ; ; ; ; ; ; ; ; ; ; ; ; ; ; ; ; ; 
MEF;20231214;IT0001444378;20310501;-5000000;;0;150000; ;150000; ;150000; ;150000; ;150000; ;150000; ;150000; ;150000; ;150000; ;5150000; ; ; ; ; ; ; ; ; ; ; ; ; ; ; ; ; ; ; ; ; ; ; 
MEF;20231219;IT0001086567;20261101;1000000;;0;-1036250; ; ; ; ; ; ; ; ; ; ; ; ; ; ; ; ; ; ; ; ; ; ; ; ; ; ; ; ; ; ; ; ; ; ; ; ; ; ; ; ; 
MEF;20231220;IT0001174611;20271101;-1200000;;0;39000; ;39000; ;1239000; ; ; ; ; ; ; ; ; ; ; ; ; ; ; ; ; ; ; ; ; ; ; ; ; ; ; ; ; ; ; ; ; ; ; ; ; 
MEF;20231220;IT0001174611;20271101;1000000;;0;-32500; ;-32500; ;-1032500; ; ; ; ; ; ; ; ; ; ; ; ; ; ; ; ; ; ; ; ; ; ; ; ; ; ; ; ; ; ; ; ; ; ; ; ; 
MEF;20231228;IT0001174611;20271101;-15400000;;0;500500; ;500500; ;15900500; ; ; ; ; ; ; ; ; ; ; ; ; ; ; ; ; ; ; ; ; ; ; ; ; ; ; ; ; ; ; ; ; ; ; ; ; 
MEF;20231228;IT0001444378;20310501;1000000;;0;-30000; ;-30000; ;-30000; ;-30000; ;-30000; ;-30000; ;-30000; ;-30000; ;-30000; ;-1030000; ; ; ; ; ; ; ; ; ; ; ; ; ; ; ; ; ; ; ; ; ; ; 
MEF;20240110;IT0001086567;20261101;9500000;;0;-9844375; ; ; ; ; ; ; ; ; ; ; ; ; ; ; ; ; ; ; ; ; ; ; ; ; ; ; ; ; ; ; ; ; ; ; ; ; ; ; ; ; 
MEF;20240115;IT0001278511;20291101;1000000;;0;-26250; ;-26250; ;-26250; ;-26250; ;-26250; ;-26250; ;-1026250; ; ; ; ; ; ; ; ; ; ; ; ; ; ; ; ; ; ; ; ; ; ; ; ; ; ; ; ; 
MEF;20240119;IT0001086567;20261101;1000000;;0;-1036250; ; ; ; ; ; ; ; ; ; ; ; ; ; ; ; ; ; ; ; ; ; ; ; ; ; ; ; ; ; ; ; ; ; ; ; ; ; ; ; ; 
MEF;20240119;IT0001174611;20271101;-7300000;;0;237250; ;237250; ;7537250; ; ; ; ; ; ; ; ; ; ; ; ; ; ; ; ; ; ; ; ; ; ; ; ; ; ; ; ; ; ; ; ; ; ; ; ; 
MEF;20240119;IT0001174611;20271101;9500000;;0;-308750; ;-308750; ;-9808750; ; ; ; ; ; ; ; ; ; ; ; ; ; ; ; ; ; ; ; ; ; ; ; ; ; ; ; ; ; ; ; ; ; ; ; ; 
MEF;20240123;IT0001278511;20291101;-11700000;;0;307125; ;307125; ;307125; ;307125; ;307125; ;307125; ;12007125; ; ; ; ; ; ; ; ; ; ; ; ; ; ; ; ; ; ; ; ; ; ; ; ; ; ; ; ; 
MEF;20240130;IT0001174611;20271101;-1700000;;0;55250; ;55250; ;1755250; ; ; ; ; ; ; ; ; ; ; ; ; ; ; ; ; ; ; ; ; ; ; ; ; ; ; ; ; ; ; ; ; ; ; ; ; 
MEF;20240130;IT0001174611;20271101;1000000;;0;-32500; ;-32500; ;-1032500; ; ; ; ; ; ; ; ; ; ; ; ; ; ; ; ; ; ; ; ; ; ; ; ; ; ; ; ; ; ; ; ; ; ; ; ; 
MEF;20240131;IT0001174611;20271101;-1900000;;0;61750; ;61750; ;1961750; ; ; ; ; ; ; ; ; ; ; ; ; ; ; ; ; ; ; ; ; ; ; ; ; ; ; ; ; ; ; ; ; ; ; ; ; 
MEF;20240131;IT0001278511;20291101;1000000;;0;-26250; ;-26250; ;-26250; ;-26250; ;-26250; ;-26250; ;-1026250; ; ; ; ; ; ; ; ; ; ; ; ; ; ; ; ; ; ; ; ; ; ; ; ; ; ; ; ; 
MEF;20240131;IT0005246134;20280515;43000000;IT0005262073;-43000000; ;-278589.93; ;-278589.93; ;-278589.93; ;-278589.93; ; ; ; ; ; ; ; ; ; ; ; ; ; ; ; ; ; ; ; ; ; ; ; ; ; ; ; ; ; ; ; ; ; 
MEF;20240201;IT0001174611;20271101;1000000;;0;-32500; ;-32500; ;-1032500; ; ; ; ; ; ; ; ; ; ; ; ; ; ; ; ; ; ; ; ; ; ; ; ; ; ; ; ; ; ; ; ; ; ; ; ; 
MEF;20240209;IT0001174611;20271101;-1200000;;0;39000; ;39000; ;1239000; ; ; ; ; ; ; ; ; ; ; ; ; ; ; ; ; ; ; ; ; ; ; ; ; ; ; ; ; ; ; ; ; ; ; ; ; 
MEF;20240213;IT0001278511;20291101;24800000;;0;-651000; ;-651000; ;-651000; ;-651000; ;-651000; ;-651000; ;-25451000; ; ; ; ; ; ; ; ; ; ; ; ; ; ; ; ; ; ; ; ; ; ; ; ; ; ; ; ; 
MEF;20240214;IT0001086567;20261101;-5200000;;0;5388500; ; ; ; ; ; ; ; ; ; ; ; ; ; ; ; ; ; ; ; ; ; ; ; ; ; ; ; ; ; ; ; ; ; ; ; ; ; ; ; ; 
MEF;20240214;IT0001278511;20291101;-10000000;;0;262500; ;262500; ;262500; ;262500; ;262500; ;262500; ;10262500; ; ; ; ; ; ; ; ; ; ; ; ; ; ; ; ; ; ; ; ; ; ; ; ; ; ; ; ; 
MEF;20240216;IT0001444378;20310501;-1200000;;0;36000; ;36000; ;36000; ;36000; ;36000; ;36000; ;36000; ;36000; ;36000; ;1236000; ; ; ; ; ; ; ; ; ; ; ; ; ; ; ; ; ; ; ; ; ; ; 
MEF;20240221;IT0001278511;20291101;1000000;;0;-26250; ;-26250; ;-26250; ;-26250; ;-26250; ;-26250; ;-1026250; ; ; ; ; ; ; ; ; ; ; ; ; ; ; ; ; ; ; ; ; ; ; ; ; ; ; ; ; 
MEF;20240223;IT0001174611;20271101;-1700000;;0;55250; ;55250; ;1755250; ; ; ; ; ; ; ; ; ; ; ; ; ; ; ; ; ; ; ; ; ; ; ; ; ; ; ; ; ; ; ; ; ; ; ; ; 
MEF;20240223;IT0001278511;20291101;-900000;;0;23625; ;23625; ;23625; ;23625; ;23625; ;23625; ;923625; ; ; ; ; ; ; ; ; ; ; ; ; ; ; ; ; ; ; ; ; ; ; ; ; ; ; ; ; 
MEF;20240227;IT0005544082;20331101;100000000;;0;-2175000; ;-2175000; ;-2175000; ;-2175000; ;-2175000; ;-2175000; ;-2175000; ;-2175000; ;-2175000; ;-2175000; ;-2175000; ;-2175000; ;-2175000; ;-2175000; ;-102175000; ; ; ; ; ; ; ; ; ; ; ; ; 
MEF;20240228;IT0001086567;20261101;1000000;;0;-1036250; ; ; ; ; ; ; ; ; ; ; ; ; ; ; ; ; ; ; ; ; ; ; ; ; ; ; ; ; ; ; ; ; ; ; ; ; ; ; ; ; 
MEF;20240228;IT0001278511;20291101;-10000000;;0;262500; ;262500; ;262500; ;262500; ;262500; ;262500; ;10262500; ; ; ; ; ; ; ; ; ; ; ; ; ; ; ; ; ; ; ; ; ; ; ; ; ; ; ; ; 
MEF;20240229;IT0001174611;20271101;-1400000;;0;45500; ;45500; ;1445500; ; ; ; ; ; ; ; ; ; ; ; ; ; ; ; ; ; ; ; ; ; ; ; ; ; ; ; ; ; ; ; ; ; ; ; ; 
MEF;20240229;IT0005246134;20280515;1000000;IT0005262073;-1000000; ;-6478.84; ;-6478.84; ;-6478.84; ;-6478.84; ; ; ; ; ; ; ; ; ; ; ; ; ; ; ; ; ; ; ; ; ; ; ; ; ; ; ; ; ; ; ; ; ; 
MEF;20240301;IT0001278511;20291101;-10000000;;0;262500; ;262500; ;262500; ;262500; ;262500; ;262500; ;10262500; ; ; ; ; ; ; ; ; ; ; ; ; ; ; ; ; ; ; ; ; ; ; ; ; ; ; ; ; 
MEF;20240306;IT0001278511;20291101;17000000;;0;-446250; ;-446250; ;-446250; ;-446250; ;-446250; ;-446250; ;-17446250; ; ; ; ; ; ; ; ; ; ; ; ; ; ; ; ; ; ; ; ; ; ; ; ; ; ; ; ; 
MEF;20240313;IT0001278511;20291101;-20000000;;0;525000; ;525000; ;525000; ;525000; ;525000; ;525000; ;20525000; ; ; ; ; ; ; ; ; ; ; ; ; ; ; ; ; ; ; ; ; ; ; ; ; ; ; ; ; 
MEF;20240315;IT0001086567;20261101;-5300000;;0;5492125; ; ; ; ; ; ; ; ; ; ; ; ; ; ; ; ; ; ; ; ; ; ; ; ; ; ; ; ; ; ; ; ; ; ; ; ; ; ; ; ; 
MEF;20240315;IT0001174611;20271101;-900000;;0;29250; ;29250; ;929250; ; ; ; ; ; ; ; ; ; ; ; ; ; ; ; ; ; ; ; ; ; ; ; ; ; ; ; ; ; ; ; ; ; ; ; ; 
MEF;20240315;IT0005544082;20331101;-3100000;;0;67425; ;67425; ;67425; ;67425; ;67425; ;67425; ;67425; ;67425; ;67425; ;67425; ;67425; ;67425; ;67425; ;67425; ;3167425; ; ; ; ; ; ; ; ; ; ; ; ; 
MEF;20240319;IT0001086567;20261101;-18000000;;0;18652500; ; ; ; ; ; ; ; ; ; ; ; ; ; ; ; ; ; ; ; ; ; ; ; ; ; ; ; ; ; ; ; ; ; ; ; ; ; ; ; ; 
MEF;20240326;IT0001086567;20261101;1000000;;0;-1036250; ; ; ; ; ; ; ; ; ; ; ; ; ; ; ; ; ; ; ; ; ; ; ; ; ; ; ; ; ; ; ; ; ; ; ; ; ; ; ; ; 
MEF;20240327;IT0001444378;20310501;2000000;;0;-60000; ;-60000; ;-60000; ;-60000; ;-60000; ;-60000; ;-60000; ;-60000; ;-60000; ;-2060000; ; ; ; ; ; ; ; ; ; ; ; ; ; ; ; ; ; ; ; ; ; ; 
MEF;20240328;IT0001174611;20271101;1000000;;0;-32500; ;-32500; ;-1032500; ; ; ; ; ; ; ; ; ; ; ; ; ; ; ; ; ; ; ; ; ; ; ; ; ; ; ; ; ; ; ; ; ; ; ; ; 
MEF;20240402;IT0001174611;20271101;-1400000;;0;45500; ;45500; ;1445500; ; ; ; ; ; ; ; ; ; ; ; ; ; ; ; ; ; ; ; ; ; ; ; ; ; ; ; ; ; ; ; ; ; ; ; ; 
MEF;20240405;IT0001086567;20261101;-900000;;0;932625; ; ; ; ; ; ; ; ; ; ; ; ; ; ; ; ; ; ; ; ; ; ; ; ; ; ; ; ; ; ; ; ; ; ; ; ; ; ; ; ; 
MEF;20240412;IT0001086567;20261101;1000000;;0;-1036250; ; ; ; ; ; ; ; ; ; ; ; ; ; ; ; ; ; ; ; ; ; ; ; ; ; ; ; ; ; ; ; ; ; ; ; ; ; ; ; ; 
MEF;20240415;IT0001086567;20261101;1000000;;0;-1036250; ; ; ; ; ; ; ; ; ; ; ; ; ; ; ; ; ; ; ; ; ; ; ; ; ; ; ; ; ; ; ; ; ; ; ; ; ; ; ; ; 
MEF;20240417;IT0001278511;20291101;1000000;;0;-26250; ;-26250; ;-26250; ;-26250; ;-26250; ;-26250; ;-1026250; ; ; ; ; ; ; ; ; ; ; ; ; ; ; ; ; ; ; ; ; ; ; ; ; ; ; ; ; 
MEF;20240419;IT0001444378;20310501;-1900000;;0;57000; ;57000; ;57000; ;57000; ;57000; ;57000; ;57000; ;57000; ;57000; ;1957000; ; ; ; ; ; ; ; ; ; ; ; ; ; ; ; ; ; ; ; ; ; ; 
MEF;20240422;IT0001278511;20291101;-50000000;;0;1312500; ;1312500; ;1312500; ;1312500; ;1312500; ;1312500; ;51312500; ; ; ; ; ; ; ; ; ; ; ; ; ; ; ; ; ; ; ; ; ; ; ; ; ; ; ; ; 
MEF;20240423;IT0005544082;20331101;1000000;;0;-21750; ;-21750; ;-21750; ;-21750; ;-21750; ;-21750; ;-21750; ;-21750; ;-21750; ;-21750; ;-21750; ;-21750; ;-21750; ;-21750; ;-1021750; ; ; ; ; ; ; ; ; ; ; ; ; 
MEF;20240502;IT0005544082;20331101;11200000;;0;-243600; ;-243600; ;-243600; ;-243600; ;-243600; ;-243600; ;-243600; ;-243600; ;-243600; ;-243600; ;-243600; ;-243600; ;-243600; ;-243600; ;-11443600; ; ; ; ; ; ; ; ; ; ; ; ; 
MEF;20240503;IT0001086567;20261101;1000000;;0;-1036250; ; ; ; ; ; ; ; ; ; ; ; ; ; ; ; ; ; ; ; ; ; ; ; ; ; ; ; ; ; ; ; ; ; ; ; ; ; ; ; ; 
MEF;20240506;IT0005387052;20300515;100000000;IT0005403552;-100000000; ;-193189.75; ;-193189.75; ;-193189.75; ;-193189.75; ;-193189.75; ;-193189.75; ;-193189.75; ;-193189.75; ; ; ; ; ; ; ; ; ; ; ; ; ; ; ; ; ; ; ; ; ; ; ; ; ; 
MEF;20240506;IT0005543803;20290515;177000000;IT0005554925;-177000000; ;-1099136.12; ;-1099136.12; ;-1099136.12; ;-1099136.12; ;-1099136.12; ;-1099136.12; ; ; ; ; ; ; ; ; ; ; ; ; ; ; ; ; ; ; ; ; ; ; ; ; ; ; ; ; ; 
MEF;20240507;IT0001278511;20291101;-25000000;;0;656250; ;656250; ;656250; ;656250; ;656250; ;656250; ;25656250; ; ; ; ; ; ; ; ; ; ; ; ; ; ; ; ; ; ; ; ; ; ; ; ; ; ; ; ; 
MEF;20240510;IT0001086567;20261101;-1200000;;0;1243500; ; ; ; ; ; ; ; ; ; ; ; ; ; ; ; ; ; ; ; ; ; ; ; ; ; ; ; ; ; ; ; ; ; ; ; ; ; ; ; ; 
MEF;20240510;IT0001174611;20271101;-1900000;;0;61750; ;61750; ;1961750; ; ; ; ; ; ; ; ; ; ; ; ; ; ; ; ; ; ; ; ; ; ; ; ; ; ; ; ; ; ; ; ; ; ; ; ; 
MEF;20240510;IT0001444378;20310501;-10100000;;0;303000; ;303000; ;303000; ;303000; ;303000; ;303000; ;303000; ;303000; ;303000; ;10403000; ; ; ; ; ; ; ; ; ; ; ; ; ; ; ; ; ; ; ; ; ; ; 
MEF;20240517;IT0001278511;20291101;14000000;;0;-367500; ;-367500; ;-367500; ;-367500; ;-367500; ;-367500; ;-14367500; ; ; ; ; ; ; ; ; ; ; ; ; ; ; ; ; ; ; ; ; ; ; ; ; ; ; ; ; 
MEF;20240524;IT0001278511;20291101;-24700000;;0;648375; ;648375; ;648375; ;648375; ;648375; ;648375; ;25348375; ; ; ; ; ; ; ; ; ; ; ; ; ; ; ; ; ; ; ; ; ; ; ; ; ; ; ; ; 
MEF;20240604;IT0001174611;20271101;-7000000;;0;227500; ;227500; ;7227500; ; ; ; ; ; ; ; ; ; ; ; ; ; ; ; ; ; ; ; ; ; ; ; ; ; ; ; ; ; ; ; ; ; ; ; ; 
MEF;20240606;IT0005246134;20280515;-1000000;IT0005262073;1000000; ;6478.84; ;6478.84; ;6478.84; ;6478.84; ; ; ; ; ; ; ; ; ; ; ; ; ; ; ; ; ; ; ; ; ; ; ; ; ; ; ; ; ; ; ; ; ; 
MEF;20240607;IT0001174611;20271101;1000000;;0;-32500; ;-32500; ;-1032500; ; ; ; ; ; ; ; ; ; ; ; ; ; ; ; ; ; ; ; ; ; ; ; ; ; ; ; ; ; ; ; ; ; ; ; ; 
MEF;20240610;IT0001444378;20310501;1000000;;0;-30000; ;-30000; ;-30000; ;-30000; ;-30000; ;-30000; ;-30000; ;-30000; ;-30000; ;-1030000; ; ; ; ; ; ; ; ; ; ; ; ; ; ; ; ; ; ; ; ; ; ; 
MEF;20240611;IT0001086567;20261101;1000000;;0;-1036250; ; ; ; ; ; ; ; ; ; ; ; ; ; ; ; ; ; ; ; ; ; ; ; ; ; ; ; ; ; ; ; ; ; ; ; ; ; ; ; ; 
MEF;20240611;IT0001174611;20271101;-2000000;;0;65000; ;65000; ;2065000; ; ; ; ; ; ; ; ; ; ; ; ; ; ; ; ; ; ; ; ; ; ; ; ; ; ; ; ; ; ; ; ; ; ; ; ; 
MEF;20240613;IT0001086567;20261101;1000000;;0;-1036250; ; ; ; ; ; ; ; ; ; ; ; ; ; ; ; ; ; ; ; ; ; ; ; ; ; ; ; ; ; ; ; ; ; ; ; ; ; ; ; ; 
MEF;20240621;IT0001174611;20271101;-1200000;;0;39000; ;39000; ;1239000; ; ; ; ; ; ; ; ; ; ; ; ; ; ; ; ; ; ; ; ; ; ; ; ; ; ; ; ; ; ; ; ; ; ; ; ; 
MEF;20240627;IT0001444378;20310501;1000000;;0;-30000; ;-30000; ;-30000; ;-30000; ;-30000; ;-30000; ;-30000; ;-30000; ;-30000; ;-1030000; ; ; ; ; ; ; ; ; ; ; ; ; ; ; ; ; ; ; ; ; ; ; 
MEF;20240701;IT0001278511;20291101;1000000;;0;-26250; ;-26250; ;-26250; ;-26250; ;-26250; ;-26250; ;-1026250; ; ; ; ; ; ; ; ; ; ; ; ; ; ; ; ; ; ; ; ; ; ; ; ; ; ; ; ; 
MEF;20240701;IT0005246134;20280515;-1000000;IT0005262073;1000000; ;6478.84; ;6478.84; ;6478.84; ;6478.84; ; ; ; ; ; ; ; ; ; ; ; ; ; ; ; ; ; ; ; ; ; ; ; ; ; ; ; ; ; ; ; ; ; 
MEF;20240705;IT0001086567;20261101;1000000;;0;-1036250; ; ; ; ; ; ; ; ; ; ; ; ; ; ; ; ; ; ; ; ; ; ; ; ; ; ; ; ; ; ; ; ; ; ; ; ; ; ; ; ; 
MEF;20240710;IT0001174611;20271101;-2900000;;0;94250; ;94250; ;2994250; ; ; ; ; ; ; ; ; ; ; ; ; ; ; ; ; ; ; ; ; ; ; ; ; ; ; ; ; ; ; ; ; ; ; ; ; 
MEF;20240722;IT0001086567;20261101;1000000;;0;-1036250; ; ; ; ; ; ; ; ; ; ; ; ; ; ; ; ; ; ; ; ; ; ; ; ; ; ; ; ; ; ; ; ; ; ; ; ; ; ; ; ; 
MEF;20240726;IT0001086567;20261101;-1400000;;0;1450750; ; ; ; ; ; ; ; ; ; ; ; ; ; ; ; ; ; ; ; ; ; ; ; ; ; ; ; ; ; ; ; ; ; ; ; ; ; ; ; ; 
MEF;20240731;IT0005246134;20280515;-1000000;IT0005262073;1000000; ;6478.84; ;6478.84; ;6478.84; ;6478.84; ; ; ; ; ; ; ; ; ; ; ; ; ; ; ; ; ; ; ; ; ; ; ; ; ; ; ; ; ; ; ; ; ; 
MEF;20240802;IT0005387052;20300515;45000000;IT0005403552;-45000000; ;-86935.39; ;-86935.39; ;-86935.39; ;-86935.39; ;-86935.39; ;-86935.39; ;-86935.39; ;-86935.39; ; ; ; ; ; ; ; ; ; ; ; ; ; ; ; ; ; ; ; ; ; ; ; ; ; 
MEF;20240816;IT0001174611;20271101;-1200000;;0;39000; ;39000; ;1239000; ; ; ; ; ; ; ; ; ; ; ; ; ; ; ; ; ; ; ; ; ; ; ; ; ; ; ; ; ; ; ; ; ; ; ; ; 
MEF;20240821;IT0001174611;20271101;1000000;;0;-32500; ;-32500; ;-1032500; ; ; ; ; ; ; ; ; ; ; ; ; ; ; ; ; ; ; ; ; ; ; ; ; ; ; ; ; ; ; ; ; ; ; ; ; 
MEF;20240822;IT0001086567;20261101;1000000;;0;-1036250; ; ; ; ; ; ; ; ; ; ; ; ; ; ; ; ; ; ; ; ; ; ; ; ; ; ; ; ; ; ; ; ; ; ; ; ; ; ; ; ; 
MEF;20240904;IT0001086567;20261101;1000000;;0;-1036250; ; ; ; ; ; ; ; ; ; ; ; ; ; ; ; ; ; ; ; ; ; ; ; ; ; ; ; ; ; ; ; ; ; ; ; ; ; ; ; ; 
MEF;20240904;IT0001278511;20291101;-8000000;;0;210000; ;210000; ;210000; ;210000; ;210000; ;210000; ;8210000; ; ; ; ; ; ; ; ; ; ; ; ; ; ; ; ; ; ; ; ; ; ; ; ; ; ; ; ; 
MEF;20240905;IT0001278511;20291101;-6000000;;0;157500; ;157500; ;157500; ;157500; ;157500; ;157500; ;6157500; ; ; ; ; ; ; ; ; ; ; ; ; ; ; ; ; ; ; ; ; ; ; ; ; ; ; ; ; 
MEF;20240905;IT0001444378;20310501;-1000000;;0;30000; ;30000; ;30000; ;30000; ;30000; ;30000; ;30000; ;30000; ;30000; ;1030000; ; ; ; ; ; ; ; ; ; ; ; ; ; ; ; ; ; ; ; ; ; ; 
MEF;20240910;IT0001086567;20261101;1000000;;0;-1036250; ; ; ; ; ; ; ; ; ; ; ; ; ; ; ; ; ; ; ; ; ; ; ; ; ; ; ; ; ; ; ; ; ; ; ; ; ; ; ; ; 
MEF;20240919;IT0001278511;20291101;-11000000;;0;288750; ;288750; ;288750; ;288750; ;288750; ;288750; ;11288750; ; ; ; ; ; ; ; ; ; ; ; ; ; ; ; ; ; ; ; ; ; ; ; ; ; ; ; ; 
MEF;20240927;IT0001086567;20261101;1000000;;0;-1036250; ; ; ; ; ; ; ; ; ; ; ; ; ; ; ; ; ; ; ; ; ; ; ; ; ; ; ; ; ; ; ; ; ; ; ; ; ; ; ; ; 
MEF;20240927;IT0001444378;20310501;-1000000;;0;30000; ;30000; ;30000; ;30000; ;30000; ;30000; ;30000; ;30000; ;30000; ;1030000; ; ; ; ; ; ; ; ; ; ; ; ; ; ; ; ; ; ; ; ; ; ; 
MEF;20240930;IT0001086567;20261101;-1000000;;0;1036250; ; ; ; ; ; ; ; ; ; ; ; ; ; ; ; ; ; ; ; ; ; ; ; ; ; ; ; ; ; ; ; ; ; ; ; ; ; ; ; ; 
MEF;20240930;IT0001174611;20271101;-2000000;;0;65000; ;65000; ;2065000; ; ; ; ; ; ; ; ; ; ; ; ; ; ; ; ; ; ; ; ; ; ; ; ; ; ; ; ; ; ; ; ; ; ; ; ; 
MEF;20240930;IT0001174611;20271101;-900000;;0;29250; ;29250; ;929250; ; ; ; ; ; ; ; ; ; ; ; ; ; ; ; ; ; ; ; ; ; ; ; ; ; ; ; ; ; ; ; ; ; ; ; ; 
MEF;20240930;IT0001278511;20291101;-3000000;;0;78750; ;78750; ;78750; ;78750; ;78750; ;78750; ;3078750; ; ; ; ; ; ; ; ; ; ; ; ; ; ; ; ; ; ; ; ; ; ; ; ; ; ; ; ; 
MEF;20241004;IT0001086567;20261101;2000000;;0;-2072500; ; ; ; ; ; ; ; ; ; ; ; ; ; ; ; ; ; ; ; ; ; ; ; ; ; ; ; ; ; ; ; ; ; ; ; ; ; ; ; ; 
MEF;20241004;IT0001174611;20271101;1000000;;0;-32500; ;-32500; ;-1032500; ; ; ; ; ; ; ; ; ; ; ; ; ; ; ; ; ; ; ; ; ; ; ; ; ; ; ; ; ; ; ; ; ; ; ; ; 
MEF;20241004;IT0005387052;20300515;9000000;IT0005403552;-9000000; ;-17387.08; ;-17387.08; ;-17387.08; ;-17387.08; ;-17387.08; ;-17387.08; ;-17387.08; ;-17387.08; ; ; ; ; ; ; ; ; ; ; ; ; ; ; ; ; ; ; ; ; ; ; ; ; ; 
MEF;20241007;IT0001174611;20271101;-28000000;;0;910000; ;910000; ;28910000; ; ; ; ; ; ; ; ; ; ; ; ; ; ; ; ; ; ; ; ; ; ; ; ; ; ; ; ; ; ; ; ; ; ; ; ; 
MEF;20241007;IT0001444378;20310501;-19000000;;0;570000; ;570000; ;570000; ;570000; ;570000; ;570000; ;570000; ;570000; ;570000; ;19570000; ; ; ; ; ; ; ; ; ; ; ; ; ; ; ; ; ; ; ; ; ; ; 
MEF;20241011;IT0001174611;20271101;-1200000;;0;39000; ;39000; ;1239000; ; ; ; ; ; ; ; ; ; ; ; ; ; ; ; ; ; ; ; ; ; ; ; ; ; ; ; ; ; ; ; ; ; ; ; ; 
MEF;20241022;IT0001174611;20271101;-1000000;;0;32500; ;32500; ;1032500; ; ; ; ; ; ; ; ; ; ; ; ; ; ; ; ; ; ; ; ; ; ; ; ; ; ; ; ; ; ; ; ; ; ; ; ; 
MEF;20241023;IT0001086567;20261101;1000000;;0;-1036250; ; ; ; ; ; ; ; ; ; ; ; ; ; ; ; ; ; ; ; ; ; ; ; ; ; ; ; ; ; ; ; ; ; ; ; ; ; ; ; ; 
MEF;20241105;IT0005387052;20300515;60000000;IT0005403552;-60000000; ;-115913.85; ;-115913.85; ;-115913.85; ;-115913.85; ;-115913.85; ;-115913.85; ;-115913.85; ;-115913.85; ; ; ; ; ; ; ; ; ; ; ; ; ; ; ; ; ; ; ; ; ; ; ; ; ; 
MEF;20241107;IT0001174611;20271101;1000000;;0;-32500; ;-32500; ;-1032500; ; ; ; ; ; ; ; ; ; ; ; ; ; ; ; ; ; ; ; ; ; ; ; ; ; ; ; ; ; ; ; ; ; ; ; ; 
MEF;20241108;IT0001174611;20271101;-1700000;;0;55250; ;55250; ;1755250; ; ; ; ; ; ; ; ; ; ; ; ; ; ; ; ; ; ; ; ; ; ; ; ; ; ; ; ; ; ; ; ; ; ; ; ; 
MEF;20241118;IT0001086567;20261101;1000000;;0;-1036250; ; ; ; ; ; ; ; ; ; ; ; ; ; ; ; ; ; ; ; ; ; ; ; ; ; ; ; ; ; ; ; ; ; ; ; ; ; ; ; ; 
MEF;20241118;IT0005387052;20300515;30000000;IT0005403552;-30000000; ;-57956.93; ;-57956.93; ;-57956.93; ;-57956.93; ;-57956.93; ;-57956.93; ;-57956.93; ;-57956.93; ; ; ; ; ; ; ; ; ; ; ; ; ; ; ; ; ; ; ; ; ; ; ; ; ; 
MEF;20241119;IT0001086567;20261101;1000000;;0;-1036250; ; ; ; ; ; ; ; ; ; ; ; ; ; ; ; ; ; ; ; ; ; ; ; ; ; ; ; ; ; ; ; ; ; ; ; ; ; ; ; ; 
MEF;20241120;IT0001086567;20261101;1000000;;0;-1036250; ; ; ; ; ; ; ; ; ; ; ; ; ; ; ; ; ; ; ; ; ; ; ; ; ; ; ; ; ; ; ; ; ; ; ; ; ; ; ; ; 
MEF;20241126;IT0001174611;20271101;-1100000;;0;35750; ;35750; ;1135750; ; ; ; ; ; ; ; ; ; ; ; ; ; ; ; ; ; ; ; ; ; ; ; ; ; ; ; ; ; ; ; ; ; ; ; ; 
MEF;20241126;IT0001174611;20271101;1000000;;0;-32500; ;-32500; ;-1032500; ; ; ; ; ; ; ; ; ; ; ; ; ; ; ; ; ; ; ; ; ; ; ; ; ; ; ; ; ; ; ; ; ; ; ; ; 
MEF;20241204;IT0001086567;20261101;1000000;;0;-1036250; ; ; ; ; ; ; ; ; ; ; ; ; ; ; ; ; ; ; ; ; ; ; ; ; ; ; ; ; ; ; ; ; ; ; ; ; ; ; ; ; 
MEF;20241206;IT0001174611;20271101;1000000;;0;-32500; ;-32500; ;-1032500; ; ; ; ; ; ; ; ; ; ; ; ; ; ; ; ; ; ; ; ; ; ; ; ; ; ; ; ; ; ; ; ; ; ; ; ; 
MEF;20241210;IT0001444378;20310501;1000000;;0;-30000; ;-30000; ;-30000; ;-30000; ;-30000; ;-30000; ;-30000; ;-30000; ;-30000; ;-1030000; ; ; ; ; ; ; ; ; ; ; ; ; ; ; ; ; ; ; ; ; ; ; 
MEF;20241211;IT0001174611;20271101;1000000;;0;-32500; ;-32500; ;-1032500; ; ; ; ; ; ; ; ; ; ; ; ; ; ; ; ; ; ; ; ; ; ; ; ; ; ; ; ; ; ; ; ; ; ; ; ; 
MEF;20241212;IT0005246134;20280515;23000000;IT0005262073;-23000000; ;-149013.22; ;-149013.22; ;-149013.22; ;-149013.22; ; ; ; ; ; ; ; ; ; ; ; ; ; ; ; ; ; ; ; ; ; ; ; ; ; ; ; ; ; ; ; ; ; 
MEF;20241213;IT0001174611;20271101;-5300000;;0;172250; ;172250; ;5472250; ; ; ; ; ; ; ; ; ; ; ; ; ; ; ; ; ; ; ; ; ; ; ; ; ; ; ; ; ; ; ; ; ; ; ; ; 
MEF;20241216;IT0001174611;20271101;1000000;;0;-32500; ;-32500; ;-1032500; ; ; ; ; ; ; ; ; ; ; ; ; ; ; ; ; ; ; ; ; ; ; ; ; ; ; ; ; ; ; ; ; ; ; ; ; 
MEF;20241216;IT0001278511;20291101;8000000;;0;-210000; ;-210000; ;-210000; ;-210000; ;-210000; ;-210000; ;-8210000; ; ; ; ; ; ; ; ; ; ; ; ; ; ; ; ; ; ; ; ; ; ; ; ; ; ; ; ; 
MEF;20241216;IT0005387052;20300515;75000000;IT0005403552;-75000000; ;-144892.31; ;-144892.31; ;-144892.31; ;-144892.31; ;-144892.31; ;-144892.31; ;-144892.31; ;-144892.31; ; ; ; ; ; ; ; ; ; ; ; ; ; ; ; ; ; ; ; ; ; ; ; ; ; 
MEF;20241217;IT0001174611;20271101;-15000000;;0;487500; ;487500; ;15487500; ; ; ; ; ; ; ; ; ; ; ; ; ; ; ; ; ; ; ; ; ; ; ; ; ; ; ; ; ; ; ; ; ; ; ; ; 
MEF;20241217;IT0001444378;20310501;-7000000;;0;210000; ;210000; ;210000; ;210000; ;210000; ;210000; ;210000; ;210000; ;210000; ;7210000; ; ; ; ; ; ; ; ; ; ; ; ; ; ; ; ; ; ; ; ; ; ; 
MEF;20241217;IT0005387052;20300515;104000000;IT0005403552;-104000000; ;-200917.34; ;-200917.34; ;-200917.34; ;-200917.34; ;-200917.34; ;-200917.34; ;-200917.34; ;-200917.34; ; ; ; ; ; ; ; ; ; ; ; ; ; ; ; ; ; ; ; ; ; ; ; ; ; 
MEF;20241218;IT0001086567;20261101;1000000;;0;-1036250; ; ; ; ; ; ; ; ; ; ; ; ; ; ; ; ; ; ; ; ; ; ; ; ; ; ; ; ; ; ; ; ; ; ; ; ; ; ; ; ; 
MEF;20241218;IT0001174611;20271101;1900000;;0;-61750; ;-61750; ;-1961750; ; ; ; ; ; ; ; ; ; ; ; ; ; ; ; ; ; ; ; ; ; ; ; ; ; ; ; ; ; ; ; ; ; ; ; ; 
MEF;20241218;IT0005387052;20300515;26000000;IT0005403552;-26000000; ;-50229.34; ;-50229.34; ;-50229.34; ;-50229.34; ;-50229.34; ;-50229.34; ;-50229.34; ;-50229.34; ; ; ; ; ; ; ; ; ; ; ; ; ; ; ; ; ; ; ; ; ; ; ; ; ; 
MEF;20241218;IT0005387052;20300515;55000000;IT0005403552;-55000000; ;-106254.36; ;-106254.36; ;-106254.36; ;-106254.36; ;-106254.36; ;-106254.36; ;-106254.36; ;-106254.36; ; ; ; ; ; ; ; ; ; ; ; ; ; ; ; ; ; ; ; ; ; ; ; ; ; 
MEF;20241218;IT0005543803;20290515;8000000;IT0005554925;-8000000; ;-49678.47; ;-49678.47; ;-49678.47; ;-49678.47; ;-49678.47; ;-49678.47; ; ; ; ; ; ; ; ; ; ; ; ; ; ; ; ; ; ; ; ; ; ; ; ; ; ; ; ; ; 
MEF;20241220;IT0001174611;20271101;1000000;;0;-32500; ;-32500; ;-1032500; ; ; ; ; ; ; ; ; ; ; ; ; ; ; ; ; ; ; ; ; ; ; ; ; ; ; ; ; ; ; ; ; ; ; ; ; 
MEF;20241223;IT0001444378;20310501;1000000;;0;-30000; ;-30000; ;-30000; ;-30000; ;-30000; ;-30000; ;-30000; ;-30000; ;-30000; ;-1030000; ; ; ; ; ; ; ; ; ; ; ; ; ; ; ; ; ; ; ; ; ; ; 
MEF;20241224;IT0001086567;20261101;1000000;;0;-1036250; ; ; ; ; ; ; ; ; ; ; ; ; ; ; ; ; ; ; ; ; ; ; ; ; ; ; ; ; ; ; ; ; ; ; ; ; ; ; ; ; 
MEF;20250102;IT0005246134;20280515;14000000;IT0005262073;-14000000; ;-90703.7; ;-90703.7; ;-90703.7; ;-90703.7; ; ; ; ; ; ; ; ; ; ; ; ; ; ; ; ; ; ; ; ; ; ; ; ; ; ; ; ; ; ; ; ; ; 
MEF;20250102;IT0005246134;20280515;4000000;IT0005262073;-4000000; ;-25915.34; ;-25915.34; ;-25915.34; ;-25915.34; ; ; ; ; ; ; ; ; ; ; ; ; ; ; ; ; ; ; ; ; ; ; ; ; ; ; ; ; ; ; ; ; ; 
MEF;20250103;IT0005387052;20300515;66000000;IT0005403552;-66000000; ;-127505.24; ;-127505.24; ;-127505.24; ;-127505.24; ;-127505.24; ;-127505.24; ;-127505.24; ;-127505.24; ; ; ; ; ; ; ; ; ; ; ; ; ; ; ; ; ; ; ; ; ; ; ; ; ; 
MEF;20250106;IT0001086567;20261101;1000000;;0;-1036250; ; ; ; ; ; ; ; ; ; ; ; ; ; ; ; ; ; ; ; ; ; ; ; ; ; ; ; ; ; ; ; ; ; ; ; ; ; ; ; ; 
MEF;20250106;IT0001174611;20271101;1000000;;0;-32500; ;-32500; ;-1032500; ; ; ; ; ; ; ; ; ; ; ; ; ; ; ; ; ; ; ; ; ; ; ; ; ; ; ; ; ; ; ; ; ; ; ; ; 
MEF;20250107;IT0001174611;20271101;1000000;;0;-32500; ;-32500; ;-1032500; ; ; ; ; ; ; ; ; ; ; ; ; ; ; ; ; ; ; ; ; ; ; ; ; ; ; ; ; ; ; ; ; ; ; ; ; 
MEF;20250110;IT0001174611;20271101;-900000;;0;29250; ;29250; ;929250; ; ; ; ; ; ; ; ; ; ; ; ; ; ; ; ; ; ; ; ; ; ; ; ; ; ; ; ; ; ; ; ; ; ; ; ; 
MEF;20250110;IT0001174611;20271101;1000000;;0;-32500; ;-32500; ;-1032500; ; ; ; ; ; ; ; ; ; ; ; ; ; ; ; ; ; ; ; ; ; ; ; ; ; ; ; ; ; ; ; ; ; ; ; ; 
MEF;20250113;IT0001086567;20261101;1000000;;0;-1036250; ; ; ; ; ; ; ; ; ; ; ; ; ; ; ; ; ; ; ; ; ; ; ; ; ; ; ; ; ; ; ; ; ; ; ; ; ; ; ; ; 
MEF;20250113;IT0001086567;20261101;4900000;;0;-5077625; ; ; ; ; ; ; ; ; ; ; ; ; ; ; ; ; ; ; ; ; ; ; ; ; ; ; ; ; ; ; ; ; ; ; ; ; ; ; ; ; 
MEF;20250114;IT0001086567;20261101;1000000;;0;-1036250; ; ; ; ; ; ; ; ; ; ; ; ; ; ; ; ; ; ; ; ; ; ; ; ; ; ; ; ; ; ; ; ; ; ; ; ; ; ; ; ; 
MEF;20250114;IT0001086567;20261101;3000000;;0;-3108750; ; ; ; ; ; ; ; ; ; ; ; ; ; ; ; ; ; ; ; ; ; ; ; ; ; ; ; ; ; ; ; ; ; ; ; ; ; ; ; ; 
MEF;20250115;IT0001444378;20310501;1000000;;0;-30000; ;-30000; ;-30000; ;-30000; ;-30000; ;-30000; ;-30000; ;-30000; ;-30000; ;-1030000; ; ; ; ; ; ; ; ; ; ; ; ; ; ; ; ; ; ; ; ; ; ; 
MEF;20250117;IT0001086567;20261101;1000000;;0;-1036250; ; ; ; ; ; ; ; ; ; ; ; ; ; ; ; ; ; ; ; ; ; ; ; ; ; ; ; ; ; ; ; ; ; ; ; ; ; ; ; ; 
MEF;20250117;IT0001174611;20271101;1000000;;0;-32500; ;-32500; ;-1032500; ; ; ; ; ; ; ; ; ; ; ; ; ; ; ; ; ; ; ; ; ; ; ; ; ; ; ; ; ; ; ; ; ; ; ; ; 
MEF;20250120;IT0001086567;20261101;-1800000;;0;1865250; ; ; ; ; ; ; ; ; ; ; ; ; ; ; ; ; ; ; ; ; ; ; ; ; ; ; ; ; ; ; ; ; ; ; ; ; ; ; ; ; 
MEF;20250120;IT0001086567;20261101;2000000;;0;-2072500; ; ; ; ; ; ; ; ; ; ; ; ; ; ; ; ; ; ; ; ; ; ; ; ; ; ; ; ; ; ; ; ; ; ; ; ; ; ; ; ; 
MEF;20250120;IT0001174611;20271101;2000000;;0;-65000; ;-65000; ;-2065000; ; ; ; ; ; ; ; ; ; ; ; ; ; ; ; ; ; ; ; ; ; ; ; ; ; ; ; ; ; ; ; ; ; ; ; ; 
MEF;20250121;IT0001444378;20310501;2000000;;0;-60000; ;-60000; ;-60000; ;-60000; ;-60000; ;-60000; ;-60000; ;-60000; ;-60000; ;-2060000; ; ; ; ; ; ; ; ; ; ; ; ; ; ; ; ; ; ; ; ; ; ; 
MEF;20250122;IT0001086567;20261101;1000000;;0;-1036250; ; ; ; ; ; ; ; ; ; ; ; ; ; ; ; ; ; ; ; ; ; ; ; ; ; ; ; ; ; ; ; ; ; ; ; ; ; ; ; ; 
MEF;20250123;IT0001278511;20291101;1100000;;0;-28875; ;-28875; ;-28875; ;-28875; ;-28875; ;-28875; ;-1128875; ; ; ; ; ; ; ; ; ; ; ; ; ; ; ; ; ; ; ; ; ; ; ; ; ; ; ; ; 
MEF;20250123;IT0001278511;20291101;35000000;;0;-918750; ;-918750; ;-918750; ;-918750; ;-918750; ;-918750; ;-35918750; ; ; ; ; ; ; ; ; ; ; ; ; ; ; ; ; ; ; ; ; ; ; ; ; ; ; ; ; 
MEF;20250124;IT0001086567;20261101;1000000;;0;-1036250; ; ; ; ; ; ; ; ; ; ; ; ; ; ; ; ; ; ; ; ; ; ; ; ; ; ; ; ; ; ; ; ; ; ; ; ; ; ; ; ; 
MEF;20250124;IT0001174611;20271101;-1200000;;0;39000; ;39000; ;1239000; ; ; ; ; ; ; ; ; ; ; ; ; ; ; ; ; ; ; ; ; ; ; ; ; ; ; ; ; ; ; ; ; ; ; ; ; 
MEF;20250124;IT0001174611;20271101;1000000;;0;-32500; ;-32500; ;-1032500; ; ; ; ; ; ; ; ; ; ; ; ; ; ; ; ; ; ; ; ; ; ; ; ; ; ; ; ; ; ; ; ; ; ; ; ; 
MEF;20250127;IT0001278511;20291101;-23000000;;0;603750; ;603750; ;603750; ;603750; ;603750; ;603750; ;23603750; ; ; ; ; ; ; ; ; ; ; ; ; ; ; ; ; ; ; ; ; ; ; ; ; ; ; ; ; 
MEF;20250127;IT0001444378;20310501;-3100000;;0;93000; ;93000; ;93000; ;93000; ;93000; ;93000; ;93000; ;93000; ;93000; ;3193000; ; ; ; ; ; ; ; ; ; ; ; ; ; ; ; ; ; ; ; ; ; ; 
MEF;20250128;IT0001444378;20310501;-13000000;;0;390000; ;390000; ;390000; ;390000; ;390000; ;390000; ;390000; ;390000; ;390000; ;13390000; ; ; ; ; ; ; ; ; ; ; ; ; ; ; ; ; ; ; ; ; ; ; 
MEF;20250129;IT0001086567;20261101;1000000;;0;-1036250; ; ; ; ; ; ; ; ; ; ; ; ; ; ; ; ; ; ; ; ; ; ; ; ; ; ; ; ; ; ; ; ; ; ; ; ; ; ; ; ; 
MEF;20250131;IT0001086567;20261101;-1700000;;0;1761625; ; ; ; ; ; ; ; ; ; ; ; ; ; ; ; ; ; ; ; ; ; ; ; ; ; ; ; ; ; ; ; ; ; ; ; ; ; ; ; ; 
MEF;20250131;IT0001086567;20261101;-900000;;0;932625; ; ; ; ; ; ; ; ; ; ; ; ; ; ; ; ; ; ; ; ; ; ; ; ; ; ; ; ; ; ; ; ; ; ; ; ; ; ; ; ; 
MEF;20250207;IT0005482994;20330515;25000000;IT0005491458;-25000000; ;-11597.41; ;-11597.41; ;-11597.41; ;-11597.41; ;-11597.41; ;-11597.41; ;-11597.41; ;-11597.41; ;-11597.41; ;-11597.41; ;-11597.41; ;-11597.41; ;-11597.41; ;-11597.41; ; ; ; ; ; ; ; ; ; ; ; ; ; 
MEF;20250210;IT0001278511;20291101;1000000;;0;-26250; ;-26250; ;-26250; ;-26250; ;-26250; ;-26250; ;-1026250; ; ; ; ; ; ; ; ; ; ; ; ; ; ; ; ; ; ; ; ; ; ; ; ; ; ; ; ; 
MEF;20250214;IT0001174611;20271101;-5700000;;0;185250; ;185250; ;5885250; ; ; ; ; ; ; ; ; ; ; ; ; ; ; ; ; ; ; ; ; ; ; ; ; ; ; ; ; ; ; ; ; ; ; ; ; 
MEF;20250214;IT0005543803;20290515;27000000;IT0005554925;-27000000; ;-167664.83; ;-167664.83; ;-167664.83; ;-167664.83; ;-167664.83; ;-167664.83; ; ; ; ; ; ; ; ; ; ; ; ; ; ; ; ; ; ; ; ; ; ; ; ; ; ; ; ; ; 
MEF;20250217;IT0001086567;20261101;1000000;;0;-1036250; ; ; ; ; ; ; ; ; ; ; ; ; ; ; ; ; ; ; ; ; ; ; ; ; ; ; ; ; ; ; ; ; ; ; ; ; ; ; ; ; 
MEF;20250221;IT0001174611;20271101;-9200000;;0;299000; ;299000; ;9499000; ; ; ; ; ; ; ; ; ; ; ; ; ; ; ; ; ; ; ; ; ; ; ; ; ; ; ; ; ; ; ; ; ; ; ; ; 
MEF;20250221;IT0001444378;20310501;-1200000;;0;36000; ;36000; ;36000; ;36000; ;36000; ;36000; ;36000; ;36000; ;36000; ;1236000; ; ; ; ; ; ; ; ; ; ; ; ; ; ; ; ; ; ; ; ; ; ; 
MEF;20250224;IT0001086567;20261101;2000000;;0;-2072500; ; ; ; ; ; ; ; ; ; ; ; ; ; ; ; ; ; ; ; ; ; ; ; ; ; ; ; ; ; ; ; ; ; ; ; ; ; ; ; ; 
MEF;20250224;IT0001444378;20310501;1000000;;0;-30000; ;-30000; ;-30000; ;-30000; ;-30000; ;-30000; ;-30000; ;-30000; ;-30000; ;-1030000; ; ; ; ; ; ; ; ; ; ; ; ; ; ; ; ; ; ; ; ; ; ; 
MEF;20250226;IT0001174611;20271101;1000000;;0;-32500; ;-32500; ;-1032500; ; ; ; ; ; ; ; ; ; ; ; ; ; ; ; ; ; ; ; ; ; ; ; ; ; ; ; ; ; ; ; ; ; ; ; ; 
MEF;20250228;IT0001278511;20291101;1000000;;0;-26250; ;-26250; ;-26250; ;-26250; ;-26250; ;-26250; ;-1026250; ; ; ; ; ; ; ; ; ; ; ; ; ; ; ; ; ; ; ; ; ; ; ; ; ; ; ; ; 
MEF;20250307;IT0001278511;20291101;1000000;;0;-26250; ;-26250; ;-26250; ;-26250; ;-26250; ;-26250; ;-1026250; ; ; ; ; ; ; ; ; ; ; ; ; ; ; ; ; ; ; ; ; ; ; ; ; ; ; ; ; 
MEF;20250307;IT0001278511;20291101;4200000;;0;-110250; ;-110250; ;-110250; ;-110250; ;-110250; ;-110250; ;-4310250; ; ; ; ; ; ; ; ; ; ; ; ; ; ; ; ; ; ; ; ; ; ; ; ; ; ; ; ; 
MEF;20250311;IT0001086567;20261101;1000000;;0;-1036250; ; ; ; ; ; ; ; ; ; ; ; ; ; ; ; ; ; ; ; ; ; ; ; ; ; ; ; ; ; ; ; ; ; ; ; ; ; ; ; ; 
MEF;20250311;IT0001174611;20271101;1000000;;0;-32500; ;-32500; ;-1032500; ; ; ; ; ; ; ; ; ; ; ; ; ; ; ; ; ; ; ; ; ; ; ; ; ; ; ; ; ; ; ; ; ; ; ; ; 
MEF;20250311;IT0001278511;20291101;-5000000;;0;131250; ;131250; ;131250; ;131250; ;131250; ;131250; ;5131250; ; ; ; ; ; ; ; ; ; ; ; ; ; ; ; ; ; ; ; ; ; ; ; ; ; ; ; ; 
MEF;20250314;IT0001174611;20271101;-1600000;;0;52000; ;52000; ;1652000; ; ; ; ; ; ; ; ; ; ; ; ; ; ; ; ; ; ; ; ; ; ; ; ; ; ; ; ; ; ; ; ; ; ; ; ; 
MEF;20250314;IT0001444378;20310501;-3800000;;0;114000; ;114000; ;114000; ;114000; ;114000; ;114000; ;114000; ;114000; ;114000; ;3914000; ; ; ; ; ; ; ; ; ; ; ; ; ; ; ; ; ; ; ; ; ; ; 
MEF;20250314;IT0005543803;20290515;31000000;IT0005554925;-31000000; ;-192504.07; ;-192504.07; ;-192504.07; ;-192504.07; ;-192504.07; ;-192504.07; ; ; ; ; ; ; ; ; ; ; ; ; ; ; ; ; ; ; ; ; ; ; ; ; ; ; ; ; ; 
MEF;20250318;IT0001444378;20310501;-6500000;;0;195000; ;195000; ;195000; ;195000; ;195000; ;195000; ;195000; ;195000; ;195000; ;6695000; ; ; ; ; ; ; ; ; ; ; ; ; ; ; ; ; ; ; ; ; ; ; 
MEF;20250318;IT0005387052;20300515;69000000;IT0005403552;-69000000; ;-133300.93; ;-133300.93; ;-133300.93; ;-133300.93; ;-133300.93; ;-133300.93; ;-133300.93; ;-133300.93; ; ; ; ; ; ; ; ; ; ; ; ; ; ; ; ; ; ; ; ; ; ; ; ; ; 
MEF;20250319;IT0001086567;20261101;1000000;;0;-1036250; ; ; ; ; ; ; ; ; ; ; ; ; ; ; ; ; ; ; ; ; ; ; ; ; ; ; ; ; ; ; ; ; ; ; ; ; ; ; ; ; 
MEF;20250319;IT0001278511;20291101;1000000;;0;-26250; ;-26250; ;-26250; ;-26250; ;-26250; ;-26250; ;-1026250; ; ; ; ; ; ; ; ; ; ; ; ; ; ; ; ; ; ; ; ; ; ; ; ; ; ; ; ; 
MEF;20250320;IT0001086567;20261101;1000000;;0;-1036250; ; ; ; ; ; ; ; ; ; ; ; ; ; ; ; ; ; ; ; ; ; ; ; ; ; ; ; ; ; ; ; ; ; ; ; ; ; ; ; ; 
MEF;20250320;IT0001444378;20310501;1000000;;0;-30000; ;-30000; ;-30000; ;-30000; ;-30000; ;-30000; ;-30000; ;-30000; ;-30000; ;-1030000; ; ; ; ; ; ; ; ; ; ; ; ; ; ; ; ; ; ; ; ; ; ; 
MEF;20250324;IT0001174611;20271101;1000000;;0;-32500; ;-32500; ;-1032500; ; ; ; ; ; ; ; ; ; ; ; ; ; ; ; ; ; ; ; ; ; ; ; ; ; ; ; ; ; ; ; ; ; ; ; ; 
MEF;20250324;IT0005482994;20330515;68000000;IT0005491458;-68000000; ;-31544.96; ;-31544.96; ;-31544.96; ;-31544.96; ;-31544.96; ;-31544.96; ;-31544.96; ;-31544.96; ;-31544.96; ;-31544.96; ;-31544.96; ;-31544.96; ;-31544.96; ;-31544.96; ; ; ; ; ; ; ; ; ; ; ; ; ; 
MEF;20250331;IT0001086567;20261101;-1200000;;0;1243500; ; ; ; ; ; ; ; ; ; ; ; ; ; ; ; ; ; ; ; ; ; ; ; ; ; ; ; ; ; ; ; ; ; ; ; ; ; ; ; ; 
MEF;20250331;IT0001174611;20271101;-1800000;;0;58500; ;58500; ;1858500; ; ; ; ; ; ; ; ; ; ; ; ; ; ; ; ; ; ; ; ; ; ; ; ; ; ; ; ; ; ; ; ; ; ; ; ; 
MEF;20250331;IT0001278511;20291101;-900000;;0;23625; ;23625; ;23625; ;23625; ;23625; ;23625; ;923625; ; ; ; ; ; ; ; ; ; ; ; ; ; ; ; ; ; ; ; ; ; ; ; ; ; ; ; ; 
MEF;20250331;IT0001278511;20291101;1000000;;0;-26250; ;-26250; ;-26250; ;-26250; ;-26250; ;-26250; ;-1026250; ; ; ; ; ; ; ; ; ; ; ; ; ; ; ; ; ; ; ; ; ; ; ; ; ; ; ; ; 
MEF;20250331;IT0001278511;20291101;4100000;;0;-107625; ;-107625; ;-107625; ;-107625; ;-107625; ;-107625; ;-4207625; ; ; ; ; ; ; ; ; ; ; ; ; ; ; ; ; ; ; ; ; ; ; ; ; ; ; ; ; 
MEF;20250331;IT0001444378;20310501;1000000;;0;-30000; ;-30000; ;-30000; ;-30000; ;-30000; ;-30000; ;-30000; ;-30000; ;-30000; ;-1030000; ; ; ; ; ; ; ; ; ; ; ; ; ; ; ; ; ; ; ; ; ; ; 
MEF;20250401;IT0001174611;20271101;2000000;;0;-65000; ;-65000; ;-2065000; ; ; ; ; ; ; ; ; ; ; ; ; ; ; ; ; ; ; ; ; ; ; ; ; ; ; ; ; ; ; ; ; ; ; ; ; 
MEF;20250401;IT0001278511;20291101;-5000000;;0;131250; ;131250; ;131250; ;131250; ;131250; ;131250; ;5131250; ; ; ; ; ; ; ; ; ; ; ; ; ; ; ; ; ; ; ; ; ; ; ; ; ; ; ; ; 
MEF;20250402;IT0001278511;20291101;1000000;;0;-26250; ;-26250; ;-26250; ;-26250; ;-26250; ;-26250; ;-1026250; ; ; ; ; ; ; ; ; ; ; ; ; ; ; ; ; ; ; ; ; ; ; ; ; ; ; ; ; 
MEF;20250403;IT0001174611;20271101;1000000;;0;-32500; ;-32500; ;-1032500; ; ; ; ; ; ; ; ; ; ; ; ; ; ; ; ; ; ; ; ; ; ; ; ; ; ; ; ; ; ; ; ; ; ; ; ; 
MEF;20250403;IT0001444378;20310501;-1000000;;0;30000; ;30000; ;30000; ;30000; ;30000; ;30000; ;30000; ;30000; ;30000; ;1030000; ; ; ; ; ; ; ; ; ; ; ; ; ; ; ; ; ; ; ; ; ; ; 
MEF;20250404;IT0001086567;20261101;1000000;;0;-1036250; ; ; ; ; ; ; ; ; ; ; ; ; ; ; ; ; ; ; ; ; ; ; ; ; ; ; ; ; ; ; ; ; ; ; ; ; ; ; ; ; 
MEF;20250407;IT0001444378;20310501;1000000;;0;-30000; ;-30000; ;-30000; ;-30000; ;-30000; ;-30000; ;-30000; ;-30000; ;-30000; ;-1030000; ; ; ; ; ; ; ; ; ; ; ; ; ; ; ; ; ; ; ; ; ; ; 
MEF;20250408;IT0001444378;20310501;1000000;;0;-30000; ;-30000; ;-30000; ;-30000; ;-30000; ;-30000; ;-30000; ;-30000; ;-30000; ;-1030000; ; ; ; ; ; ; ; ; ; ; ; ; ; ; ; ; ; ; ; ; ; ; 
MEF;20250411;IT0001174611;20271101;-900000;;0;29250; ;29250; ;929250; ; ; ; ; ; ; ; ; ; ; ; ; ; ; ; ; ; ; ; ; ; ; ; ; ; ; ; ; ; ; ; ; ; ; ; ; 
MEF;20250415;IT0001086567;20261101;1000000;;0;-1036250; ; ; ; ; ; ; ; ; ; ; ; ; ; ; ; ; ; ; ; ; ; ; ; ; ; ; ; ; ; ; ; ; ; ; ; ; ; ; ; ; 
MEF;20250415;IT0001174611;20271101;1000000;;0;-32500; ;-32500; ;-1032500; ; ; ; ; ; ; ; ; ; ; ; ; ; ; ; ; ; ; ; ; ; ; ; ; ; ; ; ; ; ; ; ; ; ; ; ; 
MEF;20250423;IT0001174611;20271101;1000000;;0;-32500; ;-32500; ;-1032500; ; ; ; ; ; ; ; ; ; ; ; ; ; ; ; ; ; ; ; ; ; ; ; ; ; ; ; ; ; ; ; ; ; ; ; ; 
MEF;20250423;IT0001174611;20271101;2000000;;0;-65000; ;-65000; ;-2065000; ; ; ; ; ; ; ; ; ; ; ; ; ; ; ; ; ; ; ; ; ; ; ; ; ; ; ; ; ; ; ; ; ; ; ; ; 
MEF;20250423;IT0001444378;20310501;2000000;;0;-60000; ;-60000; ;-60000; ;-60000; ;-60000; ;-60000; ;-60000; ;-60000; ;-60000; ;-2060000; ; ; ; ; ; ; ; ; ; ; ; ; ; ; ; ; ; ; ; ; ; ; 
MEF;20250423;IT0005543803;20290515;27000000;IT0005554925;-27000000; ;-167664.83; ;-167664.83; ;-167664.83; ;-167664.83; ;-167664.83; ;-167664.83; ; ; ; ; ; ; ; ; ; ; ; ; ; ; ; ; ; ; ; ; ; ; ; ; ; ; ; ; ; 
MEF;20250425;IT0005482994;20330515;44000000;IT0005491458;-44000000; ;-20411.44; ;-20411.44; ;-20411.44; ;-20411.44; ;-20411.44; ;-20411.44; ;-20411.44; ;-20411.44; ;-20411.44; ;-20411.44; ;-20411.44; ;-20411.44; ;-20411.44; ;-20411.44; ; ; ; ; ; ; ; ; ; ; ; ; ; 
MEF;20250505;IT0001444378;20310501;1000000;;0;-30000; ;-30000; ;-30000; ;-30000; ;-30000; ;-30000; ;-30000; ;-30000; ;-30000; ;-1030000; ; ; ; ; ; ; ; ; ; ; ; ; ; ; ; ; ; ; ; ; ; ; 
MEF;20250509;IT0001174611;20271101;-9000000;;0;292500; ;292500; ;9292500; ; ; ; ; ; ; ; ; ; ; ; ; ; ; ; ; ; ; ; ; ; ; ; ; ; ; ; ; ; ; ; ; ; ; ; ; 
MEF;20250512;IT0005544082;20331101;-4200000;;0;91350; ;91350; ;91350; ;91350; ;91350; ;91350; ;91350; ;91350; ;91350; ;91350; ;91350; ;91350; ;91350; ;91350; ;4291350; ; ; ; ; ; ; ; ; ; ; ; ; 
MEF;20250515;IT0001278511;20291101;-1600000;;0;42000; ;42000; ;42000; ;42000; ;42000; ;42000; ;1642000; ; ; ; ; ; ; ; ; ; ; ; ; ; ; ; ; ; ; ; ; ; ; ; ; ; ; ; ; 
MEF;20250515;IT0001278511;20291101;1000000;;0;-26250; ;-26250; ;-26250; ;-26250; ;-26250; ;-26250; ;-1026250; ; ; ; ; ; ; ; ; ; ; ; ; ; ; ; ; ; ; ; ; ; ; ; ; ; ; ; ; 
MEF;20250515;IT0001278511;20291101;500000;;0;-13125; ;-13125; ;-13125; ;-13125; ;-13125; ;-13125; ;-513125; ; ; ; ; ; ; ; ; ; ; ; ; ; ; ; ; ; ; ; ; ; ; ; ; ; ; ; ; 
MEF;20250516;IT0001086567;20261101;-900000;;0;932625; ; ; ; ; ; ; ; ; ; ; ; ; ; ; ; ; ; ; ; ; ; ; ; ; ; ; ; ; ; ; ; ; ; ; ; ; ; ; ; ; 
MEF;20250519;IT0001086567;20261101;-4000000;;0;4145000; ; ; ; ; ; ; ; ; ; ; ; ; ; ; ; ; ; ; ; ; ; ; ; ; ; ; ; ; ; ; ; ; ; ; ; ; ; ; ; ; 
MEF;20250519;IT0001444378;20310501;-2000000;;0;60000; ;60000; ;60000; ;60000; ;60000; ;60000; ;60000; ;60000; ;60000; ;2060000; ; ; ; ; ; ; ; ; ; ; ; ; ; ; ; ; ; ; ; ; ; ; 
MEF;20250519;IT0005482994;20330515;31000000;IT0005491458;-31000000; ;-14380.79; ;-14380.79; ;-14380.79; ;-14380.79; ;-14380.79; ;-14380.79; ;-14380.79; ;-14380.79; ;-14380.79; ;-14380.79; ;-14380.79; ;-14380.79; ;-14380.79; ;-14380.79; ; ; ; ; ; ; ; ; ; ; ; ; ; 
MEF;20250520;IT0001174611;20271101;1000000;;0;-32500; ;-32500; ;-1032500; ; ; ; ; ; ; ; ; ; ; ; ; ; ; ; ; ; ; ; ; ; ; ; ; ; ; ; ; ; ; ; ; ; ; ; ; 
MEF;20250521;IT0001086567;20261101;1100000;;0;-1139875; ; ; ; ; ; ; ; ; ; ; ; ; ; ; ; ; ; ; ; ; ; ; ; ; ; ; ; ; ; ; ; ; ; ; ; ; ; ; ; ; 
MEF;20250521;IT0001174611;20271101;-9000000;;0;292500; ;292500; ;9292500; ; ; ; ; ; ; ; ; ; ; ; ; ; ; ; ; ; ; ; ; ; ; ; ; ; ; ; ; ; ; ; ; ; ; ; ; 
MEF;20250521;IT0001444378;20310501;1000000;;0;-30000; ;-30000; ;-30000; ;-30000; ;-30000; ;-30000; ;-30000; ;-30000; ;-30000; ;-1030000; ; ; ; ; ; ; ; ; ; ; ; ; ; ; ; ; ; ; ; ; ; ; 
MEF;20250521;IT0005543803;20290515;19000000;IT0005554925;-19000000; ;-117986.36; ;-117986.36; ;-117986.36; ;-117986.36; ;-117986.36; ;-117986.36; ; ; ; ; ; ; ; ; ; ; ; ; ; ; ; ; ; ; ; ; ; ; ; ; ; ; ; ; ; 
MEF;20250522;IT0001086567;20261101;1000000;;0;-1036250; ; ; ; ; ; ; ; ; ; ; ; ; ; ; ; ; ; ; ; ; ; ; ; ; ; ; ; ; ; ; ; ; ; ; ; ; ; ; ; ; 
MEF;20250522;IT0001086567;20261101;2000000;;0;-2072500; ; ; ; ; ; ; ; ; ; ; ; ; ; ; ; ; ; ; ; ; ; ; ; ; ; ; ; ; ; ; ; ; ; ; ; ; ; ; ; ; 
MEF;20250523;IT0001174611;20271101;-13500000;;0;438750; ;438750; ;13938750; ; ; ; ; ; ; ; ; ; ; ; ; ; ; ; ; ; ; ; ; ; ; ; ; ; ; ; ; ; ; ; ; ; ; ; ; 
MEF;20250523;IT0001174611;20271101;-19200000;;0;624000; ;624000; ;19824000; ; ; ; ; ; ; ; ; ; ; ; ; ; ; ; ; ; ; ; ; ; ; ; ; ; ; ; ; ; ; ; ; ; ; ; ; 
MEF;20250523;IT0001174611;20271101;-19900000;;0;646750; ;646750; ;20546750; ; ; ; ; ; ; ; ; ; ; ; ; ; ; ; ; ; ; ; ; ; ; ; ; ; ; ; ; ; ; ; ; ; ; ; ; 
MEF;20250523;IT0001174611;20271101;-61000000;;0;1982500; ;1982500; ;62982500; ; ; ; ; ; ; ; ; ; ; ; ; ; ; ; ; ; ; ; ; ; ; ; ; ; ; ; ; ; ; ; ; ; ; ; ; 
MEF;20250523;IT0001278511;20291101;-1800000;;0;47250; ;47250; ;47250; ;47250; ;47250; ;47250; ;1847250; ; ; ; ; ; ; ; ; ; ; ; ; ; ; ; ; ; ; ; ; ; ; ; ; ; ; ; ; 
MEF;20250523;IT0001444378;20310501;-3000000;;0;90000; ;90000; ;90000; ;90000; ;90000; ;90000; ;90000; ;90000; ;90000; ;3090000; ; ; ; ; ; ; ; ; ; ; ; ; ; ; ; ; ; ; ; ; ; ; 
MEF;20250529;IT0001278511;20291101;1000000;;0;-26250; ;-26250; ;-26250; ;-26250; ;-26250; ;-26250; ;-1026250; ; ; ; ; ; ; ; ; ; ; ; ; ; ; ; ; ; ; ; ; ; ; ; ; ; ; ; ; 
MEF;20250530;IT0001278511;20291101;1000000;;0;-26250; ;-26250; ;-26250; ;-26250; ;-26250; ;-26250; ;-1026250; ; ; ; ; ; ; ; ; ; ; ; ; ; ; ; ; ; ; ; ; ; ; ; ; ; ; ; ; 
MEF;20250530;IT0001278511;20291101;32000000;;0;-840000; ;-840000; ;-840000; ;-840000; ;-840000; ;-840000; ;-32840000; ; ; ; ; ; ; ; ; ; ; ; ; ; ; ; ; ; ; ; ; ; ; ; ; ; ; ; ; 
MEF;20250603;IT0001444378;20310501;1000000;;0;-30000; ;-30000; ;-30000; ;-30000; ;-30000; ;-30000; ;-30000; ;-30000; ;-30000; ;-1030000; ; ; ; ; ; ; ; ; ; ; ; ; ; ; ; ; ; ; ; ; ; ; 
MEF;20250606;IT0001086567;20261101;1000000;;0;-1036250; ; ; ; ; ; ; ; ; ; ; ; ; ; ; ; ; ; ; ; ; ; ; ; ; ; ; ; ; ; ; ; ; ; ; ; ; ; ; ; ; 
MEF;20250610;IT0001444378;20310501;1000000;;0;-30000; ;-30000; ;-30000; ;-30000; ;-30000; ;-30000; ;-30000; ;-30000; ;-30000; ;-1030000; ; ; ; ; ; ; ; ; ; ; ; ; ; ; ; ; ; ; ; ; ; ; 
MEF;20250611;IT0001174611;20271101;1000000;;0;-32500; ;-32500; ;-1032500; ; ; ; ; ; ; ; ; ; ; ; ; ; ; ; ; ; ; ; ; ; ; ; ; ; ; ; ; ; ; ; ; ; ; ; ; 
MEF;20250611;IT0001278511;20291101;1000000;;0;-26250; ;-26250; ;-26250; ;-26250; ;-26250; ;-26250; ;-1026250; ; ; ; ; ; ; ; ; ; ; ; ; ; ; ; ; ; ; ; ; ; ; ; ; ; ; ; ; 
MEF;20250611;IT0005387052;20300515;26000000;IT0005403552;-26000000; ;-50229.34; ;-50229.34; ;-50229.34; ;-50229.34; ;-50229.34; ;-50229.34; ;-50229.34; ;-50229.34; ; ; ; ; ; ; ; ; ; ; ; ; ; ; ; ; ; ; ; ; ; ; ; ; ; 
MEF;20250613;IT0001086567;20261101;1000000;;0;-1036250; ; ; ; ; ; ; ; ; ; ; ; ; ; ; ; ; ; ; ; ; ; ; ; ; ; ; ; ; ; ; ; ; ; ; ; ; ; ; ; ; 
MEF;20250617;IT0001444378;20310501;1000000;;0;-30000; ;-30000; ;-30000; ;-30000; ;-30000; ;-30000; ;-30000; ;-30000; ;-30000; ;-1030000; ; ; ; ; ; ; ; ; ; ; ; ; ; ; ; ; ; ; ; ; ; ; 
MEF;20250619;IT0005482994;20330515;36000000;IT0005491458;-36000000; ;-16700.27; ;-16700.27; ;-16700.27; ;-16700.27; ;-16700.27; ;-16700.27; ;-16700.27; ;-16700.27; ;-16700.27; ;-16700.27; ;-16700.27; ;-16700.27; ;-16700.27; ;-16700.27; ; ; ; ; ; ; ; ; ; ; ; ; ; 
MEF;20250623;IT0001174611;20271101;-1100000;;0;35750; ;35750; ;1135750; ; ; ; ; ; ; ; ; ; ; ; ; ; ; ; ; ; ; ; ; ; ; ; ; ; ; ; ; ; ; ; ; ; ; ; ; 
MEF;20250624;IT0001174611;20271101;1000000;;0;-32500; ;-32500; ;-1032500; ; ; ; ; ; ; ; ; ; ; ; ; ; ; ; ; ; ; ; ; ; ; ; ; ; ; ; ; ; ; ; ; ; ; ; ; 
MEF;20250626;IT0001444378;20310501;-6000000;;0;180000; ;180000; ;180000; ;180000; ;180000; ;180000; ;180000; ;180000; ;180000; ;6180000; ; ; ; ; ; ; ; ; ; ; ; ; ; ; ; ; ; ; ; ; ; ; 
MEF;20250627;IT0001444378;20310501;1000000;;0;-30000; ;-30000; ;-30000; ;-30000; ;-30000; ;-30000; ;-30000; ;-30000; ;-30000; ;-1030000; ; ; ; ; ; ; ; ; ; ; ; ; ; ; ; ; ; ; ; ; ; ; 
MEF;20250627;IT0005387052;20300515;15000000;IT0005403552;-15000000; ;-28978.46; ;-28978.46; ;-28978.46; ;-28978.46; ;-28978.46; ;-28978.46; ;-28978.46; ;-28978.46; ; ; ; ; ; ; ; ; ; ; ; ; ; ; ; ; ; ; ; ; ; ; ; ; ; 
MEF;20250627;IT0005482994;20330515;1000000;IT0005491458;-1000000; ;-463.9; ;-463.9; ;-463.9; ;-463.9; ;-463.9; ;-463.9; ;-463.9; ;-463.9; ;-463.9; ;-463.9; ;-463.9; ;-463.9; ;-463.9; ;-463.9; ; ; ; ; ; ; ; ; ; ; ; ; ; 
MEF;20250630;IT0001278511;20291101;-900000;;0;23625; ;23625; ;23625; ;23625; ;23625; ;23625; ;923625; ; ; ; ; ; ; ; ; ; ; ; ; ; ; ; ; ; ; ; ; ; ; ; ; ; ; ; ; 
MEF;20250701;IT0001086567;20261101;-30000000;;0;31087500; ; ; ; ; ; ; ; ; ; ; ; ; ; ; ; ; ; ; ; ; ; ; ; ; ; ; ; ; ; ; ; ; ; ; ; ; ; ; ; ; 
MEF;20250702;IT0001086567;20261101;-46000000;;0;47667500; ; ; ; ; ; ; ; ; ; ; ; ; ; ; ; ; ; ; ; ; ; ; ; ; ; ; ; ; ; ; ; ; ; ; ; ; ; ; ; ; 
MEF;20250702;IT0005482994;20330515;-1000000;IT0005491458;1000000; ;463.9; ;463.9; ;463.9; ;463.9; ;463.9; ;463.9; ;463.9; ;463.9; ;463.9; ;463.9; ;463.9; ;463.9; ;463.9; ;463.9; ; ; ; ; ; ; ; ; ; ; ; ; ; 
MEF;20250703;IT0001278511;20291101;1000000;;0;-26250; ;-26250; ;-26250; ;-26250; ;-26250; ;-26250; ;-1026250; ; ; ; ; ; ; ; ; ; ; ; ; ; ; ; ; ; ; ; ; ; ; ; ; ; ; ; ; 
MEF;20250703;IT0005387052;20300515;117000000;IT0005403552;-117000000; ;-226032.01; ;-226032.01; ;-226032.01; ;-226032.01; ;-226032.01; ;-226032.01; ;-226032.01; ;-226032.01; ; ; ; ; ; ; ; ; ; ; ; ; ; ; ; ; ; ; ; ; ; ; ; ; ; 
MEF;20250708;IT0005482994;20330515;1000000;IT0005491458;-1000000; ;-463.9; ;-463.9; ;-463.9; ;-463.9; ;-463.9; ;-463.9; ;-463.9; ;-463.9; ;-463.9; ;-463.9; ;-463.9; ;-463.9; ;-463.9; ;-463.9; ; ; ; ; ; ; ; ; ; ; ; ; ; 
MEF;20250710;IT0001444378;20310501;1000000;;0;-30000; ;-30000; ;-30000; ;-30000; ;-30000; ;-30000; ;-30000; ;-30000; ;-30000; ;-1030000; ; ; ; ; ; ; ; ; ; ; ; ; ; ; ; ; ; ; ; ; ; ; 
MEF;20250711;IT0001174611;20271101;-900000;;0;29250; ;29250; ;929250; ; ; ; ; ; ; ; ; ; ; ; ; ; ; ; ; ; ; ; ; ; ; ; ; ; ; ; ; ; ; ; ; ; ; ; ; 
MEF;20250714;IT0001444378;20310501;1000000;;0;-30000; ;-30000; ;-30000; ;-30000; ;-30000; ;-30000; ;-30000; ;-30000; ;-30000; ;-1030000; ; ; ; ; ; ; ; ; ; ; ; ; ; ; ; ; ; ; ; ; ; ; 
MEF;20250714;IT0005482994;20330515;73000000;IT0005491458;-73000000; ;-33864.44; ;-33864.44; ;-33864.44; ;-33864.44; ;-33864.44; ;-33864.44; ;-33864.44; ;-33864.44; ;-33864.44; ;-33864.44; ;-33864.44; ;-33864.44; ;-33864.44; ;-33864.44; ; ; ; ; ; ; ; ; ; ; ; ; ; 
MEF;20250717;IT0001174611;20271101;5000000;;0;-162500; ;-162500; ;-5162500; ; ; ; ; ; ; ; ; ; ; ; ; ; ; ; ; ; ; ; ; ; ; ; ; ; ; ; ; ; ; ; ; ; ; ; ; 
MEF;20250717;IT0001278511;20291101;1000000;;0;-26250; ;-26250; ;-26250; ;-26250; ;-26250; ;-26250; ;-1026250; ; ; ; ; ; ; ; ; ; ; ; ; ; ; ; ; ; ; ; ; ; ; ; ; ; ; ; ; 
MEF;20250718;IT0001086567;20261101;-1100000;;0;1139875; ; ; ; ; ; ; ; ; ; ; ; ; ; ; ; ; ; ; ; ; ; ; ; ; ; ; ; ; ; ; ; ; ; ; ; ; ; ; ; ; 
MEF;20250718;IT0001086567;20261101;-15000000;;0;15543750; ; ; ; ; ; ; ; ; ; ; ; ; ; ; ; ; ; ; ; ; ; ; ; ; ; ; ; ; ; ; ; ; ; ; ; ; ; ; ; ; 
MEF;20250722;IT0001444378;20310501;1000000;;0;-30000; ;-30000; ;-30000; ;-30000; ;-30000; ;-30000; ;-30000; ;-30000; ;-30000; ;-1030000; ; ; ; ; ; ; ; ; ; ; ; ; ; ; ; ; ; ; ; ; ; ; 
MEF;20250724;IT0001086567;20261101;-3000000;;0;3108750; ; ; ; ; ; ; ; ; ; ; ; ; ; ; ; ; ; ; ; ; ; ; ; ; ; ; ; ; ; ; ; ; ; ; ; ; ; ; ; ; 
MEF;20250724;IT0001174611;20271101;-1000000;;0;32500; ;32500; ;1032500; ; ; ; ; ; ; ; ; ; ; ; ; ; ; ; ; ; ; ; ; ; ; ; ; ; ; ; ; ; ; ; ; ; ; ; ; 
MEF;20250724;IT0005482994;20330515;-1000000;IT0005491458;1000000; ;463.9; ;463.9; ;463.9; ;463.9; ;463.9; ;463.9; ;463.9; ;463.9; ;463.9; ;463.9; ;463.9; ;463.9; ;463.9; ;463.9; ; ; ; ; ; ; ; ; ; ; ; ; ; 
MEF;20250728;IT0005588881;20360515;58000000;IT0005594392;-58000000; ;-421488.93; ;-421488.93; ;-421488.93; ;-421488.93; ;-421488.93; ;-421488.93; ;-421488.93; ;-421488.93; ;-421488.93; ;-421488.93; ;-421488.93; ;-421488.93; ;-421488.93; ;-421488.93; ;-421488.93;-421488.93;-421488.93;-421488.93;-421488.93;-421488.93; ; ; ; ; ; ; 
MEF;20250729;IT0001086567;20261101;-10000;;0;10362.5; ; ; ; ; ; ; ; ; ; ; ; ; ; ; ; ; ; ; ; ; ; ; ; ; ; ; ; ; ; ; ; ; ; ; ; ; ; ; ; ; 
MEF;20250729;IT0001086567;20261101;10000;;0;-10362.5; ; ; ; ; ; ; ; ; ; ; ; ; ; ; ; ; ; ; ; ; ; ; ; ; ; ; ; ; ; ; ; ; ; ; ; ; ; ; ; ; 
MEF;20250729;IT0005387052;20300515;-5000000;IT0005403552;5000000; ;9659.49; ;9659.49; ;9659.49; ;9659.49; ;9659.49; ;9659.49; ;9659.49; ;9659.49; ; ; ; ; ; ; ; ; ; ; ; ; ; ; ; ; ; ; ; ; ; ; ; ; ; 
MEF;20250729;IT0005543803;20290515;9000000;IT0005554925;-9000000; ;-55888.28; ;-55888.28; ;-55888.28; ;-55888.28; ;-55888.28; ;-55888.28; ; ; ; ; ; ; ; ; ; ; ; ; ; ; ; ; ; ; ; ; ; ; ; ; ; ; ; ; ; 
MEF;20250801;IT0001174611;20271101;7000000;;0;-227500; ;-227500; ;-7227500; ; ; ; ; ; ; ; ; ; ; ; ; ; ; ; ; ; ; ; ; ; ; ; ; ; ; ; ; ; ; ; ; ; ; ; ; 
MEF;20250801;IT0001278511;20291101;500000;;0;-13125; ;-13125; ;-13125; ;-13125; ;-13125; ;-13125; ;-513125; ; ; ; ; ; ; ; ; ; ; ; ; ; ; ; ; ; ; ; ; ; ; ; ; ; ; ; ; 
MEF;20250801;IT0001444378;20310501;1000000;;0;-30000; ;-30000; ;-30000; ;-30000; ;-30000; ;-30000; ;-30000; ;-30000; ;-30000; ;-1030000; ; ; ; ; ; ; ; ; ; ; ; ; ; ; ; ; ; ; ; ; ; ; 
MEF;20250801;IT0005387052;20300515;2000000;IT0005403552;-2000000; ;-3863.8; ;-3863.8; ;-3863.8; ;-3863.8; ;-3863.8; ;-3863.8; ;-3863.8; ;-3863.8; ; ; ; ; ; ; ; ; ; ; ; ; ; ; ; ; ; ; ; ; ; ; ; ; ; 
MEF;20250804;IT0001086567;20261101;-5000000;;0;5181250; ; ; ; ; ; ; ; ; ; ; ; ; ; ; ; ; ; ; ; ; ; ; ; ; ; ; ; ; ; ; ; ; ; ; ; ; ; ; ; ; 
MEF;20250804;IT0001174611;20271101;1000000;;0;-32500; ;-32500; ;-1032500; ; ; ; ; ; ; ; ; ; ; ; ; ; ; ; ; ; ; ; ; ; ; ; ; ; ; ; ; ; ; ; ; ; ; ; ; 
MEF;20250805;IT0001174611;20271101;1000000;;0;-32500; ;-32500; ;-1032500; ; ; ; ; ; ; ; ; ; ; ; ; ; ; ; ; ; ; ; ; ; ; ; ; ; ; ; ; ; ; ; ; ; ; ; ; 
MEF;20250805;IT0001444378;20310501;1000000;;0;-30000; ;-30000; ;-30000; ;-30000; ;-30000; ;-30000; ;-30000; ;-30000; ;-30000; ;-1030000; ; ; ; ; ; ; ; ; ; ; ; ; ; ; ; ; ; ; ; ; ; ; 
MEF;20250805;IT0005387052;20300515;17000000;IT0005403552;-17000000; ;-32842.26; ;-32842.26; ;-32842.26; ;-32842.26; ;-32842.26; ;-32842.26; ;-32842.26; ;-32842.26; ; ; ; ; ; ; ; ; ; ; ; ; ; ; ; ; ; ; ; ; ; ; ; ; ; 
MEF;20250808;IT0001086567;20261101;-2500000;;0;2590625; ; ; ; ; ; ; ; ; ; ; ; ; ; ; ; ; ; ; ; ; ; ; ; ; ; ; ; ; ; ; ; ; ; ; ; ; ; ; ; ; 
MEF;20250815;IT0005387052;20300515;43000000;IT0005403552;-43000000; ;-83071.59; ;-83071.59; ;-83071.59; ;-83071.59; ;-83071.59; ;-83071.59; ;-83071.59; ;-83071.59; ; ; ; ; ; ; ; ; ; ; ; ; ; ; ; ; ; ; ; ; ; ; ; ; ; 
MEF;20250818;IT0001174611;20271101;1000000;;0;-32500; ;-32500; ;-1032500; ; ; ; ; ; ; ; ; ; ; ; ; ; ; ; ; ; ; ; ; ; ; ; ; ; ; ; ; ; ; ; ; ; ; ; ; 
MEF;20250819;IT0001086567;20261101;-9000000;;0;9326250; ; ; ; ; ; ; ; ; ; ; ; ; ; ; ; ; ; ; ; ; ; ; ; ; ; ; ; ; ; ; ; ; ; ; ; ; ; ; ; ; 
MEF;20250819;IT0001174611;20271101;-1000000;;0;32500; ;32500; ;1032500; ; ; ; ; ; ; ; ; ; ; ; ; ; ; ; ; ; ; ; ; ; ; ; ; ; ; ; ; ; ; ; ; ; ; ; ; 
MEF;20250819;IT0001278511;20291101;-1000000;;0;26250; ;26250; ;26250; ;26250; ;26250; ;26250; ;1026250; ; ; ; ; ; ; ; ; ; ; ; ; ; ; ; ; ; ; ; ; ; ; ; ; ; ; ; ; 
MEF;20250821;IT0001174611;20271101;1000000;;0;-32500; ;-32500; ;-1032500; ; ; ; ; ; ; ; ; ; ; ; ; ; ; ; ; ; ; ; ; ; ; ; ; ; ; ; ; ; ; ; ; ; ; ; ; 
MEF;20250827;IT0001444378;20310501;1000000;;0;-30000; ;-30000; ;-30000; ;-30000; ;-30000; ;-30000; ;-30000; ;-30000; ;-30000; ;-1030000; ; ; ; ; ; ; ; ; ; ; ; ; ; ; ; ; ; ; ; ; ; ; 
MEF;20250828;IT0001278511;20291101;1000000;;0;-26250; ;-26250; ;-26250; ;-26250; ;-26250; ;-26250; ;-1026250; ; ; ; ; ; ; ; ; ; ; ; ; ; ; ; ; ; ; ; ; ; ; ; ; ; ; ; ; 
MEF;20250829;IT0001278511;20291101;-1200000;;0;31500; ;31500; ;31500; ;31500; ;31500; ;31500; ;1231500; ; ; ; ; ; ; ; ; ; ; ; ; ; ; ; ; ; ; ; ; ; ; ; ; ; ; ; ; 
MEF;20250829;IT0001278511;20291101;1000000;;0;-26250; ;-26250; ;-26250; ;-26250; ;-26250; ;-26250; ;-1026250; ; ; ; ; ; ; ; ; ; ; ; ; ; ; ; ; ; ; ; ; ; ; ; ; ; ; ; ; 
MEF;20250901;IT0001086567;20261101;1000000;;0;-1036250; ; ; ; ; ; ; ; ; ; ; ; ; ; ; ; ; ; ; ; ; ; ; ; ; ; ; ; ; ; ; ; ; ; ; ; ; ; ; ; ; 
MEF;20250903;IT0001444378;20310501;1000000;;0;-30000; ;-30000; ;-30000; ;-30000; ;-30000; ;-30000; ;-30000; ;-30000; ;-30000; ;-1030000; ; ; ; ; ; ; ; ; ; ; ; ; ; ; ; ; ; ; ; ; ; ; 
MEF;20250911;IT0001278511;20291101;1000000;;0;-26250; ;-26250; ;-26250; ;-26250; ;-26250; ;-26250; ;-1026250; ; ; ; ; ; ; ; ; ; ; ; ; ; ; ; ; ; ; ; ; ; ; ; ; ; ; ; ; 
MEF;20250911;IT0005387052;20300515;-299000000;IT0005403552;299000000; ;577637.36; ;577637.36; ;577637.36; ;577637.36; ;577637.36; ;577637.36; ;577637.36; ;577637.36; ; ; ; ; ; ; ; ; ; ; ; ; ; ; ; ; ; ; ; ; ; ; ; ; ; 
MEF;20250912;IT0005588881;20360515;62000000;IT0005594392;-62000000; ;-450557.13; ;-450557.13; ;-450557.13; ;-450557.13; ;-450557.13; ;-450557.13; ;-450557.13; ;-450557.13; ;-450557.13; ;-450557.13; ;-450557.13; ;-450557.13; ;-450557.13; ;-450557.13; ;-450557.13;-450557.13;-450557.13;-450557.13;-450557.13;-450557.13; ; ; ; ; ; ; 
MEF;20250915;IT0005543803;20290515;19000000;IT0005554925;-19000000; ;-117986.36; ;-117986.36; ;-117986.36; ;-117986.36; ;-117986.36; ;-117986.36; ; ; ; ; ; ; ; ; ; ; ; ; ; ; ; ; ; ; ; ; ; ; ; ; ; ; ; ; ; 
MEF;20250918;IT0005588881;20360515;90000000;IT0005594392;-90000000; ;-654034.54; ;-654034.54; ;-654034.54; ;-654034.54; ;-654034.54; ;-654034.54; ;-654034.54; ;-654034.54; ;-654034.54; ;-654034.54; ;-654034.54; ;-654034.54; ;-654034.54; ;-654034.54; ;-654034.54;-654034.54;-654034.54;-654034.54;-654034.54;-654034.54; ; ; ; ; ; ; 
MEF;20250919;IT0005387052;20300515;83000000;IT0005403552;-83000000; ;-160347.49; ;-160347.49; ;-160347.49; ;-160347.49; ;-160347.49; ;-160347.49; ;-160347.49; ;-160347.49; ; ; ; ; ; ; ; ; ; ; ; ; ; ; ; ; ; ; ; ; ; ; ; ; ; 
MEF;20250922;IT0001086567;20261101;-9000000;;0;9326250; ; ; ; ; ; ; ; ; ; ; ; ; ; ; ; ; ; ; ; ; ; ; ; ; ; ; ; ; ; ; ; ; ; ; ; ; ; ; ; ; 
MEF;20250923;IT0001086567;20261101;1000000;;0;-1036250; ; ; ; ; ; ; ; ; ; ; ; ; ; ; ; ; ; ; ; ; ; ; ; ; ; ; ; ; ; ; ; ; ; ; ; ; ; ; ; ; 
MEF;20250924;IT0001444378;20310501;500000;;0;-15000; ;-15000; ;-15000; ;-15000; ;-15000; ;-15000; ;-15000; ;-15000; ;-15000; ;-515000; ; ; ; ; ; ; ; ; ; ; ; ; ; ; ; ; ; ; ; ; ; ; 
MEF;20250926;IT0001174611;20271101;-1000000;;0;32500; ;32500; ;1032500; ; ; ; ; ; ; ; ; ; ; ; ; ; ; ; ; ; ; ; ; ; ; ; ; ; ; ; ; ; ; ; ; ; ; ; ; 
MEF;20251002;IT0001278511;20291101;22500000;;0;-590625; ;-590625; ;-590625; ;-590625; ;-590625; ;-590625; ;-23090625; ; ; ; ; ; ; ; ; ; ; ; ; ; ; ; ; ; ; ; ; ; ; ; ; ; ; ; ; 
MEF;20251002;IT0001444378;20310501;500000;;0;-15000; ;-15000; ;-15000; ;-15000; ;-15000; ;-15000; ;-15000; ;-15000; ;-15000; ;-515000; ; ; ; ; ; ; ; ; ; ; ; ; ; ; ; ; ; ; ; ; ; ; 
MEF;20251003;IT0001086567;20261101;-7000000;;0;7253750; ; ; ; ; ; ; ; ; ; ; ; ; ; ; ; ; ; ; ; ; ; ; ; ; ; ; ; ; ; ; ; ; ; ; ; ; ; ; ; ; 
MEF;20251003;IT0001086567;20261101;1000000;;0;-1036250; ; ; ; ; ; ; ; ; ; ; ; ; ; ; ; ; ; ; ; ; ; ; ; ; ; ; ; ; ; ; ; ; ; ; ; ; ; ; ; ; 
MEF;20251003;IT0001174611;20271101;-1100000;;0;35750; ;35750; ;1135750; ; ; ; ; ; ; ; ; ; ; ; ; ; ; ; ; ; ; ; ; ; ; ; ; ; ; ; ; ; ; ; ; ; ; ; ; 
MEF;20251007;IT0001086567;20261101;-10000000;;0;10362500; ; ; ; ; ; ; ; ; ; ; ; ; ; ; ; ; ; ; ; ; ; ; ; ; ; ; ; ; ; ; ; ; ; ; ; ; ; ; ; ; 
MEF;20251010;IT0001086567;20261101;-1200000;;0;1243500; ; ; ; ; ; ; ; ; ; ; ; ; ; ; ; ; ; ; ; ; ; ; ; ; ; ; ; ; ; ; ; ; ; ; ; ; ; ; ; ; 
MEF;20251013;IT0001278511;20291101;500000;;0;-13125; ;-13125; ;-13125; ;-13125; ;-13125; ;-13125; ;-513125; ; ; ; ; ; ; ; ; ; ; ; ; ; ; ; ; ; ; ; ; ; ; ; ; ; ; ; ; 
MEF;20251016;IT0001174611;20271101;1000000;;0;-32500; ;-32500; ;-1032500; ; ; ; ; ; ; ; ; ; ; ; ; ; ; ; ; ; ; ; ; ; ; ; ; ; ; ; ; ; ; ; ; ; ; ; ; 
MEF;20251017;IT0001174611;20271101;-1200000;;0;39000; ;39000; ;1239000; ; ; ; ; ; ; ; ; ; ; ; ; ; ; ; ; ; ; ; ; ; ; ; ; ; ; ; ; ; ; ; ; ; ; ; ; 
MEF;20251017;IT0001278511;20291101;-900000;;0;23625; ;23625; ;23625; ;23625; ;23625; ;23625; ;923625; ; ; ; ; ; ; ; ; ; ; ; ; ; ; ; ; ; ; ; ; ; ; ; ; ; ; ; ; 
MEF;20251017;IT0001444378;20310501;1000000;;0;-30000; ;-30000; ;-30000; ;-30000; ;-30000; ;-30000; ;-30000; ;-30000; ;-30000; ;-1030000; ; ; ; ; ; ; ; ; ; ; ; ; ; ; ; ; ; ; ; ; ; ; 
MEF;20251022;IT0001278511;20291101;1000000;;0;-26250; ;-26250; ;-26250; ;-26250; ;-26250; ;-26250; ;-1026250; ; ; ; ; ; ; ; ; ; ; ; ; ; ; ; ; ; ; ; ; ; ; ; ; ; ; ; ; 
MEF;20251023;IT0001086567;20261101;-4000000;;0;4145000; ; ; ; ; ; ; ; ; ; ; ; ; ; ; ; ; ; ; ; ; ; ; ; ; ; ; ; ; ; ; ; ; ; ; ; ; ; ; ; ; 
MEF;20251023;IT0001174611;20271101;-2000000;;0;65000; ;65000; ;2065000; ; ; ; ; ; ; ; ; ; ; ; ; ; ; ; ; ; ; ; ; ; ; ; ; ; ; ; ; ; ; ; ; ; ; ; ; 
MEF;20251023;IT0001278511;20291101;-1000000;;0;26250; ;26250; ;26250; ;26250; ;26250; ;26250; ;1026250; ; ; ; ; ; ; ; ; ; ; ; ; ; ; ; ; ; ; ; ; ; ; ; ; ; ; ; ; 
MEF;20251030;IT0005588881;20360515;1000000;IT0005594392;-1000000; ;-7267.05; ;-7267.05; ;-7267.05; ;-7267.05; ;-7267.05; ;-7267.05; ;-7267.05; ;-7267.05; ;-7267.05; ;-7267.05; ;-7267.05; ;-7267.05; ;-7267.05; ;-7267.05; ;-7267.05;-7267.05;-7267.05;-7267.05;-7267.05;-7267.05; ; ; ; ; ; ; 
MEF;20251103;IT0001086567;20261101;4000000;;0;-4145000; ; ; ; ; ; ; ; ; ; ; ; ; ; ; ; ; ; ; ; ; ; ; ; ; ; ; ; ; ; ; ; ; ; ; ; ; ; ; ; ; 
MEF;20251103;IT0001174611;20271101;4000000;;0;-130000; ;-130000; ;-4130000; ; ; ; ; ; ; ; ; ; ; ; ; ; ; ; ; ; ; ; ; ; ; ; ; ; ; ; ; ; ; ; ; ; ; ; ; 
MEF;20251103;IT0005588881;20360515;-1000000;IT0005594392;1000000; ;7267.05; ;7267.05; ;7267.05; ;7267.05; ;7267.05; ;7267.05; ;7267.05; ;7267.05; ;7267.05; ;7267.05; ;7267.05; ;7267.05; ;7267.05; ;7267.05; ;7267.05;7267.05;7267.05;7267.05;7267.05;7267.05; ; ; ; ; ; ; 
MEF;20251107;IT0001086567;20261101;-2400000;;0;2487000; ; ; ; ; ; ; ; ; ; ; ; ; ; ; ; ; ; ; ; ; ; ; ; ; ; ; ; ; ; ; ; ; ; ; ; ; ; ; ; ; 
MEF;20251107;IT0001086567;20261101;1000000;;0;-1036250; ; ; ; ; ; ; ; ; ; ; ; ; ; ; ; ; ; ; ; ; ; ; ; ; ; ; ; ; ; ; ; ; ; ; ; ; ; ; ; ; 
MEF;20251107;IT0001174611;20271101;-10200000;;0;331500; ;331500; ;10531500; ; ; ; ; ; ; ; ; ; ; ; ; ; ; ; ; ; ; ; ; ; ; ; ; ; ; ; ; ; ; ; ; ; ; ; ; 
MEF;20251107;IT0005387052;20300515;48000000;IT0005403552;-48000000; ;-92731.08; ;-92731.08; ;-92731.08; ;-92731.08; ;-92731.08; ;-92731.08; ;-92731.08; ;-92731.08; ; ; ; ; ; ; ; ; ; ; ; ; ; ; ; ; ; ; ; ; ; ; ; ; ; 
MEF;20251107;IT0005482994;20330515;15000000;IT0005491458;-15000000; ;-6958.45; ;-6958.45; ;-6958.45; ;-6958.45; ;-6958.45; ;-6958.45; ;-6958.45; ;-6958.45; ;-6958.45; ;-6958.45; ;-6958.45; ;-6958.45; ;-6958.45; ;-6958.45; ; ; ; ; ; ; ; ; ; ; ; ; ; 
MEF;20251111;IT0001444378;20310501;3200000;;0;-96000; ;-96000; ;-96000; ;-96000; ;-96000; ;-96000; ;-96000; ;-96000; ;-96000; ;-3296000; ; ; ; ; ; ; ; ; ; ; ; ; ; ; ; ; ; ; ; ; ; ; 
MEF;20251117;IT0001444378;20310501;1000000;;0;-30000; ;-30000; ;-30000; ;-30000; ;-30000; ;-30000; ;-30000; ;-30000; ;-30000; ;-1030000; ; ; ; ; ; ; ; ; ; ; ; ; ; ; ; ; ; ; ; ; ; ; 
MEF;20251118;IT0001086567;20261101;1000000;;0;-1036250; ; ; ; ; ; ; ; ; ; ; ; ; ; ; ; ; ; ; ; ; ; ; ; ; ; ; ; ; ; ; ; ; ; ; ; ; ; ; ; ; 
MEF;20251119;IT0001086567;20261101;1000000;;0;-1036250; ; ; ; ; ; ; ; ; ; ; ; ; ; ; ; ; ; ; ; ; ; ; ; ; ; ; ; ; ; ; ; ; ; ; ; ; ; ; ; ; 
MEF;20251119;IT0001444378;20310501;1000000;;0;-30000; ;-30000; ;-30000; ;-30000; ;-30000; ;-30000; ;-30000; ;-30000; ;-30000; ;-1030000; ; ; ; ; ; ; ; ; ; ; ; ; ; ; ; ; ; ; ; ; ; ; 
MEF;20251120;IT0001086567;20261101;1000000;;0;-1036250; ; ; ; ; ; ; ; ; ; ; ; ; ; ; ; ; ; ; ; ; ; ; ; ; ; ; ; ; ; ; ; ; ; ; ; ; ; ; ; ; 
MEF;20251121;IT0001086567;20261101;-1200000;;0;1243500; ; ; ; ; ; ; ; ; ; ; ; ; ; ; ; ; ; ; ; ; ; ; ; ; ; ; ; ; ; ; ; ; ; ; ; ; ; ; ; ; 
MEF;20251121;IT0001086567;20261101;-900000;;0;932625; ; ; ; ; ; ; ; ; ; ; ; ; ; ; ; ; ; ; ; ; ; ; ; ; ; ; ; ; ; ; ; ; ; ; ; ; ; ; ; ; 
MEF;20251121;IT0001174611;20271101;-36000000;;0;1170000; ;1170000; ;37170000; ; ; ; ; ; ; ; ; ; ; ; ; ; ; ; ; ; ; ; ; ; ; ; ; ; ; ; ; ; ; ; ; ; ; ; ; 
MEF;20251121;IT0001278511;20291101;-3000000;;0;78750; ;78750; ;78750; ;78750; ;78750; ;78750; ;3078750; ; ; ; ; ; ; ; ; ; ; ; ; ; ; ; ; ; ; ; ; ; ; ; ; ; ; ; ; 
MEF;20251124;IT0001444378;20310501;1000000;;0;-30000; ;-30000; ;-30000; ;-30000; ;-30000; ;-30000; ;-30000; ;-30000; ;-30000; ;-1030000; ; ; ; ; ; ; ; ; ; ; ; ; ; ; ; ; ; ; ; ; ; ; 
MEF;20251128;IT0001086567;20261101;2000000;;0;-2072500; ; ; ; ; ; ; ; ; ; ; ; ; ; ; ; ; ; ; ; ; ; ; ; ; ; ; ; ; ; ; ; ; ; ; ; ; ; ; ; ; 
MEF;20251128;IT0001444378;20310501;1000000;;0;-30000; ;-30000; ;-30000; ;-30000; ;-30000; ;-30000; ;-30000; ;-30000; ;-30000; ;-1030000; ; ; ; ; ; ; ; ; ; ; ; ; ; ; ; ; ; ; ; ; ; ; 
MEF;20251201;IT0001086567;20261101;1000000;;0;-1036250; ; ; ; ; ; ; ; ; ; ; ; ; ; ; ; ; ; ; ; ; ; ; ; ; ; ; ; ; ; ; ; ; ; ; ; ; ; ; ; ; 
MEF;20251202;IT0001086567;20261101;-1000000;;0;1036250; ; ; ; ; ; ; ; ; ; ; ; ; ; ; ; ; ; ; ; ; ; ; ; ; ; ; ; ; ; ; ; ; ; ; ; ; ; ; ; ; 
MEF;20251202;IT0001174611;20271101;-8000000;;0;260000; ;260000; ;8260000; ; ; ; ; ; ; ; ; ; ; ; ; ; ; ; ; ; ; ; ; ; ; ; ; ; ; ; ; ; ; ; ; ; ; ; ; 
MEF;20251203;IT0001086567;20261101;1000000;;0;-1036250; ; ; ; ; ; ; ; ; ; ; ; ; ; ; ; ; ; ; ; ; ; ; ; ; ; ; ; ; ; ; ; ; ; ; ; ; ; ; ; ; 
MEF;20251203;IT0001444378;20310501;2500000;;0;-75000; ;-75000; ;-75000; ;-75000; ;-75000; ;-75000; ;-75000; ;-75000; ;-75000; ;-2575000; ; ; ; ; ; ; ; ; ; ; ; ; ; ; ; ; ; ; ; ; ; ; 
MEF;20251203;IT0005246134;20280515;-2000000;IT0005262073;2000000; ;12957.67; ;12957.67; ;12957.67; ;12957.67; ; ; ; ; ; ; ; ; ; ; ; ; ; ; ; ; ; ; ; ; ; ; ; ; ; ; ; ; ; ; ; ; ; 
MEF;20251208;IT0001086567;20261101;1000000;;0;-1036250; ; ; ; ; ; ; ; ; ; ; ; ; ; ; ; ; ; ; ; ; ; ; ; ; ; ; ; ; ; ; ; ; ; ; ; ; ; ; ; ; 
MEF;20251212;IT0005588881;20360515;61000000;IT0005594392;-61000000; ;-443290.08; ;-443290.08; ;-443290.08; ;-443290.08; ;-443290.08; ;-443290.08; ;-443290.08; ;-443290.08; ;-443290.08; ;-443290.08; ;-443290.08; ;-443290.08; ;-443290.08; ;-443290.08; ;-443290.08;-443290.08;-443290.08;-443290.08;-443290.08;-443290.08; ; ; ; ; ; ; 
MEF;20251219;IT0001086567;20261101;-12100000;;0;12538625; ; ; ; ; ; ; ; ; ; ; ; ; ; ; ; ; ; ; ; ; ; ; ; ; ; ; ; ; ; ; ; ; ; ; ; ; ; ; ; ; 
MEF;20251219;IT0001086567;20261101;1000000;;0;-1036250; ; ; ; ; ; ; ; ; ; ; ; ; ; ; ; ; ; ; ; ; ; ; ; ; ; ; ; ; ; ; ; ; ; ; ; ; ; ; ; ; 
MEF;20251222;IT0005387052;20300515;-5000000;IT0005403552;5000000; ;9659.49; ;9659.49; ;9659.49; ;9659.49; ;9659.49; ;9659.49; ;9659.49; ;9659.49; ; ; ; ; ; ; ; ; ; ; ; ; ; ; ; ; ; ; ; ; ; ; ; ; ; 
MEF;20251222;IT0005387052;20300515;75000000;IT0005403552;-75000000; ;-144892.31; ;-144892.31; ;-144892.31; ;-144892.31; ;-144892.31; ;-144892.31; ;-144892.31; ;-144892.31; ; ; ; ; ; ; ; ; ; ; ; ; ; ; ; ; ; ; ; ; ; ; ; ; ; 
MEF;20251222;IT0005482994;20330515;-3000000;IT0005491458;3000000; ;1391.69; ;1391.69; ;1391.69; ;1391.69; ;1391.69; ;1391.69; ;1391.69; ;1391.69; ;1391.69; ;1391.69; ;1391.69; ;1391.69; ;1391.69; ;1391.69; ; ; ; ; ; ; ; ; ; ; ; ; ; 
MEF;20251222;IT0005543803;20290515;-15000000;IT0005554925;15000000; ;93147.13; ;93147.13; ;93147.13; ;93147.13; ;93147.13; ;93147.13; ; ; ; ; ; ; ; ; ; ; ; ; ; ; ; ; ; ; ; ; ; ; ; ; ; ; ; ; ; 
MEF;20251224;IT0001444378;20310501;-17000000;;0;510000; ;510000; ;510000; ;510000; ;510000; ;510000; ;510000; ;510000; ;510000; ;17510000; ; ; ; ; ; ; ; ; ; ; ; ; ; ; ; ; ; ; ; ; ; ; 
MEF;20251230;IT0001086567;20261101;-1600000;;0;1658000; ; ; ; ; ; ; ; ; ; ; ; ; ; ; ; ; ; ; ; ; ; ; ; ; ; ; ; ; ; ; ; ; ; ; ; ; ; ; ; ; 
MEF;20251231;IT0005544082;20331101;20000000;;0;-435000; ;-435000; ;-435000; ;-435000; ;-435000; ;-435000; ;-435000; ;-435000; ;-435000; ;-435000; ;-435000; ;-435000; ;-435000; ;-435000; ;-20435000; ; ; ; ; ; ; ; ; ; ; ; ; 
MEF;20260106;IT0001086567;20261101;1000000;;0;-1036250; ; ; ; ; ; ; ; ; ; ; ; ; ; ; ; ; ; ; ; ; ; ; ; ; ; ; ; ; ; ; ; ; ; ; ; ; ; ; ; ; 
MEF;20260107;IT0005544082;20331101;20000000;;0;-435000; ;-435000; ;-435000; ;-435000; ;-435000; ;-435000; ;-435000; ;-435000; ;-435000; ;-435000; ;-435000; ;-435000; ;-435000; ;-435000; ;-20435000; ; ; ; ; ; ; ; ; ; ; ; ; 
MEF;20260108;IT0001444378;20310501;1000000;;0;-30000; ;-30000; ;-30000; ;-30000; ;-30000; ;-30000; ;-30000; ;-30000; ;-30000; ;-1030000; ; ; ; ; ; ; ; ; ; ; ; ; ; ; ; ; ; ; ; ; ; ; 
MEF;20260108;IT0005544082;20331101;-20000000;;0;435000; ;435000; ;435000; ;435000; ;435000; ;435000; ;435000; ;435000; ;435000; ;435000; ;435000; ;435000; ;435000; ;435000; ;20435000; ; ; ; ; ; ; ; ; ; ; ; ; 
MEF;20260109;IT0001086567;20261101;1000000;;0;-1036250; ; ; ; ; ; ; ; ; ; ; ; ; ; ; ; ; ; ; ; ; ; ; ; ; ; ; ; ; ; ; ; ; ; ; ; ; ; ; ; ; 
MEF;20260109;IT0005547812;20390515;135000000;IT0005581548;-135000000; ;-1334226; ;-1334226; ;-1334226; ;-1334226; ;-1334226; ;-1334226; ;-1334226; ;-1334226; ;-1334226; ;-1334226; ;-1334226; ;-1334226; ;-1334226; ;-1334226; ;-1334226;-1334226;-1334226;-1334226;-1334226;-1334226;-1334226;-1334226;-1334226;-1334226;-1334226;-1334226; 
MEF;20260113;IT0005482994;20330515;2000000;IT0005491458;-2000000; ;-927.79; ;-927.79; ;-927.79; ;-927.79; ;-927.79; ;-927.79; ;-927.79; ;-927.79; ;-927.79; ;-927.79; ;-927.79; ;-927.79; ;-927.79; ;-927.79; ; ; ; ; ; ; ; ; ; ; ; ; ; 
MEF;20260114;IT0001444378;20310501;1000000;;0;-30000; ;-30000; ;-30000; ;-30000; ;-30000; ;-30000; ;-30000; ;-30000; ;-30000; ;-1030000; ; ; ; ; ; ; ; ; ; ; ; ; ; ; ; ; ; ; ; ; ; ; 
MEF;20260114;IT0001444378;20310501;1500000;;0;-45000; ;-45000; ;-45000; ;-45000; ;-45000; ;-45000; ;-45000; ;-45000; ;-45000; ;-1545000; ; ; ; ; ; ; ; ; ; ; ; ; ; ; ; ; ; ; ; ; ; ; 
MEF;20260114;IT0005544082;20331101;-18000000;;0;391500; ;391500; ;391500; ;391500; ;391500; ;391500; ;391500; ;391500; ;391500; ;391500; ;391500; ;391500; ;391500; ;391500; ;18391500; ; ; ; ; ; ; ; ; ; ; ; ; 
MEF;20260116;IT0001086567;20261101;-900000;;0;932625; ; ; ; ; ; ; ; ; ; ; ; ; ; ; ; ; ; ; ; ; ; ; ; ; ; ; ; ; ; ; ; ; ; ; ; ; ; ; ; ; 
MEF;20260116;IT0001444378;20310501;6300000;;0;-189000; ;-189000; ;-189000; ;-189000; ;-189000; ;-189000; ;-189000; ;-189000; ;-189000; ;-6489000; ; ; ; ; ; ; ; ; ; ; ; ; ; ; ; ; ; ; ; ; ; ; 
MEF;20260120;IT0001278511;20291101;1600000;;0;-42000; ;-42000; ;-42000; ;-42000; ;-42000; ;-42000; ;-1642000; ; ; ; ; ; ; ; ; ; ; ; ; ; ; ; ; ; ; ; ; ; ; ; ; ; ; ; ; 
MEF;20260121;IT0001086567;20261101;3100000;;0;-3212375; ; ; ; ; ; ; ; ; ; ; ; ; ; ; ; ; ; ; ; ; ; ; ; ; ; ; ; ; ; ; ; ; ; ; ; ; ; ; ; ; 
MEF;20260122;IT0001174611;20271101;1000000;;0;-32500; ;-32500; ;-1032500; ; ; ; ; ; ; ; ; ; ; ; ; ; ; ; ; ; ; ; ; ; ; ; ; ; ; ; ; ; ; ; ; ; ; ; ; 
MEF;20260123;IT0001174611;20271101;-6000000;;0;195000; ;195000; ;6195000; ; ; ; ; ; ; ; ; ; ; ; ; ; ; ; ; ; ; ; ; ; ; ; ; ; ; ; ; ; ; ; ; ; ; ; ; 
MEF;20260123;IT0005387052;20300515;6000000;IT0005403552;-6000000; ;-11591.39; ;-11591.39; ;-11591.39; ;-11591.39; ;-11591.39; ;-11591.39; ;-11591.39; ;-11591.39; ; ; ; ; ; ; ; ; ; ; ; ; ; ; ; ; ; ; ; ; ; ; ; ; ; 
MEF;20260123;IT0005544082;20331101;-2100000;;0;45675; ;45675; ;45675; ;45675; ;45675; ;45675; ;45675; ;45675; ;45675; ;45675; ;45675; ;45675; ;45675; ;45675; ;2145675; ; ; ; ; ; ; ; ; ; ; ; ; 
MEF;20260129;IT0001278511;20291101;-4000000;;0;105000; ;105000; ;105000; ;105000; ;105000; ;105000; ;4105000; ; ; ; ; ; ; ; ; ; ; ; ; ; ; ; ; ; ; ; ; ; ; ; ; ; ; ; ; 
MEF;20260129;IT0001444378;20310501;-19000000;;0;570000; ;570000; ;570000; ;570000; ;570000; ;570000; ;570000; ;570000; ;570000; ;19570000; ; ; ; ; ; ; ; ; ; ; ; ; ; ; ; ; ; ; ; ; ; ; 
MEF;20260130;IT0001174611;20271101;1000000;;0;-32500; ;-32500; ;-1032500; ; ; ; ; ; ; ; ; ; ; ; ; ; ; ; ; ; ; ; ; ; ; ; ; ; ; ; ; ; ; ; ; ; ; ; ; 
MEF;20260203;IT0001086567;20261101;1000000;;0;-1036250; ; ; ; ; ; ; ; ; ; ; ; ; ; ; ; ; ; ; ; ; ; ; ; ; ; ; ; ; ; ; ; ; ; ; ; ; ; ; ; ; 
MEF;20260203;IT0001278511;20291101;1000000;;0;-26250; ;-26250; ;-26250; ;-26250; ;-26250; ;-26250; ;-1026250; ; ; ; ; ; ; ; ; ; ; ; ; ; ; ; ; ; ; ; ; ; ; ; ; ; ; ; ; 
MEF;20260206;IT0001278511;20291101;1000000;;0;-26250; ;-26250; ;-26250; ;-26250; ;-26250; ;-26250; ;-1026250; ; ; ; ; ; ; ; ; ; ; ; ; ; ; ; ; ; ; ; ; ; ; ; ; ; ; ; ; 
MEF;20260206;IT0001444378;20310501;-900000;;0;27000; ;27000; ;27000; ;27000; ;27000; ;27000; ;27000; ;27000; ;27000; ;927000; ; ; ; ; ; ; ; ; ; ; ; ; ; ; ; ; ; ; ; ; ; ; 
MEF;20260213;IT0005246134;20280515;-11000000;IT0005262073;11000000; ;71267.19; ;71267.19; ;71267.19; ;71267.19; ; ; ; ; ; ; ; ; ; ; ; ; ; ; ; ; ; ; ; ; ; ; ; ; ; ; ; ; ; ; ; ; ; 
MEF;20260213;IT0005387052;20300515;-145000000;IT0005403552;145000000; ;280125.14; ;280125.14; ;280125.14; ;280125.14; ;280125.14; ;280125.14; ;280125.14; ;280125.14; ; ; ; ; ; ; ; ; ; ; ; ; ; ; ; ; ; ; ; ; ; ; ; ; ; 
MEF;20260213;IT0005543803;20290515;-13000000;IT0005554925;13000000; ;80727.51; ;80727.51; ;80727.51; ;80727.51; ;80727.51; ;80727.51; ; ; ; ; ; ; ; ; ; ; ; ; ; ; ; ; ; ; ; ; ; ; ; ; ; ; ; ; ; 
MEF;20260217;IT0001174611;20271101;1000000;;0;-32500; ;-32500; ;-1032500; ; ; ; ; ; ; ; ; ; ; ; ; ; ; ; ; ; ; ; ; ; ; ; ; ; ; ; ; ; ; ; ; ; ; ; ; 
MEF;20260220;IT0001444378;20310501;-41000000;;0;1230000; ;1230000; ;1230000; ;1230000; ;1230000; ;1230000; ;1230000; ;1230000; ;1230000; ;42230000; ; ; ; ; ; ; ; ; ; ; ; ; ; ; ; ; ; ; ; ; ; ; 
MEF;20260220;IT0005387052;20300515;-1000000;IT0005403552;1000000; ;1931.9; ;1931.9; ;1931.9; ;1931.9; ;1931.9; ;1931.9; ;1931.9; ;1931.9; ; ; ; ; ; ; ; ; ; ; ; ; ; ; ; ; ; ; ; ; ; ; ; ; ; 
MEF;20260220;IT0005543803;20290515;-2000000;IT0005554925;2000000; ;12419.62; ;12419.62; ;12419.62; ;12419.62; ;12419.62; ;12419.62; ; ; ; ; ; ; ; ; ; ; ; ; ; ; ; ; ; ; ; ; ; ; ; ; ; ; ; ; ; 
MEF;20260223;IT0001444378;20310501;-1600000;;0;48000; ;48000; ;48000; ;48000; ;48000; ;48000; ;48000; ;48000; ;48000; ;1648000; ; ; ; ; ; ; ; ; ; ; ; ; ; ; ; ; ; ; ; ; ; ; 
MEF;20260227;IT0005387052;20300515;-1000000;IT0005403552;1000000; ;1931.9; ;1931.9; ;1931.9; ;1931.9; ;1931.9; ;1931.9; ;1931.9; ;1931.9; ; ; ; ; ; ; ; ; ; ; ; ; ; ; ; ; ; ; ; ; ; ; ; ; ; 
MEF;20260227;IT0005543803;20290515;-2000000;IT0005554925;2000000; ;12419.62; ;12419.62; ;12419.62; ;12419.62; ;12419.62; ;12419.62; ; ; ; ; ; ; ; ; ; ; ; ; ; ; ; ; ; ; ; ; ; ; ; ; ; ; ; ; ; 
MEF;20260303;IT0001086567;20261101;500000;;0;-518125; ; ; ; ; ; ; ; ; ; ; ; ; ; ; ; ; ; ; ; ; ; ; ; ; ; ; ; ; ; ; ; ; ; ; ; ; ; ; ; ; 
MEF;20260306;IT0001086567;20261101;-900000;;0;932625; ; ; ; ; ; ; ; ; ; ; ; ; ; ; ; ; ; ; ; ; ; ; ; ; ; ; ; ; ; ; ; ; ; ; ; ; ; ; ; ; 
MEF;20260311;IT0005387052;20300515;85000000;IT0005403552;-85000000; ;-210368.68; ;-210368.68; ;-210368.68; ;-210368.68; ;-210368.68; ;-210368.68; ;-210368.68; ;-210368.68; ; ; ; ; ; ; ; ; ; ; ; ; ; ; ; ; ; ; ; ; ; ; ; ; ; 
MEF;20260318;IT0001278511;20291101;1500000;;0;-39375; ;-39375; ;-39375; ;-39375; ;-39375; ;-39375; ;-1539375; ; ; ; ; ; ; ; ; ; ; ; ; ; ; ; ; ; ; ; ; ; ; ; ; ; ; ; ; 
MEF;20260318;IT0001444378;20310501;1500000;;0;-45000; ;-45000; ;-45000; ;-45000; ;-45000; ;-45000; ;-45000; ;-45000; ;-45000; ;-1545000; ; ; ; ; ; ; ; ; ; ; ; ; ; ; ; ; ; ; ; ; ; ; 
MEF;20260319;IT0001278511;20291101;1000000;;0;-26250; ;-26250; ;-26250; ;-26250; ;-26250; ;-26250; ;-1026250; ; ; ; ; ; ; ; ; ; ; ; ; ; ; ; ; ; ; ; ; ; ; ; ; ; ; ; ; 
MEF;20260319;IT0001444378;20310501;-30000000;;0;900000; ;900000; ;900000; ;900000; ;900000; ;900000; ;900000; ;900000; ;900000; ;30900000; ; ; ; ; ; ; ; ; ; ; ; ; ; ; ; ; ; ; ; ; ; ; 
MEF;20260319;IT0001444378;20310501;29900000;;0;-897000; ;-897000; ;-897000; ;-897000; ;-897000; ;-897000; ;-897000; ;-897000; ;-897000; ;-30797000; ; ; ; ; ; ; ; ; ; ; ; ; ; ; ; ; ; ; ; ; ; ; 
MEF;20260320;IT0001086567;20261101;-1100000;;0;1139875; ; ; ; ; ; ; ; ; ; ; ; ; ; ; ; ; ; ; ; ; ; ; ; ; ; ; ; ; ; ; ; ; ; ; ; ; ; ; ; ; 
MEF;20260325;IT0005387052;20300515;10000000;IT0005403552;-10000000; ;-24749.26; ;-24749.26; ;-24749.26; ;-24749.26; ;-24749.26; ;-24749.26; ;-24749.26; ;-24749.26; ; ; ; ; ; ; ; ; ; ; ; ; ; ; ; ; ; ; ; ; ; ; ; ; ; 
MEF;20260327;IT0001086567;20261101;1000000;;0;-1036250; ; ; ; ; ; ; ; ; ; ; ; ; ; ; ; ; ; ; ; ; ; ; ; ; ; ; ; ; ; ; ; ; ; ; ; ; ; ; ; ; 
MEF;20260327;IT0001444378;20310501;-9000000;;0;270000; ;270000; ;270000; ;270000; ;270000; ;270000; ;270000; ;270000; ;270000; ;9270000; ; ; ; ; ; ; ; ; ; ; ; ; ; ; ; ; ; ; ; ; ; ; 
MEF;20260330;IT0005588881;20360515;55000000;IT0005594392;-55000000; ;-512034.17; ;-512034.17; ;-512034.17; ;-512034.17; ;-512034.17; ;-512034.17; ;-512034.17; ;-512034.17; ;-512034.17; ;-512034.17; ;-512034.17; ;-512034.17; ;-512034.17; ;-512034.17; ;-512034.17;-512034.17;-512034.17;-512034.17;-512034.17;-512034.17; ; ; ; ; ; ; 
MEF;20260331;IT0001174611;20271101;4000000;;0;-130000; ;-130000; ;-4130000; ; ; ; ; ; ; ; ; ; ; ; ; ; ; ; ; ; ; ; ; ; ; ; ; ; ; ; ; ; ; ; ; ; ; ; ; 
MEF;20260401;IT0001174611;20271101;1000000;;0;-32500; ;-32500; ;-1032500; ; ; ; ; ; ; ; ; ; ; ; ; ; ; ; ; ; ; ; ; ; ; ; ; ; ; ; ; ; ; ; ; ; ; ; ; 
MEF;20260407;IT0005543803;20290515;-1000000;IT0005554925;1000000; ;7955.29; ;7955.29; ;7955.29; ;7955.29; ;7955.29; ;7955.29; ; ; ; ; ; ; ; ; ; ; ; ; ; ; ; ; ; ; ; ; ; ; ; ; ; ; ; ; ; 
MEF;20260408;IT0001086567;20261101;1000000;;0;-1036250; ; ; ; ; ; ; ; ; ; ; ; ; ; ; ; ; ; ; ; ; ; ; ; ; ; ; ; ; ; ; ; ; ; ; ; ; ; ; ; ; 
MEF;20260410;IT0001086567;20261101;1000000;;0;-1036250; ; ; ; ; ; ; ; ; ; ; ; ; ; ; ; ; ; ; ; ; ; ; ; ; ; ; ; ; ; ; ; ; ; ; ; ; ; ; ; ; 
MEF;20260410;IT0001174611;20271101;1700000;;0;-55250; ;-55250; ;-1755250; ; ; ; ; ; ; ; ; ; ; ; ; ; ; ; ; ; ; ; ; ; ; ; ; ; ; ; ; ; ; ; ; ; ; ; ; 
MEF;20260410;IT0001444378;20310501;-27000000;;0;810000; ;810000; ;810000; ;810000; ;810000; ;810000; ;810000; ;810000; ;810000; ;27810000; ; ; ; ; ; ; ; ; ; ; ; ; ; ; ; ; ; ; ; ; ; ; 
MEF;20260410;IT0001444378;20310501;-6200000;;0;186000; ;186000; ;186000; ;186000; ;186000; ;186000; ;186000; ;186000; ;186000; ;6386000; ; ; ; ; ; ; ; ; ; ; ; ; ; ; ; ; ; ; ; ; ; ; 
MEF;20260413;IT0001086567;20261101;1000000;;0;-1036250; ; ; ; ; ; ; ; ; ; ; ; ; ; ; ; ; ; ; ; ; ; ; ; ; ; ; ; ; ; ; ; ; ; ; ; ; ; ; ; ; 
MEF;20260413;IT0001174611;20271101;1000000;;0;-32500; ;-32500; ;-1032500; ; ; ; ; ; ; ; ; ; ; ; ; ; ; ; ; ; ; ; ; ; ; ; ; ; ; ; ; ; ; ; ; ; ; ; ; 
MEF;20260413;IT0001174611;20271101;1500000;;0;-48750; ;-48750; ;-1548750; ; ; ; ; ; ; ; ; ; ; ; ; ; ; ; ; ; ; ; ; ; ; ; ; ; ; ; ; ; ; ; ; ; ; ; ; 
MEF;20260417;IT0001174611;20271101;30000000;;0;-975000; ;-975000; ;-30975000; ; ; ; ; ; ; ; ; ; ; ; ; ; ; ; ; ; ; ; ; ; ; ; ; ; ; ; ; ; ; ; ; ; ; ; ; 
MEF;20260417;IT0001174611;20271101;3000000;;0;-97500; ;-97500; ;-3097500; ; ; ; ; ; ; ; ; ; ; ; ; ; ; ; ; ; ; ; ; ; ; ; ; ; ; ; ; ; ; ; ; ; ; ; ; 
MEF;20260417;IT0001278511;20291101;40000000;;0;-1050000; ;-1050000; ;-1050000; ;-1050000; ;-1050000; ;-1050000; ;-41050000; ; ; ; ; ; ; ; ; ; ; ; ; ; ; ; ; ; ; ; ; ; ; ; ; ; ; ; ; 
MEF;20260417;IT0005387052;20300515;-1000000;IT0005403552;1000000; ;2474.93; ;2474.93; ;2474.93; ;2474.93; ;2474.93; ;2474.93; ;2474.93; ;2474.93; ; ; ; ; ; ; ; ; ; ; ; ; ; ; ; ; ; ; ; ; ; ; ; ; ; 
MEF;20260417;IT0005482994;20330515;-1000000;IT0005491458;1000000; ;594.29; ;594.29; ;594.29; ;594.29; ;594.29; ;594.29; ;594.29; ;594.29; ;594.29; ;594.29; ;594.29; ;594.29; ;594.29; ;594.29; ; ; ; ; ; ; ; ; ; ; ; ; ; 
MEF;20260417;IT0005543803;20290515;-1000000;IT0005554925;1000000; ;7955.3; ;7955.3; ;7955.3; ;7955.3; ;7955.3; ;7955.3; ; ; ; ; ; ; ; ; ; ; ; ; ; ; ; ; ; ; ; ; ; ; ; ; ; ; ; ; ; 
MEF;20260417;IT0005543803;20290515;-3000000;IT0005554925;3000000; ;23865.89; ;23865.89; ;23865.89; ;23865.89; ;23865.89; ;23865.89; ; ; ; ; ; ; ; ; ; ; ; ; ; ; ; ; ; ; ; ; ; ; ; ; ; ; ; ; ; 
MEF;20260420;IT0001174611;20271101;500000;;0;-16250; ;-16250; ;-516250; ; ; ; ; ; ; ; ; ; ; ; ; ; ; ; ; ; ; ; ; ; ; ; ; ; ; ; ; ; ; ; ; ; ; ; ; 
MEF;20260420;IT0001278511;20291101;500000;;0;-13125; ;-13125; ;-13125; ;-13125; ;-13125; ;-13125; ;-513125; ; ; ; ; ; ; ; ; ; ; ; ; ; ; ; ; ; ; ; ; ; ; ; ; ; ; ; ; 
MEF;20260420;IT0001444378;20310501;-1100000;;0;33000; ;33000; ;33000; ;33000; ;33000; ;33000; ;33000; ;33000; ;33000; ;1133000; ; ; ; ; ; ; ; ; ; ; ; ; ; ; ; ; ; ; ; ; ; ; 
MEF;20260420;IT0001444378;20310501;-1800000;;0;54000; ;54000; ;54000; ;54000; ;54000; ;54000; ;54000; ;54000; ;54000; ;1854000; ; ; ; ; ; ; ; ; ; ; ; ; ; ; ; ; ; ; ; ; ; ; 
MEF;20260421;IT0001086567;20261101;-6000000;;0;6217500; ; ; ; ; ; ; ; ; ; ; ; ; ; ; ; ; ; ; ; ; ; ; ; ; ; ; ; ; ; ; ; ; ; ; ; ; ; ; ; ; 
MEF;20260421;IT0001278511;20291101;-4000000;;0;105000; ;105000; ;105000; ;105000; ;105000; ;105000; ;4105000; ; ; ; ; ; ; ; ; ; ; ; ; ; ; ; ; ; ; ; ; ; ; ; ; ; ; ; ; 
MEF;20260421;IT0001444378;20310501;-63000000;;0;1890000; ;1890000; ;1890000; ;1890000; ;1890000; ;1890000; ;1890000; ;1890000; ;1890000; ;64890000; ; ; ; ; ; ; ; ; ; ; ; ; ; ; ; ; ; ; ; ; ; ; 
MEF;20260421;IT0001444378;20310501;-96000000;;0;2880000; ;2880000; ;2880000; ;2880000; ;2880000; ;2880000; ;2880000; ;2880000; ;2880000; ;98880000; ; ; ; ; ; ; ; ; ; ; ; ; ; ; ; ; ; ; ; ; ; ; 
MEF;20260423;IT0001086567;20261101;1000000;;0;-1036250; ; ; ; ; ; ; ; ; ; ; ; ; ; ; ; ; ; ; ; ; ; ; ; ; ; ; ; ; ; ; ; ; ; ; ; ; ; ; ; ; 
MEF;20260424;IT0005387052;20300515;18000000;IT0005403552;-18000000; ;-44548.66; ;-44548.66; ;-44548.66; ;-44548.66; ;-44548.66; ;-44548.66; ;-44548.66; ;-44548.66; ; ; ; ; ; ; ; ; ; ; ; ; ; ; ; ; ; ; ; ; ; ; ; ; ; 
MEF;20260424;IT0005543803;20290515;26000000;IT0005554925;-26000000; ;-206837.67; ;-206837.67; ;-206837.67; ;-206837.67; ;-206837.67; ;-206837.67; ; ; ; ; ; ; ; ; ; ; ; ; ; ; ; ; ; ; ; ; ; ; ; ; ; ; ; ; ; 
MEF;20260430;IT0005588881;20360515;60000000;IT0005594392;-60000000; ;-558582.71; ;-558582.71; ;-558582.71; ;-558582.71; ;-558582.71; ;-558582.71; ;-558582.71; ;-558582.71; ;-558582.71; ;-558582.71; ;-558582.71; ;-558582.71; ;-558582.71; ;-558582.71; ;-558582.71;-558582.71;-558582.71;-558582.71;-558582.71;-558582.71; ; ; ; ; ; ; 
MEF;20260505;IT0001278511;20291101;3000000;;0;-78750; ;-78750; ;-78750; ;-78750; ;-78750; ;-78750; ;-3078750; ; ; ; ; ; ; ; ; ; ; ; ; ; ; ; ; ; ; ; ; ; ; ; ; ; ; ; ; 
MEF;20260505;IT0001444378;20310501;2000000;;0;-60000; ;-60000; ;-60000; ;-60000; ;-60000; ;-60000; ;-60000; ;-60000; ;-60000; ;-2060000; ; ; ; ; ; ; ; ; ; ; ; ; ; ; ; ; ; ; ; ; ; ; 
MEF;20260505;IT0005387052;20300515;-1000000;IT0005403552;1000000; ;2474.93; ;2474.93; ;2474.93; ;2474.93; ;2474.93; ;2474.93; ;2474.93; ;2474.93; ; ; ; ; ; ; ; ; ; ; ; ; ; ; ; ; ; ; ; ; ; ; ; ; ; 
MEF;20260505;IT0005543803;20290515;-1000000;IT0005554925;1000000; ;7955.3; ;7955.3; ;7955.3; ;7955.3; ;7955.3; ;7955.3; ; ; ; ; ; ; ; ; ; ; ; ; ; ; ; ; ; ; ; ; ; ; ; ; ; ; ; ; ; 
MEF;20260505;IT0005543803;20290515;-2000000;IT0005554925;2000000; ;15910.59; ;15910.59; ;15910.59; ;15910.59; ;15910.59; ;15910.59; ; ; ; ; ; ; ; ; ; ; ; ; ; ; ; ; ; ; ; ; ; ; ; ; ; ; ; ; ; 
MEF;20260506;IT0001086567;20261101;1600000;;0;-1658000; ; ; ; ; ; ; ; ; ; ; ; ; ; ; ; ; ; ; ; ; ; ; ; ; ; ; ; ; ; ; ; ; ; ; ; ; ; ; ; ; 
MEF;20260506;IT0001444378;20310501;3500000;;0;-105000; ;-105000; ;-105000; ;-105000; ;-105000; ;-105000; ;-105000; ;-105000; ;-105000; ;-3605000; ; ; ; ; ; ; ; ; ; ; ; ; ; ; ; ; ; ; ; ; ; ; 
MEF;20260506;IT0001444378;20310501;500000;;0;-15000; ;-15000; ;-15000; ;-15000; ;-15000; ;-15000; ;-15000; ;-15000; ;-15000; ;-515000; ; ; ; ; ; ; ; ; ; ; ; ; ; ; ; ; ; ; ; ; ; ; 
MEF;20260507;IT0001278511;20291101;1000000;;0;-26250; ;-26250; ;-26250; ;-26250; ;-26250; ;-26250; ;-1026250; ; ; ; ; ; ; ; ; ; ; ; ; ; ; ; ; ; ; ; ; ; ; ; ; ; ; ; ; 
MEF;20260508;IT0001174611;20271101;-3200000;;0;104000; ;104000; ;3304000; ; ; ; ; ; ; ; ; ; ; ; ; ; ; ; ; ; ; ; ; ; ; ; ; ; ; ; ; ; ; ; ; ; ; ; ; 
MEF;20260508;IT0001278511;20291101;-1200000;;0;31500; ;31500; ;31500; ;31500; ;31500; ;31500; ;1231500; ; ; ; ; ; ; ; ; ; ; ; ; ; ; ; ; ; ; ; ; ; ; ; ; ; ; ; ; 
MEF;20260508;IT0001278511;20291101;-4000000;;0;105000; ;105000; ;105000; ;105000; ;105000; ;105000; ;4105000; ; ; ; ; ; ; ; ; ; ; ; ; ; ; ; ; ; ; ; ; ; ; ; ; ; ; ; ; 
MEF;20260519;IT0001278511;20291101;-19000000;;0;498750; ;498750; ;498750; ;498750; ;498750; ;498750; ;19498750; ; ; ; ; ; ; ; ; ; ; ; ; ; ; ; ; ; ; ; ; ; ; ; ; ; ; ; ; 
MEF;20260519;IT0005387052;20300515;13000000;IT0005403552;-13000000; ;-32174.03; ;-32174.03; ;-32174.03; ;-32174.03; ;-32174.03; ;-32174.03; ;-32174.03; ;-32174.03; ; ; ; ; ; ; ; ; ; ; ; ; ; ; ; ; ; ; ; ; ; ; ; ; ; 
MEF;20260519;IT0005543803;20290515;-1000000;IT0005554925;1000000; ;7955.3; ;7955.3; ;7955.3; ;7955.3; ;7955.3; ;7955.3; ; ; ; ; ; ; ; ; ; ; ; ; ; ; ; ; ; ; ; ; ; ; ; ; ; ; ; ; ; 
MEF;20260520;IT0001444378;20310501;1000000;;0;-30000; ;-30000; ;-30000; ;-30000; ;-30000; ;-30000; ;-30000; ;-30000; ;-30000; ;-1030000; ; ; ; ; ; ; ; ; ; ; ; ; ; ; ; ; ; ; ; ; ; ; 
MEF;20260521;IT0001086567;20261101;1000000;;0;-1036250; ; ; ; ; ; ; ; ; ; ; ; ; ; ; ; ; ; ; ; ; ; ; ; ; ; ; ; ; ; ; ; ; ; ; ; ; ; ; ; ; 
MEF;20260521;IT0005543803;20290515;5000000;IT0005554925;-5000000; ;-39776.48; ;-39776.48; ;-39776.48; ;-39776.48; ;-39776.48; ;-39776.48; ; ; ; ; ; ; ; ; ; ; ; ; ; ; ; ; ; ; ; ; ; ; ; ; ; ; ; ; ; 
MEF;20260526;IT0001174611;20271101;1000000;;0;-32500; ;-32500; ;-1032500; ; ; ; ; ; ; ; ; ; ; ; ; ; ; ; ; ; ; ; ; ; ; ; ; ; ; ; ; ; ; ; ; ; ; ; ; 
MEF;20260527;IT0001086567;20261101;1000000;;0;-1036250; ; ; ; ; ; ; ; ; ; ; ; ; ; ; ; ; ; ; ; ; ; ; ; ; ; ; ; ; ; ; ; ; ; ; ; ; ; ; ; ; 
MEF;20260527;IT0005482994;20330515;9000000;IT0005491458;-9000000; ;-5348.62; ;-5348.62; ;-5348.62; ;-5348.62; ;-5348.62; ;-5348.62; ;-5348.62; ;-5348.62; ;-5348.62; ;-5348.62; ;-5348.62; ;-5348.62; ;-5348.62; ;-5348.62; ; ; ; ; ; ; ; ; ; ; ; ; ; 
MEF;20260527;IT0005543803;20290515;-1000000;IT0005554925;1000000; ;7955.3; ;7955.3; ;7955.3; ;7955.3; ;7955.3; ;7955.3; ; ; ; ; ; ; ; ; ; ; ; ; ; ; ; ; ; ; ; ; ; ; ; ; ; ; ; ; ; 
MEF;20260529;IT0001174611;20271101;1000000;;0;-32500; ;-32500; ;-1032500; ; ; ; ; ; ; ; ; ; ; ; ; ; ; ; ; ; ; ; ; ; ; ; ; ; ; ; ; ; ; ; ; ; ; ; ; 
MEF;20260529;IT0001444378;20310501;-9000000;;0;270000; ;270000; ;270000; ;270000; ;270000; ;270000; ;270000; ;270000; ;270000; ;9270000; ; ; ; ; ; ; ; ; ; ; ; ; ; ; ; ; ; ; ; ; ; ; 
MEF;20260601;IT0001174611;20271101;-21400000;;0;695500; ;695500; ;22095500; ; ; ; ; ; ; ; ; ; ; ; ; ; ; ; ; ; ; ; ; ; ; ; ; ; ; ; ; ; ; ; ; ; ; ; ; 
MEF;20260601;IT0001278511;20291101;-20200000;;0;530250; ;530250; ;530250; ;530250; ;530250; ;530250; ;20730250; ; ; ; ; ; ; ; ; ; ; ; ; ; ; ; ; ; ; ; ; ; ; ; ; ; ; ; ; 
MEF;20260602;IT0005246134;20280515;16000000;IT0005262073;-16000000; ;-132799.07; ;-132799.07; ;-132799.07; ;-132799.07; ; ; ; ; ; ; ; ; ; ; ; ; ; ; ; ; ; ; ; ; ; ; ; ; ; ; ; ; ; ; ; ; ; 
MEF;20260603;IT0005387052;20300515;-1000000;IT0005403552;1000000; ;2474.93; ;2474.93; ;2474.93; ;2474.93; ;2474.93; ;2474.93; ;2474.93; ;2474.93; ; ; ; ; ; ; ; ; ; ; ; ; ; ; ; ; ; ; ; ; ; ; ; ; ; 
MEF;20260603;IT0005543803;20290515;-1000000;IT0005554925;1000000; ;7955.3; ;7955.3; ;7955.3; ;7955.3; ;7955.3; ;7955.3; ; ; ; ; ; ; ; ; ; ; ; ; ; ; ; ; ; ; ; ; ; ; ; ; ; ; ; ; ; 
MEF;20260605;IT0001174611;20271101;-1200000;;0;39000; ;39000; ;1239000; ; ; ; ; ; ; ; ; ; ; ; ; ; ; ; ; ; ; ; ; ; ; ; ; ; ; ; ; ; ; ; ; ; ; ; ; 
MEF;20260608;IT0001174611;20271101;1000000;;0;-32500; ;-32500; ;-1032500; ; ; ; ; ; ; ; ; ; ; ; ; ; ; ; ; ; ; ; ; ; ; ; ; ; ; ; ; ; ; ; ; ; ; ; ; 
MEF;20260608;IT0001278511;20291101;3500000;;0;-91875; ;-91875; ;-91875; ;-91875; ;-91875; ;-91875; ;-3591875; ; ; ; ; ; ; ; ; ; ; ; ; ; ; ; ; ; ; ; ; ; ; ; ; ; ; ; ; 
MEF;20260608;IT0001444378;20310501;2000000;;0;-60000; ;-60000; ;-60000; ;-60000; ;-60000; ;-60000; ;-60000; ;-60000; ;-60000; ;-2060000; ; ; ; ; ; ; ; ; ; ; ; ; ; ; ; ; ; ; ; ; ; ; 
MEF;20260608;IT0005588881;20360515;8000000;IT0005594392;-8000000; ;-74477.69; ;-74477.69; ;-74477.69; ;-74477.69; ;-74477.69; ;-74477.69; ;-74477.69; ;-74477.69; ;-74477.69; ;-74477.69; ;-74477.69; ;-74477.69; ;-74477.69; ;-74477.69; ;-74477.69;-74477.69;-74477.69;-74477.69;-74477.69;-74477.69; ; ; ; ; ; ; 
MEF;20260610;IT0005543803;20290515;-1000000;IT0005554925;1000000; ;7955.3; ;7955.3; ;7955.3; ;7955.3; ;7955.3; ;7955.3; ; ; ; ; ; ; ; ; ; ; ; ; ; ; ; ; ; ; ; ; ; ; ; ; ; ; ; ; ; 
MEF;20260615;IT0001086567;20261101;1000000;;0;-1036250; ; ; ; ; ; ; ; ; ; ; ; ; ; ; ; ; ; ; ; ; ; ; ; ; ; ; ; ; ; ; ; ; ; ; ; ; ; ; ; ; 
MEF;20260616;IT0001174611;20271101;500000;;0;-16250; ;-16250; ;-516250; ; ; ; ; ; ; ; ; ; ; ; ; ; ; ; ; ; ; ; ; ; ; ; ; ; ; ; ; ; ; ; ; ; ; ; ; 
MEF;20260616;IT0005246134;20280515;61000000;IT0005262073;-61000000; ;-506296.46; ;-506296.46; ;-506296.46; ;-506296.46; ; ; ; ; ; ; ; ; ; ; ; ; ; ; ; ; ; ; ; ; ; ; ; ; ; ; ; ; ; ; ; ; ; 
MEF;20260616;IT0005543803;20290515;11000000;IT0005554925;-11000000; ;-87508.25; ;-87508.25; ;-87508.25; ;-87508.25; ;-87508.25; ;-87508.25; ; ; ; ; ; ; ; ; ; ; ; ; ; ; ; ; ; ; ; ; ; ; ; ; ; ; ; ; ; 
MEF;20260617;IT0001174611;20271101;1000000;;0;-32500; ;-32500; ;-1032500; ; ; ; ; ; ; ; ; ; ; ; ; ; ; ; ; ; ; ; ; ; ; ; ; ; ; ; ; ; ; ; ; ; ; ; ; 
MEF;20260622;IT0005482994;20330515;22000000;IT0005491458;-22000000; ;-13074.4; ;-13074.4; ;-13074.4; ;-13074.4; ;-13074.4; ;-13074.4; ;-13074.4; ;-13074.4; ;-13074.4; ;-13074.4; ;-13074.4; ;-13074.4; ;-13074.4; ;-13074.4; ; ; ; ; ; ; ; ; ; ; ; ; ; 
MEF;20260622;IT0005547812;20390515;30000000;IT0005581548;-30000000; ;-379834.98; ;-379834.98; ;-379834.98; ;-379834.98; ;-379834.98; ;-379834.98; ;-379834.98; ;-379834.98; ;-379834.98; ;-379834.98; ;-379834.98; ;-379834.98; ;-379834.98; ;-379834.98; ;-379834.98;-379834.98;-379834.98;-379834.98;-379834.98;-379834.98;-379834.98;-379834.98;-379834.98;-379834.98;-379834.98;-379834.98; 
MEF;20260624;IT0001086567;20261101;-29000000;;0;30051250; ; ; ; ; ; ; ; ; ; ; ; ; ; ; ; ; ; ; ; ; ; ; ; ; ; ; ; ; ; ; ; ; ; ; ; ; ; ; ; ; 
MEF;20260624;IT0001174611;20271101;1000000;;0;-32500; ;-32500; ;-1032500; ; ; ; ; ; ; ; ; ; ; ; ; ; ; ; ; ; ; ; ; ; ; ; ; ; ; ; ; ; ; ; ; ; ; ; ; 
MEF;20260624;IT0001444378;20310501;-6000000;;0;180000; ;180000; ;180000; ;180000; ;180000; ;180000; ;180000; ;180000; ;180000; ;6180000; ; ; ; ; ; ; ; ; ; ; ; ; ; ; ; ; ; ; ; ; ; ; 
MEF;20260624;IT0005387052;20300515;-1000000;IT0005403552;1000000; ;2474.93; ;2474.93; ;2474.93; ;2474.93; ;2474.93; ;2474.93; ;2474.93; ;2474.93; ; ; ; ; ; ; ; ; ; ; ; ; ; ; ; ; ; ; ; ; ; ; ; ; ; 
MEF;20260624;IT0005543803;20290515;-1000000;IT0005554925;1000000; ;7955.3; ;7955.3; ;7955.3; ;7955.3; ;7955.3; ;7955.3; ; ; ; ; ; ; ; ; ; ; ; ; ; ; ; ; ; ; ; ; ; ; ; ; ; ; ; ; ; 
MEF;20260626;IT0001174611;20271101;1000000;;0;-32500; ;-32500; ;-1032500; ; ; ; ; ; ; ; ; ; ; ; ; ; ; ; ; ; ; ; ; ; ; ; ; ; ; ; ; ; ; ; ; ; ; ; ; 
MEF;20260626;IT0005588881;20360515;11000000;IT0005594392;-11000000; ;-102406.83; ;-102406.83; ;-102406.83; ;-102406.83; ;-102406.83; ;-102406.83; ;-102406.83; ;-102406.83; ;-102406.83; ;-102406.83; ;-102406.83; ;-102406.83; ;-102406.83; ;-102406.83; ;-102406.83;-102406.83;-102406.83;-102406.83;-102406.83;-102406.83; ; ; ; ; ; ; 
MEF;20260629;IT0001086567;20261101;-2000000;;0;2072500; ; ; ; ; ; ; ; ; ; ; ; ; ; ; ; ; ; ; ; ; ; ; ; ; ; ; ; ; ; ; ; ; ; ; ; ; ; ; ; ; 
MEF;20260630;IT0001174611;20271101;1000000;;0;-32500; ;-32500; ;-1032500; ; ; ; ; ; ; ; ; ; ; ; ; ; ; ; ; ; ; ; ; ; ; ; ; ; ; ; ; ; ; ; ; ; ; ; ; 
MEF;20260630;IT0001174611;20271101;2000000;;0;-65000; ;-65000; ;-2065000; ; ; ; ; ; ; ; ; ; ; ; ; ; ; ; ; ; ; ; ; ; ; ; ; ; ; ; ; ; ; ; ; ; ; ; ; 
MEF;20260701;IT0001086567;20261101;-8000000;;0;8290000; ; ; ; ; ; ; ; ; ; ; ; ; ; ; ; ; ; ; ; ; ; ; ; ; ; ; ; ; ; ; ; ; ; ; ; ; ; ; ; ; 
MEF;20260701;IT0001444378;20310501;-46000000;;0;1380000; ;1380000; ;1380000; ;1380000; ;1380000; ;1380000; ;1380000; ;1380000; ;1380000; ;47380000; ; ; ; ; ; ; ; ; ; ; ; ; ; ; ; ; ; ; ; ; ; ; 
MEF;20260706;IT0005543803;20290515;-2000000;IT0005554925;2000000; ;15910.59; ;15910.59; ;15910.59; ;15910.59; ;15910.59; ;15910.59; ; ; ; ; ; ; ; ; ; ; ; ; ; ; ; ; ; ; ; ; ; ; ; ; ; ; ; ; ; 
MEF;20260706;IT0005588881;20360515;-4000000;IT0005594392;4000000; ;37238.85; ;37238.85; ;37238.85; ;37238.85; ;37238.85; ;37238.85; ;37238.85; ;37238.85; ;37238.85; ;37238.85; ;37238.85; ;37238.85; ;37238.85; ;37238.85; ;37238.85;37238.85;37238.85;37238.85;37238.85;37238.85; ; ; ; ; ; ; 
MEF;20260707;IT0001278511;20291101;700000;;0;-18375; ;-18375; ;-18375; ;-18375; ;-18375; ;-18375; ;-718375; ; ; ; ; ; ; ; ; ; ; ; ; ; ; ; ; ; ; ; ; ; ; ; ; ; ; ; ; 
MEF;20260709;IT0001444378;20310501;-4000000;;0;120000; ;120000; ;120000; ;120000; ;120000; ;120000; ;120000; ;120000; ;120000; ;4120000; ; ; ; ; ; ; ; ; ; ; ; ; ; ; ; ; ; ; ; ; ; ; 
MEF;20260710;IT0001174611;20271101;-1200000;;0;39000; ;39000; ;1239000; ; ; ; ; ; ; ; ; ; ; ; ; ; ; ; ; ; ; ; ; ; ; ; ; ; ; ; ; ; ; ; ; ; ; ; ; 
MEF;20260710;IT0001174611;20271101;1000000;;0;-32500; ;-32500; ;-1032500; ; ; ; ; ; ; ; ; ; ; ; ; ; ; ; ; ; ; ; ; ; ; ; ; ; ; ; ; ; ; ; ; ; ; ; ; 
MEF;20260710;IT0001444378;20310501;-6000000;;0;180000; ;180000; ;180000; ;180000; ;180000; ;180000; ;180000; ;180000; ;180000; ;6180000; ; ; ; ; ; ; ; ; ; ; ; ; ; ; ; ; ; ; ; ; ; ; 
MEF;20260710;IT0005246134;20280515;-1000000;IT0005262073;1000000; ;8299.94; ;8299.94; ;8299.94; ;8299.94; ; ; ; ; ; ; ; ; ; ; ; ; ; ; ; ; ; ; ; ; ; ; ; ; ; ; ; ; ; ; ; ; ; 
MEF;20260710;IT0005387052;20300515;-1000000;IT0005403552;1000000; ;2474.93; ;2474.93; ;2474.93; ;2474.93; ;2474.93; ;2474.93; ;2474.93; ;2474.93; ; ; ; ; ; ; ; ; ; ; ; ; ; ; ; ; ; ; ; ; ; ; ; ; ; 
MEF;20260713;IT0001086567;20261101;1000000;;0;-1036250; ; ; ; ; ; ; ; ; ; ; ; ; ; ; ; ; ; ; ; ; ; ; ; ; ; ; ; ; ; ; ; ; ; ; ; ; ; ; ; ; 
MEF;20260713;IT0001086567;20261101;2000000;;0;-2072500; ; ; ; ; ; ; ; ; ; ; ; ; ; ; ; ; ; ; ; ; ; ; ; ; ; ; ; ; ; ; ; ; ; ; ; ; ; ; ; ; 
MEF;20260713;IT0001086567;20261101;3000000;;0;-3108750; ; ; ; ; ; ; ; ; ; ; ; ; ; ; ; ; ; ; ; ; ; ; ; ; ; ; ; ; ; ; ; ; ; ; ; ; ; ; ; ; 
MEF;20260713;IT0001174611;20271101;2000000;;0;-65000; ;-65000; ;-2065000; ; ; ; ; ; ; ; ; ; ; ; ; ; ; ; ; ; ; ; ; ; ; ; ; ; ; ; ; ; ; ; ; ; ; ; ; 
MEF;20260713;IT0001278511;20291101;-84000000;;0;2205000; ;2205000; ;2205000; ;2205000; ;2205000; ;2205000; ;86205000; ; ; ; ; ; ; ; ; ; ; ; ; ; ; ; ; ; ; ; ; ; ; ; ; ; ; ; ; 
MEF;20260713;IT0001444378;20310501;-9000000;;0;270000; ;270000; ;270000; ;270000; ;270000; ;270000; ;270000; ;270000; ;270000; ;9270000; ; ; ; ; ; ; ; ; ; ; ; ; ; ; ; ; ; ; ; ; ; ; 
MEF;20260714;IT0001086567;20261101;3400000;;0;-3523250; ; ; ; ; ; ; ; ; ; ; ; ; ; ; ; ; ; ; ; ; ; ; ; ; ; ; ; ; ; ; ; ; ; ; ; ; ; ; ; ; 
MEF;20260714;IT0001174611;20271101;1000000;;0;-32500; ;-32500; ;-1032500; ; ; ; ; ; ; ; ; ; ; ; ; ; ; ; ; ; ; ; ; ; ; ; ; ; ; ; ; ; ; ; ; ; ; ; ; 
MEF;20260714;IT0001444378;20310501;-95000000;;0;2850000; ;2850000; ;2850000; ;2850000; ;2850000; ;2850000; ;2850000; ;2850000; ;2850000; ;97850000; ; ; ; ; ; ; ; ; ; ; ; ; ; ; ; ; ; ; ; ; ; ; 
MEF;20260717;IT0005543803;20290515;-1000000;IT0005554925;1000000; ;7955.3; ;7955.3; ;7955.3; ;7955.3; ;7955.3; ;7955.3; ; ; ; ; ; ; ; ; ; ; ; ; ; ; ; ; ; ; ; ; ; ; ; ; ; ; ; ; ; 
MEF;20260717;IT0005588881;20360515;-1000000;IT0005594392;1000000; ;9309.71; ;9309.71; ;9309.71; ;9309.71; ;9309.71; ;9309.71; ;9309.71; ;9309.71; ;9309.71; ;9309.71; ;9309.71; ;9309.71; ;9309.71; ;9309.71; ;9309.71;9309.71;9309.71;9309.71;9309.71;9309.71; ; ; ; ; ; ; 
MEF;20260720;IT0001174611;20271101;1000000;;0;-32500; ;-32500; ;-1032500; ; ; ; ; ; ; ; ; ; ; ; ; ; ; ; ; ; ; ; ; ; ; ; ; ; ; ; ; ; ; ; ; ; ; ; ; 
MEF;20260723;IT0001086567;20261101;1000000;;0;-1036250; ; ; ; ; ; ; ; ; ; ; ; ; ; ; ; ; ; ; ; ; ; ; ; ; ; ; ; ; ; ; ; ; ; ; ; ; ; ; ; ; 
MEF;20260723;IT0001174611;20271101;500000;;0;-16250; ;-16250; ;-516250; ; ; ; ; ; ; ; ; ; ; ; ; ; ; ; ; ; ; ; ; ; ; ; ; ; ; ; ; ; ; ; ; ; ; ; ; 
MEF;20260724;IT0001086567;20261101;1000000;;0;-1036250; ; ; ; ; ; ; ; ; ; ; ; ; ; ; ; ; ; ; ; ; ; ; ; ; ; ; ; ; ; ; ; ; ; ; ; ; ; ; ; ; 
MEF;20260724;IT0005482994;20330515;-2000000;IT0005491458;2000000; ;1188.58; ;1188.58; ;1188.58; ;1188.58; ;1188.58; ;1188.58; ;1188.58; ;1188.58; ;1188.58; ;1188.58; ;1188.58; ;1188.58; ;1188.58; ;1188.58; ; ; ; ; ; ; ; ; ; ; ; ; ; 
MEF;20260724;IT0005543803;20290515;-1000000;IT0005554925;1000000; ;7955.3; ;7955.3; ;7955.3; ;7955.3; ;7955.3; ;7955.3; ; ; ; ; ; ; ; ; ; ; ; ; ; ; ; ; ; ; ; ; ; ; ; ; ; ; ; ; ; 
MEF;20260727;IT0005668220;20321115;68000000;;0; ;-1105000; ;-1105000; ;-1105000; ;-1105000; ;-1105000; ;-1105000; ;-1105000; ;-1105000; ;-1105000; ;-1105000; ;-1105000; ;-1105000; ;-69105000; ; ; ; ; ; ; ; ; ; ; ; ; ; ; ; 
MEF;20260729;IT0001174611;20271101;500000;;0;-16250; ;-16250; ;-516250; ; ; ; ; ; ; ; ; ; ; ; ; ; ; ; ; ; ; ; ; ; ; ; ; ; ; ; ; ; ; ; ; ; ; ; ; 
MEF;20260803;IT0001174611;20271101;1000000;;0;-32500; ;-32500; ;-1032500; ; ; ; ; ; ; ; ; ; ; ; ; ; ; ; ; ; ; ; ; ; ; ; ; ; ; ; ; ; ; ; ; ; ; ; ; 
MEF;20260803;IT0001278511;20291101;3000000;;0;-78750; ;-78750; ;-78750; ;-78750; ;-78750; ;-78750; ;-3078750; ; ; ; ; ; ; ; ; ; ; ; ; ; ; ; ; ; ; ; ; ; ; ; ; ; ; ; ; 
MEF;20260803;IT0005387052;20300515;-1000000;IT0005403552;1000000; ;2474.93; ;2474.93; ;2474.93; ;2474.93; ;2474.93; ;2474.93; ;2474.93; ;2474.93; ; ; ; ; ; ; ; ; ; ; ; ; ; ; ; ; ; ; ; ; ; ; ; ; ; 
MEF;20260803;IT0005482994;20330515;-1000000;IT0005491458;1000000; ;594.29; ;594.29; ;594.29; ;594.29; ;594.29; ;594.29; ;594.29; ;594.29; ;594.29; ;594.29; ;594.29; ;594.29; ;594.29; ;594.29; ; ; ; ; ; ; ; ; ; ; ; ; ; 
MEF;20260804;IT0001174611;20271101;1000000;;0;-32500; ;-32500; ;-1032500; ; ; ; ; ; ; ; ; ; ; ; ; ; ; ; ; ; ; ; ; ; ; ; ; ; ; ; ; ; ; ; ; ; ; ; ; 
MEF;20260804;IT0005547812;20390515;30000000;IT0005581548;-30000000; ;-379834.98; ;-379834.98; ;-379834.98; ;-379834.98; ;-379834.98; ;-379834.98; ;-379834.98; ;-379834.98; ;-379834.98; ;-379834.98; ;-379834.98; ;-379834.98; ;-379834.98; ;-379834.98; ;-379834.98;-379834.98;-379834.98;-379834.98;-379834.98;-379834.98;-379834.98;-379834.98;-379834.98;-379834.98;-379834.98;-379834.98; 
MEF;20260805;IT0001278511;20291101;2000000;;0;-52500; ;-52500; ;-52500; ;-52500; ;-52500; ;-52500; ;-2052500; ; ; ; ; ; ; ; ; ; ; ; ; ; ; ; ; ; ; ; ; ; ; ; ; ; ; ; ; 
MEF;20260806;IT0001174611;20271101;1000000;;0;-32500; ;-32500; ;-1032500; ; ; ; ; ; ; ; ; ; ; ; ; ; ; ; ; ; ; ; ; ; ; ; ; ; ; ; ; ; ; ; ; ; ; ; ; 
MEF;20260807;IT0001174611;20271101;1000000;;0;-32500; ;-32500; ;-1032500; ; ; ; ; ; ; ; ; ; ; ; ; ; ; ; ; ; ; ; ; ; ; ; ; ; ; ; ; ; ; ; ; ; ; ; ; 
MEF;20260807;IT0001444378;20310501;1000000;;0;-30000; ;-30000; ;-30000; ;-30000; ;-30000; ;-30000; ;-30000; ;-30000; ;-30000; ;-1030000; ; ; ; ; ; ; ; ; ; ; ; ; ; ; ; ; ; ; ; ; ; ; 
MEF;20260807;IT0005588881;20360515;-1000000;IT0005594392;1000000; ;9309.71; ;9309.71; ;9309.71; ;9309.71; ;9309.71; ;9309.71; ;9309.71; ;9309.71; ;9309.71; ;9309.71; ;9309.71; ;9309.71; ;9309.71; ;9309.71; ;9309.71;9309.71;9309.71;9309.71;9309.71;9309.71; ; ; ; ; ; ; 
MEF;20260810;IT0001174611;20271101;2000000;;0;-65000; ;-65000; ;-2065000; ; ; ; ; ; ; ; ; ; ; ; ; ; ; ; ; ; ; ; ; ; ; ; ; ; ; ; ; ; ; ; ; ; ; ; ; 
MEF;20260810;IT0005561888;20301115;300000;;0; ;-6000; ;-6000; ;-6000; ;-6000; ;-6000; ;-6000; ;-6000; ;-6000; ;-306000; ; ; ; ; ; ; ; ; ; ; ; ; ; ; ; ; ; ; ; ; ; ; ; 
MEF;20260812;IT0001174611;20271101;1000000;;0;-32500; ;-32500; ;-1032500; ; ; ; ; ; ; ; ; ; ; ; ; ; ; ; ; ; ; ; ; ; ; ; ; ; ; ; ; ; ; ; ; ; ; ; ; 
MEF;20260812;IT0001174611;20271101;500000;;0;-16250; ;-16250; ;-516250; ; ; ; ; ; ; ; ; ; ; ; ; ; ; ; ; ; ; ; ; ; ; ; ; ; ; ; ; ; ; ; ; ; ; ; ; 
MEF;20260813;IT0001174611;20271101;1000000;;0;-32500; ;-32500; ;-1032500; ; ; ; ; ; ; ; ; ; ; ; ; ; ; ; ; ; ; ; ; ; ; ; ; ; ; ; ; ; ; ; ; ; ; ; ; 
MEF;20260814;IT0001278511;20291101;-1700000;;0;44625; ;44625; ;44625; ;44625; ;44625; ;44625; ;1744625; ; ; ; ; ; ; ; ; ; ; ; ; ; ; ; ; ; ; ; ; ; ; ; ; ; ; ; ; 
MEF;20260814;IT0005543803;20290515;-1000000;IT0005554925;1000000; ;7955.3; ;7955.3; ;7955.3; ;7955.3; ;7955.3; ;7955.3; ; ; ; ; ; ; ; ; ; ; ; ; ; ; ; ; ; ; ; ; ; ; ; ; ; ; ; ; ; 
